contractSymbol,lastTradeDate,strike,lastPrice,bid,ask,change,percentChange,volume,openInterest,impliedVolatility,inTheMoney,contractSize,currency,OptionType,ExpiryDate,ticker,snapshotTime,underlyingPrice,riskFreeRate,dividendYield,histVol
AAPL261007C00265000,2026-10-05 19:47:52+00:00,265.0,68.22,66.5,69.6,3.4500046,5.3265476,25.0,1.0,1.4121123144531251,True,REGULAR,USD,Call,2026-10-07,AAPL,2026-10-06T00:29:07.449491+00:00,332.89,0.0401800012588501,0.0031766010136492747,0.2116633544603646
AAPL261007C00275000,2026-10-05 19:27:05+00:00,275.0,58.99,56.3,59.45,-1.6399994,-2.7049305,37.0,2.0,1.8579108666992186,True,REGULAR,USD,Call,2026-10-07,AAPL,2026-10-06T00:29:07.449491+00:00,332.89,0.0401800012588501,0.0031766010136492747,0.2116633544603646
AAPL261007C00280000,2026-10-05 19:48:42+00:00,280.0,53.39,51.3,54.6,-0.38000107,-0.70671576,59.0,1.0,0.9726565234375,True,REGULAR,USD,Call,2026-10-07,AAPL,2026-10-06T00:29:07.449491+00:00,332.89,0.0401800012588501,0.0031766010136492747,0.2116633544603646
AAPL261007C00290000,2026-10-01 13:57:12+00:00,290.0,40.52,41.3,44.55,0.0,0.0,,12.0,0.7460962890625,True,REGULAR,USD,Call,2026-10-07,AAPL,2026-10-06T00:29:07.449491+00:00,332.89,0.0401800012588501,0.0031766010136492747,0.2116633544603646
AAPL261007C00295000,2026-09-28 18:45:12+00:00,295.0,45.55,36.45,39.55,0.0,0.0,60.0,31.0,0.77148666015625,True,REGULAR,USD,Call,2026-10-07,AAPL,2026-10-06T00:29:07.449491+00:00,332.89,0.0401800012588501,0.0031766010136492747,0.2116633544603646
AAPL261007C00300000,2026-10-05 19:57:04+00:00,300.0,33.25,31.95,34.55,0.049999237,0.1506001,63.0,88.0,0.8291032714843749,True,REGULAR,USD,Call,2026-10-07,AAPL,2026-10-06T00:29:07.449491+00:00,332.89,0.0401800012588501,0.0031766010136492747,0.2116633544603646
AAPL261007C00302500,2026-10-05 19:44:56+00:00,302.5,31.11,28.8,32.1,-0.40999985,-1.3007609,28.0,1.0,0.57812921875,True,REGULAR,USD,Call,2026-10-07,AAPL,2026-10-06T00:29:07.449491+00:00,332.89,0.0401800012588501,0.0031766010136492747,0.2116633544603646
AAPL261007C00305000,2026-10-05 19:48:14+00:00,305.0,28.14,26.4,29.55,0.22999954,0.82407576,42.0,75.0,0.5625043750000001,True,REGULAR,USD,Call,2026-10-07,AAPL,2026-10-06T00:29:07.449491+00:00,332.89,0.0401800012588501,0.0031766010136492747,0.2116633544603646
AAPL261007C00310000,2026-10-05 18:45:17+00:00,310.0,23.0,21.75,24.6,-0.5,-2.1276596,50.0,116.0,0.5830119824218749,True,REGULAR,USD,Call,2026-10-07,AAPL,2026-10-06T00:29:07.449491+00:00,332.89,0.0401800012588501,0.0031766010136492747,0.2116633544603646
AAPL261007C00312500,2026-10-05 19:34:51+00:00,312.5,21.48,18.8,22.1,4.33,25.247814,49.0,2.0,0.8559584716796875,True,REGULAR,USD,Call,2026-10-07,AAPL,2026-10-06T00:29:07.449491+00:00,332.89,0.0401800012588501,0.0031766010136492747,0.2116633544603646
AAPL261007C00315000,2026-10-05 18:31:40+00:00,315.0,17.95,16.05,19.65,0.30000114,1.6997232,10.0,222.0,0.7915059912109376,True,REGULAR,USD,Call,2026-10-07,AAPL,2026-10-06T00:29:07.449491+00:00,332.89,0.0401800012588501,0.0031766010136492747,0.2116633544603646
AAPL261007C00317500,2026-10-05 16:40:18+00:00,317.5,16.9,13.85,16.4,-2.6499996,-13.554986,2.0,8.0,0.5908244042968751,True,REGULAR,USD,Call,2026-10-07,AAPL,2026-10-06T00:29:07.449491+00:00,332.89,0.0401800012588501,0.0031766010136492747,0.2116633544603646
AAPL261007C00320000,2026-10-05 19:57:25+00:00,320.0,13.5,11.95,13.5,0.8500004,6.719371,45.0,222.0,0.446294599609375,True,REGULAR,USD,Call,2026-10-07,AAPL,2026-10-06T00:29:07.449491+00:00,332.89,0.0401800012588501,0.0031766010136492747,0.2116633544603646
AAPL261007C00322500,2026-10-05 19:07:08+00:00,322.5,11.3,10.15,11.25,-0.5,-4.237288,12.0,12.0,0.4272518212890626,True,REGULAR,USD,Call,2026-10-07,AAPL,2026-10-06T00:29:07.449491+00:00,332.89,0.0401800012588501,0.0031766010136492747,0.2116633544603646
AAPL261007C00325000,2026-10-05 19:54:09+00:00,325.0,8.35,8.0,8.85,-0.75,-8.241758,214.0,177.0,0.372076591796875,True,REGULAR,USD,Call,2026-10-07,AAPL,2026-10-06T00:29:07.449491+00:00,332.89,0.0401800012588501,0.0031766010136492747,0.2116633544603646
AAPL261007C00327500,2026-10-05 19:58:27+00:00,327.5,6.09,5.8,6.55,-1.1599998,-15.999998,234.0,315.0,0.3227606787109374,True,REGULAR,USD,Call,2026-10-07,AAPL,2026-10-06T00:29:07.449491+00:00,332.89,0.0401800012588501,0.0031766010136492747,0.2116633544603646
AAPL261007C00330000,2026-10-05 19:56:53+00:00,330.0,4.0,3.95,5.4,-1.0,-20.0,938.0,972.0,0.38623660644531244,True,REGULAR,USD,Call,2026-10-07,AAPL,2026-10-06T00:29:07.449491+00:00,332.89,0.0401800012588501,0.0031766010136492747,0.2116633544603646
AAPL261007C00332500,2026-10-05 19:59:59+00:00,332.5,2.5,2.5,2.8,-1.2,-32.432434,8558.0,1665.0,0.264655791015625,True,REGULAR,USD,Call,2026-10-07,AAPL,2026-10-06T00:29:07.449491+00:00,332.89,0.0401800012588501,0.0031766010136492747,0.2116633544603646
AAPL261007C00335000,2026-10-05 19:59:59+00:00,335.0,1.57,1.4,1.6,-0.85,-35.123966,26545.0,1275.0,0.2551344018554688,False,REGULAR,USD,Call,2026-10-07,AAPL,2026-10-06T00:29:07.449491+00:00,332.89,0.0401800012588501,0.0031766010136492747,0.2116633544603646
AAPL261007C00337500,2026-10-05 19:59:59+00:00,337.5,0.85,0.74,0.85,-0.5799999,-40.559437,15574.0,1507.0,0.2534254345703125,False,REGULAR,USD,Call,2026-10-07,AAPL,2026-10-06T00:29:07.449491+00:00,332.89,0.0401800012588501,0.0031766010136492747,0.2116633544603646
AAPL261007C00340000,2026-10-05 19:59:59+00:00,340.0,0.39,0.34,0.4,-0.36,-48.0,14843.0,1864.0,0.2514723291015625,False,REGULAR,USD,Call,2026-10-07,AAPL,2026-10-06T00:29:07.449491+00:00,332.89,0.0401800012588501,0.0031766010136492747,0.2116633544603646
AAPL261007C00342500,2026-10-05 19:59:57+00:00,342.5,0.18,0.15,0.19,-0.26,-59.090908,7796.0,788.0,0.256843369140625,False,REGULAR,USD,Call,2026-10-07,AAPL,2026-10-06T00:29:07.449491+00:00,332.89,0.0401800012588501,0.0031766010136492747,0.2116633544603646
AAPL261007C00345000,2026-10-05 19:59:28+00:00,345.0,0.08,0.08,0.09,-0.09,-52.941177,6610.0,1181.0,0.264655791015625,False,REGULAR,USD,Call,2026-10-07,AAPL,2026-10-06T00:29:07.449491+00:00,332.89,0.0401800012588501,0.0031766010136492747,0.2116633544603646
AAPL261007C00347500,2026-10-05 19:59:28+00:00,347.5,0.05,0.04,0.06,-0.06,-54.545456,2173.0,595.0,0.2890696093749999,False,REGULAR,USD,Call,2026-10-07,AAPL,2026-10-06T00:29:07.449491+00:00,332.89,0.0401800012588501,0.0031766010136492747,0.2116633544603646
AAPL261007C00350000,2026-10-05 19:56:44+00:00,350.0,0.02,0.02,0.04,-0.06,-75.0,4496.0,2105.0,0.31055376953124997,False,REGULAR,USD,Call,2026-10-07,AAPL,2026-10-06T00:29:07.449491+00:00,332.89,0.0401800012588501,0.0031766010136492747,0.2116633544603646
AAPL261007C00352500,2026-10-05 19:50:24+00:00,352.5,0.02,0.01,0.03,-0.01,-33.333336,154.0,692.0,0.33399103515625,False,REGULAR,USD,Call,2026-10-07,AAPL,2026-10-06T00:29:07.449491+00:00,332.89,0.0401800012588501,0.0031766010136492747,0.2116633544603646
AAPL261007C00355000,2026-10-05 19:44:36+00:00,355.0,0.02,0.01,0.02,-0.02,-50.0,400.0,668.0,0.35156898437499995,False,REGULAR,USD,Call,2026-10-07,AAPL,2026-10-06T00:29:07.449491+00:00,332.89,0.0401800012588501,0.0031766010136492747,0.2116633544603646
AAPL261007C00357500,2026-10-05 18:19:23+00:00,357.5,0.01,0.0,0.02,0.0,0.0,18.0,105.0,0.38672488281249995,False,REGULAR,USD,Call,2026-10-07,AAPL,2026-10-06T00:29:07.449491+00:00,332.89,0.0401800012588501,0.0031766010136492747,0.2116633544603646
AAPL261007C00360000,2026-10-05 19:06:24+00:00,360.0,0.01,0.0,0.01,-0.01,-50.0,14.0,672.0,0.39063109375,False,REGULAR,USD,Call,2026-10-07,AAPL,2026-10-06T00:29:07.449491+00:00,332.89,0.0401800012588501,0.0031766010136492747,0.2116633544603646
AAPL261007C00362500,2026-10-01 14:19:53+00:00,362.5,0.1,0.0,0.5,0.0,0.0,2.0,5.0,0.64648791015625,False,REGULAR,USD,Call,2026-10-07,AAPL,2026-10-06T00:29:07.449491+00:00,332.89,0.0401800012588501,0.0031766010136492747,0.2116633544603646
AAPL261007C00365000,2026-09-30 18:49:13+00:00,365.0,0.02,0.0,0.41,0.01,100.0,4.0,7.0,0.6650424121093752,False,REGULAR,USD,Call,2026-10-07,AAPL,2026-10-06T00:29:07.449491+00:00,332.89,0.0401800012588501,0.0031766010136492747,0.2116633544603646
AAPL261007C00367500,2026-09-30 14:45:25+00:00,367.5,0.02,0.0,0.47,0.0,0.0,,2.0,0.7226590234375,False,REGULAR,USD,Call,2026-10-07,AAPL,2026-10-06T00:29:07.449491+00:00,332.89,0.0401800012588501,0.0031766010136492747,0.2116633544603646
AAPL261007C00370000,2026-09-30 15:52:44+00:00,370.0,0.08,0.0,0.18,0.0,0.0,,1.0,0.6562534375000001,False,REGULAR,USD,Call,2026-10-07,AAPL,2026-10-06T00:29:07.449491+00:00,332.89,0.0401800012588501,0.0031766010136492747,0.2116633544603646
AAPL261007C00372500,2026-09-28 19:54:38+00:00,372.5,0.04,0.0,0.52,0.0,0.0,,4.0,0.8164080859374999,False,REGULAR,USD,Call,2026-10-07,AAPL,2026-10-06T00:29:07.449491+00:00,332.89,0.0401800012588501,0.0031766010136492747,0.2116633544603646
AAPL261007C00375000,2026-10-05 19:06:33+00:00,375.0,0.03,0.0,0.02,-0.45,-93.75,3.0,2.0,0.5625043750000001,False,REGULAR,USD,Call,2026-10-07,AAPL,2026-10-06T00:29:07.449491+00:00,332.89,0.0401800012588501,0.0031766010136492747,0.2116633544603646
AAPL261007C00380000,2026-10-05 19:06:33+00:00,380.0,0.01,0.0,0.01,-0.22,-95.652176,2.0,6.0,0.5937540625000001,False,REGULAR,USD,Call,2026-10-07,AAPL,2026-10-06T00:29:07.449491+00:00,332.89,0.0401800012588501,0.0031766010136492747,0.2116633544603646
AAPL261007C00385000,2026-10-05 18:53:02+00:00,385.0,0.08,0.0,0.52,0.07,700.0001,3.0,1.0,1.0078174609375,False,REGULAR,USD,Call,2026-10-07,AAPL,2026-10-06T00:29:07.449491+00:00,332.89,0.0401800012588501,0.0031766010136492747,0.2116633544603646
AAPL261007C00400000,2026-10-01 16:09:07+00:00,400.0,0.07,0.0,0.03,0.0,0.0,,4.0,0.87500125,False,REGULAR,USD,Call,2026-10-07,AAPL,2026-10-06T00:29:07.449491+00:00,332.89,0.0401800012588501,0.0031766010136492747,0.2116633544603646
AAPL261007C00410000,2026-09-30 13:59:23+00:00,410.0,0.52,0.0,0.01,0.0,0.0,,1.0,0.87500125,False,REGULAR,USD,Call,2026-10-07,AAPL,2026-10-06T00:29:07.449491+00:00,332.89,0.0401800012588501,0.0031766010136492747,0.2116633544603646
AAPL261007P00245000,2026-10-02 18:13:50+00:00,245.0,0.01,0.0,0.01,0.0,0.0,1.0,1.0,1.2812535937499998,False,REGULAR,USD,Put,2026-10-07,AAPL,2026-10-06T00:29:07.449491+00:00,332.89,0.0401800012588501,0.0031766010136492747,0.2116633544603646
AAPL261007P00250000,2026-09-29 13:35:13+00:00,250.0,0.49,0.0,0.01,0.0,0.0,,2.0,1.21875390625,False,REGULAR,USD,Put,2026-10-07,AAPL,2026-10-06T00:29:07.449491+00:00,332.89,0.0401800012588501,0.0031766010136492747,0.2116633544603646
AAPL261007P00270000,2026-10-05 19:58:27+00:00,270.0,0.01,0.0,0.01,-0.01,-50.0,2.0,5.0,0.9062509375,False,REGULAR,USD,Put,2026-10-07,AAPL,2026-10-06T00:29:07.449491+00:00,332.89,0.0401800012588501,0.0031766010136492747,0.2116633544603646
AAPL261007P00280000,2026-10-05 19:48:42+00:00,280.0,0.2,0.0,0.22,0.16,399.99994,24.0,5.0,1.052739111328125,False,REGULAR,USD,Put,2026-10-07,AAPL,2026-10-06T00:29:07.449491+00:00,332.89,0.0401800012588501,0.0031766010136492747,0.2116633544603646
AAPL261007P00285000,2026-10-05 19:42:32+00:00,285.0,0.02,0.0,0.07,-0.02,-50.0,22.0,2.0,0.8281267187499999,False,REGULAR,USD,Put,2026-10-07,AAPL,2026-10-06T00:29:07.449491+00:00,332.89,0.0401800012588501,0.0031766010136492747,0.2116633544603646
AAPL261007P00290000,2026-10-01 13:43:34+00:00,290.0,0.07,0.0,0.1,0.030000001,75.0,1.0,16.0,0.7773459765625,False,REGULAR,USD,Put,2026-10-07,AAPL,2026-10-06T00:29:07.449491+00:00,332.89,0.0401800012588501,0.0031766010136492747,0.2116633544603646
AAPL261007P00295000,2026-10-05 14:29:09+00:00,295.0,0.01,0.0,0.08,-0.01,-50.0,6.0,22.0,0.6757844921875001,False,REGULAR,USD,Put,2026-10-07,AAPL,2026-10-06T00:29:07.449491+00:00,332.89,0.0401800012588501,0.0031766010136492747,0.2116633544603646
AAPL261007P00300000,2026-10-05 19:45:23+00:00,300.0,0.02,0.0,0.04,0.0,0.0,43.0,130.0,0.5468795312500001,False,REGULAR,USD,Put,2026-10-07,AAPL,2026-10-06T00:29:07.449491+00:00,332.89,0.0401800012588501,0.0031766010136492747,0.2116633544603646
AAPL261007P00302500,2026-10-05 19:44:56+00:00,302.5,0.02,0.01,0.02,0.0,0.0,894.0,4.0,0.507817421875,False,REGULAR,USD,Put,2026-10-07,AAPL,2026-10-06T00:29:07.449491+00:00,332.89,0.0401800012588501,0.0031766010136492747,0.2116633544603646
AAPL261007P00305000,2026-10-05 19:48:14+00:00,305.0,0.02,0.01,0.02,-0.01,-33.333336,92.0,41.0,0.4687553125,False,REGULAR,USD,Put,2026-10-07,AAPL,2026-10-06T00:29:07.449491+00:00,332.89,0.0401800012588501,0.0031766010136492747,0.2116633544603646
AAPL261007P00307500,2026-10-05 19:58:28+00:00,307.5,0.02,0.01,0.03,-0.01,-33.333336,466.0,31.0,0.44922425781249997,False,REGULAR,USD,Put,2026-10-07,AAPL,2026-10-06T00:29:07.449491+00:00,332.89,0.0401800012588501,0.0031766010136492747,0.2116633544603646
AAPL261007P00310000,2026-10-05 18:45:28+00:00,310.0,0.03,0.01,0.02,-0.01,-25.0,74.0,289.0,0.39063109375,False,REGULAR,USD,Put,2026-10-07,AAPL,2026-10-06T00:29:07.449491+00:00,332.89,0.0401800012588501,0.0031766010136492747,0.2116633544603646
AAPL261007P00312500,2026-10-05 19:56:25+00:00,312.5,0.03,0.02,0.05,-0.04,-57.142857,379.0,2404.0,0.39453730468750003,False,REGULAR,USD,Put,2026-10-07,AAPL,2026-10-06T00:29:07.449491+00:00,332.89,0.0401800012588501,0.0031766010136492747,0.2116633544603646
AAPL261007P00315000,2026-10-05 19:52:33+00:00,315.0,0.05,0.03,0.05,-0.05,-50.0,910.0,711.0,0.34961587890624996,False,REGULAR,USD,Put,2026-10-07,AAPL,2026-10-06T00:29:07.449491+00:00,332.89,0.0401800012588501,0.0031766010136492747,0.2116633544603646
AAPL261007P00317500,2026-10-05 19:57:33+00:00,317.5,0.07,0.04,0.07,-0.059999995,-46.153843,361.0,286.0,0.3232489550781249,False,REGULAR,USD,Put,2026-10-07,AAPL,2026-10-06T00:29:07.449491+00:00,332.89,0.0401800012588501,0.0031766010136492747,0.2116633544603646
AAPL261007P00320000,2026-10-05 19:58:57+00:00,320.0,0.09,0.07,0.1,-0.11999999,-57.142853,1435.0,273.0,0.29492892578124996,False,REGULAR,USD,Put,2026-10-07,AAPL,2026-10-06T00:29:07.449491+00:00,332.89,0.0401800012588501,0.0031766010136492747,0.2116633544603646
AAPL261007P00322500,2026-10-05 19:59:18+00:00,322.5,0.17,0.13,0.17,-0.17,-50.0,1495.0,490.0,0.274421318359375,False,REGULAR,USD,Put,2026-10-07,AAPL,2026-10-06T00:29:07.449491+00:00,332.89,0.0401800012588501,0.0031766010136492747,0.2116633544603646
AAPL261007P00325000,2026-10-05 19:59:59+00:00,325.0,0.29,0.24,0.29,-0.27,-48.21429,4193.0,703.0,0.2524488818359375,False,REGULAR,USD,Put,2026-10-07,AAPL,2026-10-06T00:29:07.449491+00:00,332.89,0.0401800012588501,0.0031766010136492747,0.2116633544603646
AAPL261007P00327500,2026-10-05 19:59:51+00:00,327.5,0.61,0.47,0.61,-0.31,-33.695652,4632.0,426.0,0.24634542724609376,False,REGULAR,USD,Put,2026-10-07,AAPL,2026-10-06T00:29:07.449491+00:00,332.89,0.0401800012588501,0.0031766010136492747,0.2116633544603646
AAPL261007P00330000,2026-10-05 19:59:59+00:00,330.0,1.32,1.05,1.32,-0.17999995,-11.999996,7239.0,1111.0,0.25586681640625003,False,REGULAR,USD,Put,2026-10-07,AAPL,2026-10-06T00:29:07.449491+00:00,332.89,0.0401800012588501,0.0031766010136492747,0.2116633544603646
AAPL261007P00332500,2026-10-05 19:59:51+00:00,332.5,2.05,1.93,2.1,-0.27999997,-12.017166,9130.0,525.0,0.23316196533203126,False,REGULAR,USD,Put,2026-10-07,AAPL,2026-10-06T00:29:07.449491+00:00,332.89,0.0401800012588501,0.0031766010136492747,0.2116633544603646
AAPL261007P00335000,2026-10-05 19:59:59+00:00,335.0,3.53,2.87,3.7,-0.1400001,-3.8147166,3963.0,448.0,0.25391371093750004,True,REGULAR,USD,Put,2026-10-07,AAPL,2026-10-06T00:29:07.449491+00:00,332.89,0.0401800012588501,0.0031766010136492747,0.2116633544603646
AAPL261007P00337500,2026-10-05 19:58:32+00:00,337.5,5.25,4.1,5.5,0.03000021,0.5747167,476.0,452.0,0.25879647460937505,True,REGULAR,USD,Put,2026-10-07,AAPL,2026-10-06T00:29:07.449491+00:00,332.89,0.0401800012588501,0.0031766010136492747,0.2116633544603646
AAPL261007P00340000,2026-10-05 19:46:27+00:00,340.0,7.5,6.1,7.75,0.55999994,8.069163,429.0,91.0,0.2934640966796874,True,REGULAR,USD,Put,2026-10-07,AAPL,2026-10-06T00:29:07.449491+00:00,332.89,0.0401800012588501,0.0031766010136492747,0.2116633544603646
AAPL261007P00342500,2026-10-05 19:56:32+00:00,342.5,10.15,8.85,10.15,0.14999962,1.4999962,30.0,109.0,0.33838552246093745,True,REGULAR,USD,Put,2026-10-07,AAPL,2026-10-06T00:29:07.449491+00:00,332.89,0.0401800012588501,0.0031766010136492747,0.2116633544603646
AAPL261007P00345000,2026-10-05 19:39:56+00:00,345.0,11.7,11.3,13.8,0.05000019,0.4291862,579.0,43.0,0.5854533642578125,True,REGULAR,USD,Put,2026-10-07,AAPL,2026-10-06T00:29:07.449491+00:00,332.89,0.0401800012588501,0.0031766010136492747,0.2116633544603646
AAPL261007P00347500,2026-10-05 19:39:56+00:00,347.5,14.15,13.8,16.25,0.09999943,0.7117397,400.0,16.0,0.6462437719726561,True,REGULAR,USD,Put,2026-10-07,AAPL,2026-10-06T00:29:07.449491+00:00,332.89,0.0401800012588501,0.0031766010136492747,0.2116633544603646
AAPL261007P00350000,2026-10-05 19:17:09+00:00,350.0,15.35,15.5,18.8,-6.0,-28.103045,1.0,0.0,0.7192410888671875,True,REGULAR,USD,Put,2026-10-07,AAPL,2026-10-06T00:29:07.449491+00:00,332.89,0.0401800012588501,0.0031766010136492747,0.2116633544603646
AAPL261007P00352500,2026-09-28 15:04:25+00:00,352.5,13.5,18.0,21.25,0.0,0.0,4.0,0.0,0.7744163183593751,True,REGULAR,USD,Put,2026-10-07,AAPL,2026-10-06T00:29:07.449491+00:00,332.89,0.0401800012588501,0.0031766010136492747,0.2116633544603646
AAPL261007P00355000,2026-10-05 19:59:29+00:00,355.0,21.35,21.35,23.2,-1.3500004,-5.947138,1.0,1.0,0.735354208984375,True,REGULAR,USD,Put,2026-10-07,AAPL,2026-10-06T00:29:07.449491+00:00,332.89,0.0401800012588501,0.0031766010136492747,0.2116633544603646
AAPL261007P00365000,2026-09-28 19:36:02+00:00,365.0,26.39,30.5,33.8,0.0,0.0,,0.0,0.523442265625,True,REGULAR,USD,Put,2026-10-07,AAPL,2026-10-06T00:29:07.449491+00:00,332.89,0.0401800012588501,0.0031766010136492747,0.2116633544603646
AAPL261009C00110000,2026-09-28 19:47:47+00:00,110.0,228.7,221.3,224.75,0.0,0.0,,1.0,4.1328173339843755,True,REGULAR,USD,Call,2026-10-09,AAPL,2026-10-06T00:29:07.449491+00:00,332.89,0.0401800012588501,0.0031766010136492747,0.2116633544603646
AAPL261009C00120000,2026-09-11 19:14:11+00:00,120.0,213.52,211.3,215.05,0.0,0.0,,1.0,4.177739152832031,True,REGULAR,USD,Call,2026-10-09,AAPL,2026-10-06T00:29:07.449491+00:00,332.89,0.0401800012588501,0.0031766010136492747,0.2116633544603646
AAPL261009C00175000,2026-10-05 15:35:22+00:00,175.0,158.78,156.35,159.65,-4.5,-2.756002,6.0,2.0,2.4218789453125,True,REGULAR,USD,Call,2026-10-09,AAPL,2026-10-06T00:29:07.449491+00:00,332.89,0.0401800012588501,0.0031766010136492747,0.2116633544603646
AAPL261009C00185000,2026-09-28 17:46:28+00:00,185.0,154.2,146.35,149.8,0.0,0.0,,1.0,2.3710978222656243,True,REGULAR,USD,Call,2026-10-09,AAPL,2026-10-06T00:29:07.449491+00:00,332.89,0.0401800012588501,0.0031766010136492747,0.2116633544603646
AAPL261009C00195000,2026-09-18 18:37:37+00:00,195.0,141.39,136.35,139.8,0.0,0.0,1.0,1.0,2.177738930664062,True,REGULAR,USD,Call,2026-10-09,AAPL,2026-10-06T00:29:07.449491+00:00,332.89,0.0401800012588501,0.0031766010136492747,0.2116633544603646
AAPL261009C00210000,2026-09-29 16:24:24+00:00,210.0,121.37,121.4,124.65,0.0,0.0,1.0,0.0,1.8281258593749998,True,REGULAR,USD,Call,2026-10-09,AAPL,2026-10-06T00:29:07.449491+00:00,332.89,0.0401800012588501,0.0031766010136492747,0.2116633544603646
AAPL261009C00215000,2026-09-29 19:59:30+00:00,215.0,114.62,116.4,119.85,0.0,0.0,1.0,10.0,1.873047509765625,True,REGULAR,USD,Call,2026-10-09,AAPL,2026-10-06T00:29:07.449491+00:00,332.89,0.0401800012588501,0.0031766010136492747,0.2116633544603646
AAPL261009C00220000,2026-09-29 19:27:12+00:00,220.0,111.25,111.4,114.85,0.0,0.0,1.0,3.0,1.78515732421875,True,REGULAR,USD,Call,2026-10-09,AAPL,2026-10-06T00:29:07.449491+00:00,332.89,0.0401800012588501,0.0031766010136492747,0.2116633544603646
AAPL261009C00225000,2026-10-05 16:56:05+00:00,225.0,109.87,106.4,109.85,1.4000015,1.2906809,1.0,2.0,1.6972671386718752,True,REGULAR,USD,Call,2026-10-09,AAPL,2026-10-06T00:29:07.449491+00:00,332.89,0.0401800012588501,0.0031766010136492747,0.2116633544603646
AAPL261009C00230000,2026-10-05 16:36:34+00:00,230.0,103.5,101.4,104.65,2.9700012,2.9543433,1.0,2.0,1.5000025,True,REGULAR,USD,Call,2026-10-09,AAPL,2026-10-06T00:29:07.449491+00:00,332.89,0.0401800012588501,0.0031766010136492747,0.2116633544603646
AAPL261009C00235000,2026-10-01 15:45:40+00:00,235.0,92.78,96.4,99.85,0.0,0.0,16.0,81.0,1.5292992285156248,True,REGULAR,USD,Call,2026-10-09,AAPL,2026-10-06T00:29:07.449491+00:00,332.89,0.0401800012588501,0.0031766010136492747,0.2116633544603646
AAPL261009C00240000,2026-10-02 14:05:03+00:00,240.0,92.35,91.4,94.85,0.0,0.0,30.0,32.0,1.4472683886718751,True,REGULAR,USD,Call,2026-10-09,AAPL,2026-10-06T00:29:07.449491+00:00,332.89,0.0401800012588501,0.0031766010136492747,0.2116633544603646
AAPL261009C00245000,2026-09-30 14:13:08+00:00,245.0,93.88,86.4,89.7,0.0,0.0,32.0,35.0,1.2968785156249998,True,REGULAR,USD,Call,2026-10-09,AAPL,2026-10-06T00:29:07.449491+00:00,332.89,0.0401800012588501,0.0031766010136492747,0.2116633544603646
AAPL261009C00250000,2026-10-05 17:09:48+00:00,250.0,85.85,81.4,84.7,1.8099976,2.1537335,2.0,172.0,1.220707021484375,True,REGULAR,USD,Call,2026-10-09,AAPL,2026-10-06T00:29:07.449491+00:00,332.89,0.0401800012588501,0.0031766010136492747,0.2116633544603646
AAPL261009C00255000,2026-10-02 17:04:31+00:00,255.0,78.8,76.4,78.95,0.0,0.0,345.0,325.0,1.5717794848632813,True,REGULAR,USD,Call,2026-10-09,AAPL,2026-10-06T00:29:07.449491+00:00,332.89,0.0401800012588501,0.0031766010136492747,0.2116633544603646
AAPL261009C00260000,2026-10-05 19:39:05+00:00,260.0,73.8,71.4,74.85,0.1000061,0.13569349,1.0,61.0,1.1328168359375002,True,REGULAR,USD,Call,2026-10-09,AAPL,2026-10-06T00:29:07.449491+00:00,332.89,0.0401800012588501,0.0031766010136492747,0.2116633544603646
AAPL261009C00265000,2026-10-01 13:31:22+00:00,265.0,65.12,66.45,69.8,0.0,0.0,1.0,17.0,1.056645341796875,True,REGULAR,USD,Call,2026-10-09,AAPL,2026-10-06T00:29:07.449491+00:00,332.89,0.0401800012588501,0.0031766010136492747,0.2116633544603646
AAPL261009C00270000,2026-10-05 15:19:18+00:00,270.0,64.43,61.4,64.7,1.1500015,1.8173223,5.0,54.0,0.9267585449218749,True,REGULAR,USD,Call,2026-10-09,AAPL,2026-10-06T00:29:07.449491+00:00,332.89,0.0401800012588501,0.0031766010136492747,0.2116633544603646
AAPL261009C00275000,2026-10-02 17:17:22+00:00,275.0,58.64,57.25,59.9,0.0,0.0,1.0,24.0,1.094242810058594,True,REGULAR,USD,Call,2026-10-09,AAPL,2026-10-06T00:29:07.449491+00:00,332.89,0.0401800012588501,0.0031766010136492747,0.2116633544603646
AAPL261009C00280000,2026-10-05 19:03:36+00:00,280.0,54.06,51.45,54.0,0.8100014,1.5211294,6.0,260.0,1.1206098657226562,True,REGULAR,USD,Call,2026-10-09,AAPL,2026-10-06T00:29:07.449491+00:00,332.89,0.0401800012588501,0.0031766010136492747,0.2116633544603646
AAPL261009C00285000,2026-10-05 19:44:27+00:00,285.0,47.3,46.95,49.7,-1.1199989,-2.3130918,3.0,74.0,0.8452163916015624,True,REGULAR,USD,Call,2026-10-09,AAPL,2026-10-06T00:29:07.449491+00:00,332.89,0.0401800012588501,0.0031766010136492747,0.2116633544603646
AAPL261009C00290000,2026-10-05 16:38:12+00:00,290.0,44.79,41.45,44.75,1.5200005,3.5128274,2.0,106.0,0.6738313867187502,True,REGULAR,USD,Call,2026-10-09,AAPL,2026-10-06T00:29:07.449491+00:00,332.89,0.0401800012588501,0.0031766010136492747,0.2116633544603646
AAPL261009C00295000,2026-10-05 17:57:36+00:00,295.0,38.0,37.5,39.0,0.24000168,0.6355977,3.0,210.0,0.6630893066406252,True,REGULAR,USD,Call,2026-10-09,AAPL,2026-10-06T00:29:07.449491+00:00,332.89,0.0401800012588501,0.0031766010136492747,0.2116633544603646
AAPL261009C00300000,2026-10-05 19:57:04+00:00,300.0,33.43,32.1,34.75,-0.29000092,-0.8600264,29.0,366.0,0.6362341064453125,True,REGULAR,USD,Call,2026-10-09,AAPL,2026-10-06T00:29:07.449491+00:00,332.89,0.0401800012588501,0.0031766010136492747,0.2116633544603646
AAPL261009C00305000,2026-10-05 19:56:32+00:00,305.0,28.01,27.5,30.0,-0.94999886,-3.2803829,7.0,1113.0,0.622074091796875,True,REGULAR,USD,Call,2026-10-09,AAPL,2026-10-06T00:29:07.449491+00:00,332.89,0.0401800012588501,0.0031766010136492747,0.2116633544603646
AAPL261009C00310000,2026-10-05 18:21:03+00:00,310.0,23.03,21.5,24.75,-0.54999924,-2.3324819,10.0,360.0,0.6748079394531252,True,REGULAR,USD,Call,2026-10-09,AAPL,2026-10-06T00:29:07.449491+00:00,332.89,0.0401800012588501,0.0031766010136492747,0.2116633544603646
AAPL261009C00312500,2026-10-02 15:59:55+00:00,312.5,20.43,19.15,22.25,0.0,0.0,2.0,70.0,0.6232947827148438,True,REGULAR,USD,Call,2026-10-09,AAPL,2026-10-06T00:29:07.449491+00:00,332.89,0.0401800012588501,0.0031766010136492747,0.2116633544603646
AAPL261009C00315000,2026-10-05 19:57:58+00:00,315.0,18.07,17.2,19.1,-0.4300003,-2.324326,38.0,618.0,0.49219257812500006,True,REGULAR,USD,Call,2026-10-09,AAPL,2026-10-06T00:29:07.449491+00:00,332.89,0.0401800012588501,0.0031766010136492747,0.2116633544603646
AAPL261009C00317500,2026-10-05 18:59:51+00:00,317.5,16.47,14.9,17.25,0.07999992,0.48810205,5.0,71.0,0.5180712255859375,True,REGULAR,USD,Call,2026-10-09,AAPL,2026-10-06T00:29:07.449491+00:00,332.89,0.0401800012588501,0.0031766010136492747,0.2116633544603646
AAPL261009C00320000,2026-10-05 18:49:13+00:00,320.0,13.7,12.8,14.9,-0.27000046,-1.9327163,67.0,742.0,0.47900911621093745,True,REGULAR,USD,Call,2026-10-09,AAPL,2026-10-06T00:29:07.449491+00:00,332.89,0.0401800012588501,0.0031766010136492747,0.2116633544603646
AAPL261009C00322500,2026-10-05 19:49:23+00:00,322.5,11.34,10.6,12.3,-0.35999966,-3.0769203,41.0,183.0,0.4128476684570312,True,REGULAR,USD,Call,2026-10-09,AAPL,2026-10-06T00:29:07.449491+00:00,332.89,0.0401800012588501,0.0031766010136492747,0.2116633544603646
AAPL261009C00325000,2026-10-05 19:59:33+00:00,325.0,9.02,8.75,9.5,-0.92999935,-9.346727,961.0,1580.0,0.3272772351074219,True,REGULAR,USD,Call,2026-10-09,AAPL,2026-10-06T00:29:07.449491+00:00,332.89,0.0401800012588501,0.0031766010136492747,0.2116633544603646
AAPL261009C00327500,2026-10-05 19:57:04+00:00,327.5,6.96,6.8,8.4,-0.71000004,-9.2568445,285.0,579.0,0.38233039550781245,True,REGULAR,USD,Call,2026-10-09,AAPL,2026-10-06T00:29:07.449491+00:00,332.89,0.0401800012588501,0.0031766010136492747,0.2116633544603646
AAPL261009C00330000,2026-10-05 19:59:59+00:00,330.0,5.05,5.05,5.5,-1.0499997,-17.21311,1055.0,4967.0,0.28064684204101553,True,REGULAR,USD,Call,2026-10-09,AAPL,2026-10-06T00:29:07.449491+00:00,332.89,0.0401800012588501,0.0031766010136492747,0.2116633544603646
AAPL261009C00332500,2026-10-05 19:59:57+00:00,332.5,3.7,3.65,3.95,-0.95000005,-20.430109,4605.0,2900.0,0.2700268310546875,True,REGULAR,USD,Call,2026-10-09,AAPL,2026-10-06T00:29:07.449491+00:00,332.89,0.0401800012588501,0.0031766010136492747,0.2116633544603646
AAPL261009C00335000,2026-10-05 19:59:59+00:00,335.0,2.6,2.46,2.7,-0.75,-22.38806,17288.0,9578.0,0.26233647827148443,False,REGULAR,USD,Call,2026-10-09,AAPL,2026-10-06T00:29:07.449491+00:00,332.89,0.0401800012588501,0.0031766010136492747,0.2116633544603646
AAPL261009C00337500,2026-10-05 19:59:46+00:00,337.5,1.65,1.55,1.79,-0.66999996,-28.879309,13454.0,3135.0,0.2600171655273438,False,REGULAR,USD,Call,2026-10-09,AAPL,2026-10-06T00:29:07.449491+00:00,332.89,0.0401800012588501,0.0031766010136492747,0.2116633544603646
AAPL261009C00340000,2026-10-05 19:59:54+00:00,340.0,1.0,0.96,1.05,-0.47000003,-31.972792,15469.0,15010.0,0.25049577636718745,False,REGULAR,USD,Call,2026-10-09,AAPL,2026-10-06T00:29:07.449491+00:00,332.89,0.0401800012588501,0.0031766010136492747,0.2116633544603646
AAPL261009C00342500,2026-10-05 19:59:59+00:00,342.5,0.59,0.53,0.66,-0.37,-38.541668,5256.0,4813.0,0.25489026367187506,False,REGULAR,USD,Call,2026-10-09,AAPL,2026-10-06T00:29:07.449491+00:00,332.89,0.0401800012588501,0.0031766010136492747,0.2116633544603646
AAPL261009C00345000,2026-10-05 19:59:59+00:00,345.0,0.35,0.32,0.35,-0.20000002,-36.36364,6078.0,7433.0,0.2500075,False,REGULAR,USD,Call,2026-10-09,AAPL,2026-10-06T00:29:07.449491+00:00,332.89,0.0401800012588501,0.0031766010136492747,0.2116633544603646
AAPL261009C00347500,2026-10-05 19:58:01+00:00,347.5,0.19,0.18,0.24,-0.16,-45.714287,10973.0,5579.0,0.26319096191406255,False,REGULAR,USD,Call,2026-10-09,AAPL,2026-10-06T00:29:07.449491+00:00,332.89,0.0401800012588501,0.0031766010136492747,0.2116633544603646
AAPL261009C00350000,2026-10-05 19:59:59+00:00,350.0,0.12,0.12,0.15,-0.080000006,-40.000004,5613.0,7353.0,0.2710033837890625,False,REGULAR,USD,Call,2026-10-09,AAPL,2026-10-06T00:29:07.449491+00:00,332.89,0.0401800012588501,0.0031766010136492747,0.2116633544603646
AAPL261009C00352500,2026-10-05 19:47:36+00:00,352.5,0.07,0.06,0.1,-0.049999997,-41.666664,5608.0,2965.0,0.28125718749999995,False,REGULAR,USD,Call,2026-10-09,AAPL,2026-10-06T00:29:07.449491+00:00,332.89,0.0401800012588501,0.0031766010136492747,0.2116633544603646
AAPL261009C00355000,2026-10-05 19:59:11+00:00,355.0,0.05,0.04,0.05,-0.029999997,-37.499996,989.0,5153.0,0.27930408203124996,False,REGULAR,USD,Call,2026-10-09,AAPL,2026-10-06T00:29:07.449491+00:00,332.89,0.0401800012588501,0.0031766010136492747,0.2116633544603646
AAPL261009C00357500,2026-10-05 19:57:50+00:00,357.5,0.02,0.02,0.04,-0.030000001,-60.0,298.0,1094.0,0.29688203124999996,False,REGULAR,USD,Call,2026-10-09,AAPL,2026-10-06T00:29:07.449491+00:00,332.89,0.0401800012588501,0.0031766010136492747,0.2116633544603646
AAPL261009C00360000,2026-10-05 19:52:43+00:00,360.0,0.02,0.01,0.02,-0.030000001,-60.0,1113.0,6265.0,0.29688203124999996,False,REGULAR,USD,Call,2026-10-09,AAPL,2026-10-06T00:29:07.449491+00:00,332.89,0.0401800012588501,0.0031766010136492747,0.2116633544603646
AAPL261009C00362500,2026-10-05 19:44:27+00:00,362.5,0.02,0.0,0.1,0.0,0.0,38.0,241.0,0.39258419921875,False,REGULAR,USD,Call,2026-10-09,AAPL,2026-10-06T00:29:07.449491+00:00,332.89,0.0401800012588501,0.0031766010136492747,0.2116633544603646
AAPL261009C00365000,2026-10-05 18:28:14+00:00,365.0,0.01,0.0,0.02,-0.03,-75.0,366.0,3467.0,0.3437565625,False,REGULAR,USD,Call,2026-10-09,AAPL,2026-10-06T00:29:07.449491+00:00,332.89,0.0401800012588501,0.0031766010136492747,0.2116633544603646
AAPL261009C00367500,2026-10-05 17:13:14+00:00,367.5,0.01,0.0,0.02,-0.03,-75.0,80.0,1210.0,0.3632876171875,False,REGULAR,USD,Call,2026-10-09,AAPL,2026-10-06T00:29:07.449491+00:00,332.89,0.0401800012588501,0.0031766010136492747,0.2116633544603646
AAPL261009C00370000,2026-10-05 19:21:28+00:00,370.0,0.01,0.0,0.02,-0.01,-50.0,13.0,1467.0,0.38672488281249995,False,REGULAR,USD,Call,2026-10-09,AAPL,2026-10-06T00:29:07.449491+00:00,332.89,0.0401800012588501,0.0031766010136492747,0.2116633544603646
AAPL261009C00372500,2026-10-02 14:30:15+00:00,372.5,0.01,0.0,0.1,0.0,0.0,11.0,20.0,0.49707534179687507,False,REGULAR,USD,Call,2026-10-09,AAPL,2026-10-06T00:29:07.449491+00:00,332.89,0.0401800012588501,0.0031766010136492747,0.2116633544603646
AAPL261009C00375000,2026-10-05 19:21:36+00:00,375.0,0.01,0.0,0.01,0.0,0.0,4.0,1247.0,0.398443515625,False,REGULAR,USD,Call,2026-10-09,AAPL,2026-10-06T00:29:07.449491+00:00,332.89,0.0401800012588501,0.0031766010136492747,0.2116633544603646
AAPL261009C00380000,2026-10-05 13:45:49+00:00,380.0,0.01,0.0,0.01,0.0,0.0,1.0,547.0,0.437505625,False,REGULAR,USD,Call,2026-10-09,AAPL,2026-10-06T00:29:07.449491+00:00,332.89,0.0401800012588501,0.0031766010136492747,0.2116633544603646
AAPL261009C00385000,2026-10-01 15:05:21+00:00,385.0,0.01,0.0,0.07,-0.060000002,-85.71429,1.0,119.0,0.5449264257812501,False,REGULAR,USD,Call,2026-10-09,AAPL,2026-10-06T00:29:07.449491+00:00,332.89,0.0401800012588501,0.0031766010136492747,0.2116633544603646
AAPL261009C00390000,2026-10-05 18:50:24+00:00,390.0,0.01,0.0,0.01,-0.01,-50.0,2.0,230.0,0.51562984375,False,REGULAR,USD,Call,2026-10-09,AAPL,2026-10-06T00:29:07.449491+00:00,332.89,0.0401800012588501,0.0031766010136492747,0.2116633544603646
AAPL261009C00395000,2026-10-01 18:42:45+00:00,395.0,0.03,0.0,0.52,0.0,0.0,1.0,150.0,0.815431533203125,False,REGULAR,USD,Call,2026-10-09,AAPL,2026-10-06T00:29:07.449491+00:00,332.89,0.0401800012588501,0.0031766010136492747,0.2116633544603646
AAPL261009C00400000,2026-10-05 18:50:43+00:00,400.0,0.03,0.0,0.03,0.01,50.0,1.0,315.0,0.6171913281250001,False,REGULAR,USD,Call,2026-10-09,AAPL,2026-10-06T00:29:07.449491+00:00,332.89,0.0401800012588501,0.0031766010136492747,0.2116633544603646
AAPL261009C00405000,2026-09-23 15:06:17+00:00,405.0,0.03,0.0,0.13,0.0,0.0,2.0,8.0,0.7597680273437502,False,REGULAR,USD,Call,2026-10-09,AAPL,2026-10-06T00:29:07.449491+00:00,332.89,0.0401800012588501,0.0031766010136492747,0.2116633544603646
AAPL261009C00410000,2026-10-05 18:53:02+00:00,410.0,0.01,0.0,0.01,0.0,0.0,1.0,1176.0,0.6250037500000001,False,REGULAR,USD,Call,2026-10-09,AAPL,2026-10-06T00:29:07.449491+00:00,332.89,0.0401800012588501,0.0031766010136492747,0.2116633544603646
AAPL261009C00415000,2026-10-05 13:48:20+00:00,415.0,0.01,0.0,0.01,-0.049999997,-83.333336,1.0,160.0,0.6562534375000001,False,REGULAR,USD,Call,2026-10-09,AAPL,2026-10-06T00:29:07.449491+00:00,332.89,0.0401800012588501,0.0031766010136492747,0.2116633544603646
AAPL261009P00110000,2026-09-29 19:42:46+00:00,110.0,0.01,0.0,0.01,0.0,0.0,1100.0,1100.0,3.1250021875,False,REGULAR,USD,Put,2026-10-09,AAPL,2026-10-06T00:29:07.449491+00:00,332.89,0.0401800012588501,0.0031766010136492747,0.2116633544603646
AAPL261009P00120000,2026-09-29 19:42:39+00:00,120.0,0.01,0.0,0.01,0.0,0.0,,1000.0,2.8750028125,False,REGULAR,USD,Put,2026-10-09,AAPL,2026-10-06T00:29:07.449491+00:00,332.89,0.0401800012588501,0.0031766010136492747,0.2116633544603646
AAPL261009P00125000,2026-09-29 19:42:37+00:00,125.0,0.01,0.0,0.01,0.0,0.0,,1001.0,2.750003125,False,REGULAR,USD,Put,2026-10-09,AAPL,2026-10-06T00:29:07.449491+00:00,332.89,0.0401800012588501,0.0031766010136492747,0.2116633544603646
AAPL261009P00130000,2026-10-02 13:30:03+00:00,130.0,0.01,0.0,0.01,0.0,0.0,4.0,1002.0,2.6250034375,False,REGULAR,USD,Put,2026-10-09,AAPL,2026-10-06T00:29:07.449491+00:00,332.89,0.0401800012588501,0.0031766010136492747,0.2116633544603646
AAPL261009P00135000,2026-09-29 19:41:57+00:00,135.0,0.01,0.0,0.01,0.0,0.0,,1000.0,2.56250359375,False,REGULAR,USD,Put,2026-10-09,AAPL,2026-10-06T00:29:07.449491+00:00,332.89,0.0401800012588501,0.0031766010136492747,0.2116633544603646
AAPL261009P00160000,2026-10-05 17:25:09+00:00,160.0,0.01,0.0,0.01,0.0,0.0,2.0,9500.0,2.0625048437499998,False,REGULAR,USD,Put,2026-10-09,AAPL,2026-10-06T00:29:07.449491+00:00,332.89,0.0401800012588501,0.0031766010136492747,0.2116633544603646
AAPL261009P00190000,2026-09-08 14:22:50+00:00,190.0,0.03,0.0,0.52,0.0,0.0,3.0,21.0,2.376957182617187,False,REGULAR,USD,Put,2026-10-09,AAPL,2026-10-06T00:29:07.449491+00:00,332.89,0.0401800012588501,0.0031766010136492747,0.2116633544603646
AAPL261009P00195000,2026-09-04 17:21:38+00:00,195.0,0.03,0.0,0.01,0.0,0.0,3.0,6.0,1.5625021874999998,False,REGULAR,USD,Put,2026-10-09,AAPL,2026-10-06T00:29:07.449491+00:00,332.89,0.0401800012588501,0.0031766010136492747,0.2116633544603646
AAPL261009P00200000,2026-09-10 19:52:58+00:00,200.0,0.03,0.0,0.01,0.0,0.0,2.0,20.0,1.46875265625,False,REGULAR,USD,Put,2026-10-09,AAPL,2026-10-06T00:29:07.449491+00:00,332.89,0.0401800012588501,0.0031766010136492747,0.2116633544603646
AAPL261009P00205000,2026-10-05 19:16:37+00:00,205.0,0.01,0.0,0.01,-0.03,-75.0,5096.0,26.0,1.40625296875,False,REGULAR,USD,Put,2026-10-09,AAPL,2026-10-06T00:29:07.449491+00:00,332.89,0.0401800012588501,0.0031766010136492747,0.2116633544603646
AAPL261009P00210000,2026-10-05 19:15:58+00:00,210.0,0.01,0.0,0.02,0.0,0.0,1002.0,113.0,1.40625296875,False,REGULAR,USD,Put,2026-10-09,AAPL,2026-10-06T00:29:07.449491+00:00,332.89,0.0401800012588501,0.0031766010136492747,0.2116633544603646
AAPL261009P00215000,2026-10-05 19:15:56+00:00,215.0,0.01,0.0,0.02,0.0,0.0,1002.0,181.0,1.3437532812499997,False,REGULAR,USD,Put,2026-10-09,AAPL,2026-10-06T00:29:07.449491+00:00,332.89,0.0401800012588501,0.0031766010136492747,0.2116633544603646
AAPL261009P00220000,2026-10-05 19:15:44+00:00,220.0,0.01,0.0,0.01,0.0,0.0,3502.0,10776.0,1.21875390625,False,REGULAR,USD,Put,2026-10-09,AAPL,2026-10-06T00:29:07.449491+00:00,332.89,0.0401800012588501,0.0031766010136492747,0.2116633544603646
AAPL261009P00225000,2026-10-05 19:15:42+00:00,225.0,0.01,0.0,0.02,-0.01,-50.0,1003.0,61.0,1.21875390625,False,REGULAR,USD,Put,2026-10-09,AAPL,2026-10-06T00:29:07.449491+00:00,332.89,0.0401800012588501,0.0031766010136492747,0.2116633544603646
AAPL261009P00230000,2026-09-30 18:17:41+00:00,230.0,0.02,0.0,0.52,0.0,0.0,2.0,15.0,1.6367205664062499,False,REGULAR,USD,Put,2026-10-09,AAPL,2026-10-06T00:29:07.449491+00:00,332.89,0.0401800012588501,0.0031766010136492747,0.2116633544603646
AAPL261009P00235000,2026-09-30 13:47:18+00:00,235.0,0.01,0.0,0.52,0.0,0.0,2.0,102.0,1.5527366113281247,False,REGULAR,USD,Put,2026-10-09,AAPL,2026-10-06T00:29:07.449491+00:00,332.89,0.0401800012588501,0.0031766010136492747,0.2116633544603646
AAPL261009P00240000,2026-10-02 15:46:14+00:00,240.0,0.15,0.0,0.29,0.0,0.0,5.0,279.0,1.3554719726562499,False,REGULAR,USD,Put,2026-10-09,AAPL,2026-10-06T00:29:07.449491+00:00,332.89,0.0401800012588501,0.0031766010136492747,0.2116633544603646
AAPL261009P00245000,2026-10-01 14:06:48+00:00,245.0,0.01,0.0,0.52,0.0,0.0,13.0,165.0,1.3867218164062498,False,REGULAR,USD,Put,2026-10-09,AAPL,2026-10-06T00:29:07.449491+00:00,332.89,0.0401800012588501,0.0031766010136492747,0.2116633544603646
AAPL261009P00250000,2026-10-01 14:57:57+00:00,250.0,0.04,0.0,0.51,0.0,0.0,2.0,328.0,1.3027378613281246,False,REGULAR,USD,Put,2026-10-09,AAPL,2026-10-06T00:29:07.449491+00:00,332.89,0.0401800012588501,0.0031766010136492747,0.2116633544603646
AAPL261009P00255000,2026-10-01 19:35:10+00:00,255.0,0.01,0.0,0.51,0.0,0.0,15.0,1101.0,1.224613251953125,False,REGULAR,USD,Put,2026-10-09,AAPL,2026-10-06T00:29:07.449491+00:00,332.89,0.0401800012588501,0.0031766010136492747,0.2116633544603646
AAPL261009P00260000,2026-09-29 17:25:28+00:00,260.0,0.1,0.0,0.41,0.0,0.0,1.0,383.0,1.109379453125,False,REGULAR,USD,Put,2026-10-09,AAPL,2026-10-06T00:29:07.449491+00:00,332.89,0.0401800012588501,0.0031766010136492747,0.2116633544603646
AAPL261009P00265000,2026-10-02 15:12:33+00:00,265.0,0.08,0.0,0.1,0.0,0.0,1.0,73.0,0.8632826171875,False,REGULAR,USD,Put,2026-10-09,AAPL,2026-10-06T00:29:07.449491+00:00,332.89,0.0401800012588501,0.0031766010136492747,0.2116633544603646
AAPL261009P00270000,2026-10-05 19:23:29+00:00,270.0,0.01,0.01,0.02,0.0,0.0,18.0,851.0,0.70312796875,False,REGULAR,USD,Put,2026-10-09,AAPL,2026-10-06T00:29:07.449491+00:00,332.89,0.0401800012588501,0.0031766010136492747,0.2116633544603646
AAPL261009P00275000,2026-10-05 19:52:01+00:00,275.0,0.07,0.01,0.02,0.05,250.0,2.0,377.0,0.648441015625,False,REGULAR,USD,Put,2026-10-09,AAPL,2026-10-06T00:29:07.449491+00:00,332.89,0.0401800012588501,0.0031766010136492747,0.2116633544603646
AAPL261009P00280000,2026-10-05 18:05:50+00:00,280.0,0.02,0.01,0.03,-0.01,-33.333336,15.0,663.0,0.6093789062500001,False,REGULAR,USD,Put,2026-10-09,AAPL,2026-10-06T00:29:07.449491+00:00,332.89,0.0401800012588501,0.0031766010136492747,0.2116633544603646
AAPL261009P00285000,2026-10-05 19:18:27+00:00,285.0,0.02,0.01,0.04,0.0,0.0,1417.0,681.0,0.5664105859375,False,REGULAR,USD,Put,2026-10-09,AAPL,2026-10-06T00:29:07.449491+00:00,332.89,0.0401800012588501,0.0031766010136492747,0.2116633544603646
AAPL261009P00290000,2026-10-05 19:37:32+00:00,290.0,0.03,0.01,0.03,0.0,0.0,32.0,1199.0,0.5195360546875,False,REGULAR,USD,Put,2026-10-09,AAPL,2026-10-06T00:29:07.449491+00:00,332.89,0.0401800012588501,0.0031766010136492747,0.2116633544603646
AAPL261009P00295000,2026-10-05 19:37:32+00:00,295.0,0.03,0.02,0.03,0.0,0.0,357.0,437.0,0.46094289062500005,False,REGULAR,USD,Put,2026-10-09,AAPL,2026-10-06T00:29:07.449491+00:00,332.89,0.0401800012588501,0.0031766010136492747,0.2116633544603646
AAPL261009P00300000,2026-10-05 19:37:44+00:00,300.0,0.03,0.02,0.05,-0.020000001,-40.000004,283.0,2607.0,0.42969320312500003,False,REGULAR,USD,Put,2026-10-09,AAPL,2026-10-06T00:29:07.449491+00:00,332.89,0.0401800012588501,0.0031766010136492747,0.2116633544603646
AAPL261009P00305000,2026-10-05 19:57:01+00:00,305.0,0.04,0.03,0.06,-0.04,-50.0,534.0,2275.0,0.3789124609375,False,REGULAR,USD,Put,2026-10-09,AAPL,2026-10-06T00:29:07.449491+00:00,332.89,0.0401800012588501,0.0031766010136492747,0.2116633544603646
AAPL261009P00310000,2026-10-05 19:54:14+00:00,310.0,0.07,0.06,0.09,-0.020000003,-22.222223,286.0,2358.0,0.335944140625,False,REGULAR,USD,Put,2026-10-09,AAPL,2026-10-06T00:29:07.449491+00:00,332.89,0.0401800012588501,0.0031766010136492747,0.2116633544603646
AAPL261009P00312500,2026-10-05 19:53:52+00:00,312.5,0.1,0.08,0.12,-0.050000004,-33.333336,313.0,623.0,0.31836619140624994,False,REGULAR,USD,Put,2026-10-09,AAPL,2026-10-06T00:29:07.449491+00:00,332.89,0.0401800012588501,0.0031766010136492747,0.2116633544603646
AAPL261009P00315000,2026-10-05 19:58:36+00:00,315.0,0.15,0.13,0.15,-0.059999987,-28.571423,1571.0,3689.0,0.295905478515625,False,REGULAR,USD,Put,2026-10-09,AAPL,2026-10-06T00:29:07.449491+00:00,332.89,0.0401800012588501,0.0031766010136492747,0.2116633544603646
AAPL261009P00317500,2026-10-05 19:58:12+00:00,317.5,0.22,0.12,0.23,-0.08000001,-26.666668,1952.0,1469.0,0.2841868457031249,False,REGULAR,USD,Put,2026-10-09,AAPL,2026-10-06T00:29:07.449491+00:00,332.89,0.0401800012588501,0.0031766010136492747,0.2116633544603646
AAPL261009P00320000,2026-10-05 19:59:40+00:00,320.0,0.35,0.31,0.37,-0.13,-27.083334,4560.0,3260.0,0.2756420092773437,False,REGULAR,USD,Put,2026-10-09,AAPL,2026-10-06T00:29:07.449491+00:00,332.89,0.0401800012588501,0.0031766010136492747,0.2116633544603646
AAPL261009P00322500,2026-10-05 19:59:57+00:00,322.5,0.55,0.47,0.58,-0.14999998,-21.42857,1875.0,1621.0,0.2661206201171875,False,REGULAR,USD,Put,2026-10-09,AAPL,2026-10-06T00:29:07.449491+00:00,332.89,0.0401800012588501,0.0031766010136492747,0.2116633544603646
AAPL261009P00325000,2026-10-05 19:59:54+00:00,325.0,0.86,0.73,0.92,-0.18999994,-18.095234,2231.0,2258.0,0.25879647460937505,False,REGULAR,USD,Put,2026-10-09,AAPL,2026-10-06T00:29:07.449491+00:00,332.89,0.0401800012588501,0.0031766010136492747,0.2116633544603646
AAPL261009P00327500,2026-10-05 19:59:44+00:00,327.5,1.38,1.2,1.42,-0.120000005,-8.0,2543.0,1660.0,0.2515943981933594,False,REGULAR,USD,Put,2026-10-09,AAPL,2026-10-06T00:29:07.449491+00:00,332.89,0.0401800012588501,0.0031766010136492747,0.2116633544603646
AAPL261009P00330000,2026-10-05 19:59:18+00:00,330.0,2.03,1.87,2.1,-0.18000007,-8.144799,9129.0,12023.0,0.24195093994140626,False,REGULAR,USD,Put,2026-10-09,AAPL,2026-10-06T00:29:07.449491+00:00,332.89,0.0401800012588501,0.0031766010136492747,0.2116633544603646
AAPL261009P00332500,2026-10-05 19:59:37+00:00,332.5,3.08,2.78,3.1,-0.120000124,-3.7500038,4031.0,1028.0,0.23694610717773437,False,REGULAR,USD,Put,2026-10-09,AAPL,2026-10-06T00:29:07.449491+00:00,332.89,0.0401800012588501,0.0031766010136492747,0.2116633544603646
AAPL261009P00335000,2026-10-05 19:56:53+00:00,335.0,4.3,4.1,4.55,0.0,0.0,4097.0,1909.0,0.243171630859375,True,REGULAR,USD,Put,2026-10-09,AAPL,2026-10-06T00:29:07.449491+00:00,332.89,0.0401800012588501,0.0031766010136492747,0.2116633544603646
AAPL261009P00337500,2026-10-05 19:57:12+00:00,337.5,6.11,4.8,6.2,0.07000017,1.1589433,664.0,670.0,0.2436599072265625,True,REGULAR,USD,Put,2026-10-09,AAPL,2026-10-06T00:29:07.449491+00:00,332.89,0.0401800012588501,0.0031766010136492747,0.2116633544603646
AAPL261009P00340000,2026-10-05 19:59:52+00:00,340.0,8.1,6.65,8.1,0.3000002,3.8461561,113.0,2098.0,0.24463645996093752,True,REGULAR,USD,Put,2026-10-09,AAPL,2026-10-06T00:29:07.449491+00:00,332.89,0.0401800012588501,0.0031766010136492747,0.2116633544603646
AAPL261009P00342500,2026-10-05 18:54:34+00:00,342.5,9.58,8.75,10.85,-0.3199997,-3.2323203,122.0,699.0,0.31958688232421867,True,REGULAR,USD,Put,2026-10-09,AAPL,2026-10-06T00:29:07.449491+00:00,332.89,0.0401800012588501,0.0031766010136492747,0.2116633544603646
AAPL261009P00345000,2026-10-05 16:02:32+00:00,345.0,11.66,10.9,13.95,-0.029999733,-0.25662732,87.0,1976.0,0.428716650390625,True,REGULAR,USD,Put,2026-10-09,AAPL,2026-10-06T00:29:07.449491+00:00,332.89,0.0401800012588501,0.0031766010136492747,0.2116633544603646
AAPL261009P00347500,2026-10-05 19:49:59+00:00,347.5,14.85,13.2,16.1,0.8500004,6.071431,4.0,1002.0,0.4409235595703125,True,REGULAR,USD,Put,2026-10-09,AAPL,2026-10-06T00:29:07.449491+00:00,332.89,0.0401800012588501,0.0031766010136492747,0.2116633544603646
AAPL261009P00350000,2026-10-05 19:56:32+00:00,350.0,17.32,15.55,17.95,0.62999916,3.7747102,3.0,2540.0,0.40479110839843746,True,REGULAR,USD,Put,2026-10-09,AAPL,2026-10-06T00:29:07.449491+00:00,332.89,0.0401800012588501,0.0031766010136492747,0.2116633544603646
AAPL261009P00352500,2026-10-01 19:33:28+00:00,352.5,21.85,18.0,21.25,0.0,0.0,38.0,0.0,0.5476119458007813,True,REGULAR,USD,Put,2026-10-09,AAPL,2026-10-06T00:29:07.449491+00:00,332.89,0.0401800012588501,0.0031766010136492747,0.2116633544603646
AAPL261009P00355000,2026-10-02 15:30:22+00:00,355.0,22.8,20.5,23.75,0.0,0.0,40.0,0.0,0.5908244042968751,True,REGULAR,USD,Put,2026-10-09,AAPL,2026-10-06T00:29:07.449491+00:00,332.89,0.0401800012588501,0.0031766010136492747,0.2116633544603646
AAPL261009P00357500,2026-10-01 13:51:38+00:00,357.5,26.0,23.0,26.25,0.0,0.0,2.0,0.0,0.6325720336914062,True,REGULAR,USD,Put,2026-10-09,AAPL,2026-10-06T00:29:07.449491+00:00,332.89,0.0401800012588501,0.0031766010136492747,0.2116633544603646
AAPL261009P00360000,2026-10-02 19:32:25+00:00,360.0,26.55,25.5,28.75,0.0,0.0,2.0,4.0,0.6735872485351564,True,REGULAR,USD,Put,2026-10-09,AAPL,2026-10-06T00:29:07.449491+00:00,332.89,0.0401800012588501,0.0031766010136492747,0.2116633544603646
AAPL261009P00365000,2026-09-29 15:11:04+00:00,365.0,33.17,30.5,33.75,0.0,0.0,1.0,0.0,0.7524438818359375,True,REGULAR,USD,Put,2026-10-09,AAPL,2026-10-06T00:29:07.449491+00:00,332.89,0.0401800012588501,0.0031766010136492747,0.2116633544603646
AAPL261009P00375000,2026-09-23 15:37:53+00:00,375.0,38.7,40.5,43.75,0.0,0.0,4.0,0.0,0.9011240356445311,True,REGULAR,USD,Put,2026-10-09,AAPL,2026-10-06T00:29:07.449491+00:00,332.89,0.0401800012588501,0.0031766010136492747,0.2116633544603646
AAPL261009P00395000,2026-09-11 19:35:56+00:00,395.0,60.85,60.5,63.75,0.0,0.0,,0.0,0.57812921875,True,REGULAR,USD,Put,2026-10-09,AAPL,2026-10-06T00:29:07.449491+00:00,332.89,0.0401800012588501,0.0031766010136492747,0.2116633544603646
AAPL261009P00410000,2026-09-18 19:48:00+00:00,410.0,74.3,75.5,78.75,0.0,0.0,1.0,0.0,0.6875031250000001,True,REGULAR,USD,Put,2026-10-09,AAPL,2026-10-06T00:29:07.449491+00:00,332.89,0.0401800012588501,0.0031766010136492747,0.2116633544603646
AAPL261009P00415000,2026-09-29 19:37:34+00:00,415.0,85.0,80.5,83.75,0.0,0.0,1.0,0.0,0.726565234375,True,REGULAR,USD,Put,2026-10-09,AAPL,2026-10-06T00:29:07.449491+00:00,332.89,0.0401800012588501,0.0031766010136492747,0.2116633544603646
AAPL261012C00250000,2026-10-01 14:51:02+00:00,250.0,81.0,81.4,85.15,0.0,0.0,,1.0,1.0498094384765626,True,REGULAR,USD,Call,2026-10-12,AAPL,2026-10-06T00:29:07.449491+00:00,332.89,0.0401800012588501,0.0031766010136492747,0.2116633544603646
AAPL261012C00280000,2026-10-01 14:50:45+00:00,280.0,51.16,51.45,55.2,0.0,0.0,,1.0,0.6987334814453126,True,REGULAR,USD,Call,2026-10-12,AAPL,2026-10-06T00:29:07.449491+00:00,332.89,0.0401800012588501,0.0031766010136492747,0.2116633544603646
AAPL261012C00290000,2026-09-30 19:52:10+00:00,290.0,45.26,41.45,45.25,0.0,0.0,,65.0,0.5854533642578125,True,REGULAR,USD,Call,2026-10-12,AAPL,2026-10-06T00:29:07.449491+00:00,332.89,0.0401800012588501,0.0031766010136492747,0.2116633544603646
AAPL261012C00295000,2026-09-28 18:40:27+00:00,295.0,45.09,36.45,39.9,0.0,0.0,,3.0,0.754885263671875,True,REGULAR,USD,Call,2026-10-12,AAPL,2026-10-06T00:29:07.449491+00:00,332.89,0.0401800012588501,0.0031766010136492747,0.2116633544603646
AAPL261012C00300000,2026-10-05 19:57:44+00:00,300.0,33.18,31.6,34.75,-5.5699997,-14.374193,19.0,3.0,0.6626010302734376,True,REGULAR,USD,Call,2026-10-12,AAPL,2026-10-06T00:29:07.449491+00:00,332.89,0.0401800012588501,0.0031766010136492747,0.2116633544603646
AAPL261012C00305000,2026-10-05 19:15:41+00:00,305.0,29.04,26.5,29.95,0.8200016,2.9057465,2.0,4.0,0.6066933862304689,True,REGULAR,USD,Call,2026-10-12,AAPL,2026-10-06T00:29:07.449491+00:00,332.89,0.0401800012588501,0.0031766010136492747,0.2116633544603646
AAPL261012C00310000,2026-10-05 19:49:31+00:00,310.0,23.67,21.55,24.85,-1.6299992,-6.442684,7.0,4.0,0.5192919165039063,True,REGULAR,USD,Call,2026-10-12,AAPL,2026-10-06T00:29:07.449491+00:00,332.89,0.0401800012588501,0.0031766010136492747,0.2116633544603646
AAPL261012C00312500,2026-10-05 19:49:13+00:00,312.5,21.1,19.1,22.3,4.1000004,24.11765,6.0,1.0,0.47559118164062497,True,REGULAR,USD,Call,2026-10-12,AAPL,2026-10-06T00:29:07.449491+00:00,332.89,0.0401800012588501,0.0031766010136492747,0.2116633544603646
AAPL261012C00315000,2026-10-05 19:49:13+00:00,315.0,18.75,16.65,19.95,-5.4300003,-22.456575,7.0,60.0,0.4484918432617187,True,REGULAR,USD,Call,2026-10-12,AAPL,2026-10-06T00:29:07.449491+00:00,332.89,0.0401800012588501,0.0031766010136492747,0.2116633544603646
AAPL261012C00317500,2026-10-05 19:35:33+00:00,317.5,16.95,14.3,17.6,0.15000153,0.89286625,26.0,26.0,0.4194393994140625,True,REGULAR,USD,Call,2026-10-12,AAPL,2026-10-06T00:29:07.449491+00:00,332.89,0.0401800012588501,0.0031766010136492747,0.2116633544603646
AAPL261012C00320000,2026-10-05 18:50:33+00:00,320.0,13.35,12.4,14.85,-1.0999994,-7.6124525,13.0,6.0,0.35816071533203125,True,REGULAR,USD,Call,2026-10-12,AAPL,2026-10-06T00:29:07.449491+00:00,332.89,0.0401800012588501,0.0031766010136492747,0.2116633544603646
AAPL261012C00322500,2026-10-02 14:17:07+00:00,322.5,11.29,10.75,12.4,-1.4099998,-11.102361,1.0,23.0,0.319220675048828,True,REGULAR,USD,Call,2026-10-12,AAPL,2026-10-06T00:29:07.449491+00:00,332.89,0.0401800012588501,0.0031766010136492747,0.2116633544603646
AAPL261012C00325000,2026-10-05 19:59:07+00:00,325.0,9.18,8.55,10.75,-1.0699997,-10.439021,28.0,15.0,0.33008482421874996,True,REGULAR,USD,Call,2026-10-12,AAPL,2026-10-06T00:29:07.449491+00:00,332.89,0.0401800012588501,0.0031766010136492747,0.2116633544603646
AAPL261012C00327500,2026-10-05 19:30:32+00:00,327.5,8.27,6.55,8.65,0.27000046,3.3750057,9.0,252.0,0.30383996948242187,True,REGULAR,USD,Call,2026-10-12,AAPL,2026-10-06T00:29:07.449491+00:00,332.89,0.0401800012588501,0.0031766010136492747,0.2116633544603646
AAPL261012C00330000,2026-10-05 19:51:45+00:00,330.0,5.4,5.4,6.7,-0.6999998,-11.475408,49.0,744.0,0.2799144274902343,True,REGULAR,USD,Call,2026-10-12,AAPL,2026-10-06T00:29:07.449491+00:00,332.89,0.0401800012588501,0.0031766010136492747,0.2116633544603646
AAPL261012C00332500,2026-10-05 19:58:19+00:00,332.5,4.11,4.0,4.45,-1.2599998,-23.463684,784.0,266.0,0.23133092895507812,True,REGULAR,USD,Call,2026-10-12,AAPL,2026-10-06T00:29:07.449491+00:00,332.89,0.0401800012588501,0.0031766010136492747,0.2116633544603646
AAPL261012C00335000,2026-10-05 19:59:24+00:00,335.0,3.0,2.8,3.15,-0.6500001,-17.80822,1399.0,427.0,0.22327436889648436,False,REGULAR,USD,Call,2026-10-12,AAPL,2026-10-06T00:29:07.449491+00:00,332.89,0.0401800012588501,0.0031766010136492747,0.2116633544603646
AAPL261012C00337500,2026-10-05 19:55:45+00:00,337.5,1.89,1.9,2.33,-0.68999994,-26.744184,461.0,168.0,0.2291336853027344,False,REGULAR,USD,Call,2026-10-12,AAPL,2026-10-06T00:29:07.449491+00:00,332.89,0.0401800012588501,0.0031766010136492747,0.2116633544603646
AAPL261012C00340000,2026-10-05 19:54:40+00:00,340.0,1.29,1.24,1.4,-0.64,-33.16062,1189.0,551.0,0.21448539428710936,False,REGULAR,USD,Call,2026-10-12,AAPL,2026-10-06T00:29:07.449491+00:00,332.89,0.0401800012588501,0.0031766010136492747,0.2116633544603646
AAPL261012C00342500,2026-10-05 19:52:40+00:00,342.5,0.85,0.67,0.93,-0.47000003,-35.606064,237.0,304.0,0.2166826379394531,False,REGULAR,USD,Call,2026-10-12,AAPL,2026-10-06T00:29:07.449491+00:00,332.89,0.0401800012588501,0.0031766010136492747,0.2116633544603646
AAPL261012C00345000,2026-10-05 19:58:22+00:00,345.0,0.53,0.48,0.59,-0.09000003,-14.516135,247.0,491.0,0.21753712158203126,False,REGULAR,USD,Call,2026-10-12,AAPL,2026-10-06T00:29:07.449491+00:00,332.89,0.0401800012588501,0.0031766010136492747,0.2116633544603646
AAPL261012C00347500,2026-10-05 19:47:05+00:00,347.5,0.3,0.27,0.48,-0.19999999,-39.999996,207.0,81.0,0.23462679443359374,False,REGULAR,USD,Call,2026-10-12,AAPL,2026-10-06T00:29:07.449491+00:00,332.89,0.0401800012588501,0.0031766010136492747,0.2116633544603646
AAPL261012C00350000,2026-10-05 19:57:29+00:00,350.0,0.21,0.15,0.24,-0.17,-44.736843,263.0,237.0,0.22461712890624996,False,REGULAR,USD,Call,2026-10-12,AAPL,2026-10-06T00:29:07.449491+00:00,332.89,0.0401800012588501,0.0031766010136492747,0.2116633544603646
AAPL261012C00352500,2026-10-05 19:49:23+00:00,352.5,0.15,0.11,0.17,-0.03999999,-21.052628,68.0,106.0,0.233406103515625,False,REGULAR,USD,Call,2026-10-12,AAPL,2026-10-06T00:29:07.449491+00:00,332.89,0.0401800012588501,0.0031766010136492747,0.2116633544603646
AAPL261012C00355000,2026-10-05 16:20:52+00:00,355.0,0.08,0.05,0.11,-0.049999997,-38.461536,37.0,60.0,0.23828886718749998,False,REGULAR,USD,Call,2026-10-12,AAPL,2026-10-06T00:29:07.449491+00:00,332.89,0.0401800012588501,0.0031766010136492747,0.2116633544603646
AAPL261012C00357500,2026-10-05 17:22:06+00:00,357.5,0.05,0.04,0.15,-0.040000003,-44.444447,20.0,105.0,0.273444765625,False,REGULAR,USD,Call,2026-10-12,AAPL,2026-10-06T00:29:07.449491+00:00,332.89,0.0401800012588501,0.0031766010136492747,0.2116633544603646
AAPL261012C00360000,2026-10-05 18:37:40+00:00,360.0,0.06,0.01,0.1,0.0,0.0,55.0,256.0,0.27637442382812494,False,REGULAR,USD,Call,2026-10-12,AAPL,2026-10-06T00:29:07.449491+00:00,332.89,0.0401800012588501,0.0031766010136492747,0.2116633544603646
AAPL261012C00362500,2026-10-05 17:04:40+00:00,362.5,0.02,0.01,0.08,-0.18,-90.0,3.0,51.0,0.28711650390624993,False,REGULAR,USD,Call,2026-10-12,AAPL,2026-10-06T00:29:07.449491+00:00,332.89,0.0401800012588501,0.0031766010136492747,0.2116633544603646
AAPL261012C00365000,2026-10-01 16:26:08+00:00,365.0,0.06,0.0,0.07,0.0,0.0,,139.0,0.301764794921875,False,REGULAR,USD,Call,2026-10-12,AAPL,2026-10-06T00:29:07.449491+00:00,332.89,0.0401800012588501,0.0031766010136492747,0.2116633544603646
AAPL261012C00367500,2026-10-02 14:10:24+00:00,367.5,0.08,0.0,0.14,0.0,0.0,1.0,10.0,0.3544986425781249,False,REGULAR,USD,Call,2026-10-12,AAPL,2026-10-06T00:29:07.449491+00:00,332.89,0.0401800012588501,0.0031766010136492747,0.2116633544603646
AAPL261012C00370000,2026-10-01 18:27:31+00:00,370.0,0.01,0.0,0.43,0.0,0.0,,3.0,0.4555718505859375,False,REGULAR,USD,Call,2026-10-12,AAPL,2026-10-06T00:29:07.449491+00:00,332.89,0.0401800012588501,0.0031766010136492747,0.2116633544603646
AAPL261012C00372500,2026-10-01 15:15:56+00:00,372.5,0.12,0.0,0.3,0.0,0.0,,12.0,0.44727115234375,False,REGULAR,USD,Call,2026-10-12,AAPL,2026-10-06T00:29:07.449491+00:00,332.89,0.0401800012588501,0.0031766010136492747,0.2116633544603646
AAPL261012C00375000,2026-09-30 16:54:49+00:00,375.0,0.01,0.0,0.46,0.0,0.0,,13.0,0.5075732836914062,False,REGULAR,USD,Call,2026-10-12,AAPL,2026-10-06T00:29:07.449491+00:00,332.89,0.0401800012588501,0.0031766010136492747,0.2116633544603646
AAPL261012C00380000,2026-10-05 13:51:38+00:00,380.0,0.1,0.0,0.45,0.09,900.0002,1.0,11.0,0.5498091894531252,False,REGULAR,USD,Call,2026-10-12,AAPL,2026-10-06T00:29:07.449491+00:00,332.89,0.0401800012588501,0.0031766010136492747,0.2116633544603646
AAPL261012C00385000,2026-09-28 13:56:54+00:00,385.0,0.02,0.0,0.49,0.0,0.0,,1.0,0.5336960693359375,False,REGULAR,USD,Call,2026-10-12,AAPL,2026-10-06T00:29:07.449491+00:00,332.89,0.0401800012588501,0.0031766010136492747,0.2116633544603646
AAPL261012C00415000,2026-09-29 15:31:26+00:00,415.0,0.03,0.0,0.52,0.0,0.0,,1.0,0.7617211328125001,False,REGULAR,USD,Call,2026-10-12,AAPL,2026-10-06T00:29:07.449491+00:00,332.89,0.0401800012588501,0.0031766010136492747,0.2116633544603646
AAPL261012P00260000,2026-10-01 17:18:59+00:00,260.0,0.08,0.0,0.48,0.0,0.0,,10.0,0.858399853515625,False,REGULAR,USD,Put,2026-10-12,AAPL,2026-10-06T00:29:07.449491+00:00,332.89,0.0401800012588501,0.0031766010136492747,0.2116633544603646
AAPL261012P00265000,2026-10-02 15:12:33+00:00,265.0,0.11,0.0,0.2,0.0,0.0,1.0,62.0,0.70898728515625,False,REGULAR,USD,Put,2026-10-12,AAPL,2026-10-06T00:29:07.449491+00:00,332.89,0.0401800012588501,0.0031766010136492747,0.2116633544603646
AAPL261012P00270000,2026-10-05 18:56:33+00:00,270.0,0.07,0.0,0.37,0.04,133.33333,16.0,82.0,0.7158231542968749,False,REGULAR,USD,Put,2026-10-12,AAPL,2026-10-06T00:29:07.449491+00:00,332.89,0.0401800012588501,0.0031766010136492747,0.2116633544603646
AAPL261012P00275000,2026-10-01 19:17:12+00:00,275.0,0.03,0.0,0.35,0.0,0.0,,163.0,0.6552768847656252,False,REGULAR,USD,Put,2026-10-12,AAPL,2026-10-06T00:29:07.449491+00:00,332.89,0.0401800012588501,0.0031766010136492747,0.2116633544603646
AAPL261012P00280000,2026-10-01 13:49:21+00:00,280.0,0.05,0.0,0.37,0.0,0.0,,42.0,0.6064492480468751,False,REGULAR,USD,Put,2026-10-12,AAPL,2026-10-06T00:29:07.449491+00:00,332.89,0.0401800012588501,0.0031766010136492747,0.2116633544603646
AAPL261012P00285000,2026-10-02 13:48:49+00:00,285.0,0.04,0.0,0.08,0.0,0.0,8.0,9.0,0.49023947265625006,False,REGULAR,USD,Put,2026-10-12,AAPL,2026-10-06T00:29:07.449491+00:00,332.89,0.0401800012588501,0.0031766010136492747,0.2116633544603646
AAPL261012P00290000,2026-10-05 18:56:01+00:00,290.0,0.04,0.02,0.08,0.02,100.0,21.0,9.0,0.442388388671875,False,REGULAR,USD,Put,2026-10-12,AAPL,2026-10-06T00:29:07.449491+00:00,332.89,0.0401800012588501,0.0031766010136492747,0.2116633544603646
AAPL261012P00295000,2026-10-05 14:07:22+00:00,295.0,0.04,0.03,0.07,-0.02,-33.333336,5.0,14.0,0.38672488281249995,False,REGULAR,USD,Put,2026-10-12,AAPL,2026-10-06T00:29:07.449491+00:00,332.89,0.0401800012588501,0.0031766010136492747,0.2116633544603646
AAPL261012P00300000,2026-10-05 14:06:53+00:00,300.0,0.05,0.02,0.08,-0.02,-28.571428,7.0,44.0,0.34570966796874997,False,REGULAR,USD,Put,2026-10-12,AAPL,2026-10-06T00:29:07.449491+00:00,332.89,0.0401800012588501,0.0031766010136492747,0.2116633544603646
AAPL261012P00302500,2026-10-05 18:22:57+00:00,302.5,0.07,0.03,0.11,-0.009999998,-12.499997,8.0,23.0,0.336920693359375,False,REGULAR,USD,Put,2026-10-12,AAPL,2026-10-06T00:29:07.449491+00:00,332.89,0.0401800012588501,0.0031766010136492747,0.2116633544603646
AAPL261012P00305000,2026-10-05 14:46:12+00:00,305.0,0.08,0.02,0.1,-0.09,-52.941177,14.0,828.0,0.30762411132812495,False,REGULAR,USD,Put,2026-10-12,AAPL,2026-10-06T00:29:07.449491+00:00,332.89,0.0401800012588501,0.0031766010136492747,0.2116633544603646
AAPL261012P00307500,2026-10-05 19:12:14+00:00,307.5,0.09,0.06,0.12,-0.049999997,-35.714283,4.0,438.0,0.2910227148437499,False,REGULAR,USD,Put,2026-10-12,AAPL,2026-10-06T00:29:07.449491+00:00,332.89,0.0401800012588501,0.0031766010136492747,0.2116633544603646
AAPL261012P00310000,2026-10-05 19:03:16+00:00,310.0,0.11,0.08,0.2,-0.099999994,-47.619045,53.0,15.0,0.2910227148437499,False,REGULAR,USD,Put,2026-10-12,AAPL,2026-10-06T00:29:07.449491+00:00,332.89,0.0401800012588501,0.0031766010136492747,0.2116633544603646
AAPL261012P00312500,2026-10-05 14:24:03+00:00,312.5,0.15,0.11,0.21,-0.08,-34.782608,22.0,75.0,0.2661206201171875,False,REGULAR,USD,Put,2026-10-12,AAPL,2026-10-06T00:29:07.449491+00:00,332.89,0.0401800012588501,0.0031766010136492747,0.2116633544603646
AAPL261012P00315000,2026-10-05 19:59:02+00:00,315.0,0.23,0.2,0.25,-0.11999999,-34.285713,61.0,157.0,0.24732197998046873,False,REGULAR,USD,Put,2026-10-12,AAPL,2026-10-06T00:29:07.449491+00:00,332.89,0.0401800012588501,0.0031766010136492747,0.2116633544603646
AAPL261012P00317500,2026-10-05 19:08:46+00:00,317.5,0.3,0.23,0.37,-0.109999985,-26.829264,55.0,118.0,0.23926541992187497,False,REGULAR,USD,Put,2026-10-12,AAPL,2026-10-06T00:29:07.449491+00:00,332.89,0.0401800012588501,0.0031766010136492747,0.2116633544603646
AAPL261012P00320000,2026-10-05 19:57:41+00:00,320.0,0.58,0.36,0.63,-0.120000005,-17.142857,103.0,208.0,0.24073024902343748,False,REGULAR,USD,Put,2026-10-12,AAPL,2026-10-06T00:29:07.449491+00:00,332.89,0.0401800012588501,0.0031766010136492747,0.2116633544603646
AAPL261012P00322500,2026-10-05 19:57:26+00:00,322.5,0.8,0.72,0.89,-0.07999998,-9.090907,68.0,651.0,0.23120885986328127,False,REGULAR,USD,Put,2026-10-12,AAPL,2026-10-06T00:29:07.449491+00:00,332.89,0.0401800012588501,0.0031766010136492747,0.2116633544603646
AAPL261012P00325000,2026-10-05 19:52:40+00:00,325.0,1.14,0.92,1.32,-0.23000002,-16.788322,182.0,534.0,0.22657023437499998,False,REGULAR,USD,Put,2026-10-12,AAPL,2026-10-06T00:29:07.449491+00:00,332.89,0.0401800012588501,0.0031766010136492747,0.2116633544603646
AAPL261012P00327500,2026-10-05 19:02:47+00:00,327.5,1.48,1.46,1.91,-0.37,-20.0,134.0,171.0,0.22180953979492185,False,REGULAR,USD,Put,2026-10-12,AAPL,2026-10-06T00:29:07.449491+00:00,332.89,0.0401800012588501,0.0031766010136492747,0.2116633544603646
AAPL261012P00330000,2026-10-05 19:58:27+00:00,330.0,2.43,2.16,2.64,-0.26,-9.665427,510.0,294.0,0.213875048828125,False,REGULAR,USD,Put,2026-10-12,AAPL,2026-10-06T00:29:07.449491+00:00,332.89,0.0401800012588501,0.0031766010136492747,0.2116633544603646
AAPL261012P00332500,2026-10-05 19:59:35+00:00,332.5,3.55,3.2,3.7,-0.4000001,-10.126584,286.0,136.0,0.2117998742675781,False,REGULAR,USD,Put,2026-10-12,AAPL,2026-10-06T00:29:07.449491+00:00,332.89,0.0401800012588501,0.0031766010136492747,0.2116633544603646
AAPL261012P00335000,2026-10-05 19:58:20+00:00,335.0,4.82,4.1,5.0,0.01999998,0.41666624,129.0,60.0,0.20887021606445308,True,REGULAR,USD,Put,2026-10-12,AAPL,2026-10-06T00:29:07.449491+00:00,332.89,0.0401800012588501,0.0031766010136492747,0.2116633544603646
AAPL261012P00337500,2026-10-05 17:17:35+00:00,337.5,6.55,5.05,6.9,-0.8199997,-11.1261835,33.0,39.0,0.2268143725585937,True,REGULAR,USD,Put,2026-10-12,AAPL,2026-10-06T00:29:07.449491+00:00,332.89,0.0401800012588501,0.0031766010136492747,0.2116633544603646
AAPL261012P00340000,2026-10-05 19:09:50+00:00,340.0,7.6,7.25,9.0,-0.9000001,-10.588236,48.0,166.0,0.24732197998046873,True,REGULAR,USD,Put,2026-10-12,AAPL,2026-10-06T00:29:07.449491+00:00,332.89,0.0401800012588501,0.0031766010136492747,0.2116633544603646
AAPL261012P00342500,2026-10-05 17:58:41+00:00,342.5,10.5,9.35,11.1,1.0,10.526316,2.0,18.0,0.2602613037109375,True,REGULAR,USD,Put,2026-10-12,AAPL,2026-10-06T00:29:07.449491+00:00,332.89,0.0401800012588501,0.0031766010136492747,0.2116633544603646
AAPL261012P00345000,2026-09-30 16:07:57+00:00,345.0,9.8,11.2,13.65,0.0,0.0,,7.0,0.30152065673828127,True,REGULAR,USD,Put,2026-10-12,AAPL,2026-10-06T00:29:07.449491+00:00,332.89,0.0401800012588501,0.0031766010136492747,0.2116633544603646
AAPL261012P00347500,2026-09-30 15:34:28+00:00,347.5,10.05,13.65,16.2,0.0,0.0,,0.0,0.3414372497558594,True,REGULAR,USD,Put,2026-10-12,AAPL,2026-10-06T00:29:07.449491+00:00,332.89,0.0401800012588501,0.0031766010136492747,0.2116633544603646
AAPL261012P00350000,2026-10-02 16:05:07+00:00,350.0,17.55,15.55,18.85,0.0,0.0,15.0,15.0,0.3885559191894531,True,REGULAR,USD,Put,2026-10-12,AAPL,2026-10-06T00:29:07.449491+00:00,332.89,0.0401800012588501,0.0031766010136492747,0.2116633544603646
AAPL261012P00355000,2026-09-30 15:20:03+00:00,355.0,18.0,20.5,23.8,0.0,0.0,,0.0,0.4510552941894531,True,REGULAR,USD,Put,2026-10-12,AAPL,2026-10-06T00:29:07.449491+00:00,332.89,0.0401800012588501,0.0031766010136492747,0.2116633544603646
AAPL261012P00357500,2026-10-02 13:40:51+00:00,357.5,26.3,23.05,26.3,0.0,0.0,2.0,0.0,0.48291532714843755,True,REGULAR,USD,Put,2026-10-12,AAPL,2026-10-06T00:29:07.449491+00:00,332.89,0.0401800012588501,0.0031766010136492747,0.2116633544603646
AAPL261012P00360000,2026-09-30 19:42:40+00:00,360.0,25.0,25.5,28.8,0.0,0.0,,0.0,0.5139208764648437,True,REGULAR,USD,Put,2026-10-12,AAPL,2026-10-06T00:29:07.449491+00:00,332.89,0.0401800012588501,0.0031766010136492747,0.2116633544603646
AAPL261012P00370000,2026-09-29 13:35:07+00:00,370.0,36.23,35.5,38.8,0.0,0.0,,0.0,0.6314734118652343,True,REGULAR,USD,Put,2026-10-12,AAPL,2026-10-06T00:29:07.449491+00:00,332.89,0.0401800012588501,0.0031766010136492747,0.2116633544603646
AAPL261014C00280000,2026-10-02 19:19:00+00:00,280.0,53.97,51.25,54.85,0.0,0.0,1.0,1.0,0.523442265625,True,REGULAR,USD,Call,2026-10-14,AAPL,2026-10-06T00:29:07.449491+00:00,332.89,0.0401800012588501,0.0031766010136492747,0.2116633544603646
AAPL261014C00295000,2026-10-05 15:39:58+00:00,295.0,38.9,36.3,39.15,-3.0299988,-7.2263265,26.0,7.0,0.5839885351562499,True,REGULAR,USD,Call,2026-10-14,AAPL,2026-10-06T00:29:07.449491+00:00,332.89,0.0401800012588501,0.0031766010136492747,0.2116633544603646
AAPL261014C00300000,2026-10-05 18:28:41+00:00,300.0,33.45,31.3,35.15,0.29999924,0.90497506,39.0,4.0,0.6213416772460938,True,REGULAR,USD,Call,2026-10-14,AAPL,2026-10-06T00:29:07.449491+00:00,332.89,0.0401800012588501,0.0031766010136492747,0.2116633544603646
AAPL261014C00302500,2026-10-05 18:28:41+00:00,302.5,30.95,29.0,32.65,0.98000145,3.2699416,12.0,1.0,0.5867961242675781,True,REGULAR,USD,Call,2026-10-14,AAPL,2026-10-06T00:29:07.449491+00:00,332.89,0.0401800012588501,0.0031766010136492747,0.2116633544603646
AAPL261014C00305000,2026-10-05 18:36:10+00:00,305.0,28.36,26.4,30.0,-0.7399998,-2.5429544,6.0,1.0,0.5394333166503908,True,REGULAR,USD,Call,2026-10-14,AAPL,2026-10-06T00:29:07.449491+00:00,332.89,0.0401800012588501,0.0031766010136492747,0.2116633544603646
AAPL261014C00307500,2026-10-05 18:04:19+00:00,307.5,26.0,23.9,27.55,4.299999,19.815664,6.0,4.0,0.5090381127929688,True,REGULAR,USD,Call,2026-10-14,AAPL,2026-10-06T00:29:07.449491+00:00,332.89,0.0401800012588501,0.0031766010136492747,0.2116633544603646
AAPL261014C00310000,2026-10-05 18:36:10+00:00,310.0,23.5,21.65,25.3,-1.0,-4.0816326,6.0,3.0,0.493291199951172,True,REGULAR,USD,Call,2026-10-14,AAPL,2026-10-06T00:29:07.449491+00:00,332.89,0.0401800012588501,0.0031766010136492747,0.2116633544603646
AAPL261014C00312500,2026-10-05 14:07:40+00:00,312.5,21.7,19.1,22.7,1.6500015,8.229434,20.0,30.0,0.4498346032714844,True,REGULAR,USD,Call,2026-10-14,AAPL,2026-10-06T00:29:07.449491+00:00,332.89,0.0401800012588501,0.0031766010136492747,0.2116633544603646
AAPL261014C00315000,2026-10-05 16:47:01+00:00,315.0,20.65,17.45,20.15,5.049999,32.37179,1.0,2.0,0.4100400793457031,True,REGULAR,USD,Call,2026-10-14,AAPL,2026-10-06T00:29:07.449491+00:00,332.89,0.0401800012588501,0.0031766010136492747,0.2116633544603646
AAPL261014C00317500,2026-10-01 15:36:17+00:00,317.5,12.73,14.6,17.3,0.0,0.0,,4.0,0.34888346435546874,True,REGULAR,USD,Call,2026-10-14,AAPL,2026-10-06T00:29:07.449491+00:00,332.89,0.0401800012588501,0.0031766010136492747,0.2116633544603646
AAPL261014C00320000,2026-10-05 19:55:45+00:00,320.0,13.7,13.25,15.0,-1.6000004,-10.457519,28.0,46.0,0.3259344750976562,True,REGULAR,USD,Call,2026-10-14,AAPL,2026-10-06T00:29:07.449491+00:00,332.89,0.0401800012588501,0.0031766010136492747,0.2116633544603646
AAPL261014C00322500,2026-10-02 13:55:07+00:00,322.5,11.1,10.35,13.7,0.0,0.0,17.0,18.0,0.3590151989746094,True,REGULAR,USD,Call,2026-10-14,AAPL,2026-10-06T00:29:07.449491+00:00,332.89,0.0401800012588501,0.0031766010136492747,0.2116633544603646
AAPL261014C00325000,2026-10-05 19:20:54+00:00,325.0,10.44,8.95,10.95,-0.6300001,-5.691058,4.0,57.0,0.30213100219726563,True,REGULAR,USD,Call,2026-10-14,AAPL,2026-10-06T00:29:07.449491+00:00,332.89,0.0401800012588501,0.0031766010136492747,0.2116633544603646
AAPL261014C00327500,2026-10-05 19:38:28+00:00,327.5,8.6,7.75,9.4,-1.1499996,-11.7948675,17.0,82.0,0.3067085931396484,True,REGULAR,USD,Call,2026-10-14,AAPL,2026-10-06T00:29:07.449491+00:00,332.89,0.0401800012588501,0.0031766010136492747,0.2116633544603646
AAPL261014C00330000,2026-10-05 19:53:29+00:00,330.0,6.35,6.2,7.7,-0.9300003,-12.774729,24.0,100.0,0.2960275476074219,True,REGULAR,USD,Call,2026-10-14,AAPL,2026-10-06T00:29:07.449491+00:00,332.89,0.0401800012588501,0.0031766010136492747,0.2116633544603646
AAPL261014C00332500,2026-10-05 19:32:00+00:00,332.5,5.65,4.55,5.3,-0.049999714,-0.87718797,141.0,204.0,0.24481956359863283,True,REGULAR,USD,Call,2026-10-14,AAPL,2026-10-06T00:29:07.449491+00:00,332.89,0.0401800012588501,0.0031766010136492747,0.2116633544603646
AAPL261014C00335000,2026-10-05 19:59:32+00:00,335.0,3.8,3.5,4.05,-0.54999995,-12.643678,228.0,294.0,0.24066921447753903,False,REGULAR,USD,Call,2026-10-14,AAPL,2026-10-06T00:29:07.449491+00:00,332.89,0.0401800012588501,0.0031766010136492747,0.2116633544603646
AAPL261014C00337500,2026-10-05 19:59:01+00:00,337.5,2.59,2.55,3.1,-0.9100001,-26.000002,235.0,64.0,0.2417068017578125,False,REGULAR,USD,Call,2026-10-14,AAPL,2026-10-06T00:29:07.449491+00:00,332.89,0.0401800012588501,0.0031766010136492747,0.2116633544603646
AAPL261014C00340000,2026-10-05 19:59:59+00:00,340.0,2.0,1.84,2.22,-0.45000005,-18.367348,1106.0,828.0,0.23670196899414062,False,REGULAR,USD,Call,2026-10-14,AAPL,2026-10-06T00:29:07.449491+00:00,332.89,0.0401800012588501,0.0031766010136492747,0.2116633544603646
AAPL261014C00342500,2026-10-05 19:47:34+00:00,342.5,1.45,1.1,1.47,-0.3499999,-19.44444,104.0,96.0,0.22827920166015625,False,REGULAR,USD,Call,2026-10-14,AAPL,2026-10-06T00:29:07.449491+00:00,332.89,0.0401800012588501,0.0031766010136492747,0.2116633544603646
AAPL261014C00345000,2026-10-05 19:43:30+00:00,345.0,0.89,0.74,1.18,-0.26,-22.608696,142.0,165.0,0.24048611083984373,False,REGULAR,USD,Call,2026-10-14,AAPL,2026-10-06T00:29:07.449491+00:00,332.89,0.0401800012588501,0.0031766010136492747,0.2116633544603646
AAPL261014C00347500,2026-10-05 19:21:36+00:00,347.5,0.75,0.5,0.78,-0.06999999,-8.536584,545.0,534.0,0.23706817626953125,False,REGULAR,USD,Call,2026-10-14,AAPL,2026-10-06T00:29:07.449491+00:00,332.89,0.0401800012588501,0.0031766010136492747,0.2116633544603646
AAPL261014C00350000,2026-10-05 19:41:43+00:00,350.0,0.39,0.31,0.48,-0.110000014,-22.000004,180.0,250.0,0.23194127441406248,False,REGULAR,USD,Call,2026-10-14,AAPL,2026-10-06T00:29:07.449491+00:00,332.89,0.0401800012588501,0.0031766010136492747,0.2116633544603646
AAPL261014C00352500,2026-10-05 18:36:39+00:00,352.5,0.29,0.24,0.35,-0.20000002,-40.81633,116.0,38.0,0.23828886718749998,False,REGULAR,USD,Call,2026-10-14,AAPL,2026-10-06T00:29:07.449491+00:00,332.89,0.0401800012588501,0.0031766010136492747,0.2116633544603646
AAPL261014C00355000,2026-10-05 14:15:26+00:00,355.0,0.2,0.1,0.25,-0.059999987,-23.076918,18.0,9.0,0.243171630859375,False,REGULAR,USD,Call,2026-10-14,AAPL,2026-10-06T00:29:07.449491+00:00,332.89,0.0401800012588501,0.0031766010136492747,0.2116633544603646
AAPL261014C00357500,2026-10-05 18:40:29+00:00,357.5,0.14,0.07,0.18,-0.32,-69.56522,76.0,6.0,0.2485426708984375,False,REGULAR,USD,Call,2026-10-14,AAPL,2026-10-06T00:29:07.449491+00:00,332.89,0.0401800012588501,0.0031766010136492747,0.2116633544603646
AAPL261014C00360000,2026-10-05 15:57:06+00:00,360.0,0.11,0.01,0.14,-0.049999997,-31.249998,1.0,58.0,0.2573316455078125,False,REGULAR,USD,Call,2026-10-14,AAPL,2026-10-06T00:29:07.449491+00:00,332.89,0.0401800012588501,0.0031766010136492747,0.2116633544603646
AAPL261014C00362500,2026-10-05 17:17:19+00:00,362.5,0.05,0.01,0.15,-0.009999998,-16.666662,4.0,1.0,0.27930408203124996,False,REGULAR,USD,Call,2026-10-14,AAPL,2026-10-06T00:29:07.449491+00:00,332.89,0.0401800012588501,0.0031766010136492747,0.2116633544603646
AAPL261014C00365000,2026-10-05 16:06:09+00:00,365.0,0.05,0.0,0.06,-0.05,-50.0,2.0,10.0,0.260749580078125,False,REGULAR,USD,Call,2026-10-14,AAPL,2026-10-06T00:29:07.449491+00:00,332.89,0.0401800012588501,0.0031766010136492747,0.2116633544603646
AAPL261014C00367500,2026-10-05 19:39:19+00:00,367.5,0.03,0.0,0.25,-0.020000001,-40.000004,10.0,65.0,0.3442448388671875,False,REGULAR,USD,Call,2026-10-14,AAPL,2026-10-06T00:29:07.449491+00:00,332.89,0.0401800012588501,0.0031766010136492747,0.2116633544603646
AAPL261014C00370000,2026-09-29 16:25:35+00:00,370.0,0.08,0.0,0.46,0.0,0.0,,34.0,0.407232490234375,False,REGULAR,USD,Call,2026-10-14,AAPL,2026-10-06T00:29:07.449491+00:00,332.89,0.0401800012588501,0.0031766010136492747,0.2116633544603646
AAPL261014C00375000,2026-10-02 13:59:35+00:00,375.0,0.09,0.0,0.53,0.0,0.0,1.0,21.0,0.46045461425781253,False,REGULAR,USD,Call,2026-10-14,AAPL,2026-10-06T00:29:07.449491+00:00,332.89,0.0401800012588501,0.0031766010136492747,0.2116633544603646
AAPL261014C00380000,2026-09-30 15:35:56+00:00,380.0,0.09,0.0,0.47,0.0,0.0,,6.0,0.4887746435546876,False,REGULAR,USD,Call,2026-10-14,AAPL,2026-10-06T00:29:07.449491+00:00,332.89,0.0401800012588501,0.0031766010136492747,0.2116633544603646
AAPL261014P00255000,2026-09-30 17:37:19+00:00,255.0,0.09,0.0,2.14,0.0,0.0,,1.0,1.0498094384765626,False,REGULAR,USD,Put,2026-10-14,AAPL,2026-10-06T00:29:07.449491+00:00,332.89,0.0401800012588501,0.0031766010136492747,0.2116633544603646
AAPL261014P00260000,2026-09-30 17:35:38+00:00,260.0,0.05,0.0,2.14,0.0,0.0,,3.0,0.9868165380859376,False,REGULAR,USD,Put,2026-10-14,AAPL,2026-10-06T00:29:07.449491+00:00,332.89,0.0401800012588501,0.0031766010136492747,0.2116633544603646
AAPL261014P00265000,2026-10-01 19:09:37+00:00,265.0,0.02,0.0,2.14,0.0,0.0,,21.0,0.9243171630859376,False,REGULAR,USD,Put,2026-10-14,AAPL,2026-10-06T00:29:07.449491+00:00,332.89,0.0401800012588501,0.0031766010136492747,0.2116633544603646
AAPL261014P00270000,2026-10-01 17:17:51+00:00,270.0,0.04,0.0,0.15,0.0,0.0,,11.0,0.5585981640625001,False,REGULAR,USD,Put,2026-10-14,AAPL,2026-10-06T00:29:07.449491+00:00,332.89,0.0401800012588501,0.0031766010136492747,0.2116633544603646
AAPL261014P00275000,2026-10-02 13:52:37+00:00,275.0,0.04,0.0,0.44,0.0,0.0,10.0,7.0,0.5981485498046876,False,REGULAR,USD,Put,2026-10-14,AAPL,2026-10-06T00:29:07.449491+00:00,332.89,0.0401800012588501,0.0031766010136492747,0.2116633544603646
AAPL261014P00280000,2026-10-02 15:03:43+00:00,280.0,0.05,0.0,0.45,0.0,0.0,1.0,5.0,0.5512740185546876,False,REGULAR,USD,Put,2026-10-14,AAPL,2026-10-06T00:29:07.449491+00:00,332.89,0.0401800012588501,0.0031766010136492747,0.2116633544603646
AAPL261014P00285000,2026-10-02 13:53:30+00:00,285.0,0.06,0.0,0.55,0.0,0.0,2.0,2.0,0.5195360546875,False,REGULAR,USD,Put,2026-10-14,AAPL,2026-10-06T00:29:07.449491+00:00,332.89,0.0401800012588501,0.0031766010136492747,0.2116633544603646
AAPL261014P00290000,2026-10-05 18:35:59+00:00,290.0,0.01,0.0,0.09,-0.02,-66.66667,6.0,42.0,0.39649041015625003,False,REGULAR,USD,Put,2026-10-14,AAPL,2026-10-06T00:29:07.449491+00:00,332.89,0.0401800012588501,0.0031766010136492747,0.2116633544603646
AAPL261014P00295000,2026-09-29 19:30:42+00:00,295.0,0.2,0.01,0.22,0.0,0.0,,19.0,0.40479110839843746,False,REGULAR,USD,Put,2026-10-14,AAPL,2026-10-06T00:29:07.449491+00:00,332.89,0.0401800012588501,0.0031766010136492747,0.2116633544603646
AAPL261014P00300000,2026-10-05 18:54:25+00:00,300.0,0.08,0.01,0.11,-0.010000005,-11.111116,4.0,34.0,0.3193427441406249,False,REGULAR,USD,Put,2026-10-14,AAPL,2026-10-06T00:29:07.449491+00:00,332.89,0.0401800012588501,0.0031766010136492747,0.2116633544603646
AAPL261014P00302500,2026-10-02 19:26:16+00:00,302.5,0.19,0.0,0.15,0.0,0.0,2.0,2.0,0.31250687499999996,False,REGULAR,USD,Put,2026-10-14,AAPL,2026-10-06T00:29:07.449491+00:00,332.89,0.0401800012588501,0.0031766010136492747,0.2116633544603646
AAPL261014P00305000,2026-10-05 18:09:44+00:00,305.0,0.14,0.09,0.19,-0.11,-44.0,2.0,215.0,0.3012765185546875,False,REGULAR,USD,Put,2026-10-14,AAPL,2026-10-06T00:29:07.449491+00:00,332.89,0.0401800012588501,0.0031766010136492747,0.2116633544603646
AAPL261014P00307500,2026-10-02 19:29:28+00:00,307.5,0.26,0.03,0.29,0.0,0.0,5.0,6.0,0.3007882421875,False,REGULAR,USD,Put,2026-10-14,AAPL,2026-10-06T00:29:07.449491+00:00,332.89,0.0401800012588501,0.0031766010136492747,0.2116633544603646
AAPL261014P00310000,2026-10-05 19:59:22+00:00,310.0,0.17,0.07,0.27,-0.14999999,-46.874996,22.0,29.0,0.27173579833984374,False,REGULAR,USD,Put,2026-10-14,AAPL,2026-10-06T00:29:07.449491+00:00,332.89,0.0401800012588501,0.0031766010136492747,0.2116633544603646
AAPL261014P00312500,2026-10-05 18:44:26+00:00,312.5,0.36,0.27,0.39,-0.19,-34.545452,3.0,28.0,0.26709717285156254,False,REGULAR,USD,Put,2026-10-14,AAPL,2026-10-06T00:29:07.449491+00:00,332.89,0.0401800012588501,0.0031766010136492747,0.2116633544603646
AAPL261014P00315000,2026-10-05 18:08:37+00:00,315.0,0.48,0.39,0.56,-0.09,-15.789474,4.0,167.0,0.26270268554687504,False,REGULAR,USD,Put,2026-10-14,AAPL,2026-10-06T00:29:07.449491+00:00,332.89,0.0401800012588501,0.0031766010136492747,0.2116633544603646
AAPL261014P00317500,2026-10-05 17:53:43+00:00,317.5,0.61,0.51,0.74,-0.24000001,-28.235292,86.0,65.0,0.25318129638671877,False,REGULAR,USD,Put,2026-10-14,AAPL,2026-10-06T00:29:07.449491+00:00,332.89,0.0401800012588501,0.0031766010136492747,0.2116633544603646
AAPL261014P00320000,2026-10-05 19:59:22+00:00,320.0,0.87,0.77,0.98,-0.28999996,-24.999998,158.0,56.0,0.24390404541015626,False,REGULAR,USD,Put,2026-10-14,AAPL,2026-10-06T00:29:07.449491+00:00,332.89,0.0401800012588501,0.0031766010136492747,0.2116633544603646
AAPL261014P00322500,2026-10-05 18:42:32+00:00,322.5,1.25,1.03,1.48,-0.25,-16.666666,82.0,51.0,0.24695577270507812,False,REGULAR,USD,Put,2026-10-14,AAPL,2026-10-06T00:29:07.449491+00:00,332.89,0.0401800012588501,0.0031766010136492747,0.2116633544603646
AAPL261014P00325000,2026-10-05 19:39:00+00:00,325.0,1.8,1.55,1.91,-0.13,-6.7357516,38.0,53.0,0.23645783081054686,False,REGULAR,USD,Put,2026-10-14,AAPL,2026-10-06T00:29:07.449491+00:00,332.89,0.0401800012588501,0.0031766010136492747,0.2116633544603646
AAPL261014P00327500,2026-10-05 19:48:04+00:00,327.5,2.43,2.15,2.83,-0.16999984,-6.538456,271.0,9.0,0.24549094360351562,False,REGULAR,USD,Put,2026-10-14,AAPL,2026-10-06T00:29:07.449491+00:00,332.89,0.0401800012588501,0.0031766010136492747,0.2116633544603646
AAPL261014P00330000,2026-10-05 19:59:17+00:00,330.0,3.25,2.78,3.85,-0.099999905,-2.985072,134.0,105.0,0.24890887817382812,False,REGULAR,USD,Put,2026-10-14,AAPL,2026-10-06T00:29:07.449491+00:00,332.89,0.0401800012588501,0.0031766010136492747,0.2116633544603646
AAPL261014P00332500,2026-10-05 19:09:01+00:00,332.5,4.2,3.25,4.8,-0.03999996,-0.9433954,75.0,48.0,0.23957059265136715,False,REGULAR,USD,Put,2026-10-14,AAPL,2026-10-06T00:29:07.449491+00:00,332.89,0.0401800012588501,0.0031766010136492747,0.2116633544603646
AAPL261014P00335000,2026-10-05 17:09:51+00:00,335.0,5.15,5.2,6.0,-1.7999997,-25.899277,6.0,280.0,0.2329178271484375,True,REGULAR,USD,Put,2026-10-14,AAPL,2026-10-06T00:29:07.449491+00:00,332.89,0.0401800012588501,0.0031766010136492747,0.2116633544603646
AAPL261014P00337500,2026-10-05 17:51:59+00:00,337.5,6.71,6.4,7.7,-3.2399998,-32.562813,5.0,41.0,0.241218525390625,True,REGULAR,USD,Put,2026-10-14,AAPL,2026-10-06T00:29:07.449491+00:00,332.89,0.0401800012588501,0.0031766010136492747,0.2116633544603646
AAPL261014P00340000,2026-10-01 16:13:10+00:00,340.0,7.5,7.95,9.7,-5.8500004,-43.82023,2.0,94.0,0.2572095764160156,True,REGULAR,USD,Put,2026-10-14,AAPL,2026-10-06T00:29:07.449491+00:00,332.89,0.0401800012588501,0.0031766010136492747,0.2116633544603646
AAPL261014P00342500,2026-10-01 17:45:08+00:00,342.5,13.95,9.8,11.45,0.0,0.0,,22.0,0.2515943981933594,True,REGULAR,USD,Put,2026-10-14,AAPL,2026-10-06T00:29:07.449491+00:00,332.89,0.0401800012588501,0.0031766010136492747,0.2116633544603646
AAPL261014P00345000,2026-10-01 13:51:47+00:00,345.0,14.5,11.8,14.4,0.0,0.0,,1.0,0.31409377319335935,True,REGULAR,USD,Put,2026-10-14,AAPL,2026-10-06T00:29:07.449491+00:00,332.89,0.0401800012588501,0.0031766010136492747,0.2116633544603646
AAPL261014P00347500,2026-10-01 19:35:13+00:00,347.5,18.7,14.05,16.2,0.0,0.0,,2.0,0.3011544494628906,True,REGULAR,USD,Put,2026-10-14,AAPL,2026-10-06T00:29:07.449491+00:00,332.89,0.0401800012588501,0.0031766010136492747,0.2116633544603646
AAPL261016C00130000,2026-09-25 16:55:01+00:00,130.0,209.5,201.4,205.15,0.0,0.0,3.0,37.0,2.4277383056640627,True,REGULAR,USD,Call,2026-10-16,AAPL,2026-10-06T00:29:07.449491+00:00,332.89,0.0401800012588501,0.0031766010136492747,0.2116633544603646
AAPL261016C00135000,2026-09-01 14:53:41+00:00,135.0,190.63,196.4,199.7,0.0,0.0,1.0,61.0,2.0937547656249995,True,REGULAR,USD,Call,2026-10-16,AAPL,2026-10-06T00:29:07.449491+00:00,332.89,0.0401800012588501,0.0031766010136492747,0.2116633544603646
AAPL261016C00140000,2026-10-05 19:49:24+00:00,140.0,193.22,191.85,194.55,-5.6799927,-2.8557029,2.0,994.0,2.1845748510742187,True,REGULAR,USD,Call,2026-10-16,AAPL,2026-10-06T00:29:07.449491+00:00,332.89,0.0401800012588501,0.0031766010136492747,0.2116633544603646
AAPL261016C00145000,2026-09-21 15:08:16+00:00,145.0,192.66,186.4,189.7,0.0,0.0,1.0,19.0,1.9375003125,True,REGULAR,USD,Call,2026-10-16,AAPL,2026-10-06T00:29:07.449491+00:00,332.89,0.0401800012588501,0.0031766010136492747,0.2116633544603646
AAPL261016C00150000,2026-10-02 14:14:13+00:00,150.0,183.68,181.4,184.75,0.0,0.0,2.0,12.0,1.89453177734375,True,REGULAR,USD,Call,2026-10-16,AAPL,2026-10-06T00:29:07.449491+00:00,332.89,0.0401800012588501,0.0031766010136492747,0.2116633544603646
AAPL261016C00155000,2026-09-29 16:04:58+00:00,155.0,176.75,176.45,179.75,0.0,0.0,1.0,63.0,1.8515632421875,True,REGULAR,USD,Call,2026-10-16,AAPL,2026-10-06T00:29:07.449491+00:00,332.89,0.0401800012588501,0.0031766010136492747,0.2116633544603646
AAPL261016C00160000,2026-10-01 17:26:48+00:00,160.0,168.85,171.45,174.75,0.0,0.0,2.0,228.0,1.7792979785156249,True,REGULAR,USD,Call,2026-10-16,AAPL,2026-10-06T00:29:07.449491+00:00,332.89,0.0401800012588501,0.0031766010136492747,0.2116633544603646
AAPL261016C00165000,2026-09-11 15:52:43+00:00,165.0,170.4,166.45,169.75,0.0,0.0,1.0,82.0,1.7109389453125,True,REGULAR,USD,Call,2026-10-16,AAPL,2026-10-06T00:29:07.449491+00:00,332.89,0.0401800012588501,0.0031766010136492747,0.2116633544603646
AAPL261016C00170000,2026-10-05 17:57:23+00:00,170.0,163.35,161.45,164.75,3.7600098,2.3560436,2.0,57.0,1.64453302734375,True,REGULAR,USD,Call,2026-10-16,AAPL,2026-10-06T00:29:07.449491+00:00,332.89,0.0401800012588501,0.0031766010136492747,0.2116633544603646
AAPL261016C00175000,2026-08-07 14:29:26+00:00,175.0,139.72,0.0,0.0,0.0,0.0,2.0,0.0,1.0000000000000003e-05,True,REGULAR,USD,Call,2026-10-16,AAPL,2026-10-06T00:29:07.449491+00:00,332.89,0.0401800012588501,0.0031766010136492747,0.2116633544603646
AAPL261016C00180000,2026-09-22 18:50:43+00:00,180.0,161.21,151.45,154.75,0.0,0.0,3.0,95.0,1.5156274218749999,True,REGULAR,USD,Call,2026-10-16,AAPL,2026-10-06T00:29:07.449491+00:00,332.89,0.0401800012588501,0.0031766010136492747,0.2116633544603646
AAPL261016C00185000,2026-08-20 19:28:29+00:00,185.0,130.39,0.0,0.0,0.0,0.0,6.0,0.0,1.0000000000000003e-05,True,REGULAR,USD,Call,2026-10-16,AAPL,2026-10-06T00:29:07.449491+00:00,332.89,0.0401800012588501,0.0031766010136492747,0.2116633544603646
AAPL261016C00190000,2026-10-05 14:22:34+00:00,190.0,144.21,141.5,144.75,2.0800018,1.4634502,5.0,51.0,1.4140654296875002,True,REGULAR,USD,Call,2026-10-16,AAPL,2026-10-06T00:29:07.449491+00:00,332.89,0.0401800012588501,0.0031766010136492747,0.2116633544603646
AAPL261016C00195000,2026-10-01 19:39:12+00:00,195.0,133.5,136.5,139.75,0.0,0.0,4.0,211.0,1.3535188574218748,True,REGULAR,USD,Call,2026-10-16,AAPL,2026-10-06T00:29:07.449491+00:00,332.89,0.0401800012588501,0.0031766010136492747,0.2116633544603646
AAPL261016C00200000,2026-10-01 19:58:44+00:00,200.0,131.0,131.5,134.8,0.0,0.0,15.0,275.0,1.3134799951171874,True,REGULAR,USD,Call,2026-10-16,AAPL,2026-10-06T00:29:07.449491+00:00,332.89,0.0401800012588501,0.0031766010136492747,0.2116633544603646
AAPL261016C00205000,2026-10-02 16:17:55+00:00,205.0,128.07,126.5,129.8,0.0,0.0,75.0,775.0,1.255863095703125,True,REGULAR,USD,Call,2026-10-16,AAPL,2026-10-06T00:29:07.449491+00:00,332.89,0.0401800012588501,0.0031766010136492747,0.2116633544603646
AAPL261016C00210000,2026-10-02 14:00:07+00:00,210.0,121.97,121.5,124.8,0.0,0.0,2.0,471.0,1.2001993115234375,True,REGULAR,USD,Call,2026-10-16,AAPL,2026-10-06T00:29:07.449491+00:00,332.89,0.0401800012588501,0.0031766010136492747,0.2116633544603646
AAPL261016C00215000,2026-09-25 17:33:24+00:00,215.0,125.75,116.5,119.8,0.0,0.0,1.0,456.0,1.1445355273437499,True,REGULAR,USD,Call,2026-10-16,AAPL,2026-10-06T00:29:07.449491+00:00,332.89,0.0401800012588501,0.0031766010136492747,0.2116633544603646
AAPL261016C00220000,2026-10-05 17:10:19+00:00,220.0,114.65,111.55,114.8,0.62000275,0.543719,1.0,856.0,1.1054732226562503,True,REGULAR,USD,Call,2026-10-16,AAPL,2026-10-06T00:29:07.449491+00:00,332.89,0.0401800012588501,0.0031766010136492747,0.2116633544603646
AAPL261016C00225000,2026-10-05 16:49:41+00:00,225.0,109.75,106.55,109.8,3.6800003,3.4694073,11.0,419.0,1.0517625537109376,True,REGULAR,USD,Call,2026-10-16,AAPL,2026-10-06T00:29:07.449491+00:00,332.89,0.0401800012588501,0.0031766010136492747,0.2116633544603646
AAPL261016C00230000,2026-10-05 16:36:34+00:00,230.0,103.65,101.55,104.8,-0.7200012,-0.68985456,1.0,626.0,0.9995117236328125,True,REGULAR,USD,Call,2026-10-16,AAPL,2026-10-06T00:29:07.449491+00:00,332.89,0.0401800012588501,0.0031766010136492747,0.2116633544603646
AAPL261016C00235000,2026-10-05 17:30:37+00:00,235.0,99.0,96.55,99.85,0.15000153,0.15174662,20.0,311.0,0.9599613378906249,True,REGULAR,USD,Call,2026-10-16,AAPL,2026-10-06T00:29:07.449491+00:00,332.89,0.0401800012588501,0.0031766010136492747,0.2116633544603646
AAPL261016C00240000,2026-10-05 14:20:12+00:00,240.0,93.95,91.55,94.15,-0.15000153,-0.15940651,1.0,568.0,1.1630901220703125,True,REGULAR,USD,Call,2026-10-16,AAPL,2026-10-06T00:29:07.449491+00:00,332.89,0.0401800012588501,0.0031766010136492747,0.2116633544603646
AAPL261016C00245000,2026-10-05 17:09:47+00:00,245.0,89.68,87.25,89.85,1.2699966,1.4364852,5.0,334.0,0.9726565234375,True,REGULAR,USD,Call,2026-10-16,AAPL,2026-10-06T00:29:07.449491+00:00,332.89,0.0401800012588501,0.0031766010136492747,0.2116633544603646
AAPL261016C00250000,2026-10-05 15:16:11+00:00,250.0,83.75,82.1,84.7,1.0899963,1.3186502,25.0,1357.0,0.87695435546875,True,REGULAR,USD,Call,2026-10-16,AAPL,2026-10-06T00:29:07.449491+00:00,332.89,0.0401800012588501,0.0031766010136492747,0.2116633544603646
AAPL261016C00255000,2026-10-05 17:53:51+00:00,255.0,78.55,76.6,79.15,-0.44999695,-0.5696164,49.0,1015.0,0.9829103271484375,True,REGULAR,USD,Call,2026-10-16,AAPL,2026-10-06T00:29:07.449491+00:00,332.89,0.0401800012588501,0.0031766010136492747,0.2116633544603646
AAPL261016C00260000,2026-10-05 16:26:37+00:00,260.0,74.9,71.6,74.2,0.5699997,0.7668501,44.0,1476.0,0.9323737231445313,True,REGULAR,USD,Call,2026-10-16,AAPL,2026-10-06T00:29:07.449491+00:00,332.89,0.0401800012588501,0.0031766010136492747,0.2116633544603646
AAPL261016C00265000,2026-10-05 19:13:49+00:00,265.0,68.73,67.7,69.8,0.030006409,0.043677453,90.0,902.0,0.79883013671875,True,REGULAR,USD,Call,2026-10-16,AAPL,2026-10-06T00:29:07.449491+00:00,332.89,0.0401800012588501,0.0031766010136492747,0.2116633544603646
AAPL261016C00270000,2026-10-05 19:13:49+00:00,270.0,63.95,61.6,64.2,-0.36999893,-0.5752471,99.0,1425.0,0.8164080859374999,True,REGULAR,USD,Call,2026-10-16,AAPL,2026-10-06T00:29:07.449491+00:00,332.89,0.0401800012588501,0.0031766010136492747,0.2116633544603646
AAPL261016C00275000,2026-10-05 19:11:14+00:00,275.0,59.12,57.55,58.9,-0.38000107,-0.6386573,152.0,1550.0,0.5786174951171875,True,REGULAR,USD,Call,2026-10-16,AAPL,2026-10-06T00:29:07.449491+00:00,332.89,0.0401800012588501,0.0031766010136492747,0.2116633544603646
AAPL261016C00280000,2026-10-05 19:57:28+00:00,280.0,53.41,52.55,55.3,-0.33000183,-0.61407113,55.0,2031.0,0.6650424121093752,True,REGULAR,USD,Call,2026-10-16,AAPL,2026-10-06T00:29:07.449491+00:00,332.89,0.0401800012588501,0.0031766010136492747,0.2116633544603646
AAPL261016C00285000,2026-10-05 19:51:02+00:00,285.0,48.38,46.8,49.25,-0.7599983,-1.5465982,58.0,1581.0,0.6523472265625001,True,REGULAR,USD,Call,2026-10-16,AAPL,2026-10-06T00:29:07.449491+00:00,332.89,0.0401800012588501,0.0031766010136492747,0.2116633544603646
AAPL261016C00290000,2026-10-05 19:54:37+00:00,290.0,43.37,42.0,44.15,-0.62000275,-1.4094174,237.0,2747.0,0.5842326733398437,True,REGULAR,USD,Call,2026-10-16,AAPL,2026-10-06T00:29:07.449491+00:00,332.89,0.0401800012588501,0.0031766010136492747,0.2116633544603646
AAPL261016C00295000,2026-10-05 19:39:46+00:00,295.0,39.25,36.8,39.3,0.52000046,1.3426297,373.0,2006.0,0.5443160803222657,True,REGULAR,USD,Call,2026-10-16,AAPL,2026-10-06T00:29:07.449491+00:00,332.89,0.0401800012588501,0.0031766010136492747,0.2116633544603646
AAPL261016C00300000,2026-10-05 19:40:38+00:00,300.0,33.9,32.65,35.0,-0.4699974,-1.3674642,238.0,13968.0,0.5498091894531252,True,REGULAR,USD,Call,2026-10-16,AAPL,2026-10-06T00:29:07.449491+00:00,332.89,0.0401800012588501,0.0031766010136492747,0.2116633544603646
AAPL261016C00305000,2026-10-05 19:28:52+00:00,305.0,29.56,27.7,30.05,0.65999985,2.2837365,249.0,5338.0,0.49170430175781255,True,REGULAR,USD,Call,2026-10-16,AAPL,2026-10-06T00:29:07.449491+00:00,332.89,0.0401800012588501,0.0031766010136492747,0.2116633544603646
AAPL261016C00310000,2026-10-05 19:33:55+00:00,310.0,24.89,23.0,25.2,0.09000015,0.36290386,331.0,10032.0,0.43933666137695315,True,REGULAR,USD,Call,2026-10-16,AAPL,2026-10-06T00:29:07.449491+00:00,332.89,0.0401800012588501,0.0031766010136492747,0.2116633544603646
AAPL261016C00312500,2026-10-02 18:00:50+00:00,312.5,22.0,20.35,22.85,0.0,0.0,21.0,51.0,0.41687594848632803,True,REGULAR,USD,Call,2026-10-16,AAPL,2026-10-06T00:29:07.449491+00:00,332.89,0.0401800012588501,0.0031766010136492747,0.2116633544603646
AAPL261016C00315000,2026-10-05 19:54:05+00:00,315.0,19.04,18.4,20.3,-0.55999947,-2.85714,2010.0,7688.0,0.38049935913085936,True,REGULAR,USD,Call,2026-10-16,AAPL,2026-10-06T00:29:07.449491+00:00,332.89,0.0401800012588501,0.0031766010136492747,0.2116633544603646
AAPL261016C00317500,2026-10-05 19:21:06+00:00,317.5,18.0,15.9,17.6,0.26000023,1.4656157,138.0,125.0,0.33447931152343746,True,REGULAR,USD,Call,2026-10-16,AAPL,2026-10-06T00:29:07.449491+00:00,332.89,0.0401800012588501,0.0031766010136492747,0.2116633544603646
AAPL261016C00320000,2026-10-05 19:53:31+00:00,320.0,14.47,14.1,15.45,-0.72999954,-4.8026285,159.0,7868.0,0.32092964233398436,True,REGULAR,USD,Call,2026-10-16,AAPL,2026-10-06T00:29:07.449491+00:00,332.89,0.0401800012588501,0.0031766010136492747,0.2116633544603646
AAPL261016C00322500,2026-10-05 17:52:18+00:00,322.5,12.82,11.65,13.2,-0.1800003,-1.3846177,22.0,513.0,0.2985909985351562,True,REGULAR,USD,Call,2026-10-16,AAPL,2026-10-06T00:29:07.449491+00:00,332.89,0.0401800012588501,0.0031766010136492747,0.2116633544603646
AAPL261016C00325000,2026-10-05 19:57:18+00:00,325.0,10.58,10.2,11.55,-1.0200005,-8.793107,459.0,7985.0,0.30286341674804684,True,REGULAR,USD,Call,2026-10-16,AAPL,2026-10-06T00:29:07.449491+00:00,332.89,0.0401800012588501,0.0031766010136492747,0.2116633544603646
AAPL261016C00327500,2026-10-05 19:34:54+00:00,327.5,9.6,8.55,9.6,-0.14999962,-1.5384576,29.0,291.0,0.2866282275390625,True,REGULAR,USD,Call,2026-10-16,AAPL,2026-10-06T00:29:07.449491+00:00,332.89,0.0401800012588501,0.0031766010136492747,0.2116633544603646
AAPL261016C00330000,2026-10-05 19:59:59+00:00,330.0,7.3,7.0,7.85,-0.8000002,-9.876545,1240.0,13774.0,0.274421318359375,True,REGULAR,USD,Call,2026-10-16,AAPL,2026-10-06T00:29:07.449491+00:00,332.89,0.0401800012588501,0.0031766010136492747,0.2116633544603646
AAPL261016C00332500,2026-10-05 19:59:56+00:00,332.5,5.7,5.65,6.0,-0.8500004,-12.977105,892.0,843.0,0.2518385363769531,True,REGULAR,USD,Call,2026-10-16,AAPL,2026-10-06T00:29:07.449491+00:00,332.89,0.0401800012588501,0.0031766010136492747,0.2116633544603646
AAPL261016C00335000,2026-10-05 19:59:32+00:00,335.0,4.46,4.35,4.75,-0.7399998,-14.230765,3865.0,12605.0,0.24829853271484376,False,REGULAR,USD,Call,2026-10-16,AAPL,2026-10-06T00:29:07.449491+00:00,332.89,0.0401800012588501,0.0031766010136492747,0.2116633544603646
AAPL261016C00337500,2026-10-05 19:59:26+00:00,337.5,3.4,3.3,3.6,-0.3499999,-9.333331,2098.0,3087.0,0.24146266357421875,False,REGULAR,USD,Call,2026-10-16,AAPL,2026-10-06T00:29:07.449491+00:00,332.89,0.0401800012588501,0.0031766010136492747,0.2116633544603646
AAPL261016C00340000,2026-10-05 19:59:59+00:00,340.0,2.55,2.45,2.64,-0.48000002,-15.841584,7080.0,106441.0,0.23499300170898438,False,REGULAR,USD,Call,2026-10-16,AAPL,2026-10-06T00:29:07.449491+00:00,332.89,0.0401800012588501,0.0031766010136492747,0.2116633544603646
AAPL261016C00342500,2026-10-05 19:59:16+00:00,342.5,1.93,1.75,1.97,-0.32000005,-14.222224,620.0,2163.0,0.23462679443359374,False,REGULAR,USD,Call,2026-10-16,AAPL,2026-10-06T00:29:07.449491+00:00,332.89,0.0401800012588501,0.0031766010136492747,0.2116633544603646
AAPL261016C00345000,2026-10-05 19:59:53+00:00,345.0,1.3,1.24,1.42,-0.37,-22.15569,5057.0,28340.0,0.23303989624023438,False,REGULAR,USD,Call,2026-10-16,AAPL,2026-10-06T00:29:07.449491+00:00,332.89,0.0401800012588501,0.0031766010136492747,0.2116633544603646
AAPL261016C00347500,2026-10-05 19:51:52+00:00,347.5,0.9,0.86,1.02,-0.26,-22.413794,1504.0,2203.0,0.23316196533203126,False,REGULAR,USD,Call,2026-10-16,AAPL,2026-10-06T00:29:07.449491+00:00,332.89,0.0401800012588501,0.0031766010136492747,0.2116633544603646
AAPL261016C00350000,2026-10-05 19:59:35+00:00,350.0,0.63,0.63,0.66,-0.19,-23.170732,2347.0,31993.0,0.2280350634765625,False,REGULAR,USD,Call,2026-10-16,AAPL,2026-10-06T00:29:07.449491+00:00,332.89,0.0401800012588501,0.0031766010136492747,0.2116633544603646
AAPL261016C00352500,2026-10-05 19:56:33+00:00,352.5,0.44,0.42,0.48,-0.16000003,-26.666668,282.0,1666.0,0.23169713623046873,False,REGULAR,USD,Call,2026-10-16,AAPL,2026-10-06T00:29:07.449491+00:00,332.89,0.0401800012588501,0.0031766010136492747,0.2116633544603646
AAPL261016C00355000,2026-10-05 19:48:59+00:00,355.0,0.29,0.3,0.36,-0.099999994,-25.641024,798.0,10890.0,0.23731231445312498,False,REGULAR,USD,Call,2026-10-16,AAPL,2026-10-06T00:29:07.449491+00:00,332.89,0.0401800012588501,0.0031766010136492747,0.2116633544603646
AAPL261016C00357500,2026-10-05 19:17:13+00:00,357.5,0.25,0.21,0.26,-0.050000012,-16.66667,250.0,1635.0,0.24073024902343748,False,REGULAR,USD,Call,2026-10-16,AAPL,2026-10-06T00:29:07.449491+00:00,332.89,0.0401800012588501,0.0031766010136492747,0.2116633544603646
AAPL261016C00360000,2026-10-05 19:58:32+00:00,360.0,0.17,0.15,0.18,-0.030000001,-15.0,2884.0,51272.0,0.24268335449218748,False,REGULAR,USD,Call,2026-10-16,AAPL,2026-10-06T00:29:07.449491+00:00,332.89,0.0401800012588501,0.0031766010136492747,0.2116633544603646
AAPL261016C00365000,2026-10-05 19:55:02+00:00,365.0,0.1,0.08,0.1,-0.009999998,-9.090907,419.0,10411.0,0.252937158203125,False,REGULAR,USD,Call,2026-10-16,AAPL,2026-10-06T00:29:07.449491+00:00,332.89,0.0401800012588501,0.0031766010136492747,0.2116633544603646
AAPL261016C00370000,2026-10-05 19:15:13+00:00,370.0,0.05,0.05,0.06,-0.009999998,-16.666662,691.0,10777.0,0.26563234375,False,REGULAR,USD,Call,2026-10-16,AAPL,2026-10-06T00:29:07.449491+00:00,332.89,0.0401800012588501,0.0031766010136492747,0.2116633544603646
AAPL261016C00375000,2026-10-05 18:56:08+00:00,375.0,0.05,0.02,0.05,0.010000002,25.000004,139.0,5956.0,0.28711650390624993,False,REGULAR,USD,Call,2026-10-16,AAPL,2026-10-06T00:29:07.449491+00:00,332.89,0.0401800012588501,0.0031766010136492747,0.2116633544603646
AAPL261016C00380000,2026-10-05 19:26:18+00:00,380.0,0.03,0.02,0.03,-0.01,-25.0,19.0,6330.0,0.29688203124999996,False,REGULAR,USD,Call,2026-10-16,AAPL,2026-10-06T00:29:07.449491+00:00,332.89,0.0401800012588501,0.0031766010136492747,0.2116633544603646
AAPL261016C00385000,2026-10-05 18:56:01+00:00,385.0,0.03,0.01,0.05,-0.01,-25.0,601.0,4908.0,0.34180345703125,False,REGULAR,USD,Call,2026-10-16,AAPL,2026-10-06T00:29:07.449491+00:00,332.89,0.0401800012588501,0.0031766010136492747,0.2116633544603646
AAPL261016C00390000,2026-10-05 18:37:23+00:00,390.0,0.01,0.01,0.02,-0.01,-50.0,23.0,9561.0,0.33399103515625,False,REGULAR,USD,Call,2026-10-16,AAPL,2026-10-06T00:29:07.449491+00:00,332.89,0.0401800012588501,0.0031766010136492747,0.2116633544603646
AAPL261016C00395000,2026-10-02 17:15:48+00:00,395.0,0.02,0.0,0.05,-0.01,-33.333336,1.0,723.0,0.39453730468750003,False,REGULAR,USD,Call,2026-10-16,AAPL,2026-10-06T00:29:07.449491+00:00,332.89,0.0401800012588501,0.0031766010136492747,0.2116633544603646
AAPL261016C00400000,2026-10-05 19:34:06+00:00,400.0,0.02,0.0,0.02,0.0,0.0,255.0,10803.0,0.38281867187499996,False,REGULAR,USD,Call,2026-10-16,AAPL,2026-10-06T00:29:07.449491+00:00,332.89,0.0401800012588501,0.0031766010136492747,0.2116633544603646
AAPL261016C00405000,2026-10-02 18:38:01+00:00,405.0,0.01,0.0,0.05,0.0,0.0,134.0,718.0,0.445318046875,False,REGULAR,USD,Call,2026-10-16,AAPL,2026-10-06T00:29:07.449491+00:00,332.89,0.0401800012588501,0.0031766010136492747,0.2116633544603646
AAPL261016C00410000,2026-10-05 16:27:16+00:00,410.0,0.02,0.0,0.01,-0.02,-50.0,11.0,3381.0,0.398443515625,False,REGULAR,USD,Call,2026-10-16,AAPL,2026-10-06T00:29:07.449491+00:00,332.89,0.0401800012588501,0.0031766010136492747,0.2116633544603646
AAPL261016C00415000,2026-10-01 13:30:02+00:00,415.0,0.03,0.0,0.11,0.0,0.0,3.0,71.0,0.5400436621093752,False,REGULAR,USD,Call,2026-10-16,AAPL,2026-10-06T00:29:07.449491+00:00,332.89,0.0401800012588501,0.0031766010136492747,0.2116633544603646
AAPL261016C00420000,2026-10-02 19:02:33+00:00,420.0,0.01,0.0,0.01,0.0,0.0,1.0,1049.0,0.445318046875,False,REGULAR,USD,Call,2026-10-16,AAPL,2026-10-06T00:29:07.449491+00:00,332.89,0.0401800012588501,0.0031766010136492747,0.2116633544603646
AAPL261016C00425000,2026-09-28 18:08:04+00:00,425.0,0.01,0.0,0.51,0.0,0.0,15.0,215.0,0.6601596484375001,False,REGULAR,USD,Call,2026-10-16,AAPL,2026-10-06T00:29:07.449491+00:00,332.89,0.0401800012588501,0.0031766010136492747,0.2116633544603646
AAPL261016C00430000,2026-09-30 15:44:03+00:00,430.0,0.04,0.0,0.01,0.0,0.0,1.0,825.0,0.48438015625,False,REGULAR,USD,Call,2026-10-16,AAPL,2026-10-06T00:29:07.449491+00:00,332.89,0.0401800012588501,0.0031766010136492747,0.2116633544603646
AAPL261016C00435000,2026-09-17 13:30:04+00:00,435.0,0.02,0.0,0.51,0.0,0.0,2.0,2059.0,0.7124052197265626,False,REGULAR,USD,Call,2026-10-16,AAPL,2026-10-06T00:29:07.449491+00:00,332.89,0.0401800012588501,0.0031766010136492747,0.2116633544603646
AAPL261016C00440000,2026-09-29 13:30:13+00:00,440.0,0.01,0.0,0.3,0.0,0.0,25.0,379.0,0.6875031250000001,False,REGULAR,USD,Call,2026-10-16,AAPL,2026-10-06T00:29:07.449491+00:00,332.89,0.0401800012588501,0.0031766010136492747,0.2116633544603646
AAPL261016C00450000,2026-10-05 18:10:28+00:00,450.0,0.01,0.0,0.1,0.0,0.0,50.0,3335.0,0.648441015625,False,REGULAR,USD,Call,2026-10-16,AAPL,2026-10-06T00:29:07.449491+00:00,332.89,0.0401800012588501,0.0031766010136492747,0.2116633544603646
AAPL261016C00460000,2026-09-18 19:36:27+00:00,460.0,0.01,0.0,0.05,0.0,0.0,2.0,1046.0,0.6445348046875,False,REGULAR,USD,Call,2026-10-16,AAPL,2026-10-06T00:29:07.449491+00:00,332.89,0.0401800012588501,0.0031766010136492747,0.2116633544603646
AAPL261016C00470000,2026-09-29 13:55:42+00:00,470.0,0.01,0.0,0.52,0.0,0.0,1.0,185.0,0.88476677734375,False,REGULAR,USD,Call,2026-10-16,AAPL,2026-10-06T00:29:07.449491+00:00,332.89,0.0401800012588501,0.0031766010136492747,0.2116633544603646
AAPL261016C00480000,2026-09-28 19:08:44+00:00,480.0,0.02,0.0,0.06,0.0,0.0,2.0,1072.0,0.73437765625,False,REGULAR,USD,Call,2026-10-16,AAPL,2026-10-06T00:29:07.449491+00:00,332.89,0.0401800012588501,0.0031766010136492747,0.2116633544603646
AAPL261016C00490000,2026-09-09 13:52:11+00:00,490.0,0.01,0.0,0.1,0.0,0.0,1.0,81.0,0.8085956640624999,False,REGULAR,USD,Call,2026-10-16,AAPL,2026-10-06T00:29:07.449491+00:00,332.89,0.0401800012588501,0.0031766010136492747,0.2116633544603646
AAPL261016C00500000,2026-09-28 19:57:27+00:00,500.0,0.05,0.0,0.01,0.0,0.0,20.0,193.0,0.6875031250000001,False,REGULAR,USD,Call,2026-10-16,AAPL,2026-10-06T00:29:07.449491+00:00,332.89,0.0401800012588501,0.0031766010136492747,0.2116633544603646
AAPL261016C00510000,2026-09-28 15:39:09+00:00,510.0,0.01,0.0,0.52,0.0,0.0,491.0,495.0,1.05859845703125,False,REGULAR,USD,Call,2026-10-16,AAPL,2026-10-06T00:29:07.449491+00:00,332.89,0.0401800012588501,0.0031766010136492747,0.2116633544603646
AAPL261016C00520000,2026-09-24 14:42:50+00:00,520.0,0.27,0.0,0.3,0.0,0.0,1.0,5.0,1.0293017285156252,False,REGULAR,USD,Call,2026-10-16,AAPL,2026-10-06T00:29:07.449491+00:00,332.89,0.0401800012588501,0.0031766010136492747,0.2116633544603646
AAPL261016C00530000,2026-08-19 15:26:52+00:00,530.0,0.03,0.0,0.29,0.0,0.0,4.0,0.0,1.0625046875000002,False,REGULAR,USD,Call,2026-10-16,AAPL,2026-10-06T00:29:07.449491+00:00,332.89,0.0401800012588501,0.0031766010136492747,0.2116633544603646
AAPL261016C00540000,2026-09-28 15:39:09+00:00,540.0,0.01,0.0,0.52,0.0,0.0,493.0,496.0,1.1777384863281248,False,REGULAR,USD,Call,2026-10-16,AAPL,2026-10-06T00:29:07.449491+00:00,332.89,0.0401800012588501,0.0031766010136492747,0.2116633544603646
AAPL261016C00550000,2026-08-19 15:26:59+00:00,550.0,0.03,0.0,0.28,0.0,0.0,4.0,0.0,1.1308637207031251,False,REGULAR,USD,Call,2026-10-16,AAPL,2026-10-06T00:29:07.449491+00:00,332.89,0.0401800012588501,0.0031766010136492747,0.2116633544603646
AAPL261016C00560000,2026-08-19 15:27:05+00:00,560.0,0.03,0.0,0.48,0.0,0.0,3.0,0.0,1.2402381738281247,False,REGULAR,USD,Call,2026-10-16,AAPL,2026-10-06T00:29:07.449491+00:00,332.89,0.0401800012588501,0.0031766010136492747,0.2116633544603646
AAPL261016C00570000,2026-07-28 18:24:12+00:00,570.0,0.03,0.0,1.05,0.0,0.0,1.0,14.0,1.4111357568359377,False,REGULAR,USD,Call,2026-10-16,AAPL,2026-10-06T00:29:07.449491+00:00,332.89,0.0401800012588501,0.0031766010136492747,0.2116633544603646
AAPL261016C00580000,2026-09-30 13:32:00+00:00,580.0,0.01,0.0,0.51,0.0,0.0,1.0,43.0,1.3203158984374999,False,REGULAR,USD,Call,2026-10-16,AAPL,2026-10-06T00:29:07.449491+00:00,332.89,0.0401800012588501,0.0031766010136492747,0.2116633544603646
AAPL261016C00590000,2026-09-11 16:18:34+00:00,590.0,0.01,0.0,0.08,0.0,0.0,3.0,107.0,1.12109814453125,False,REGULAR,USD,Call,2026-10-16,AAPL,2026-10-06T00:29:07.449491+00:00,332.89,0.0401800012588501,0.0031766010136492747,0.2116633544603646
AAPL261016C00600000,2026-09-29 13:48:51+00:00,600.0,0.01,0.0,0.01,0.0,0.0,1.0,75.0,0.9687503125,False,REGULAR,USD,Call,2026-10-16,AAPL,2026-10-06T00:29:07.449491+00:00,332.89,0.0401800012588501,0.0031766010136492747,0.2116633544603646
AAPL261016P00130000,2026-09-29 17:43:04+00:00,130.0,0.01,0.0,0.01,0.0,0.0,100.0,166.0,1.5937520312499998,False,REGULAR,USD,Put,2026-10-16,AAPL,2026-10-06T00:29:07.449491+00:00,332.89,0.0401800012588501,0.0031766010136492747,0.2116633544603646
AAPL261016P00135000,2026-07-16 17:24:05+00:00,135.0,0.05,0.0,1.01,0.0,0.0,2.0,70.0,2.4277383056640627,False,REGULAR,USD,Put,2026-10-16,AAPL,2026-10-06T00:29:07.449491+00:00,332.89,0.0401800012588501,0.0031766010136492747,0.2116633544603646
AAPL261016P00140000,2026-10-01 18:18:20+00:00,140.0,0.01,0.0,0.01,0.0,0.0,4.0,618.0,1.46875265625,False,REGULAR,USD,Put,2026-10-16,AAPL,2026-10-06T00:29:07.449491+00:00,332.89,0.0401800012588501,0.0031766010136492747,0.2116633544603646
AAPL261016P00145000,2026-10-01 18:18:37+00:00,145.0,0.01,0.0,0.01,0.0,0.0,3.0,394.0,1.40625296875,False,REGULAR,USD,Put,2026-10-16,AAPL,2026-10-06T00:29:07.449491+00:00,332.89,0.0401800012588501,0.0031766010136492747,0.2116633544603646
AAPL261016P00150000,2026-09-29 19:01:14+00:00,150.0,0.01,0.0,0.02,0.0,0.0,2.0,442.0,1.4375028125,False,REGULAR,USD,Put,2026-10-16,AAPL,2026-10-06T00:29:07.449491+00:00,332.89,0.0401800012588501,0.0031766010136492747,0.2116633544603646
AAPL261016P00155000,2026-10-05 17:48:40+00:00,155.0,0.02,0.0,0.06,0.01,100.0,4.0,172.0,1.5078149609375,False,REGULAR,USD,Put,2026-10-16,AAPL,2026-10-06T00:29:07.449491+00:00,332.89,0.0401800012588501,0.0031766010136492747,0.2116633544603646
AAPL261016P00160000,2026-09-23 19:32:54+00:00,160.0,0.01,0.0,0.02,0.0,0.0,2.0,485.0,1.3125034374999998,False,REGULAR,USD,Put,2026-10-16,AAPL,2026-10-06T00:29:07.449491+00:00,332.89,0.0401800012588501,0.0031766010136492747,0.2116633544603646
AAPL261016P00165000,2026-09-15 17:07:31+00:00,165.0,0.05,0.0,0.52,0.0,0.0,7.0,226.0,1.7578137109375,False,REGULAR,USD,Put,2026-10-16,AAPL,2026-10-06T00:29:07.449491+00:00,332.89,0.0401800012588501,0.0031766010136492747,0.2116633544603646
AAPL261016P00170000,2026-09-25 18:47:58+00:00,170.0,0.02,0.0,0.04,0.0,0.0,1.0,461.0,1.2890660546875,False,REGULAR,USD,Put,2026-10-16,AAPL,2026-10-06T00:29:07.449491+00:00,332.89,0.0401800012588501,0.0031766010136492747,0.2116633544603646
AAPL261016P00175000,2026-09-18 15:18:09+00:00,175.0,0.03,0.0,0.04,0.0,0.0,2.0,625.0,1.2343788281249999,False,REGULAR,USD,Put,2026-10-16,AAPL,2026-10-06T00:29:07.449491+00:00,332.89,0.0401800012588501,0.0031766010136492747,0.2116633544603646
AAPL261016P00180000,2026-09-16 16:12:11+00:00,180.0,0.02,0.0,0.04,0.0,0.0,2.0,427.0,1.1875040625,False,REGULAR,USD,Put,2026-10-16,AAPL,2026-10-06T00:29:07.449491+00:00,332.89,0.0401800012588501,0.0031766010136492747,0.2116633544603646
AAPL261016P00185000,2026-09-23 18:55:51+00:00,185.0,0.01,0.0,0.05,0.0,0.0,41.0,902.0,1.15625421875,False,REGULAR,USD,Put,2026-10-16,AAPL,2026-10-06T00:29:07.449491+00:00,332.89,0.0401800012588501,0.0031766010136492747,0.2116633544603646
AAPL261016P00190000,2026-10-01 19:13:44+00:00,190.0,0.01,0.0,0.04,0.0,0.0,1.0,1662.0,1.0859420703125,False,REGULAR,USD,Put,2026-10-16,AAPL,2026-10-06T00:29:07.449491+00:00,332.89,0.0401800012588501,0.0031766010136492747,0.2116633544603646
AAPL261016P00195000,2026-09-29 16:32:52+00:00,195.0,0.01,0.0,0.02,0.0,0.0,2.0,388.0,0.98437515625,False,REGULAR,USD,Put,2026-10-16,AAPL,2026-10-06T00:29:07.449491+00:00,332.89,0.0401800012588501,0.0031766010136492747,0.2116633544603646
AAPL261016P00200000,2026-10-01 14:22:15+00:00,200.0,0.01,0.0,0.03,0.0,0.0,6.0,1159.0,0.9687503125,False,REGULAR,USD,Put,2026-10-16,AAPL,2026-10-06T00:29:07.449491+00:00,332.89,0.0401800012588501,0.0031766010136492747,0.2116633544603646
AAPL261016P00205000,2026-10-02 13:42:18+00:00,205.0,0.01,0.0,0.05,0.0,0.0,30.0,1921.0,0.9687503125,False,REGULAR,USD,Put,2026-10-16,AAPL,2026-10-06T00:29:07.449491+00:00,332.89,0.0401800012588501,0.0031766010136492747,0.2116633544603646
AAPL261016P00210000,2026-10-05 18:36:06+00:00,210.0,0.01,0.01,0.1,-0.02,-66.66667,18.0,3252.0,0.9960937890625,False,REGULAR,USD,Put,2026-10-16,AAPL,2026-10-06T00:29:07.449491+00:00,332.89,0.0401800012588501,0.0031766010136492747,0.2116633544603646
AAPL261016P00215000,2026-10-02 13:48:15+00:00,215.0,0.01,0.0,0.17,0.0,0.0,2.0,3369.0,0.9960937890625,False,REGULAR,USD,Put,2026-10-16,AAPL,2026-10-06T00:29:07.449491+00:00,332.89,0.0401800012588501,0.0031766010136492747,0.2116633544603646
AAPL261016P00220000,2026-10-05 15:39:25+00:00,220.0,0.04,0.0,0.49,0.02,100.0,30.0,3250.0,1.08203583984375,False,REGULAR,USD,Put,2026-10-16,AAPL,2026-10-06T00:29:07.449491+00:00,332.89,0.0401800012588501,0.0031766010136492747,0.2116633544603646
AAPL261016P00225000,2026-10-05 18:37:01+00:00,225.0,0.01,0.0,0.05,-0.01,-50.0,29.0,1776.0,0.79687703125,False,REGULAR,USD,Put,2026-10-16,AAPL,2026-10-06T00:29:07.449491+00:00,332.89,0.0401800012588501,0.0031766010136492747,0.2116633544603646
AAPL261016P00230000,2026-10-05 19:06:36+00:00,230.0,0.02,0.01,0.04,-0.01,-33.333336,1.0,4531.0,0.7539087109375,False,REGULAR,USD,Put,2026-10-16,AAPL,2026-10-06T00:29:07.449491+00:00,332.89,0.0401800012588501,0.0031766010136492747,0.2116633544603646
AAPL261016P00235000,2026-09-29 16:53:23+00:00,235.0,0.03,0.0,0.05,0.0,0.0,1.0,6702.0,0.710940390625,False,REGULAR,USD,Put,2026-10-16,AAPL,2026-10-06T00:29:07.449491+00:00,332.89,0.0401800012588501,0.0031766010136492747,0.2116633544603646
AAPL261016P00240000,2026-10-05 19:17:04+00:00,240.0,0.02,0.01,0.03,0.0,0.0,12.0,6575.0,0.6562534375000001,False,REGULAR,USD,Put,2026-10-16,AAPL,2026-10-06T00:29:07.449491+00:00,332.89,0.0401800012588501,0.0031766010136492747,0.2116633544603646
AAPL261016P00245000,2026-10-05 19:43:41+00:00,245.0,0.03,0.02,0.05,-0.01,-25.0,29.0,4932.0,0.6562534375000001,False,REGULAR,USD,Put,2026-10-16,AAPL,2026-10-06T00:29:07.449491+00:00,332.89,0.0401800012588501,0.0031766010136492747,0.2116633544603646
AAPL261016P00250000,2026-10-05 19:44:12+00:00,250.0,0.02,0.01,0.03,0.01,100.0,23.0,7632.0,0.5820354296875,False,REGULAR,USD,Put,2026-10-16,AAPL,2026-10-06T00:29:07.449491+00:00,332.89,0.0401800012588501,0.0031766010136492747,0.2116633544603646
AAPL261016P00255000,2026-10-05 13:40:47+00:00,255.0,0.03,0.0,0.04,0.01,50.0,2.0,8499.0,0.5468795312500001,False,REGULAR,USD,Put,2026-10-16,AAPL,2026-10-06T00:29:07.449491+00:00,332.89,0.0401800012588501,0.0031766010136492747,0.2116633544603646
AAPL261016P00260000,2026-10-05 17:52:25+00:00,260.0,0.04,0.02,0.06,0.01,33.333336,6.0,6929.0,0.5468795312500001,False,REGULAR,USD,Put,2026-10-16,AAPL,2026-10-06T00:29:07.449491+00:00,332.89,0.0401800012588501,0.0031766010136492747,0.2116633544603646
AAPL261016P00265000,2026-10-05 16:54:40+00:00,265.0,0.02,0.02,0.06,-0.01,-33.333336,49.0,3648.0,0.507817421875,False,REGULAR,USD,Put,2026-10-16,AAPL,2026-10-06T00:29:07.449491+00:00,332.89,0.0401800012588501,0.0031766010136492747,0.2116633544603646
AAPL261016P00270000,2026-10-05 19:37:52+00:00,270.0,0.03,0.03,0.04,0.0,0.0,34.0,8389.0,0.47070841796875,False,REGULAR,USD,Put,2026-10-16,AAPL,2026-10-06T00:29:07.449491+00:00,332.89,0.0401800012588501,0.0031766010136492747,0.2116633544603646
AAPL261016P00275000,2026-10-05 18:57:03+00:00,275.0,0.04,0.03,0.06,-0.010000002,-20.000002,21.0,5270.0,0.45313046875,False,REGULAR,USD,Put,2026-10-16,AAPL,2026-10-06T00:29:07.449491+00:00,332.89,0.0401800012588501,0.0031766010136492747,0.2116633544603646
AAPL261016P00280000,2026-10-05 19:55:00+00:00,280.0,0.03,0.03,0.05,0.0,0.0,358.0,13617.0,0.4062559375,False,REGULAR,USD,Put,2026-10-16,AAPL,2026-10-06T00:29:07.449491+00:00,332.89,0.0401800012588501,0.0031766010136492747,0.2116633544603646
AAPL261016P00285000,2026-10-05 19:11:35+00:00,285.0,0.06,0.05,0.06,-0.010000002,-14.285716,92.0,7141.0,0.37695935546875,False,REGULAR,USD,Put,2026-10-16,AAPL,2026-10-06T00:29:07.449491+00:00,332.89,0.0401800012588501,0.0031766010136492747,0.2116633544603646
AAPL261016P00290000,2026-10-05 19:58:13+00:00,290.0,0.08,0.07,0.08,-0.010000005,-11.111116,166.0,9720.0,0.352545537109375,False,REGULAR,USD,Put,2026-10-16,AAPL,2026-10-06T00:29:07.449491+00:00,332.89,0.0401800012588501,0.0031766010136492747,0.2116633544603646
AAPL261016P00295000,2026-10-05 19:51:07+00:00,295.0,0.1,0.08,0.11,-0.009999998,-9.090907,435.0,11889.0,0.3286199951171874,False,REGULAR,USD,Put,2026-10-16,AAPL,2026-10-06T00:29:07.449491+00:00,332.89,0.0401800012588501,0.0031766010136492747,0.2116633544603646
AAPL261016P00300000,2026-10-05 19:48:36+00:00,300.0,0.15,0.15,0.17,-0.03999999,-21.052628,1227.0,25238.0,0.309577216796875,False,REGULAR,USD,Put,2026-10-16,AAPL,2026-10-06T00:29:07.449491+00:00,332.89,0.0401800012588501,0.0031766010136492747,0.2116633544603646
AAPL261016P00305000,2026-10-05 19:59:56+00:00,305.0,0.25,0.22,0.25,-0.03999999,-13.7931,140.0,12445.0,0.2866282275390625,False,REGULAR,USD,Put,2026-10-16,AAPL,2026-10-06T00:29:07.449491+00:00,332.89,0.0401800012588501,0.0031766010136492747,0.2116633544603646
AAPL261016P00310000,2026-10-05 19:54:02+00:00,310.0,0.42,0.37,0.45,-0.08000001,-16.000002,675.0,11834.0,0.2739330419921875,False,REGULAR,USD,Put,2026-10-16,AAPL,2026-10-06T00:29:07.449491+00:00,332.89,0.0401800012588501,0.0031766010136492747,0.2116633544603646
AAPL261016P00312500,2026-10-05 19:31:07+00:00,312.5,0.48,0.42,0.58,-0.21000001,-30.434782,478.0,795.0,0.26538820556640624,False,REGULAR,USD,Put,2026-10-16,AAPL,2026-10-06T00:29:07.449491+00:00,332.89,0.0401800012588501,0.0031766010136492747,0.2116633544603646
AAPL261016P00315000,2026-10-05 19:59:17+00:00,315.0,0.72,0.6,0.74,-0.099999964,-12.195117,1357.0,9766.0,0.2561109545898438,False,REGULAR,USD,Put,2026-10-16,AAPL,2026-10-06T00:29:07.449491+00:00,332.89,0.0401800012588501,0.0031766010136492747,0.2116633544603646
AAPL261016P00317500,2026-10-05 19:49:09+00:00,317.5,0.98,0.82,1.03,-0.14999998,-13.274335,320.0,798.0,0.25354750366210943,False,REGULAR,USD,Put,2026-10-16,AAPL,2026-10-06T00:29:07.449491+00:00,332.89,0.0401800012588501,0.0031766010136492747,0.2116633544603646
AAPL261016P00320000,2026-10-05 19:58:15+00:00,320.0,1.33,1.15,1.32,-0.099999905,-6.9930005,1483.0,12105.0,0.24488059814453128,False,REGULAR,USD,Put,2026-10-16,AAPL,2026-10-06T00:29:07.449491+00:00,332.89,0.0401800012588501,0.0031766010136492747,0.2116633544603646
AAPL261016P00322500,2026-10-05 19:59:17+00:00,322.5,1.7,1.53,1.76,-0.14999998,-8.108107,356.0,1529.0,0.24024197265624997,False,REGULAR,USD,Put,2026-10-16,AAPL,2026-10-06T00:29:07.449491+00:00,332.89,0.0401800012588501,0.0031766010136492747,0.2116633544603646
AAPL261016P00325000,2026-10-05 19:59:23+00:00,325.0,2.23,2.1,2.32,-0.18000007,-7.4688826,1277.0,8880.0,0.23566438171386717,False,REGULAR,USD,Put,2026-10-16,AAPL,2026-10-06T00:29:07.449491+00:00,332.89,0.0401800012588501,0.0031766010136492747,0.2116633544603646
AAPL261016P00327500,2026-10-05 19:47:56+00:00,327.5,3.05,2.71,2.99,-0.1500001,-4.687503,284.0,1783.0,0.22962196166992188,False,REGULAR,USD,Put,2026-10-16,AAPL,2026-10-06T00:29:07.449491+00:00,332.89,0.0401800012588501,0.0031766010136492747,0.2116633544603646
AAPL261016P00330000,2026-10-05 19:59:31+00:00,330.0,3.75,3.6,3.85,-0.1500001,-3.8461561,759.0,13478.0,0.22510540527343748,False,REGULAR,USD,Put,2026-10-16,AAPL,2026-10-06T00:29:07.449491+00:00,332.89,0.0401800012588501,0.0031766010136492747,0.2116633544603646
AAPL261016P00332500,2026-10-05 19:59:53+00:00,332.5,4.9,4.55,4.9,-0.30999994,-5.9500947,640.0,908.0,0.2210771252441406,False,REGULAR,USD,Put,2026-10-16,AAPL,2026-10-06T00:29:07.449491+00:00,332.89,0.0401800012588501,0.0031766010136492747,0.2116633544603646
AAPL261016P00335000,2026-10-05 19:59:25+00:00,335.0,6.09,5.8,6.15,-0.059999943,-0.9756088,6733.0,9201.0,0.2172929833984375,True,REGULAR,USD,Put,2026-10-16,AAPL,2026-10-06T00:29:07.449491+00:00,332.89,0.0401800012588501,0.0031766010136492747,0.2116633544603646
AAPL261016P00337500,2026-10-05 19:51:29+00:00,337.5,7.87,7.05,7.65,0.5699997,7.8082147,194.0,10231.0,0.21595022338867187,True,REGULAR,USD,Put,2026-10-16,AAPL,2026-10-06T00:29:07.449491+00:00,332.89,0.0401800012588501,0.0031766010136492747,0.2116633544603646
AAPL261016P00340000,2026-10-05 19:50:11+00:00,340.0,9.5,8.15,9.4,0.52000046,5.7906513,117.0,5393.0,0.21772022521972656,True,REGULAR,USD,Put,2026-10-16,AAPL,2026-10-06T00:29:07.449491+00:00,332.89,0.0401800012588501,0.0031766010136492747,0.2116633544603646
AAPL261016P00342500,2026-10-05 16:50:06+00:00,342.5,9.75,9.7,11.65,-1.0500002,-9.722223,34.0,677.0,0.23853300537109373,True,REGULAR,USD,Put,2026-10-16,AAPL,2026-10-06T00:29:07.449491+00:00,332.89,0.0401800012588501,0.0031766010136492747,0.2116633544603646
AAPL261016P00345000,2026-10-05 19:30:29+00:00,345.0,12.2,12.25,13.7,-0.47000027,-3.7095523,19.0,3252.0,0.2436599072265625,True,REGULAR,USD,Put,2026-10-16,AAPL,2026-10-06T00:29:07.449491+00:00,332.89,0.0401800012588501,0.0031766010136492747,0.2116633544603646
AAPL261016P00347500,2026-10-01 14:46:23+00:00,347.5,17.32,14.3,16.25,0.0,0.0,21.0,44.0,0.2756420092773437,True,REGULAR,USD,Put,2026-10-16,AAPL,2026-10-06T00:29:07.449491+00:00,332.89,0.0401800012588501,0.0031766010136492747,0.2116633544603646
AAPL261016P00350000,2026-10-05 19:55:45+00:00,350.0,17.9,16.5,18.0,0.8999996,5.2941155,47.0,2193.0,0.24829853271484376,True,REGULAR,USD,Put,2026-10-16,AAPL,2026-10-06T00:29:07.449491+00:00,332.89,0.0401800012588501,0.0031766010136492747,0.2116633544603646
AAPL261016P00352500,2026-09-30 19:20:08+00:00,352.5,17.65,18.35,20.7,0.0,0.0,49.0,98.0,0.2893137475585937,True,REGULAR,USD,Put,2026-10-16,AAPL,2026-10-06T00:29:07.449491+00:00,332.89,0.0401800012588501,0.0031766010136492747,0.2116633544603646
AAPL261016P00355000,2026-10-05 19:45:49+00:00,355.0,22.4,21.55,23.05,0.6700001,3.0832953,24.0,386.0,0.30054410400390624,True,REGULAR,USD,Put,2026-10-16,AAPL,2026-10-06T00:29:07.449491+00:00,332.89,0.0401800012588501,0.0031766010136492747,0.2116633544603646
AAPL261016P00357500,2026-09-25 16:28:19+00:00,357.5,18.69,23.05,26.3,0.0,0.0,1.0,0.0,0.3852600537109374,True,REGULAR,USD,Put,2026-10-16,AAPL,2026-10-06T00:29:07.449491+00:00,332.89,0.0401800012588501,0.0031766010136492747,0.2116633544603646
AAPL261016P00360000,2026-10-05 14:52:02+00:00,360.0,25.83,25.65,28.8,-1.9699993,-7.086329,80.0,43.0,0.4100400793457031,True,REGULAR,USD,Put,2026-10-16,AAPL,2026-10-06T00:29:07.449491+00:00,332.89,0.0401800012588501,0.0031766010136492747,0.2116633544603646
AAPL261016P00365000,2026-09-28 19:19:01+00:00,365.0,26.53,30.5,33.75,0.0,0.0,2.0,2.0,0.45386288330078123,True,REGULAR,USD,Put,2026-10-16,AAPL,2026-10-06T00:29:07.449491+00:00,332.89,0.0401800012588501,0.0031766010136492747,0.2116633544603646
AAPL261016P00370000,2026-09-28 13:32:19+00:00,370.0,28.68,35.6,38.3,0.0,0.0,22.0,1.0,0.4577690942382813,True,REGULAR,USD,Put,2026-10-16,AAPL,2026-10-06T00:29:07.449491+00:00,332.89,0.0401800012588501,0.0031766010136492747,0.2116633544603646
AAPL261016P00375000,2026-09-11 17:41:04+00:00,375.0,41.76,40.5,43.75,0.0,0.0,,0.0,0.5434615966796876,True,REGULAR,USD,Put,2026-10-16,AAPL,2026-10-06T00:29:07.449491+00:00,332.89,0.0401800012588501,0.0031766010136492747,0.2116633544603646
AAPL261016P00380000,2026-07-30 14:10:28+00:00,380.0,48.75,58.4,61.4,0.0,0.0,1.0,0.0,1.251102377319336,True,REGULAR,USD,Put,2026-10-16,AAPL,2026-10-06T00:29:07.449491+00:00,332.89,0.0401800012588501,0.0031766010136492747,0.2116633544603646
AAPL261016P00385000,2026-09-28 14:34:28+00:00,385.0,44.0,50.5,53.75,0.0,0.0,,0.0,0.627078924560547,True,REGULAR,USD,Put,2026-10-16,AAPL,2026-10-06T00:29:07.449491+00:00,332.89,0.0401800012588501,0.0031766010136492747,0.2116633544603646
AAPL261016P00390000,2026-10-02 14:32:50+00:00,390.0,55.9,55.5,58.3,0.0,0.0,3.0,0.0,0.6174354663085939,True,REGULAR,USD,Put,2026-10-16,AAPL,2026-10-06T00:29:07.449491+00:00,332.89,0.0401800012588501,0.0031766010136492747,0.2116633544603646
AAPL261016P00395000,2026-09-25 19:16:29+00:00,395.0,54.58,60.5,63.75,0.0,0.0,2.0,0.0,0.7058134887695313,True,REGULAR,USD,Put,2026-10-16,AAPL,2026-10-06T00:29:07.449491+00:00,332.89,0.0401800012588501,0.0031766010136492747,0.2116633544603646
AAPL261016P00400000,2026-09-28 19:57:18+00:00,400.0,61.7,65.5,68.8,0.0,0.0,34.0,0.0,0.7490259472656251,True,REGULAR,USD,Put,2026-10-16,AAPL,2026-10-06T00:29:07.449491+00:00,332.89,0.0401800012588501,0.0031766010136492747,0.2116633544603646
AAPL261016P00405000,2026-09-28 19:45:16+00:00,405.0,66.23,70.5,73.75,0.0,0.0,13.0,0.0,0.7805197729492188,True,REGULAR,USD,Put,2026-10-16,AAPL,2026-10-06T00:29:07.449491+00:00,332.89,0.0401800012588501,0.0031766010136492747,0.2116633544603646
AAPL261016P00410000,2026-08-12 19:46:24+00:00,410.0,108.52,0.0,0.0,0.0,0.0,1.0,0.0,1.0000000000000003e-05,True,REGULAR,USD,Put,2026-10-16,AAPL,2026-10-06T00:29:07.449491+00:00,332.89,0.0401800012588501,0.0031766010136492747,0.2116633544603646
AAPL261016P00415000,2026-08-12 19:46:24+00:00,415.0,113.54,83.4,86.15,0.0,0.0,,0.0,0.958740646972656,True,REGULAR,USD,Put,2026-10-16,AAPL,2026-10-06T00:29:07.449491+00:00,332.89,0.0401800012588501,0.0031766010136492747,0.2116633544603646
AAPL261016P00450000,2026-10-05 14:32:49+00:00,450.0,116.36,115.5,118.75,2.1399994,1.8735768,1.0,1.0,0.585941640625,True,REGULAR,USD,Put,2026-10-16,AAPL,2026-10-06T00:29:07.449491+00:00,332.89,0.0401800012588501,0.0031766010136492747,0.2116633544603646
AAPL261016P00460000,2026-09-30 19:49:19+00:00,460.0,124.24,125.5,128.75,0.0,0.0,,0.0,0.6250037500000001,True,REGULAR,USD,Put,2026-10-16,AAPL,2026-10-06T00:29:07.449491+00:00,332.89,0.0401800012588501,0.0031766010136492747,0.2116633544603646
AAPL261016P00590000,2026-07-28 19:49:18+00:00,590.0,250.65,268.4,271.4,0.0,0.0,,0.0,2.825564459533691,True,REGULAR,USD,Put,2026-10-16,AAPL,2026-10-06T00:29:07.449491+00:00,332.89,0.0401800012588501,0.0031766010136492747,0.2116633544603646
AAPL261016P00600000,2026-07-30 13:33:22+00:00,600.0,266.4,278.4,281.4,0.0,0.0,,0.0,2.8773221426391604,True,REGULAR,USD,Put,2026-10-16,AAPL,2026-10-06T00:29:07.449491+00:00,332.89,0.0401800012588501,0.0031766010136492747,0.2116633544603646
AAPL261023C00110000,2026-09-08 16:28:09+00:00,110.0,206.6,221.45,225.15,0.0,0.0,,1.0,2.231449733886718,True,REGULAR,USD,Call,2026-10-23,AAPL,2026-10-06T00:29:07.449491+00:00,332.89,0.0401800012588501,0.0031766010136492747,0.2116633544603646
AAPL261023C00145000,2026-09-17 17:56:47+00:00,145.0,191.5,186.55,190.25,0.0,0.0,1.0,1.0,1.7607433837890625,True,REGULAR,USD,Call,2026-10-23,AAPL,2026-10-06T00:29:07.449491+00:00,332.89,0.0401800012588501,0.0031766010136492747,0.2116633544603646
AAPL261023C00195000,2026-10-02 19:05:38+00:00,195.0,139.25,136.65,140.4,0.0,0.0,1.0,1.0,1.2231484155273438,True,REGULAR,USD,Call,2026-10-23,AAPL,2026-10-06T00:29:07.449491+00:00,332.89,0.0401800012588501,0.0031766010136492747,0.2116633544603646
AAPL261023C00200000,2026-09-21 13:56:30+00:00,200.0,136.86,131.65,135.4,0.0,0.0,,1.0,1.171879140625,True,REGULAR,USD,Call,2026-10-23,AAPL,2026-10-06T00:29:07.449491+00:00,332.89,0.0401800012588501,0.0031766010136492747,0.2116633544603646
AAPL261023C00210000,2026-09-22 15:06:40+00:00,210.0,133.59,121.7,125.45,0.0,0.0,1.0,2.0,1.0864303491210938,True,REGULAR,USD,Call,2026-10-23,AAPL,2026-10-06T00:29:07.449491+00:00,332.89,0.0401800012588501,0.0031766010136492747,0.2116633544603646
AAPL261023C00215000,2026-09-24 16:03:38+00:00,215.0,122.52,116.7,120.45,0.0,0.0,16.0,18.0,1.0380907470703127,True,REGULAR,USD,Call,2026-10-23,AAPL,2026-10-06T00:29:07.449491+00:00,332.89,0.0401800012588501,0.0031766010136492747,0.2116633544603646
AAPL261023C00220000,2026-09-22 14:27:02+00:00,220.0,120.84,111.7,115.45,0.0,0.0,1.0,2.0,0.99023447265625,True,REGULAR,USD,Call,2026-10-23,AAPL,2026-10-06T00:29:07.449491+00:00,332.89,0.0401800012588501,0.0031766010136492747,0.2116633544603646
AAPL261023C00225000,2026-10-05 16:56:05+00:00,225.0,110.27,106.7,110.5,-3.7000046,-3.2464724,1.0,7.0,0.9497075341796875,True,REGULAR,USD,Call,2026-10-23,AAPL,2026-10-06T00:29:07.449491+00:00,332.89,0.0401800012588501,0.0031766010136492747,0.2116633544603646
AAPL261023C00230000,2026-09-30 13:54:36+00:00,230.0,105.3,101.75,105.5,0.0,0.0,10.0,14.0,0.9091805957031249,True,REGULAR,USD,Call,2026-10-23,AAPL,2026-10-06T00:29:07.449491+00:00,332.89,0.0401800012588501,0.0031766010136492747,0.2116633544603646
AAPL261023C00235000,2026-10-05 14:38:41+00:00,235.0,99.23,96.75,100.5,2.600006,2.6906822,1.0,56.0,0.8637708935546875,True,REGULAR,USD,Call,2026-10-23,AAPL,2026-10-06T00:29:07.449491+00:00,332.89,0.0401800012588501,0.0031766010136492747,0.2116633544603646
AAPL261023C00240000,2026-10-01 18:30:19+00:00,240.0,89.79,91.75,95.55,0.0,0.0,6.0,30.0,0.8242205078124999,True,REGULAR,USD,Call,2026-10-23,AAPL,2026-10-06T00:29:07.449491+00:00,332.89,0.0401800012588501,0.0031766010136492747,0.2116633544603646
AAPL261023C00245000,2026-10-02 17:12:10+00:00,245.0,88.97,86.75,90.4,0.0,0.0,1.0,16.0,0.7651390673828126,True,REGULAR,USD,Call,2026-10-23,AAPL,2026-10-06T00:29:07.449491+00:00,332.89,0.0401800012588501,0.0031766010136492747,0.2116633544603646
AAPL261023C00250000,2026-10-05 15:14:20+00:00,250.0,84.42,81.8,85.6,3.6899948,4.570785,1.0,30.0,0.745119736328125,True,REGULAR,USD,Call,2026-10-23,AAPL,2026-10-06T00:29:07.449491+00:00,332.89,0.0401800012588501,0.0031766010136492747,0.2116633544603646
AAPL261023C00255000,2026-10-02 15:11:57+00:00,255.0,77.88,76.8,80.6,0.0,0.0,20.0,48.0,0.7019072778320312,True,REGULAR,USD,Call,2026-10-23,AAPL,2026-10-06T00:29:07.449491+00:00,332.89,0.0401800012588501,0.0031766010136492747,0.2116633544603646
AAPL261023C00260000,2026-10-01 15:49:10+00:00,260.0,68.76,71.85,74.7,0.0,0.0,2.0,16.0,0.5766643896484375,True,REGULAR,USD,Call,2026-10-23,AAPL,2026-10-06T00:29:07.449491+00:00,332.89,0.0401800012588501,0.0031766010136492747,0.2116633544603646
AAPL261023C00265000,2026-10-02 13:45:13+00:00,265.0,67.96,66.85,70.65,0.0,0.0,4.0,24.0,0.6245154736328126,True,REGULAR,USD,Call,2026-10-23,AAPL,2026-10-06T00:29:07.449491+00:00,332.89,0.0401800012588501,0.0031766010136492747,0.2116633544603646
AAPL261023C00270000,2026-10-05 16:11:42+00:00,270.0,64.0,61.85,65.65,0.24000168,0.37641418,1.0,50.0,0.5822795678710937,True,REGULAR,USD,Call,2026-10-23,AAPL,2026-10-06T00:29:07.449491+00:00,332.89,0.0401800012588501,0.0031766010136492747,0.2116633544603646
AAPL261023C00275000,2026-10-01 15:47:56+00:00,275.0,52.67,56.9,60.7,0.0,0.0,2.0,10.0,0.5468795312500001,True,REGULAR,USD,Call,2026-10-23,AAPL,2026-10-06T00:29:07.449491+00:00,332.89,0.0401800012588501,0.0031766010136492747,0.2116633544603646
AAPL261023C00280000,2026-10-02 19:50:36+00:00,280.0,53.23,51.95,55.7,-0.7799988,-1.4441748,1.0,26.0,0.5080615600585938,True,REGULAR,USD,Call,2026-10-23,AAPL,2026-10-06T00:29:07.449491+00:00,332.89,0.0401800012588501,0.0031766010136492747,0.2116633544603646
AAPL261023C00285000,2026-10-05 19:44:27+00:00,285.0,47.68,46.95,50.15,1.5999985,3.4722188,1.0,31.0,0.5847209497070311,True,REGULAR,USD,Call,2026-10-23,AAPL,2026-10-06T00:29:07.449491+00:00,332.89,0.0401800012588501,0.0031766010136492747,0.2116633544603646
AAPL261023C00290000,2026-10-05 17:03:51+00:00,290.0,45.56,42.95,45.8,1.3600006,3.0769243,7.0,152.0,0.5803264624023439,True,REGULAR,USD,Call,2026-10-23,AAPL,2026-10-06T00:29:07.449491+00:00,332.89,0.0401800012588501,0.0031766010136492747,0.2116633544603646
AAPL261023C00295000,2026-10-02 19:59:59+00:00,295.0,39.55,37.1,40.4,0.0,0.0,2.0,144.0,0.5043994873046875,True,REGULAR,USD,Call,2026-10-23,AAPL,2026-10-06T00:29:07.449491+00:00,332.89,0.0401800012588501,0.0031766010136492747,0.2116633544603646
AAPL261023C00300000,2026-10-05 19:51:35+00:00,300.0,34.01,32.25,35.55,-0.45000076,-1.3058641,3.0,201.0,0.463872548828125,True,REGULAR,USD,Call,2026-10-23,AAPL,2026-10-06T00:29:07.449491+00:00,332.89,0.0401800012588501,0.0031766010136492747,0.2116633544603646
AAPL261023C00305000,2026-10-05 19:54:05+00:00,305.0,29.44,27.7,30.75,1.3600006,4.843307,6.0,77.0,0.4243221630859375,True,REGULAR,USD,Call,2026-10-23,AAPL,2026-10-06T00:29:07.449491+00:00,332.89,0.0401800012588501,0.0031766010136492747,0.2116633544603646
AAPL261023C00310000,2026-10-05 15:31:58+00:00,310.0,25.12,23.05,26.0,0.13000107,0.52021235,2.0,280.0,0.3848938464355468,True,REGULAR,USD,Call,2026-10-23,AAPL,2026-10-06T00:29:07.449491+00:00,332.89,0.0401800012588501,0.0031766010136492747,0.2116633544603646
AAPL261023C00315000,2026-10-05 19:47:05+00:00,315.0,19.6,18.45,21.35,-1.2099991,-5.814508,31.0,475.0,0.34680828979492184,True,REGULAR,USD,Call,2026-10-23,AAPL,2026-10-06T00:29:07.449491+00:00,332.89,0.0401800012588501,0.0031766010136492747,0.2116633544603646
AAPL261023C00320000,2026-10-02 18:52:21+00:00,320.0,17.0,15.45,17.2,0.0,0.0,104.0,895.0,0.3244086114501953,True,REGULAR,USD,Call,2026-10-23,AAPL,2026-10-06T00:29:07.449491+00:00,332.89,0.0401800012588501,0.0031766010136492747,0.2116633544603646
AAPL261023C00325000,2026-10-05 19:54:47+00:00,325.0,11.85,11.4,13.0,-1.0499992,-8.139529,85.0,2333.0,0.29090064575195307,True,REGULAR,USD,Call,2026-10-23,AAPL,2026-10-06T00:29:07.449491+00:00,332.89,0.0401800012588501,0.0031766010136492747,0.2116633544603646
AAPL261023C00330000,2026-10-05 19:59:41+00:00,330.0,8.65,8.45,9.1,-0.5,-5.464481,486.0,969.0,0.2576978527832031,True,REGULAR,USD,Call,2026-10-23,AAPL,2026-10-06T00:29:07.449491+00:00,332.89,0.0401800012588501,0.0031766010136492747,0.2116633544603646
AAPL261023C00335000,2026-10-05 19:59:37+00:00,335.0,5.9,5.75,6.15,-0.5,-7.8125,699.0,1864.0,0.2418899053955078,False,REGULAR,USD,Call,2026-10-23,AAPL,2026-10-06T00:29:07.449491+00:00,332.89,0.0401800012588501,0.0031766010136492747,0.2116633544603646
AAPL261023C00340000,2026-10-05 19:59:42+00:00,340.0,3.85,3.7,4.0,-0.4000001,-9.411766,457.0,5350.0,0.23444369079589844,False,REGULAR,USD,Call,2026-10-23,AAPL,2026-10-06T00:29:07.449491+00:00,332.89,0.0401800012588501,0.0031766010136492747,0.2116633544603646
AAPL261023C00345000,2026-10-05 19:58:56+00:00,345.0,2.32,2.25,2.5,-0.3900001,-14.391148,462.0,2632.0,0.2310867907714844,False,REGULAR,USD,Call,2026-10-23,AAPL,2026-10-06T00:29:07.449491+00:00,332.89,0.0401800012588501,0.0031766010136492747,0.2116633544603646
AAPL261023C00350000,2026-10-05 19:59:02+00:00,350.0,1.4,1.28,1.49,-0.19000006,-11.949689,1252.0,3217.0,0.22919471984863282,False,REGULAR,USD,Call,2026-10-23,AAPL,2026-10-06T00:29:07.449491+00:00,332.89,0.0401800012588501,0.0031766010136492747,0.2116633544603646
AAPL261023C00355000,2026-10-05 19:56:27+00:00,355.0,0.8,0.7,0.85,-0.03999996,-4.7619004,258.0,3481.0,0.22840127075195313,False,REGULAR,USD,Call,2026-10-23,AAPL,2026-10-06T00:29:07.449491+00:00,332.89,0.0401800012588501,0.0031766010136492747,0.2116633544603646
AAPL261023C00360000,2026-10-05 19:44:35+00:00,360.0,0.4,0.38,0.45,-0.07999998,-16.666662,821.0,6684.0,0.2268143725585937,False,REGULAR,USD,Call,2026-10-23,AAPL,2026-10-06T00:29:07.449491+00:00,332.89,0.0401800012588501,0.0031766010136492747,0.2116633544603646
AAPL261023C00365000,2026-10-05 19:59:05+00:00,365.0,0.23,0.2,0.25,-0.049999997,-17.857141,801.0,3947.0,0.229499892578125,False,REGULAR,USD,Call,2026-10-23,AAPL,2026-10-06T00:29:07.449491+00:00,332.89,0.0401800012588501,0.0031766010136492747,0.2116633544603646
AAPL261023C00370000,2026-10-05 19:57:02+00:00,370.0,0.14,0.12,0.14,-0.030000001,-17.647058,131.0,2062.0,0.233406103515625,False,REGULAR,USD,Call,2026-10-23,AAPL,2026-10-06T00:29:07.449491+00:00,332.89,0.0401800012588501,0.0031766010136492747,0.2116633544603646
AAPL261023C00375000,2026-10-05 19:23:21+00:00,375.0,0.07,0.07,0.1,-0.020000003,-22.222223,110.0,2830.0,0.2461012890625,False,REGULAR,USD,Call,2026-10-23,AAPL,2026-10-06T00:29:07.449491+00:00,332.89,0.0401800012588501,0.0031766010136492747,0.2116633544603646
AAPL261023C00380000,2026-10-05 17:03:28+00:00,380.0,0.04,0.02,0.11,-0.010000002,-20.000002,1.0,496.0,0.27295648925781246,False,REGULAR,USD,Call,2026-10-23,AAPL,2026-10-06T00:29:07.449491+00:00,332.89,0.0401800012588501,0.0031766010136492747,0.2116633544603646
AAPL261023C00385000,2026-10-05 19:57:02+00:00,385.0,0.1,0.01,0.13,0.060000002,150.0,6.0,717.0,0.30274134765625,False,REGULAR,USD,Call,2026-10-23,AAPL,2026-10-06T00:29:07.449491+00:00,332.89,0.0401800012588501,0.0031766010136492747,0.2116633544603646
AAPL261023C00390000,2026-10-05 17:31:17+00:00,390.0,0.01,0.01,0.07,-0.04,-80.00001,50.0,403.0,0.299811689453125,False,REGULAR,USD,Call,2026-10-23,AAPL,2026-10-06T00:29:07.449491+00:00,332.89,0.0401800012588501,0.0031766010136492747,0.2116633544603646
AAPL261023C00395000,2026-10-05 14:06:20+00:00,395.0,0.03,0.0,0.03,0.0,0.0,1.0,29.0,0.2910227148437499,False,REGULAR,USD,Call,2026-10-23,AAPL,2026-10-06T00:29:07.449491+00:00,332.89,0.0401800012588501,0.0031766010136492747,0.2116633544603646
AAPL261023C00400000,2026-09-29 16:14:29+00:00,400.0,0.06,0.0,0.07,0.0,0.0,103.0,340.0,0.34180345703125,False,REGULAR,USD,Call,2026-10-23,AAPL,2026-10-06T00:29:07.449491+00:00,332.89,0.0401800012588501,0.0031766010136492747,0.2116633544603646
AAPL261023C00405000,2026-09-30 14:33:31+00:00,405.0,0.08,0.0,0.08,-0.010000005,-11.111116,2.0,15.0,0.367193828125,False,REGULAR,USD,Call,2026-10-23,AAPL,2026-10-06T00:29:07.449491+00:00,332.89,0.0401800012588501,0.0031766010136492747,0.2116633544603646
AAPL261023C00410000,2026-09-28 17:17:10+00:00,410.0,0.04,0.0,0.06,0.0,0.0,2.0,14.0,0.37402969726562496,False,REGULAR,USD,Call,2026-10-23,AAPL,2026-10-06T00:29:07.449491+00:00,332.89,0.0401800012588501,0.0031766010136492747,0.2116633544603646
AAPL261023C00415000,2026-10-05 19:55:53+00:00,415.0,0.01,0.0,0.45,0.0,0.0,2.0,278.0,0.51758294921875,False,REGULAR,USD,Call,2026-10-23,AAPL,2026-10-06T00:29:07.449491+00:00,332.89,0.0401800012588501,0.0031766010136492747,0.2116633544603646
AAPL261023P00130000,2026-10-02 15:09:20+00:00,130.0,0.02,0.0,0.52,0.0,0.0,100.0,100.0,1.8027353613281247,False,REGULAR,USD,Put,2026-10-23,AAPL,2026-10-06T00:29:07.449491+00:00,332.89,0.0401800012588501,0.0031766010136492747,0.2116633544603646
AAPL261023P00135000,2026-09-24 17:59:38+00:00,135.0,0.01,0.0,0.52,0.0,0.0,,2.0,1.734376328125,False,REGULAR,USD,Put,2026-10-23,AAPL,2026-10-06T00:29:07.449491+00:00,332.89,0.0401800012588501,0.0031766010136492747,0.2116633544603646
AAPL261023P00160000,2026-09-15 19:43:12+00:00,160.0,0.08,0.0,0.28,0.0,0.0,27.0,27.0,1.3261752441406247,False,REGULAR,USD,Put,2026-10-23,AAPL,2026-10-06T00:29:07.449491+00:00,332.89,0.0401800012588501,0.0031766010136492747,0.2116633544603646
AAPL261023P00165000,2026-10-05 16:21:33+00:00,165.0,0.01,0.0,0.01,-0.1,-90.90909,3.0,1.0,0.937500625,False,REGULAR,USD,Put,2026-10-23,AAPL,2026-10-06T00:29:07.449491+00:00,332.89,0.0401800012588501,0.0031766010136492747,0.2116633544603646
AAPL261023P00180000,2026-10-05 16:25:10+00:00,180.0,0.01,0.0,0.2,0.0,0.0,12.0,27.0,1.0859420703125,False,REGULAR,USD,Put,2026-10-23,AAPL,2026-10-06T00:29:07.449491+00:00,332.89,0.0401800012588501,0.0031766010136492747,0.2116633544603646
AAPL261023P00185000,2026-10-05 18:08:13+00:00,185.0,0.02,0.0,0.09,0.01,100.0,128.0,50.0,0.9570316796874999,False,REGULAR,USD,Put,2026-10-23,AAPL,2026-10-06T00:29:07.449491+00:00,332.89,0.0401800012588501,0.0031766010136492747,0.2116633544603646
AAPL261023P00190000,2026-10-05 19:04:24+00:00,190.0,0.04,0.01,0.07,-0.010000002,-20.000002,107.0,47.0,0.9062509375,False,REGULAR,USD,Put,2026-10-23,AAPL,2026-10-06T00:29:07.449491+00:00,332.89,0.0401800012588501,0.0031766010136492747,0.2116633544603646
AAPL261023P00195000,2026-10-05 19:45:18+00:00,195.0,0.02,0.01,0.09,-0.030000001,-60.0,309.0,79.0,0.8867198828124999,False,REGULAR,USD,Put,2026-10-23,AAPL,2026-10-06T00:29:07.449491+00:00,332.89,0.0401800012588501,0.0031766010136492747,0.2116633544603646
AAPL261023P00200000,2026-10-05 19:52:44+00:00,200.0,0.02,0.01,0.21,-0.07000001,-77.77779,120.0,138.0,0.92187578125,False,REGULAR,USD,Put,2026-10-23,AAPL,2026-10-06T00:29:07.449491+00:00,332.89,0.0401800012588501,0.0031766010136492747,0.2116633544603646
AAPL261023P00205000,2026-10-05 18:10:19+00:00,205.0,0.05,0.01,0.45,-0.029999997,-37.499996,7.0,28.0,0.96679720703125,False,REGULAR,USD,Put,2026-10-23,AAPL,2026-10-06T00:29:07.449491+00:00,332.89,0.0401800012588501,0.0031766010136492747,0.2116633544603646
AAPL261023P00210000,2026-10-02 19:40:51+00:00,210.0,0.09,0.0,0.49,0.0,0.0,1.0,4.0,0.930664755859375,False,REGULAR,USD,Put,2026-10-23,AAPL,2026-10-06T00:29:07.449491+00:00,332.89,0.0401800012588501,0.0031766010136492747,0.2116633544603646
AAPL261023P00215000,2026-10-02 14:57:44+00:00,215.0,0.09,0.0,0.48,0.0,0.0,1.0,18.0,0.885743330078125,False,REGULAR,USD,Put,2026-10-23,AAPL,2026-10-06T00:29:07.449491+00:00,332.89,0.0401800012588501,0.0031766010136492747,0.2116633544603646
AAPL261023P00220000,2026-10-02 17:13:10+00:00,220.0,0.1,0.0,0.47,0.0,0.0,1.0,54.0,0.84179845703125,False,REGULAR,USD,Put,2026-10-23,AAPL,2026-10-06T00:29:07.449491+00:00,332.89,0.0401800012588501,0.0031766010136492747,0.2116633544603646
AAPL261023P00225000,2026-10-05 19:33:04+00:00,225.0,0.06,0.01,0.11,0.03,100.0,149.0,224.0,0.6777375976562501,False,REGULAR,USD,Put,2026-10-23,AAPL,2026-10-06T00:29:07.449491+00:00,332.89,0.0401800012588501,0.0031766010136492747,0.2116633544603646
AAPL261023P00230000,2026-10-05 18:09:59+00:00,230.0,0.06,0.01,0.06,0.02,50.0,32.0,166.0,0.6093789062500001,False,REGULAR,USD,Put,2026-10-23,AAPL,2026-10-06T00:29:07.449491+00:00,332.89,0.0401800012588501,0.0031766010136492747,0.2116633544603646
AAPL261023P00235000,2026-10-05 18:09:48+00:00,235.0,0.03,0.0,0.34,-0.07,-70.0,430.0,73.0,0.6904327832031252,False,REGULAR,USD,Put,2026-10-23,AAPL,2026-10-06T00:29:07.449491+00:00,332.89,0.0401800012588501,0.0031766010136492747,0.2116633544603646
AAPL261023P00240000,2026-10-05 13:49:32+00:00,240.0,0.03,0.0,0.39,-0.060000002,-66.666664,4.0,28.0,0.6650424121093752,False,REGULAR,USD,Put,2026-10-23,AAPL,2026-10-06T00:29:07.449491+00:00,332.89,0.0401800012588501,0.0031766010136492747,0.2116633544603646
AAPL261023P00245000,2026-10-02 17:12:34+00:00,245.0,0.01,0.0,0.36,0.0,0.0,1.0,48.0,0.6210975390625001,False,REGULAR,USD,Put,2026-10-23,AAPL,2026-10-06T00:29:07.449491+00:00,332.89,0.0401800012588501,0.0031766010136492747,0.2116633544603646
AAPL261023P00250000,2026-10-01 19:46:15+00:00,250.0,0.03,0.0,0.05,0.0,0.0,10.0,97.0,0.500005,False,REGULAR,USD,Put,2026-10-23,AAPL,2026-10-06T00:29:07.449491+00:00,332.89,0.0401800012588501,0.0031766010136492747,0.2116633544603646
AAPL261023P00255000,2026-10-05 18:17:47+00:00,255.0,0.05,0.02,0.07,0.010000002,25.000004,9.0,420.0,0.48633326171875,False,REGULAR,USD,Put,2026-10-23,AAPL,2026-10-06T00:29:07.449491+00:00,332.89,0.0401800012588501,0.0031766010136492747,0.2116633544603646
AAPL261023P00260000,2026-10-02 15:30:07+00:00,260.0,0.04,0.0,0.12,0.0,0.0,4.0,44.0,0.48633326171875,False,REGULAR,USD,Put,2026-10-23,AAPL,2026-10-06T00:29:07.449491+00:00,332.89,0.0401800012588501,0.0031766010136492747,0.2116633544603646
AAPL261023P00265000,2026-10-05 19:37:26+00:00,265.0,0.05,0.01,0.09,-0.02,-28.571428,11.0,58.0,0.436529072265625,False,REGULAR,USD,Put,2026-10-23,AAPL,2026-10-06T00:29:07.449491+00:00,332.89,0.0401800012588501,0.0031766010136492747,0.2116633544603646
AAPL261023P00270000,2026-10-05 16:10:10+00:00,270.0,0.06,0.05,0.1,0.0,0.0,1.0,651.0,0.4101621484375,False,REGULAR,USD,Put,2026-10-23,AAPL,2026-10-06T00:29:07.449491+00:00,332.89,0.0401800012588501,0.0031766010136492747,0.2116633544603646
AAPL261023P00275000,2026-10-05 19:38:43+00:00,275.0,0.07,0.05,0.12,-0.030000001,-30.0,15.0,113.0,0.387701435546875,False,REGULAR,USD,Put,2026-10-23,AAPL,2026-10-06T00:29:07.449491+00:00,332.89,0.0401800012588501,0.0031766010136492747,0.2116633544603646
AAPL261023P00280000,2026-10-05 14:59:43+00:00,280.0,0.1,0.06,0.14,0.0,0.0,10.0,571.0,0.3632876171875,False,REGULAR,USD,Put,2026-10-23,AAPL,2026-10-06T00:29:07.449491+00:00,332.89,0.0401800012588501,0.0031766010136492747,0.2116633544603646
AAPL261023P00285000,2026-10-05 18:44:04+00:00,285.0,0.11,0.09,0.13,-0.030000001,-21.428572,17.0,345.0,0.327155166015625,False,REGULAR,USD,Put,2026-10-23,AAPL,2026-10-06T00:29:07.449491+00:00,332.89,0.0401800012588501,0.0031766010136492747,0.2116633544603646
AAPL261023P00290000,2026-10-05 19:57:02+00:00,290.0,0.15,0.15,0.2,-0.059999987,-28.571423,90.0,1334.0,0.3154365332031249,False,REGULAR,USD,Put,2026-10-23,AAPL,2026-10-06T00:29:07.449491+00:00,332.89,0.0401800012588501,0.0031766010136492747,0.2116633544603646
AAPL261023P00295000,2026-10-05 19:04:12+00:00,295.0,0.22,0.21,0.26,-0.060000002,-21.428572,59.0,585.0,0.2946847875976562,False,REGULAR,USD,Put,2026-10-23,AAPL,2026-10-06T00:29:07.449491+00:00,332.89,0.0401800012588501,0.0031766010136492747,0.2116633544603646
AAPL261023P00300000,2026-10-05 19:26:40+00:00,300.0,0.34,0.3,0.43,-0.109999985,-24.44444,191.0,8691.0,0.2866282275390625,False,REGULAR,USD,Put,2026-10-23,AAPL,2026-10-06T00:29:07.449491+00:00,332.89,0.0401800012588501,0.0031766010136492747,0.2116633544603646
AAPL261023P00305000,2026-10-05 19:57:02+00:00,305.0,0.59,0.49,0.65,-0.09000003,-13.2353,69.0,1977.0,0.27368890380859373,False,REGULAR,USD,Put,2026-10-23,AAPL,2026-10-06T00:29:07.449491+00:00,332.89,0.0401800012588501,0.0031766010136492747,0.2116633544603646
AAPL261023P00310000,2026-10-05 19:39:12+00:00,310.0,0.81,0.8,0.92,-0.26000005,-24.29907,181.0,2160.0,0.25623302368164064,False,REGULAR,USD,Put,2026-10-23,AAPL,2026-10-06T00:29:07.449491+00:00,332.89,0.0401800012588501,0.0031766010136492747,0.2116633544603646
AAPL261023P00315000,2026-10-05 19:59:33+00:00,315.0,1.35,1.16,1.42,-0.13,-8.783784,255.0,1533.0,0.2447585290527344,False,REGULAR,USD,Put,2026-10-23,AAPL,2026-10-06T00:29:07.449491+00:00,332.89,0.0401800012588501,0.0031766010136492747,0.2116633544603646
AAPL261023P00320000,2026-10-05 19:56:43+00:00,320.0,2.14,1.86,2.25,-0.07999992,-3.6036,1042.0,4344.0,0.23694610717773437,False,REGULAR,USD,Put,2026-10-23,AAPL,2026-10-06T00:29:07.449491+00:00,332.89,0.0401800012588501,0.0031766010136492747,0.2116633544603646
AAPL261023P00325000,2026-10-05 19:25:32+00:00,325.0,3.1,3.15,3.45,-0.32000017,-9.3567295,472.0,1698.0,0.22876747802734376,False,REGULAR,USD,Put,2026-10-23,AAPL,2026-10-06T00:29:07.449491+00:00,332.89,0.0401800012588501,0.0031766010136492747,0.2116633544603646
AAPL261023P00330000,2026-10-05 19:59:40+00:00,330.0,5.05,4.7,5.1,-0.099999905,-1.9417456,257.0,1288.0,0.2194291925048828,False,REGULAR,USD,Put,2026-10-23,AAPL,2026-10-06T00:29:07.449491+00:00,332.89,0.0401800012588501,0.0031766010136492747,0.2116633544603646
AAPL261023P00335000,2026-10-05 19:08:18+00:00,335.0,6.9,7.0,7.45,-0.2999997,-4.1666627,48.0,769.0,0.21430229064941403,True,REGULAR,USD,Put,2026-10-23,AAPL,2026-10-06T00:29:07.449491+00:00,332.89,0.0401800012588501,0.0031766010136492747,0.2116633544603646
AAPL261023P00340000,2026-10-05 18:40:59+00:00,340.0,10.15,9.6,10.6,0.29999924,3.0456774,77.0,598.0,0.21576711975097657,True,REGULAR,USD,Put,2026-10-23,AAPL,2026-10-06T00:29:07.449491+00:00,332.89,0.0401800012588501,0.0031766010136492747,0.2116633544603646
AAPL261023P00345000,2026-10-02 19:10:26+00:00,345.0,13.7,13.1,14.5,0.0,0.0,3.0,162.0,0.2264481652832031,True,REGULAR,USD,Put,2026-10-23,AAPL,2026-10-06T00:29:07.449491+00:00,332.89,0.0401800012588501,0.0031766010136492747,0.2116633544603646
AAPL261023P00350000,2026-10-05 13:45:53+00:00,350.0,15.9,17.05,19.55,-1.2000008,-7.017548,3.0,2051.0,0.27625235473632803,True,REGULAR,USD,Put,2026-10-23,AAPL,2026-10-06T00:29:07.449491+00:00,332.89,0.0401800012588501,0.0031766010136492747,0.2116633544603646
AAPL261023P00355000,2026-10-02 16:39:18+00:00,355.0,22.0,21.2,24.05,0.0,0.0,1.0,166.0,0.29492892578124996,True,REGULAR,USD,Put,2026-10-23,AAPL,2026-10-06T00:29:07.449491+00:00,332.89,0.0401800012588501,0.0031766010136492747,0.2116633544603646
AAPL261023P00360000,2026-10-02 16:05:07+00:00,360.0,27.5,25.6,28.85,0.0,0.0,15.0,32.0,0.3236151623535155,True,REGULAR,USD,Put,2026-10-23,AAPL,2026-10-06T00:29:07.449491+00:00,332.89,0.0401800012588501,0.0031766010136492747,0.2116633544603646
AAPL261023P00365000,2026-10-01 19:33:28+00:00,365.0,33.9,30.5,33.75,0.0,0.0,24.0,1.0,0.3548648498535155,True,REGULAR,USD,Put,2026-10-23,AAPL,2026-10-06T00:29:07.449491+00:00,332.89,0.0401800012588501,0.0031766010136492747,0.2116633544603646
AAPL261023P00370000,2026-09-30 14:48:40+00:00,370.0,32.64,35.5,38.75,0.0,0.0,2.0,0.0,0.39050902465820314,True,REGULAR,USD,Put,2026-10-23,AAPL,2026-10-06T00:29:07.449491+00:00,332.89,0.0401800012588501,0.0031766010136492747,0.2116633544603646
AAPL261023P00375000,2026-09-28 17:48:58+00:00,375.0,35.14,40.5,43.75,0.0,0.0,9.0,0.0,0.424810439453125,True,REGULAR,USD,Put,2026-10-23,AAPL,2026-10-06T00:29:07.449491+00:00,332.89,0.0401800012588501,0.0031766010136492747,0.2116633544603646
AAPL261023P00380000,2026-09-17 18:49:25+00:00,380.0,44.13,45.5,48.75,0.0,0.0,,0.0,0.4580132324218751,True,REGULAR,USD,Put,2026-10-23,AAPL,2026-10-06T00:29:07.449491+00:00,332.89,0.0401800012588501,0.0031766010136492747,0.2116633544603646
AAPL261023P00385000,2026-09-30 14:14:15+00:00,385.0,47.51,50.5,53.75,0.0,0.0,,0.0,0.49023947265625006,True,REGULAR,USD,Put,2026-10-23,AAPL,2026-10-06T00:29:07.449491+00:00,332.89,0.0401800012588501,0.0031766010136492747,0.2116633544603646
AAPL261023P00390000,2026-09-28 18:56:36+00:00,390.0,50.48,55.5,58.75,0.0,0.0,10.0,0.0,0.5214891601562499,True,REGULAR,USD,Put,2026-10-23,AAPL,2026-10-06T00:29:07.449491+00:00,332.89,0.0401800012588501,0.0031766010136492747,0.2116633544603646
AAPL261023P00400000,2026-09-29 13:50:32+00:00,400.0,67.22,65.5,68.75,0.0,0.0,10.0,0.0,0.5814250842285156,True,REGULAR,USD,Put,2026-10-23,AAPL,2026-10-06T00:29:07.449491+00:00,332.89,0.0401800012588501,0.0031766010136492747,0.2116633544603646
AAPL261023P00405000,2026-09-25 19:50:16+00:00,405.0,64.01,70.5,73.75,0.0,0.0,1.0,0.0,0.6103554589843752,True,REGULAR,USD,Put,2026-10-23,AAPL,2026-10-06T00:29:07.449491+00:00,332.89,0.0401800012588501,0.0031766010136492747,0.2116633544603646
AAPL261023P00410000,2026-09-14 19:48:22+00:00,410.0,77.3,75.5,78.75,0.0,0.0,,0.0,0.6384313500976562,True,REGULAR,USD,Put,2026-10-23,AAPL,2026-10-06T00:29:07.449491+00:00,332.89,0.0401800012588501,0.0031766010136492747,0.2116633544603646
AAPL261023P00415000,2026-09-16 19:11:46+00:00,415.0,84.0,80.5,83.75,0.0,0.0,2.0,0.0,0.6660189648437502,True,REGULAR,USD,Put,2026-10-23,AAPL,2026-10-06T00:29:07.449491+00:00,332.89,0.0401800012588501,0.0031766010136492747,0.2116633544603646
AAPL261030C00185000,2026-09-15 14:55:44+00:00,185.0,145.82,146.85,150.55,0.0,0.0,,2.0,1.173832255859375,True,REGULAR,USD,Call,2026-10-30,AAPL,2026-10-06T00:29:07.449491+00:00,332.89,0.0401800012588501,0.0031766010136492747,0.2116633544603646
AAPL261030C00190000,2026-09-29 18:07:21+00:00,190.0,142.46,141.85,145.55,0.0,0.0,1.0,3.0,1.1264692114257815,True,REGULAR,USD,Call,2026-10-30,AAPL,2026-10-06T00:29:07.449491+00:00,332.89,0.0401800012588501,0.0031766010136492747,0.2116633544603646
AAPL261030C00195000,2026-10-02 19:05:38+00:00,195.0,139.47,136.9,140.6,0.0,0.0,1.0,1.0,1.091801416015625,True,REGULAR,USD,Call,2026-10-30,AAPL,2026-10-06T00:29:07.449491+00:00,332.89,0.0401800012588501,0.0031766010136492747,0.2116633544603646
AAPL261030C00200000,2026-09-29 16:35:26+00:00,200.0,131.85,131.9,135.35,0.0,0.0,,10.0,1.0185595947265624,True,REGULAR,USD,Call,2026-10-30,AAPL,2026-10-06T00:29:07.449491+00:00,332.89,0.0401800012588501,0.0031766010136492747,0.2116633544603646
AAPL261030C00205000,2026-09-29 16:35:29+00:00,205.0,126.88,126.9,130.6,0.0,0.0,,10.0,1.001958115234375,True,REGULAR,USD,Call,2026-10-30,AAPL,2026-10-06T00:29:07.449491+00:00,332.89,0.0401800012588501,0.0031766010136492747,0.2116633544603646
AAPL261030C00210000,2026-09-11 16:46:00+00:00,210.0,125.54,121.95,125.65,0.0,0.0,,1.0,0.9682620361328125,True,REGULAR,USD,Call,2026-10-30,AAPL,2026-10-06T00:29:07.449491+00:00,332.89,0.0401800012588501,0.0031766010136492747,0.2116633544603646
AAPL261030C00215000,2026-09-29 16:35:24+00:00,215.0,117.0,116.95,120.65,0.0,0.0,20.0,21.0,0.9255378540039063,True,REGULAR,USD,Call,2026-10-30,AAPL,2026-10-06T00:29:07.449491+00:00,332.89,0.0401800012588501,0.0031766010136492747,0.2116633544603646
AAPL261030C00220000,2026-10-01 14:12:28+00:00,220.0,110.53,111.95,115.7,0.0,0.0,1.0,12.0,0.8879405737304686,True,REGULAR,USD,Call,2026-10-30,AAPL,2026-10-06T00:29:07.449491+00:00,332.89,0.0401800012588501,0.0031766010136492747,0.2116633544603646
AAPL261030C00225000,2026-09-23 17:20:21+00:00,225.0,113.29,107.0,110.45,0.0,0.0,,1.0,0.8291032714843749,True,REGULAR,USD,Call,2026-10-30,AAPL,2026-10-06T00:29:07.449491+00:00,332.89,0.0401800012588501,0.0031766010136492747,0.2116633544603646
AAPL261030C00240000,2026-10-01 17:08:29+00:00,240.0,89.25,92.05,95.75,0.0,0.0,1.0,39.0,0.7377955908203124,True,REGULAR,USD,Call,2026-10-30,AAPL,2026-10-06T00:29:07.449491+00:00,332.89,0.0401800012588501,0.0031766010136492747,0.2116633544603646
AAPL261030C00245000,2026-09-29 16:35:21+00:00,245.0,87.3,87.1,90.8,0.0,0.0,20.0,13.0,0.7055693505859376,True,REGULAR,USD,Call,2026-10-30,AAPL,2026-10-06T00:29:07.449491+00:00,332.89,0.0401800012588501,0.0031766010136492747,0.2116633544603646
AAPL261030C00250000,2026-10-02 19:55:41+00:00,250.0,84.0,82.1,85.8,0.0,0.0,1.0,59.0,0.6667513793945314,True,REGULAR,USD,Call,2026-10-30,AAPL,2026-10-06T00:29:07.449491+00:00,332.89,0.0401800012588501,0.0031766010136492747,0.2116633544603646
AAPL261030C00255000,2026-10-05 15:34:35+00:00,255.0,79.61,77.15,80.85,-0.69000244,-0.8592807,4.0,75.0,0.6345251391601563,True,REGULAR,USD,Call,2026-10-30,AAPL,2026-10-06T00:29:07.449491+00:00,332.89,0.0401800012588501,0.0031766010136492747,0.2116633544603646
AAPL261030C00260000,2026-10-05 19:39:05+00:00,260.0,74.53,72.2,75.85,5.1299973,7.3919272,1.0,6.0,0.5993692407226563,True,REGULAR,USD,Call,2026-10-30,AAPL,2026-10-06T00:29:07.449491+00:00,332.89,0.0401800012588501,0.0031766010136492747,0.2116633544603646
AAPL261030C00265000,2026-10-05 19:38:23+00:00,265.0,69.85,67.25,70.5,2.25,3.3284025,1.0,13.0,0.5449264257812501,True,REGULAR,USD,Call,2026-10-30,AAPL,2026-10-06T00:29:07.449491+00:00,332.89,0.0401800012588501,0.0031766010136492747,0.2116633544603646
AAPL261030C00270000,2026-10-02 16:36:20+00:00,270.0,64.2,62.3,65.95,0.0,0.0,1.0,28.0,0.534184345703125,True,REGULAR,USD,Call,2026-10-30,AAPL,2026-10-06T00:29:07.449491+00:00,332.89,0.0401800012588501,0.0031766010136492747,0.2116633544603646
AAPL261030C00275000,2026-10-02 17:23:01+00:00,275.0,59.66,57.35,61.0,0.0,0.0,1.0,35.0,0.5013477600097658,True,REGULAR,USD,Call,2026-10-30,AAPL,2026-10-06T00:29:07.449491+00:00,332.89,0.0401800012588501,0.0031766010136492747,0.2116633544603646
AAPL261030C00280000,2026-10-05 16:00:07+00:00,280.0,54.88,52.4,55.65,0.70000076,1.2919911,1.0,59.0,0.5694623132324219,True,REGULAR,USD,Call,2026-10-30,AAPL,2026-10-06T00:29:07.449491+00:00,332.89,0.0401800012588501,0.0031766010136492747,0.2116633544603646
AAPL261030C00285000,2026-10-02 14:07:56+00:00,285.0,49.0,47.5,51.2,0.0,0.0,2.0,70.0,0.5579878186035157,True,REGULAR,USD,Call,2026-10-30,AAPL,2026-10-06T00:29:07.449491+00:00,332.89,0.0401800012588501,0.0031766010136492747,0.2116633544603646
AAPL261030C00290000,2026-10-05 16:42:02+00:00,290.0,45.83,42.65,46.35,2.3600006,5.429033,2.0,131.0,0.5216112292480468,True,REGULAR,USD,Call,2026-10-30,AAPL,2026-10-06T00:29:07.449491+00:00,332.89,0.0401800012588501,0.0031766010136492747,0.2116633544603646
AAPL261030C00295000,2026-10-02 19:59:59+00:00,295.0,40.35,37.9,41.55,0.0,0.0,11.0,230.0,0.4866994689941406,True,REGULAR,USD,Call,2026-10-30,AAPL,2026-10-06T00:29:07.449491+00:00,332.89,0.0401800012588501,0.0031766010136492747,0.2116633544603646
AAPL261030C00300000,2026-10-05 18:43:07+00:00,300.0,34.75,33.65,36.3,-0.8499985,-2.3876362,6.0,176.0,0.42981527221679694,True,REGULAR,USD,Call,2026-10-30,AAPL,2026-10-06T00:29:07.449491+00:00,332.89,0.0401800012588501,0.0031766010136492747,0.2116633544603646
AAPL261030C00305000,2026-10-05 17:50:07+00:00,305.0,30.5,28.6,31.25,-0.42000008,-1.3583443,1.0,70.0,0.3825745336914062,True,REGULAR,USD,Call,2026-10-30,AAPL,2026-10-06T00:29:07.449491+00:00,332.89,0.0401800012588501,0.0031766010136492747,0.2116633544603646
AAPL261030C00310000,2026-10-05 15:51:53+00:00,310.0,26.57,24.25,27.2,0.069999695,0.26414979,3.0,134.0,0.37500625,True,REGULAR,USD,Call,2026-10-30,AAPL,2026-10-06T00:29:07.449491+00:00,332.89,0.0401800012588501,0.0031766010136492747,0.2116633544603646
AAPL261030C00315000,2026-10-05 19:42:37+00:00,315.0,21.79,20.15,22.75,-0.7599983,-3.370281,15.0,414.0,0.3458317370605468,True,REGULAR,USD,Call,2026-10-30,AAPL,2026-10-06T00:29:07.449491+00:00,332.89,0.0401800012588501,0.0031766010136492747,0.2116633544603646
AAPL261030C00320000,2026-10-05 19:57:58+00:00,320.0,17.79,17.0,18.9,-1.0199986,-5.42264,96.0,427.0,0.33179379150390625,True,REGULAR,USD,Call,2026-10-30,AAPL,2026-10-06T00:29:07.449491+00:00,332.89,0.0401800012588501,0.0031766010136492747,0.2116633544603646
AAPL261030C00325000,2026-10-05 19:55:45+00:00,325.0,14.0,14.0,14.8,-1.1999998,-7.894736,88.0,435.0,0.302314105834961,True,REGULAR,USD,Call,2026-10-30,AAPL,2026-10-06T00:29:07.449491+00:00,332.89,0.0401800012588501,0.0031766010136492747,0.2116633544603646
AAPL261030C00330000,2026-10-05 19:59:54+00:00,330.0,11.25,11.05,11.5,-0.8100004,-6.7164216,1220.0,1594.0,0.2887034020996093,True,REGULAR,USD,Call,2026-10-30,AAPL,2026-10-06T00:29:07.449491+00:00,332.89,0.0401800012588501,0.0031766010136492747,0.2116633544603646
AAPL261030C00335000,2026-10-05 19:59:35+00:00,335.0,8.47,8.3,8.95,-0.8299999,-8.92473,1056.0,2568.0,0.2859568475341796,False,REGULAR,USD,Call,2026-10-30,AAPL,2026-10-06T00:29:07.449491+00:00,332.89,0.0401800012588501,0.0031766010136492747,0.2116633544603646
AAPL261030C00340000,2026-10-05 19:57:55+00:00,340.0,6.32,6.1,6.5,-0.62999964,-9.064743,1617.0,1952.0,0.27448235290527345,False,REGULAR,USD,Call,2026-10-30,AAPL,2026-10-06T00:29:07.449491+00:00,332.89,0.0401800012588501,0.0031766010136492747,0.2116633544603646
AAPL261030C00345000,2026-10-05 19:58:25+00:00,345.0,4.3,4.3,4.65,-0.48999977,-10.22964,703.0,2115.0,0.26856200195312496,False,REGULAR,USD,Call,2026-10-30,AAPL,2026-10-06T00:29:07.449491+00:00,332.89,0.0401800012588501,0.0031766010136492747,0.2116633544603646
AAPL261030C00350000,2026-10-05 19:59:41+00:00,350.0,3.02,2.97,3.2,-0.46000004,-13.218391,1244.0,3932.0,0.26306889282226564,False,REGULAR,USD,Call,2026-10-30,AAPL,2026-10-06T00:29:07.449491+00:00,332.89,0.0401800012588501,0.0031766010136492747,0.2116633544603646
AAPL261030C00355000,2026-10-05 19:57:36+00:00,355.0,2.04,1.89,2.29,-0.28999996,-12.446351,277.0,2716.0,0.26557130920410155,False,REGULAR,USD,Call,2026-10-30,AAPL,2026-10-06T00:29:07.449491+00:00,332.89,0.0401800012588501,0.0031766010136492747,0.2116633544603646
AAPL261030C00360000,2026-10-05 19:59:02+00:00,360.0,1.36,1.26,1.44,-0.16999996,-11.111109,382.0,2914.0,0.25891854370117195,False,REGULAR,USD,Call,2026-10-30,AAPL,2026-10-06T00:29:07.449491+00:00,332.89,0.0401800012588501,0.0031766010136492747,0.2116633544603646
AAPL261030C00365000,2026-10-05 19:38:44+00:00,365.0,0.9,0.76,0.97,-0.100000024,-10.000002,154.0,3347.0,0.26050544189453123,False,REGULAR,USD,Call,2026-10-30,AAPL,2026-10-06T00:29:07.449491+00:00,332.89,0.0401800012588501,0.0031766010136492747,0.2116633544603646
AAPL261030C00370000,2026-10-05 19:48:41+00:00,370.0,0.55,0.5,0.63,-0.07999998,-12.69841,316.0,3293.0,0.26099371826171874,False,REGULAR,USD,Call,2026-10-30,AAPL,2026-10-06T00:29:07.449491+00:00,332.89,0.0401800012588501,0.0031766010136492747,0.2116633544603646
AAPL261030C00375000,2026-10-05 19:52:48+00:00,375.0,0.35,0.33,0.38,-0.06999999,-16.666664,159.0,715.0,0.2590406127929688,False,REGULAR,USD,Call,2026-10-30,AAPL,2026-10-06T00:29:07.449491+00:00,332.89,0.0401800012588501,0.0031766010136492747,0.2116633544603646
AAPL261030C00380000,2026-10-05 19:45:03+00:00,380.0,0.22,0.17,0.31,-0.050000012,-18.518522,166.0,488.0,0.27197993652343744,False,REGULAR,USD,Call,2026-10-30,AAPL,2026-10-06T00:29:07.449491+00:00,332.89,0.0401800012588501,0.0031766010136492747,0.2116633544603646
AAPL261030C00385000,2026-10-05 18:52:45+00:00,385.0,0.14,0.1,0.21,-0.030000001,-17.647058,21.0,235.0,0.2756420092773437,False,REGULAR,USD,Call,2026-10-30,AAPL,2026-10-06T00:29:07.449491+00:00,332.89,0.0401800012588501,0.0031766010136492747,0.2116633544603646
AAPL261030C00390000,2026-10-05 19:57:26+00:00,390.0,0.11,0.0,0.16,-0.009999998,-8.333331,6.0,143.0,0.2841868457031249,False,REGULAR,USD,Call,2026-10-30,AAPL,2026-10-06T00:29:07.449491+00:00,332.89,0.0401800012588501,0.0031766010136492747,0.2116633544603646
AAPL261030C00395000,2026-10-02 19:58:26+00:00,395.0,0.1,0.05,0.18,0.0,0.0,28.0,80.0,0.3086006640625,False,REGULAR,USD,Call,2026-10-30,AAPL,2026-10-06T00:29:07.449491+00:00,332.89,0.0401800012588501,0.0031766010136492747,0.2116633544603646
AAPL261030C00400000,2026-10-05 19:54:40+00:00,400.0,0.07,0.01,0.13,0.0,0.0,11.0,608.0,0.313483427734375,False,REGULAR,USD,Call,2026-10-30,AAPL,2026-10-06T00:29:07.449491+00:00,332.89,0.0401800012588501,0.0031766010136492747,0.2116633544603646
AAPL261030C00405000,2026-10-05 17:21:37+00:00,405.0,0.02,0.01,0.13,-0.030000001,-60.0,125.0,219.0,0.331061376953125,False,REGULAR,USD,Call,2026-10-30,AAPL,2026-10-06T00:29:07.449491+00:00,332.89,0.0401800012588501,0.0031766010136492747,0.2116633544603646
AAPL261030C00410000,2026-10-01 16:23:06+00:00,410.0,0.04,0.0,0.18,0.0,0.0,3.0,25.0,0.36426416992187505,False,REGULAR,USD,Call,2026-10-30,AAPL,2026-10-06T00:29:07.449491+00:00,332.89,0.0401800012588501,0.0031766010136492747,0.2116633544603646
AAPL261030C00415000,2026-10-05 13:30:02+00:00,415.0,0.1,0.0,0.23,0.030000001,42.857143,1.0,29.0,0.39600213378906257,False,REGULAR,USD,Call,2026-10-30,AAPL,2026-10-06T00:29:07.449491+00:00,332.89,0.0401800012588501,0.0031766010136492747,0.2116633544603646
AAPL261030P00185000,2026-10-05 18:17:00+00:00,185.0,0.05,0.01,0.02,-0.15,-75.0,46.0,5.0,0.73437765625,False,REGULAR,USD,Put,2026-10-30,AAPL,2026-10-06T00:29:07.449491+00:00,332.89,0.0401800012588501,0.0031766010136492747,0.2116633544603646
AAPL261030P00190000,2026-10-05 18:15:41+00:00,190.0,0.05,0.01,0.02,-0.17,-77.27273,27.0,11.0,0.70312796875,False,REGULAR,USD,Put,2026-10-30,AAPL,2026-10-06T00:29:07.449491+00:00,332.89,0.0401800012588501,0.0031766010136492747,0.2116633544603646
AAPL261030P00200000,2026-10-05 18:16:05+00:00,200.0,0.03,0.0,0.25,-0.08,-72.72727,7.0,1.0,0.7949239257812499,False,REGULAR,USD,Put,2026-10-30,AAPL,2026-10-06T00:29:07.449491+00:00,332.89,0.0401800012588501,0.0031766010136492747,0.2116633544603646
AAPL261030P00215000,2026-09-21 13:37:41+00:00,215.0,0.29,0.0,0.37,0.0,0.0,,3.0,0.725588681640625,False,REGULAR,USD,Put,2026-10-30,AAPL,2026-10-06T00:29:07.449491+00:00,332.89,0.0401800012588501,0.0031766010136492747,0.2116633544603646
AAPL261030P00220000,2026-10-01 15:02:49+00:00,220.0,0.02,0.0,0.2,0.0,0.0,18.0,21.0,0.64062859375,False,REGULAR,USD,Put,2026-10-30,AAPL,2026-10-06T00:29:07.449491+00:00,332.89,0.0401800012588501,0.0031766010136492747,0.2116633544603646
AAPL261030P00225000,2026-10-01 17:24:35+00:00,225.0,0.06,0.0,0.29,0.0,0.0,,113.0,0.637698935546875,False,REGULAR,USD,Put,2026-10-30,AAPL,2026-10-06T00:29:07.449491+00:00,332.89,0.0401800012588501,0.0031766010136492747,0.2116633544603646
AAPL261030P00230000,2026-09-30 14:32:01+00:00,230.0,0.04,0.0,0.2,0.0,0.0,,103.0,0.57812921875,False,REGULAR,USD,Put,2026-10-30,AAPL,2026-10-06T00:29:07.449491+00:00,332.89,0.0401800012588501,0.0031766010136492747,0.2116633544603646
AAPL261030P00235000,2026-10-02 14:40:25+00:00,235.0,0.04,0.0,0.18,0.0,0.0,50.0,51.0,0.5410202148437502,False,REGULAR,USD,Put,2026-10-30,AAPL,2026-10-06T00:29:07.449491+00:00,332.89,0.0401800012588501,0.0031766010136492747,0.2116633544603646
AAPL261030P00240000,2026-10-05 19:47:12+00:00,240.0,0.01,0.0,0.13,-0.11,-91.66667,98.0,33.0,0.5351608984375,False,REGULAR,USD,Put,2026-10-30,AAPL,2026-10-06T00:29:07.449491+00:00,332.89,0.0401800012588501,0.0031766010136492747,0.2116633544603646
AAPL261030P00245000,2026-10-05 15:54:55+00:00,245.0,0.07,0.0,0.1,0.02,40.0,17.0,124.0,0.48828636718750007,False,REGULAR,USD,Put,2026-10-30,AAPL,2026-10-06T00:29:07.449491+00:00,332.89,0.0401800012588501,0.0031766010136492747,0.2116633544603646
AAPL261030P00250000,2026-10-01 17:09:39+00:00,250.0,0.11,0.0,0.15,0.0,0.0,5.0,262.0,0.48438015625,False,REGULAR,USD,Put,2026-10-30,AAPL,2026-10-06T00:29:07.449491+00:00,332.89,0.0401800012588501,0.0031766010136492747,0.2116633544603646
AAPL261030P00255000,2026-10-05 19:20:05+00:00,255.0,0.1,0.04,0.19,-0.04,-28.571428,1.0,279.0,0.46924358886718753,False,REGULAR,USD,Put,2026-10-30,AAPL,2026-10-06T00:29:07.449491+00:00,332.89,0.0401800012588501,0.0031766010136492747,0.2116633544603646
AAPL261030P00260000,2026-10-05 19:21:47+00:00,260.0,0.1,0.03,0.2,0.009999998,11.111108,252.0,128.0,0.442388388671875,False,REGULAR,USD,Put,2026-10-30,AAPL,2026-10-06T00:29:07.449491+00:00,332.89,0.0401800012588501,0.0031766010136492747,0.2116633544603646
AAPL261030P00265000,2026-10-05 19:58:48+00:00,265.0,0.12,0.11,0.27,0.04,50.0,3.0,109.0,0.43164630859375,False,REGULAR,USD,Put,2026-10-30,AAPL,2026-10-06T00:29:07.449491+00:00,332.89,0.0401800012588501,0.0031766010136492747,0.2116633544603646
AAPL261030P00270000,2026-10-05 17:33:14+00:00,270.0,0.17,0.13,0.19,0.010000005,6.2500033,5.0,567.0,0.379889013671875,False,REGULAR,USD,Put,2026-10-30,AAPL,2026-10-06T00:29:07.449491+00:00,332.89,0.0401800012588501,0.0031766010136492747,0.2116633544603646
AAPL261030P00275000,2026-10-05 19:04:37+00:00,275.0,0.2,0.11,0.33,-0.049999997,-19.999998,43.0,300.0,0.3830628100585937,False,REGULAR,USD,Put,2026-10-30,AAPL,2026-10-06T00:29:07.449491+00:00,332.89,0.0401800012588501,0.0031766010136492747,0.2116633544603646
AAPL261030P00280000,2026-10-05 19:15:53+00:00,280.0,0.18,0.14,0.43,-0.13999999,-43.749996,39.0,134.0,0.36914693359375,False,REGULAR,USD,Put,2026-10-30,AAPL,2026-10-06T00:29:07.449491+00:00,332.89,0.0401800012588501,0.0031766010136492747,0.2116633544603646
AAPL261030P00285000,2026-10-05 19:40:13+00:00,285.0,0.35,0.26,0.38,-0.14000002,-28.571432,13.0,211.0,0.3298406860351562,False,REGULAR,USD,Put,2026-10-30,AAPL,2026-10-06T00:29:07.449491+00:00,332.89,0.0401800012588501,0.0031766010136492747,0.2116633544603646
AAPL261030P00290000,2026-10-05 18:21:57+00:00,290.0,0.52,0.46,0.56,-0.110000014,-17.460321,81.0,682.0,0.32227240234374993,False,REGULAR,USD,Put,2026-10-30,AAPL,2026-10-06T00:29:07.449491+00:00,332.89,0.0401800012588501,0.0031766010136492747,0.2116633544603646
AAPL261030P00295000,2026-10-05 19:44:36+00:00,295.0,0.7,0.58,0.8,-0.07999998,-10.256408,27.0,551.0,0.313483427734375,False,REGULAR,USD,Put,2026-10-30,AAPL,2026-10-06T00:29:07.449491+00:00,332.89,0.0401800012588501,0.0031766010136492747,0.2116633544603646
AAPL261030P00300000,2026-10-05 19:57:14+00:00,300.0,1.0,0.92,1.13,-0.14999998,-13.043477,165.0,1309.0,0.3043282458496094,False,REGULAR,USD,Put,2026-10-30,AAPL,2026-10-06T00:29:07.449491+00:00,332.89,0.0401800012588501,0.0031766010136492747,0.2116633544603646
AAPL261030P00305000,2026-10-05 19:47:16+00:00,305.0,1.45,1.32,1.48,-0.099999905,-6.4516068,230.0,864.0,0.2893137475585937,False,REGULAR,USD,Put,2026-10-30,AAPL,2026-10-06T00:29:07.449491+00:00,332.89,0.0401800012588501,0.0031766010136492747,0.2116633544603646
AAPL261030P00310000,2026-10-05 19:40:49+00:00,310.0,1.97,1.88,2.22,-0.30999994,-13.596489,254.0,1315.0,0.2872385729980468,False,REGULAR,USD,Put,2026-10-30,AAPL,2026-10-06T00:29:07.449491+00:00,332.89,0.0401800012588501,0.0031766010136492747,0.2116633544603646
AAPL261030P00315000,2026-10-05 19:57:42+00:00,315.0,2.98,2.56,2.96,-0.119999886,-3.870964,507.0,1889.0,0.27484856018066406,False,REGULAR,USD,Put,2026-10-30,AAPL,2026-10-06T00:29:07.449491+00:00,332.89,0.0401800012588501,0.0031766010136492747,0.2116633544603646
AAPL261030P00320000,2026-10-05 19:58:36+00:00,320.0,3.98,3.65,4.1,-0.25999975,-6.13207,562.0,1869.0,0.2681347601318359,False,REGULAR,USD,Put,2026-10-30,AAPL,2026-10-06T00:29:07.449491+00:00,332.89,0.0401800012588501,0.0031766010136492747,0.2116633544603646
AAPL261030P00325000,2026-10-05 19:59:24+00:00,325.0,5.4,5.15,5.5,-0.1500001,-2.7027044,99.0,839.0,0.2590406127929688,False,REGULAR,USD,Put,2026-10-30,AAPL,2026-10-06T00:29:07.449491+00:00,332.89,0.0401800012588501,0.0031766010136492747,0.2116633544603646
AAPL261030P00330000,2026-10-05 19:57:27+00:00,330.0,7.3,7.0,7.55,-0.2999997,-3.9473648,366.0,1096.0,0.2578809564208985,False,REGULAR,USD,Put,2026-10-30,AAPL,2026-10-06T00:29:07.449491+00:00,332.89,0.0401800012588501,0.0031766010136492747,0.2116633544603646
AAPL261030P00335000,2026-10-05 19:44:37+00:00,335.0,9.65,9.2,9.85,-0.15000057,-1.5306181,47.0,604.0,0.2511671563720703,True,REGULAR,USD,Put,2026-10-30,AAPL,2026-10-06T00:29:07.449491+00:00,332.89,0.0401800012588501,0.0031766010136492747,0.2116633544603646
AAPL261030P00340000,2026-10-05 15:34:22+00:00,340.0,11.91,11.75,13.0,-0.21000004,-1.7326736,19.0,672.0,0.2563550927734375,True,REGULAR,USD,Put,2026-10-30,AAPL,2026-10-06T00:29:07.449491+00:00,332.89,0.0401800012588501,0.0031766010136492747,0.2116633544603646
AAPL261030P00345000,2026-10-05 15:37:27+00:00,345.0,15.19,14.55,16.4,-0.70000076,-4.405291,98.0,330.0,0.25702647277832036,True,REGULAR,USD,Put,2026-10-30,AAPL,2026-10-06T00:29:07.449491+00:00,332.89,0.0401800012588501,0.0031766010136492747,0.2116633544603646
AAPL261030P00350000,2026-10-01 15:44:45+00:00,350.0,24.37,17.55,20.95,0.0,0.0,5.0,93.0,0.28601788208007806,True,REGULAR,USD,Put,2026-10-30,AAPL,2026-10-06T00:29:07.449491+00:00,332.89,0.0401800012588501,0.0031766010136492747,0.2116633544603646
AAPL261030P00355000,2026-10-05 15:42:23+00:00,355.0,22.4,21.9,24.95,-0.5699997,-2.4814963,1.0,17.0,0.28839822937011705,True,REGULAR,USD,Put,2026-10-30,AAPL,2026-10-06T00:29:07.449491+00:00,332.89,0.0401800012588501,0.0031766010136492747,0.2116633544603646
AAPL261030P00360000,2026-10-01 13:30:21+00:00,360.0,29.8,26.35,28.9,0.0,0.0,2.0,40.0,0.2771068383789062,True,REGULAR,USD,Put,2026-10-30,AAPL,2026-10-06T00:29:07.449491+00:00,332.89,0.0401800012588501,0.0031766010136492747,0.2116633544603646
AAPL261030P00365000,2026-09-30 16:06:01+00:00,365.0,28.5,30.7,34.0,0.0,0.0,1.0,4.0,0.3143379113769531,True,REGULAR,USD,Put,2026-10-30,AAPL,2026-10-06T00:29:07.449491+00:00,332.89,0.0401800012588501,0.0031766010136492747,0.2116633544603646
AAPL261030P00370000,2026-10-01 13:30:03+00:00,370.0,39.85,35.55,38.8,0.0,0.0,35.0,17.0,0.33423517333984376,True,REGULAR,USD,Put,2026-10-30,AAPL,2026-10-06T00:29:07.449491+00:00,332.89,0.0401800012588501,0.0031766010136492747,0.2116633544603646
AAPL261030P00375000,2026-09-28 13:48:01+00:00,375.0,33.42,40.3,43.75,0.0,0.0,1.0,0.0,0.3606020971679687,True,REGULAR,USD,Put,2026-10-30,AAPL,2026-10-06T00:29:07.449491+00:00,332.89,0.0401800012588501,0.0031766010136492747,0.2116633544603646
AAPL261030P00380000,2026-10-05 15:16:47+00:00,380.0,46.28,45.5,47.5,-2.920002,-5.9349627,56.0,2.0,0.2834544311523437,True,REGULAR,USD,Put,2026-10-30,AAPL,2026-10-06T00:29:07.449491+00:00,332.89,0.0401800012588501,0.0031766010136492747,0.2116633544603646
AAPL261030P00390000,2026-09-23 17:10:10+00:00,390.0,52.25,55.3,58.75,0.0,0.0,2.0,0.0,0.4425104577636719,True,REGULAR,USD,Put,2026-10-30,AAPL,2026-10-06T00:29:07.449491+00:00,332.89,0.0401800012588501,0.0031766010136492747,0.2116633544603646
AAPL261106C00200000,2026-10-01 19:58:44+00:00,200.0,131.5,132.1,135.35,0.0,0.0,,13.0,0.91992267578125,True,REGULAR,USD,Call,2026-11-06,AAPL,2026-10-06T00:29:07.449491+00:00,332.89,0.0401800012588501,0.0031766010136492747,0.2116633544603646
AAPL261106C00210000,2026-09-25 17:01:31+00:00,210.0,130.56,122.15,125.4,0.0,0.0,19.0,19.0,0.851563984375,True,REGULAR,USD,Call,2026-11-06,AAPL,2026-10-06T00:29:07.449491+00:00,332.89,0.0401800012588501,0.0031766010136492747,0.2116633544603646
AAPL261106C00225000,2026-09-29 16:27:55+00:00,225.0,107.3,107.2,110.45,0.0,0.0,201.0,104.0,0.7482935327148439,True,REGULAR,USD,Call,2026-11-06,AAPL,2026-10-06T00:29:07.449491+00:00,332.89,0.0401800012588501,0.0031766010136492747,0.2116633544603646
AAPL261106C00230000,2026-09-29 13:56:41+00:00,230.0,104.41,102.25,104.85,0.0,0.0,,1.0,0.6689486230468751,True,REGULAR,USD,Call,2026-11-06,AAPL,2026-10-06T00:29:07.449491+00:00,332.89,0.0401800012588501,0.0031766010136492747,0.2116633544603646
AAPL261106C00235000,2026-10-05 14:38:41+00:00,235.0,99.63,97.25,100.55,1.25,1.2705835,1.0,200.0,0.6872589868164063,True,REGULAR,USD,Call,2026-11-06,AAPL,2026-10-06T00:29:07.449491+00:00,332.89,0.0401800012588501,0.0031766010136492747,0.2116633544603646
AAPL261106C00240000,2026-09-29 16:26:46+00:00,240.0,92.3,92.3,95.55,0.0,0.0,,149.0,0.6552768847656252,True,REGULAR,USD,Call,2026-11-06,AAPL,2026-10-06T00:29:07.449491+00:00,332.89,0.0401800012588501,0.0031766010136492747,0.2116633544603646
AAPL261106C00245000,2026-10-02 17:12:10+00:00,245.0,89.56,87.35,90.6,0.0,0.0,1.0,101.0,0.6264685791015626,True,REGULAR,USD,Call,2026-11-06,AAPL,2026-10-06T00:29:07.449491+00:00,332.89,0.0401800012588501,0.0031766010136492747,0.2116633544603646
AAPL261106C00250000,2026-09-29 16:26:00+00:00,250.0,82.4,82.4,86.05,0.0,0.0,,50.0,0.6184120190429689,True,REGULAR,USD,Call,2026-11-06,AAPL,2026-10-06T00:29:07.449491+00:00,332.89,0.0401800012588501,0.0031766010136492747,0.2116633544603646
AAPL261106C00255000,2026-10-02 14:32:58+00:00,255.0,80.1,77.45,81.1,0.0,0.0,2.0,51.0,0.5881388842773438,True,REGULAR,USD,Call,2026-11-06,AAPL,2026-10-06T00:29:07.449491+00:00,332.89,0.0401800012588501,0.0031766010136492747,0.2116633544603646
AAPL261106C00260000,2026-09-30 13:58:13+00:00,260.0,76.18,72.5,76.15,0.0,0.0,,10.0,0.5578657495117189,True,REGULAR,USD,Call,2026-11-06,AAPL,2026-10-06T00:29:07.449491+00:00,332.89,0.0401800012588501,0.0031766010136492747,0.2116633544603646
AAPL261106C00270000,2026-10-01 13:51:26+00:00,270.0,61.5,62.65,65.85,0.0,0.0,2.0,100.0,0.5910685424804689,True,REGULAR,USD,Call,2026-11-06,AAPL,2026-10-06T00:29:07.449491+00:00,332.89,0.0401800012588501,0.0031766010136492747,0.2116633544603646
AAPL261106C00275000,2026-10-02 17:23:01+00:00,275.0,60.09,57.7,60.95,0.0,0.0,1.0,4.0,0.5579878186035157,True,REGULAR,USD,Call,2026-11-06,AAPL,2026-10-06T00:29:07.449491+00:00,332.89,0.0401800012588501,0.0031766010136492747,0.2116633544603646
AAPL261106C00280000,2026-10-05 16:00:07+00:00,280.0,55.3,52.85,56.1,1.7999992,3.3644845,2.0,41.0,0.5271043383789062,True,REGULAR,USD,Call,2026-11-06,AAPL,2026-10-06T00:29:07.449491+00:00,332.89,0.0401800012588501,0.0031766010136492747,0.2116633544603646
AAPL261106C00285000,2026-10-02 16:43:35+00:00,285.0,50.17,48.0,51.25,0.0,0.0,3.0,9.0,0.4955494781494141,True,REGULAR,USD,Call,2026-11-06,AAPL,2026-10-06T00:29:07.449491+00:00,332.89,0.0401800012588501,0.0031766010136492747,0.2116633544603646
AAPL261106C00290000,2026-10-01 13:40:52+00:00,290.0,44.7,43.2,46.45,0.0,0.0,3.0,52.0,0.4655204815673829,True,REGULAR,USD,Call,2026-11-06,AAPL,2026-10-06T00:29:07.449491+00:00,332.89,0.0401800012588501,0.0031766010136492747,0.2116633544603646
AAPL261106C00295000,2026-10-05 19:00:44+00:00,295.0,40.0,39.65,41.7,-1.0600014,-2.5815911,20.0,96.0,0.43646803771972653,True,REGULAR,USD,Call,2026-11-06,AAPL,2026-10-06T00:29:07.449491+00:00,332.89,0.0401800012588501,0.0031766010136492747,0.2116633544603646
AAPL261106C00300000,2026-10-05 19:25:02+00:00,300.0,36.46,34.0,36.5,0.15999985,0.44077092,1.0,56.0,0.3880676428222656,True,REGULAR,USD,Call,2026-11-06,AAPL,2026-10-06T00:29:07.449491+00:00,332.89,0.0401800012588501,0.0031766010136492747,0.2116633544603646
AAPL261106C00305000,2026-10-05 18:52:28+00:00,305.0,31.0,29.6,32.15,-0.39999962,-1.2738842,9.0,67.0,0.37201555725097657,True,REGULAR,USD,Call,2026-11-06,AAPL,2026-10-06T00:29:07.449491+00:00,332.89,0.0401800012588501,0.0031766010136492747,0.2116633544603646
AAPL261106C00310000,2026-10-02 19:33:25+00:00,310.0,26.55,26.0,27.9,-1.2000008,-4.324327,3.0,53.0,0.35510898803710933,True,REGULAR,USD,Call,2026-11-06,AAPL,2026-10-06T00:29:07.449491+00:00,332.89,0.0401800012588501,0.0031766010136492747,0.2116633544603646
AAPL261106C00315000,2026-10-05 18:52:58+00:00,315.0,23.1,21.95,23.75,-0.29999924,-1.282048,17.0,63.0,0.33667655517578127,True,REGULAR,USD,Call,2026-11-06,AAPL,2026-10-06T00:29:07.449491+00:00,332.89,0.0401800012588501,0.0031766010136492747,0.2116633544603646
AAPL261106C00320000,2026-10-05 19:48:07+00:00,320.0,19.33,17.5,20.0,1.0300007,5.6284194,6.0,24.0,0.32459171508789053,True,REGULAR,USD,Call,2026-11-06,AAPL,2026-10-06T00:29:07.449491+00:00,332.89,0.0401800012588501,0.0031766010136492747,0.2116633544603646
AAPL261106C00325000,2026-10-05 19:47:28+00:00,325.0,16.0,14.6,16.25,-0.25,-1.5384616,8.0,35.0,0.30609824768066407,True,REGULAR,USD,Call,2026-11-06,AAPL,2026-10-06T00:29:07.449491+00:00,332.89,0.0401800012588501,0.0031766010136492747,0.2116633544603646
AAPL261106C00330000,2026-10-05 19:56:24+00:00,330.0,12.34,12.35,12.85,-1.0100002,-7.5655446,259.0,292.0,0.2898630584716796,True,REGULAR,USD,Call,2026-11-06,AAPL,2026-10-06T00:29:07.449491+00:00,332.89,0.0401800012588501,0.0031766010136492747,0.2116633544603646
AAPL261106C00335000,2026-10-05 19:58:44+00:00,335.0,9.85,9.55,10.1,-0.5999994,-5.7416215,470.0,313.0,0.2820506365966796,False,REGULAR,USD,Call,2026-11-06,AAPL,2026-10-06T00:29:07.449491+00:00,332.89,0.0401800012588501,0.0031766010136492747,0.2116633544603646
AAPL261106C00340000,2026-10-05 19:59:49+00:00,340.0,7.5,7.3,8.0,-0.3499999,-4.4585977,120.0,521.0,0.2818064984130859,False,REGULAR,USD,Call,2026-11-06,AAPL,2026-10-06T00:29:07.449491+00:00,332.89,0.0401800012588501,0.0031766010136492747,0.2116633544603646
AAPL261106C00345000,2026-10-05 19:43:42+00:00,345.0,5.9,5.35,5.8,-0.19999981,-3.2786853,93.0,430.0,0.26959958923339844,False,REGULAR,USD,Call,2026-11-06,AAPL,2026-10-06T00:29:07.449491+00:00,332.89,0.0401800012588501,0.0031766010136492747,0.2116633544603646
AAPL261106C00350000,2026-10-05 19:59:57+00:00,350.0,3.94,3.9,4.25,-0.50999975,-11.4606695,364.0,3162.0,0.26532717102050785,False,REGULAR,USD,Call,2026-11-06,AAPL,2026-10-06T00:29:07.449491+00:00,332.89,0.0401800012588501,0.0031766010136492747,0.2116633544603646
AAPL261106C00355000,2026-10-05 19:43:15+00:00,355.0,2.81,2.59,3.1,-0.36000013,-11.356471,85.0,569.0,0.26392337646484376,False,REGULAR,USD,Call,2026-11-06,AAPL,2026-10-06T00:29:07.449491+00:00,332.89,0.0401800012588501,0.0031766010136492747,0.2116633544603646
AAPL261106C00360000,2026-10-05 19:54:00+00:00,360.0,2.03,1.88,2.14,-0.31999993,-13.617019,420.0,4131.0,0.25965095825195317,False,REGULAR,USD,Call,2026-11-06,AAPL,2026-10-06T00:29:07.449491+00:00,332.89,0.0401800012588501,0.0031766010136492747,0.2116633544603646
AAPL261106C00365000,2026-10-05 18:26:55+00:00,365.0,1.3,1.33,1.51,-0.25,-16.129032,119.0,424.0,0.25965095825195317,False,REGULAR,USD,Call,2026-11-06,AAPL,2026-10-06T00:29:07.449491+00:00,332.89,0.0401800012588501,0.0031766010136492747,0.2116633544603646
AAPL261106C00370000,2026-10-05 19:03:58+00:00,370.0,0.9,0.72,1.06,-0.07000005,-7.2165,115.0,164.0,0.26050544189453123,False,REGULAR,USD,Call,2026-11-06,AAPL,2026-10-06T00:29:07.449491+00:00,332.89,0.0401800012588501,0.0031766010136492747,0.2116633544603646
AAPL261106C00375000,2026-10-05 19:34:19+00:00,375.0,0.6,0.49,0.73,-0.120000005,-16.666666,48.0,567.0,0.2612378564453125,False,REGULAR,USD,Call,2026-11-06,AAPL,2026-10-06T00:29:07.449491+00:00,332.89,0.0401800012588501,0.0031766010136492747,0.2116633544603646
AAPL261106C00380000,2026-10-05 15:27:20+00:00,380.0,0.41,0.27,0.46,-0.060000002,-12.765958,117.0,229.0,0.2580640600585938,False,REGULAR,USD,Call,2026-11-06,AAPL,2026-10-06T00:29:07.449491+00:00,332.89,0.0401800012588501,0.0031766010136492747,0.2116633544603646
AAPL261106C00385000,2026-10-05 17:32:12+00:00,385.0,0.28,0.25,0.34,-0.109999985,-28.205124,31.0,54.0,0.26367923828125,False,REGULAR,USD,Call,2026-11-06,AAPL,2026-10-06T00:29:07.449491+00:00,332.89,0.0401800012588501,0.0031766010136492747,0.2116633544603646
AAPL261106C00390000,2026-10-05 15:58:43+00:00,390.0,0.19,0.06,0.21,-0.010000005,-5.0000024,3.0,227.0,0.2617261328125,False,REGULAR,USD,Call,2026-11-06,AAPL,2026-10-06T00:29:07.449491+00:00,332.89,0.0401800012588501,0.0031766010136492747,0.2116633544603646
AAPL261106C00395000,2026-10-05 18:56:42+00:00,395.0,0.11,0.01,0.17,-0.019999996,-15.384612,16.0,56.0,0.270515107421875,False,REGULAR,USD,Call,2026-11-06,AAPL,2026-10-06T00:29:07.449491+00:00,332.89,0.0401800012588501,0.0031766010136492747,0.2116633544603646
AAPL261106C00400000,2026-10-05 18:59:23+00:00,400.0,0.06,0.05,0.17,-0.06,-50.0,13.0,239.0,0.28711650390624993,False,REGULAR,USD,Call,2026-11-06,AAPL,2026-10-06T00:29:07.449491+00:00,332.89,0.0401800012588501,0.0031766010136492747,0.2116633544603646
AAPL261106C00405000,2026-10-05 18:17:05+00:00,405.0,0.06,0.01,0.1,0.0,0.0,4.0,17.0,0.28321029296874994,False,REGULAR,USD,Call,2026-11-06,AAPL,2026-10-06T00:29:07.449491+00:00,332.89,0.0401800012588501,0.0031766010136492747,0.2116633544603646
AAPL261106C00410000,2026-10-05 18:17:12+00:00,410.0,0.1,0.01,0.1,-0.009999998,-9.090907,1.0,3.0,0.2978585839843749,False,REGULAR,USD,Call,2026-11-06,AAPL,2026-10-06T00:29:07.449491+00:00,332.89,0.0401800012588501,0.0031766010136492747,0.2116633544603646
AAPL261106C00415000,2026-10-02 17:31:38+00:00,415.0,0.1,0.01,0.1,0.0,0.0,1.0,6.0,0.3129951513671875,False,REGULAR,USD,Call,2026-11-06,AAPL,2026-10-06T00:29:07.449491+00:00,332.89,0.0401800012588501,0.0031766010136492747,0.2116633544603646
AAPL261106P00200000,2026-10-05 19:08:59+00:00,200.0,0.09,0.01,0.39,0.050000004,125.000015,1.0,1.0,0.74414318359375,False,REGULAR,USD,Put,2026-11-06,AAPL,2026-10-06T00:29:07.449491+00:00,332.89,0.0401800012588501,0.0031766010136492747,0.2116633544603646
AAPL261106P00205000,2026-09-29 19:37:36+00:00,205.0,0.09,0.0,0.06,0.0,0.0,,1.0,0.57812921875,False,REGULAR,USD,Put,2026-11-06,AAPL,2026-10-06T00:29:07.449491+00:00,332.89,0.0401800012588501,0.0031766010136492747,0.2116633544603646
AAPL261106P00210000,2026-09-29 17:16:22+00:00,210.0,0.03,0.0,0.32,0.0,0.0,,21.0,0.6601596484375001,False,REGULAR,USD,Put,2026-11-06,AAPL,2026-10-06T00:29:07.449491+00:00,332.89,0.0401800012588501,0.0031766010136492747,0.2116633544603646
AAPL261106P00215000,2026-09-29 13:55:11+00:00,215.0,0.05,0.0,0.28,0.0,0.0,,0.0,0.6191444335937502,False,REGULAR,USD,Put,2026-11-06,AAPL,2026-10-06T00:29:07.449491+00:00,332.89,0.0401800012588501,0.0031766010136492747,0.2116633544603646
AAPL261106P00220000,2026-10-05 19:09:13+00:00,220.0,0.05,0.02,0.1,0.0,0.0,6.0,1.0,0.5351608984375,False,REGULAR,USD,Put,2026-11-06,AAPL,2026-10-06T00:29:07.449491+00:00,332.89,0.0401800012588501,0.0031766010136492747,0.2116633544603646
AAPL261106P00225000,2026-10-01 14:09:14+00:00,225.0,0.05,0.0,0.13,0.0,0.0,,13.0,0.5136767382812499,False,REGULAR,USD,Put,2026-11-06,AAPL,2026-10-06T00:29:07.449491+00:00,332.89,0.0401800012588501,0.0031766010136492747,0.2116633544603646
AAPL261106P00230000,2026-10-02 15:29:08+00:00,230.0,0.05,0.0,0.16,0.0,0.0,36.0,47.0,0.5419967675781252,False,REGULAR,USD,Put,2026-11-06,AAPL,2026-10-06T00:29:07.449491+00:00,332.89,0.0401800012588501,0.0031766010136492747,0.2116633544603646
AAPL261106P00235000,2026-10-02 14:01:35+00:00,235.0,0.07,0.0,0.18,0.0,0.0,4.0,171.0,0.5214891601562499,False,REGULAR,USD,Put,2026-11-06,AAPL,2026-10-06T00:29:07.449491+00:00,332.89,0.0401800012588501,0.0031766010136492747,0.2116633544603646
AAPL261106P00240000,2026-10-02 18:21:27+00:00,240.0,0.08,0.0,0.16,0.0,0.0,5.0,8.0,0.4858449853515625,False,REGULAR,USD,Put,2026-11-06,AAPL,2026-10-06T00:29:07.449491+00:00,332.89,0.0401800012588501,0.0031766010136492747,0.2116633544603646
AAPL261106P00245000,2026-10-02 18:21:20+00:00,245.0,0.06,0.0,0.17,0.0,0.0,8.0,33.0,0.46191944335937507,False,REGULAR,USD,Put,2026-11-06,AAPL,2026-10-06T00:29:07.449491+00:00,332.89,0.0401800012588501,0.0031766010136492747,0.2116633544603646
AAPL261106P00250000,2026-10-05 15:54:55+00:00,250.0,0.13,0.01,0.19,0.009999998,8.333331,12.0,17.0,0.4419001123046875,False,REGULAR,USD,Put,2026-11-06,AAPL,2026-10-06T00:29:07.449491+00:00,332.89,0.0401800012588501,0.0031766010136492747,0.2116633544603646
AAPL261106P00255000,2026-10-02 14:47:02+00:00,255.0,0.14,0.04,0.29,0.0,0.0,4.0,20.0,0.4414118359375,False,REGULAR,USD,Put,2026-11-06,AAPL,2026-10-06T00:29:07.449491+00:00,332.89,0.0401800012588501,0.0031766010136492747,0.2116633544603646
AAPL261106P00260000,2026-10-02 14:48:19+00:00,260.0,0.16,0.06,0.32,0.0,0.0,6.0,4.0,0.41992767578125,False,REGULAR,USD,Put,2026-11-06,AAPL,2026-10-06T00:29:07.449491+00:00,332.89,0.0401800012588501,0.0031766010136492747,0.2116633544603646
AAPL261106P00265000,2026-10-05 17:27:19+00:00,265.0,0.22,0.11,0.26,-0.099999994,-31.249998,103.0,31.0,0.3794007373046875,False,REGULAR,USD,Put,2026-11-06,AAPL,2026-10-06T00:29:07.449491+00:00,332.89,0.0401800012588501,0.0031766010136492747,0.2116633544603646
AAPL261106P00270000,2026-10-05 15:52:51+00:00,270.0,0.31,0.15,0.32,0.00999999,3.33333,2.0,55.0,0.36426416992187505,False,REGULAR,USD,Put,2026-11-06,AAPL,2026-10-06T00:29:07.449491+00:00,332.89,0.0401800012588501,0.0031766010136492747,0.2116633544603646
AAPL261106P00275000,2026-10-05 19:39:34+00:00,275.0,0.31,0.22,0.4,-0.120000005,-27.906977,34.0,686.0,0.3498600170898437,False,REGULAR,USD,Put,2026-11-06,AAPL,2026-10-06T00:29:07.449491+00:00,332.89,0.0401800012588501,0.0031766010136492747,0.2116633544603646
AAPL261106P00280000,2026-10-05 19:26:46+00:00,280.0,0.41,0.33,0.53,-0.09,-18.0,15.0,76.0,0.3391179370117187,False,REGULAR,USD,Put,2026-11-06,AAPL,2026-10-06T00:29:07.449491+00:00,332.89,0.0401800012588501,0.0031766010136492747,0.2116633544603646
AAPL261106P00285000,2026-10-05 16:59:13+00:00,285.0,0.52,0.48,0.62,-0.13,-20.0,17.0,86.0,0.32031929687499994,False,REGULAR,USD,Put,2026-11-06,AAPL,2026-10-06T00:29:07.449491+00:00,332.89,0.0401800012588501,0.0031766010136492747,0.2116633544603646
AAPL261106P00290000,2026-10-05 19:53:39+00:00,290.0,0.81,0.7,0.88,-0.120000005,-12.903226,30.0,371.0,0.3142158422851562,False,REGULAR,USD,Put,2026-11-06,AAPL,2026-10-06T00:29:07.449491+00:00,332.89,0.0401800012588501,0.0031766010136492747,0.2116633544603646
AAPL261106P00295000,2026-10-05 19:54:07+00:00,295.0,1.04,0.97,1.13,-0.13999999,-11.864406,78.0,316.0,0.3012765185546875,False,REGULAR,USD,Put,2026-11-06,AAPL,2026-10-06T00:29:07.449491+00:00,332.89,0.0401800012588501,0.0031766010136492747,0.2116633544603646
AAPL261106P00300000,2026-10-05 19:53:39+00:00,300.0,1.47,1.31,1.59,-0.06999993,-4.54545,91.0,317.0,0.2957834094238281,False,REGULAR,USD,Put,2026-11-06,AAPL,2026-10-06T00:29:07.449491+00:00,332.89,0.0401800012588501,0.0031766010136492747,0.2116633544603646
AAPL261106P00305000,2026-10-05 19:47:06+00:00,305.0,2.05,1.82,2.15,-0.049999952,-2.3809502,96.0,303.0,0.28790995300292954,False,REGULAR,USD,Put,2026-11-06,AAPL,2026-10-06T00:29:07.449491+00:00,332.89,0.0401800012588501,0.0031766010136492747,0.2116633544603646
AAPL261106P00310000,2026-10-05 19:53:29+00:00,310.0,2.7,2.6,2.88,-0.119999886,-4.2553153,369.0,453.0,0.28003649658203117,False,REGULAR,USD,Put,2026-11-06,AAPL,2026-10-06T00:29:07.449491+00:00,332.89,0.0401800012588501,0.0031766010136492747,0.2116633544603646
AAPL261106P00315000,2026-10-05 19:40:41+00:00,315.0,3.6,3.4,3.9,-0.35000014,-8.860764,191.0,481.0,0.27484856018066406,False,REGULAR,USD,Put,2026-11-06,AAPL,2026-10-06T00:29:07.449491+00:00,332.89,0.0401800012588501,0.0031766010136492747,0.2116633544603646
AAPL261106P00320000,2026-10-05 19:53:29+00:00,320.0,4.87,4.7,5.0,-0.099999905,-2.0120707,86.0,353.0,0.26392337646484376,False,REGULAR,USD,Put,2026-11-06,AAPL,2026-10-06T00:29:07.449491+00:00,332.89,0.0401800012588501,0.0031766010136492747,0.2116633544603646
AAPL261106P00325000,2026-10-05 19:59:52+00:00,325.0,6.5,6.25,6.6,0.07999992,1.2461047,40.0,535.0,0.25891854370117195,False,REGULAR,USD,Put,2026-11-06,AAPL,2026-10-06T00:29:07.449491+00:00,332.89,0.0401800012588501,0.0031766010136492747,0.2116633544603646
AAPL261106P00330000,2026-10-05 19:47:05+00:00,330.0,8.5,8.15,8.65,-0.05000019,-0.58479756,62.0,381.0,0.25623302368164064,False,REGULAR,USD,Put,2026-11-06,AAPL,2026-10-06T00:29:07.449491+00:00,332.89,0.0401800012588501,0.0031766010136492747,0.2116633544603646
AAPL261106P00335000,2026-10-05 19:51:07+00:00,335.0,10.6,10.4,11.0,0.1600008,1.5325748,222.0,341.0,0.2512892254638671,True,REGULAR,USD,Put,2026-11-06,AAPL,2026-10-06T00:29:07.449491+00:00,332.89,0.0401800012588501,0.0031766010136492747,0.2116633544603646
AAPL261106P00340000,2026-10-05 19:21:06+00:00,340.0,12.84,13.0,14.0,-0.8199997,-6.002926,60.0,321.0,0.252937158203125,True,REGULAR,USD,Put,2026-11-06,AAPL,2026-10-06T00:29:07.449491+00:00,332.89,0.0401800012588501,0.0031766010136492747,0.2116633544603646
AAPL261106P00345000,2026-10-05 18:44:07+00:00,345.0,16.6,15.55,17.35,-0.10000038,-0.59880465,10.0,64.0,0.2540968145751954,True,REGULAR,USD,Put,2026-11-06,AAPL,2026-10-06T00:29:07.449491+00:00,332.89,0.0401800012588501,0.0031766010136492747,0.2116633544603646
AAPL261106P00350000,2026-10-05 17:53:19+00:00,350.0,19.8,19.05,21.65,-0.050001144,-0.25189492,4.0,63.0,0.27423821472167964,True,REGULAR,USD,Put,2026-11-06,AAPL,2026-10-06T00:29:07.449491+00:00,332.89,0.0401800012588501,0.0031766010136492747,0.2116633544603646
AAPL261106P00355000,2026-10-05 14:52:14+00:00,355.0,22.85,22.95,25.5,0.30999947,1.3753303,15.0,2.0,0.2739330419921875,True,REGULAR,USD,Put,2026-11-06,AAPL,2026-10-06T00:29:07.449491+00:00,332.89,0.0401800012588501,0.0031766010136492747,0.2116633544603646
AAPL261106P00365000,2026-10-05 17:54:48+00:00,365.0,32.17,30.95,34.25,6.7699986,26.65354,1.0,10.0,0.288947540283203,True,REGULAR,USD,Put,2026-11-06,AAPL,2026-10-06T00:29:07.449491+00:00,332.89,0.0401800012588501,0.0031766010136492747,0.2116633544603646
AAPL261106P00380000,2026-09-29 14:44:05+00:00,380.0,48.17,45.3,48.75,0.0,0.0,,0.0,0.34363449340820307,True,REGULAR,USD,Put,2026-11-06,AAPL,2026-10-06T00:29:07.449491+00:00,332.89,0.0401800012588501,0.0031766010136492747,0.2116633544603646
AAPL261113C00255000,2026-10-02 14:32:58+00:00,255.0,80.15,77.4,80.15,0.0,0.0,2.0,2.0,0.5982706188964844,True,REGULAR,USD,Call,2026-11-13,AAPL,2026-10-06T00:29:07.449491+00:00,332.89,0.0401800012588501,0.0031766010136492747,0.2116633544603646
AAPL261113C00265000,2026-10-01 15:08:07+00:00,265.0,66.0,67.3,70.9,0.0,0.0,,1.0,0.573368524169922,True,REGULAR,USD,Call,2026-11-13,AAPL,2026-10-06T00:29:07.449491+00:00,332.89,0.0401800012588501,0.0031766010136492747,0.2116633544603646
AAPL261113C00270000,2026-10-02 18:33:44+00:00,270.0,64.94,62.4,66.0,0.0,0.0,6.0,7.0,0.5432174584960938,True,REGULAR,USD,Call,2026-11-13,AAPL,2026-10-06T00:29:07.449491+00:00,332.89,0.0401800012588501,0.0031766010136492747,0.2116633544603646
AAPL261113C00275000,2026-10-01 13:55:28+00:00,275.0,58.01,57.55,61.1,0.0,0.0,,1.0,0.5127612200927734,True,REGULAR,USD,Call,2026-11-13,AAPL,2026-10-06T00:29:07.449491+00:00,332.89,0.0401800012588501,0.0031766010136492747,0.2116633544603646
AAPL261113C00285000,2026-10-05 14:58:01+00:00,285.0,50.9,47.9,51.5,1.4000015,2.828286,2.0,1.0,0.45966116516113287,True,REGULAR,USD,Call,2026-11-13,AAPL,2026-10-06T00:29:07.449491+00:00,332.89,0.0401800012588501,0.0031766010136492747,0.2116633544603646
AAPL261113C00290000,2026-10-02 16:10:14+00:00,290.0,45.25,43.15,46.75,0.0,0.0,1.0,4.0,0.4337214831542969,True,REGULAR,USD,Call,2026-11-13,AAPL,2026-10-06T00:29:07.449491+00:00,332.89,0.0401800012588501,0.0031766010136492747,0.2116633544603646
AAPL261113C00300000,2026-10-02 17:56:13+00:00,300.0,36.7,34.3,37.05,0.0,0.0,1.0,8.0,0.3712221081542969,True,REGULAR,USD,Call,2026-11-13,AAPL,2026-10-06T00:29:07.449491+00:00,332.89,0.0401800012588501,0.0031766010136492747,0.2116633544603646
AAPL261113C00305000,2026-10-02 17:56:13+00:00,305.0,32.28,29.95,32.7,0.0,0.0,3.0,4.0,0.3548648498535155,True,REGULAR,USD,Call,2026-11-13,AAPL,2026-10-06T00:29:07.449491+00:00,332.89,0.0401800012588501,0.0031766010136492747,0.2116633544603646
AAPL261113C00315000,2026-10-02 19:56:01+00:00,315.0,23.99,21.85,24.55,0.0,0.0,2.0,3.0,0.32684999328613284,True,REGULAR,USD,Call,2026-11-13,AAPL,2026-10-06T00:29:07.449491+00:00,332.89,0.0401800012588501,0.0031766010136492747,0.2116633544603646
AAPL261113C00320000,2026-10-05 18:57:47+00:00,320.0,20.33,19.15,20.85,0.22999954,1.1442763,14.0,2.0,0.3156806713867187,True,REGULAR,USD,Call,2026-11-13,AAPL,2026-10-06T00:29:07.449491+00:00,332.89,0.0401800012588501,0.0031766010136492747,0.2116633544603646
AAPL261113C00325000,2026-10-01 18:59:01+00:00,325.0,15.35,15.55,17.5,0.0,0.0,,5.0,0.3073799731445312,True,REGULAR,USD,Call,2026-11-13,AAPL,2026-10-06T00:29:07.449491+00:00,332.89,0.0401800012588501,0.0031766010136492747,0.2116633544603646
AAPL261113C00330000,2026-10-05 19:31:51+00:00,330.0,14.1,12.85,14.65,0.3000002,2.1739144,45.0,38.0,0.30445031494140623,True,REGULAR,USD,Call,2026-11-13,AAPL,2026-10-06T00:29:07.449491+00:00,332.89,0.0401800012588501,0.0031766010136492747,0.2116633544603646
AAPL261113C00335000,2026-10-05 19:51:16+00:00,335.0,10.62,10.4,11.1,-0.6999998,-6.1837444,91.0,50.0,0.27851063293457035,False,REGULAR,USD,Call,2026-11-13,AAPL,2026-10-06T00:29:07.449491+00:00,332.89,0.0401800012588501,0.0031766010136492747,0.2116633544603646
AAPL261113C00340000,2026-10-05 19:57:28+00:00,340.0,8.48,8.15,8.8,-0.32000065,-3.636371,60.0,51.0,0.2740551110839844,False,REGULAR,USD,Call,2026-11-13,AAPL,2026-10-06T00:29:07.449491+00:00,332.89,0.0401800012588501,0.0031766010136492747,0.2116633544603646
AAPL261113C00345000,2026-10-05 19:13:55+00:00,345.0,6.35,5.55,6.95,-0.47000027,-6.8914995,16.0,70.0,0.2727123510742187,False,REGULAR,USD,Call,2026-11-13,AAPL,2026-10-06T00:29:07.449491+00:00,332.89,0.0401800012588501,0.0031766010136492747,0.2116633544603646
AAPL261113C00350000,2026-10-05 19:57:28+00:00,350.0,4.92,4.65,5.25,-0.13000011,-2.5742595,44.0,15.0,0.26734131103515624,False,REGULAR,USD,Call,2026-11-13,AAPL,2026-10-06T00:29:07.449491+00:00,332.89,0.0401800012588501,0.0031766010136492747,0.2116633544603646
AAPL261113C00355000,2026-10-05 19:26:35+00:00,355.0,3.76,3.3,3.95,0.059999943,1.62162,46.0,75.0,0.26483889465332033,False,REGULAR,USD,Call,2026-11-13,AAPL,2026-10-06T00:29:07.449491+00:00,332.89,0.0401800012588501,0.0031766010136492747,0.2116633544603646
AAPL261113C00360000,2026-10-05 19:59:43+00:00,360.0,2.59,2.35,2.7,-0.22000003,-7.829183,29.0,118.0,0.2551954364013672,False,REGULAR,USD,Call,2026-11-13,AAPL,2026-10-06T00:29:07.449491+00:00,332.89,0.0401800012588501,0.0031766010136492747,0.2116633544603646
AAPL261113C00365000,2026-10-05 19:01:46+00:00,365.0,1.91,1.69,2.05,-0.08000004,-4.0201025,152.0,76.0,0.2580640600585938,False,REGULAR,USD,Call,2026-11-13,AAPL,2026-10-06T00:29:07.449491+00:00,332.89,0.0401800012588501,0.0031766010136492747,0.2116633544603646
AAPL261113C00370000,2026-10-05 19:01:46+00:00,370.0,1.35,1.13,1.4,0.04000008,3.0534415,56.0,48.0,0.25379164184570313,False,REGULAR,USD,Call,2026-11-13,AAPL,2026-10-06T00:29:07.449491+00:00,332.89,0.0401800012588501,0.0031766010136492747,0.2116633544603646
AAPL261113C00375000,2026-10-05 16:07:21+00:00,375.0,0.89,0.77,1.0,-0.110000014,-11.000002,4.0,7.0,0.25427991821289064,False,REGULAR,USD,Call,2026-11-13,AAPL,2026-10-06T00:29:07.449491+00:00,332.89,0.0401800012588501,0.0031766010136492747,0.2116633544603646
AAPL261113C00380000,2026-10-05 19:29:48+00:00,380.0,0.66,0.53,0.7,-0.01999998,-2.9411736,76.0,18.0,0.25440198730468755,False,REGULAR,USD,Call,2026-11-13,AAPL,2026-10-06T00:29:07.449491+00:00,332.89,0.0401800012588501,0.0031766010136492747,0.2116633544603646
AAPL261113C00385000,2026-10-05 19:43:02+00:00,385.0,0.4,0.35,0.48,-0.07999998,-16.666662,27.0,15.0,0.2541578491210938,False,REGULAR,USD,Call,2026-11-13,AAPL,2026-10-06T00:29:07.449491+00:00,332.89,0.0401800012588501,0.0031766010136492747,0.2116633544603646
AAPL261113C00390000,2026-10-02 14:41:19+00:00,390.0,0.43,0.11,0.69,0.0,0.0,2.0,2.0,0.2916330603027343,False,REGULAR,USD,Call,2026-11-13,AAPL,2026-10-06T00:29:07.449491+00:00,332.89,0.0401800012588501,0.0031766010136492747,0.2116633544603646
AAPL261113C00400000,2026-10-05 16:56:56+00:00,400.0,0.11,0.02,0.2,-0.09,-45.0,5.0,6.0,0.26636475830078127,False,REGULAR,USD,Call,2026-11-13,AAPL,2026-10-06T00:29:07.449491+00:00,332.89,0.0401800012588501,0.0031766010136492747,0.2116633544603646
AAPL261113P00210000,2026-10-02 14:08:09+00:00,210.0,0.05,0.0,0.34,0.0,0.0,4.0,1.0,0.6025430371093752,False,REGULAR,USD,Put,2026-11-13,AAPL,2026-10-06T00:29:07.449491+00:00,332.89,0.0401800012588501,0.0031766010136492747,0.2116633544603646
AAPL261113P00215000,2026-10-05 14:14:23+00:00,215.0,0.05,0.0,0.28,0.0,0.0,2.0,2.0,0.561527822265625,False,REGULAR,USD,Put,2026-11-13,AAPL,2026-10-06T00:29:07.449491+00:00,332.89,0.0401800012588501,0.0031766010136492747,0.2116633544603646
AAPL261113P00220000,2026-10-05 14:15:10+00:00,220.0,0.05,0.0,0.2,0.0,0.0,6.0,2.0,0.5136767382812499,False,REGULAR,USD,Put,2026-11-13,AAPL,2026-10-06T00:29:07.449491+00:00,332.89,0.0401800012588501,0.0031766010136492747,0.2116633544603646
AAPL261113P00225000,2026-10-05 14:22:47+00:00,225.0,0.06,0.0,0.25,0.0,0.0,16.0,4.0,0.5009815527343751,False,REGULAR,USD,Put,2026-11-13,AAPL,2026-10-06T00:29:07.449491+00:00,332.89,0.0401800012588501,0.0031766010136492747,0.2116633544603646
AAPL261113P00230000,2026-10-05 14:52:31+00:00,230.0,0.07,0.03,0.11,0.02,40.0,2.0,2.0,0.4687553125,False,REGULAR,USD,Put,2026-11-13,AAPL,2026-10-06T00:29:07.449491+00:00,332.89,0.0401800012588501,0.0031766010136492747,0.2116633544603646
AAPL261113P00235000,2026-10-02 14:06:39+00:00,235.0,0.06,0.01,0.14,0.0,0.0,2.0,,0.45703667968750006,False,REGULAR,USD,Put,2026-11-13,AAPL,2026-10-06T00:29:07.449491+00:00,332.89,0.0401800012588501,0.0031766010136492747,0.2116633544603646
AAPL261113P00240000,2026-10-05 14:52:36+00:00,240.0,0.08,0.01,0.19,0.0,0.0,2.0,4.0,0.450200810546875,False,REGULAR,USD,Put,2026-11-13,AAPL,2026-10-06T00:29:07.449491+00:00,332.89,0.0401800012588501,0.0031766010136492747,0.2116633544603646
AAPL261113P00250000,2026-10-05 19:40:52+00:00,250.0,0.15,0.09,0.22,0.040000007,36.36364,12.0,1.0,0.40869731933593745,False,REGULAR,USD,Put,2026-11-13,AAPL,2026-10-06T00:29:07.449491+00:00,332.89,0.0401800012588501,0.0031766010136492747,0.2116633544603646
AAPL261113P00255000,2026-10-02 14:14:10+00:00,255.0,0.21,0.06,0.52,0.0,0.0,1.0,1.0,0.43970286865234376,False,REGULAR,USD,Put,2026-11-13,AAPL,2026-10-06T00:29:07.449491+00:00,332.89,0.0401800012588501,0.0031766010136492747,0.2116633544603646
AAPL261113P00260000,2026-10-02 14:12:20+00:00,260.0,0.28,0.06,0.61,0.0,0.0,1.0,1.0,0.42456630126953127,False,REGULAR,USD,Put,2026-11-13,AAPL,2026-10-06T00:29:07.449491+00:00,332.89,0.0401800012588501,0.0031766010136492747,0.2116633544603646
AAPL261113P00265000,2026-10-05 19:40:52+00:00,265.0,0.3,0.26,0.35,-0.089999974,-23.076916,19.0,25.0,0.3601138208007812,False,REGULAR,USD,Put,2026-11-13,AAPL,2026-10-06T00:29:07.449491+00:00,332.89,0.0401800012588501,0.0031766010136492747,0.2116633544603646
AAPL261113P00270000,2026-10-01 19:14:49+00:00,270.0,0.52,0.2,0.61,0.0,0.0,,1.0,0.36963520996093746,False,REGULAR,USD,Put,2026-11-13,AAPL,2026-10-06T00:29:07.449491+00:00,332.89,0.0401800012588501,0.0031766010136492747,0.2116633544603646
AAPL261113P00275000,2026-10-05 17:54:50+00:00,275.0,0.48,0.4,0.61,-0.08000001,-14.285716,1.0,496.0,0.3425358715820312,False,REGULAR,USD,Put,2026-11-13,AAPL,2026-10-06T00:29:07.449491+00:00,332.89,0.0401800012588501,0.0031766010136492747,0.2116633544603646
AAPL261113P00280000,2026-10-05 17:54:50+00:00,280.0,0.61,0.53,0.74,-0.13999999,-18.666664,5.0,18.0,0.3283758569335937,False,REGULAR,USD,Put,2026-11-13,AAPL,2026-10-06T00:29:07.449491+00:00,332.89,0.0401800012588501,0.0031766010136492747,0.2116633544603646
AAPL261113P00285000,2026-10-05 18:04:42+00:00,285.0,0.9,0.76,0.98,-0.09000003,-9.090913,12.0,13.0,0.32031929687499994,False,REGULAR,USD,Put,2026-11-13,AAPL,2026-10-06T00:29:07.449491+00:00,332.89,0.0401800012588501,0.0031766010136492747,0.2116633544603646
AAPL261113P00290000,2026-10-05 19:46:29+00:00,290.0,1.11,0.81,1.15,-0.06999993,-5.932198,29.0,37.0,0.30322962402343745,False,REGULAR,USD,Put,2026-11-13,AAPL,2026-10-06T00:29:07.449491+00:00,332.89,0.0401800012588501,0.0031766010136492747,0.2116633544603646
AAPL261113P00295000,2026-10-05 19:45:40+00:00,295.0,1.44,1.21,1.59,-0.109999895,-7.0967674,46.0,45.0,0.29883513671874995,False,REGULAR,USD,Put,2026-11-13,AAPL,2026-10-06T00:29:07.449491+00:00,332.89,0.0401800012588501,0.0031766010136492747,0.2116633544603646
AAPL261113P00300000,2026-10-05 19:48:33+00:00,300.0,1.85,1.71,2.0,-0.2299999,-11.057688,183.0,53.0,0.28711650390624993,False,REGULAR,USD,Put,2026-11-13,AAPL,2026-10-06T00:29:07.449491+00:00,332.89,0.0401800012588501,0.0031766010136492747,0.2116633544603646
AAPL261113P00305000,2026-10-05 19:47:15+00:00,305.0,2.6,2.21,3.05,-0.0400002,-1.515159,73.0,44.0,0.29529513305664057,False,REGULAR,USD,Put,2026-11-13,AAPL,2026-10-06T00:29:07.449491+00:00,332.89,0.0401800012588501,0.0031766010136492747,0.2116633544603646
AAPL261113P00310000,2026-10-05 19:40:31+00:00,310.0,3.32,3.05,3.55,-0.18000007,-5.1428595,52.0,54.0,0.2761302856445312,False,REGULAR,USD,Put,2026-11-13,AAPL,2026-10-06T00:29:07.449491+00:00,332.89,0.0401800012588501,0.0031766010136492747,0.2116633544603646
AAPL261113P00315000,2026-10-05 18:59:31+00:00,315.0,4.2,4.05,4.5,-0.31000042,-6.8736234,54.0,65.0,0.266608896484375,False,REGULAR,USD,Put,2026-11-13,AAPL,2026-10-06T00:29:07.449491+00:00,332.89,0.0401800012588501,0.0031766010136492747,0.2116633544603646
AAPL261113P00320000,2026-10-05 18:59:31+00:00,320.0,5.45,5.25,6.05,-0.52,-8.710218,18.0,31.0,0.26673096557617193,False,REGULAR,USD,Put,2026-11-13,AAPL,2026-10-06T00:29:07.449491+00:00,332.89,0.0401800012588501,0.0031766010136492747,0.2116633544603646
AAPL261113P00325000,2026-10-05 19:10:53+00:00,325.0,7.05,6.8,7.9,-0.4499998,-5.9999976,20.0,46.0,0.2662121719360352,False,REGULAR,USD,Put,2026-11-13,AAPL,2026-10-06T00:29:07.449491+00:00,332.89,0.0401800012588501,0.0031766010136492747,0.2116633544603646
AAPL261113P00330000,2026-10-05 19:10:53+00:00,330.0,8.95,8.65,9.6,-0.40000057,-4.278081,48.0,11.0,0.2542494009399414,False,REGULAR,USD,Put,2026-11-13,AAPL,2026-10-06T00:29:07.449491+00:00,332.89,0.0401800012588501,0.0031766010136492747,0.2116633544603646
AAPL261113P00335000,2026-10-02 18:23:55+00:00,335.0,12.14,11.1,12.1,0.0,0.0,2.0,3.0,0.25299819274902346,True,REGULAR,USD,Put,2026-11-13,AAPL,2026-10-06T00:29:07.449491+00:00,332.89,0.0401800012588501,0.0031766010136492747,0.2116633544603646
AAPL261113P00340000,2026-10-02 13:33:12+00:00,340.0,15.33,13.6,15.25,0.0,0.0,2.0,1.0,0.25867440551757814,True,REGULAR,USD,Put,2026-11-13,AAPL,2026-10-06T00:29:07.449491+00:00,332.89,0.0401800012588501,0.0031766010136492747,0.2116633544603646
AAPL261113P00345000,2026-10-02 16:03:09+00:00,345.0,17.74,16.75,18.35,0.0,0.0,20.0,20.0,0.25525647094726567,True,REGULAR,USD,Put,2026-11-13,AAPL,2026-10-06T00:29:07.449491+00:00,332.89,0.0401800012588501,0.0031766010136492747,0.2116633544603646
AAPL261113P00350000,2026-10-02 16:03:11+00:00,350.0,21.34,19.6,22.8,0.0,0.0,23.0,23.0,0.2790599438476562,True,REGULAR,USD,Put,2026-11-13,AAPL,2026-10-06T00:29:07.449491+00:00,332.89,0.0401800012588501,0.0031766010136492747,0.2116633544603646
AAPL261120C00100000,2026-09-30 18:10:55+00:00,100.0,236.7,231.65,234.9,0.0,0.0,7.0,6.0,1.4970728271484375,True,REGULAR,USD,Call,2026-11-20,AAPL,2026-10-06T00:29:07.449491+00:00,332.89,0.0401800012588501,0.0031766010136492747,0.2116633544603646
AAPL261120C00105000,2026-01-27 14:32:54+00:00,105.0,158.6,155.9,159.1,0.0,0.0,12.0,12.0,1.0000000000000003e-05,True,REGULAR,USD,Call,2026-11-20,AAPL,2026-10-06T00:29:07.449491+00:00,332.89,0.0401800012588501,0.0031766010136492747,0.2116633544603646
AAPL261120C00110000,2026-09-16 18:36:21+00:00,110.0,224.65,221.7,224.95,0.0,0.0,345.0,349.0,1.4072295263671877,True,REGULAR,USD,Call,2026-11-20,AAPL,2026-10-06T00:29:07.449491+00:00,332.89,0.0401800012588501,0.0031766010136492747,0.2116633544603646
AAPL261120C00115000,2026-05-07 19:51:36+00:00,115.0,173.82,186.9,190.55,0.0,0.0,,1.0,1.0000000000000003e-05,True,REGULAR,USD,Call,2026-11-20,AAPL,2026-10-06T00:29:07.449491+00:00,332.89,0.0401800012588501,0.0031766010136492747,0.2116633544603646
AAPL261120C00120000,2026-09-02 13:59:58+00:00,120.0,206.14,211.75,215.0,0.0,0.0,1.0,70.0,1.3222690136718749,True,REGULAR,USD,Call,2026-11-20,AAPL,2026-10-06T00:29:07.449491+00:00,332.89,0.0401800012588501,0.0031766010136492747,0.2116633544603646
AAPL261120C00125000,2026-09-17 19:10:45+00:00,125.0,213.95,206.75,210.0,0.0,0.0,3.0,32.0,1.272464575195312,True,REGULAR,USD,Call,2026-11-20,AAPL,2026-10-06T00:29:07.449491+00:00,332.89,0.0401800012588501,0.0031766010136492747,0.2116633544603646
AAPL261120C00130000,2026-09-08 19:28:15+00:00,130.0,186.93,201.8,205.05,0.0,0.0,1.0,45.0,1.2426795678710936,True,REGULAR,USD,Call,2026-11-20,AAPL,2026-10-06T00:29:07.449491+00:00,332.89,0.0401800012588501,0.0031766010136492747,0.2116633544603646
AAPL261120C00135000,2026-08-31 15:28:19+00:00,135.0,181.23,196.8,200.05,0.0,0.0,8.0,23.0,1.1962930810546877,True,REGULAR,USD,Call,2026-11-20,AAPL,2026-10-06T00:29:07.449491+00:00,332.89,0.0401800012588501,0.0031766010136492747,0.2116633544603646
AAPL261120C00140000,2026-10-05 19:49:24+00:00,140.0,193.57,191.85,195.1,6.230011,3.3255103,2.0,23.0,1.1669963525390625,True,REGULAR,USD,Call,2026-11-20,AAPL,2026-10-06T00:29:07.449491+00:00,332.89,0.0401800012588501,0.0031766010136492747,0.2116633544603646
AAPL261120C00145000,2026-08-31 15:51:11+00:00,145.0,171.02,186.85,189.95,0.0,0.0,15.0,31.0,1.1005904345703126,True,REGULAR,USD,Call,2026-11-20,AAPL,2026-10-06T00:29:07.449491+00:00,332.89,0.0401800012588501,0.0031766010136492747,0.2116633544603646
AAPL261120C00150000,2026-09-25 19:47:49+00:00,150.0,191.43,181.9,185.15,0.0,0.0,9.0,216.0,1.0947310888671877,True,REGULAR,USD,Call,2026-11-20,AAPL,2026-10-06T00:29:07.449491+00:00,332.89,0.0401800012588501,0.0031766010136492747,0.2116633544603646
AAPL261120C00155000,2026-09-22 17:48:13+00:00,155.0,187.34,176.9,180.15,0.0,0.0,1.0,47.0,1.0537156689453124,True,REGULAR,USD,Call,2026-11-20,AAPL,2026-10-06T00:29:07.449491+00:00,332.89,0.0401800012588501,0.0031766010136492747,0.2116633544603646
AAPL261120C00160000,2026-10-01 17:26:48+00:00,160.0,169.25,171.95,175.15,0.0,0.0,1.0,98.0,1.0200244311523439,True,REGULAR,USD,Call,2026-11-20,AAPL,2026-10-06T00:29:07.449491+00:00,332.89,0.0401800012588501,0.0031766010136492747,0.2116633544603646
AAPL261120C00165000,2026-08-03 14:07:45+00:00,165.0,141.77,154.95,158.2,0.0,0.0,1.0,3.0,1.0000000000000003e-05,True,REGULAR,USD,Call,2026-11-20,AAPL,2026-10-06T00:29:07.449491+00:00,332.89,0.0401800012588501,0.0031766010136492747,0.2116633544603646
AAPL261120C00170000,2026-09-14 16:08:22+00:00,170.0,165.6,162.0,165.25,0.0,0.0,1.0,52.0,0.9599613378906249,True,REGULAR,USD,Call,2026-11-20,AAPL,2026-10-06T00:29:07.449491+00:00,332.89,0.0401800012588501,0.0031766010136492747,0.2116633544603646
AAPL261120C00175000,2026-09-29 19:43:37+00:00,175.0,155.15,157.0,160.25,0.0,0.0,1.0,46.0,0.922852333984375,True,REGULAR,USD,Call,2026-11-20,AAPL,2026-10-06T00:29:07.449491+00:00,332.89,0.0401800012588501,0.0031766010136492747,0.2116633544603646
AAPL261120C00180000,2026-09-22 18:50:43+00:00,180.0,161.71,152.05,155.3,0.0,0.0,2.0,19.0,0.8959971337890623,True,REGULAR,USD,Call,2026-11-20,AAPL,2026-10-06T00:29:07.449491+00:00,332.89,0.0401800012588501,0.0031766010136492747,0.2116633544603646
AAPL261120C00185000,2026-09-29 19:55:00+00:00,185.0,144.95,147.1,150.35,0.0,0.0,1.0,321.0,0.8696302099609375,True,REGULAR,USD,Call,2026-11-20,AAPL,2026-10-06T00:29:07.449491+00:00,332.89,0.0401800012588501,0.0031766010136492747,0.2116633544603646
AAPL261120C00190000,2026-10-05 14:22:34+00:00,190.0,144.69,142.1,144.75,-3.5599976,-2.4013474,5.0,92.0,0.7763694238281251,True,REGULAR,USD,Call,2026-11-20,AAPL,2026-10-06T00:29:07.449491+00:00,332.89,0.0401800012588501,0.0031766010136492747,0.2116633544603646
AAPL261120C00195000,2026-09-30 15:02:13+00:00,195.0,144.13,137.15,140.4,0.0,0.0,1.0,24.0,0.8085956640624999,True,REGULAR,USD,Call,2026-11-20,AAPL,2026-10-06T00:29:07.449491+00:00,332.89,0.0401800012588501,0.0031766010136492747,0.2116633544603646
AAPL261120C00200000,2026-09-21 13:30:01+00:00,200.0,136.75,132.15,135.4,0.0,0.0,1.0,138.0,0.7751487329101563,True,REGULAR,USD,Call,2026-11-20,AAPL,2026-10-06T00:29:07.449491+00:00,332.89,0.0401800012588501,0.0031766010136492747,0.2116633544603646
AAPL261120C00205000,2026-10-02 16:17:55+00:00,205.0,128.72,127.2,130.45,0.0,0.0,75.0,219.0,0.7495142236328125,True,REGULAR,USD,Call,2026-11-20,AAPL,2026-10-06T00:29:07.449491+00:00,332.89,0.0401800012588501,0.0031766010136492747,0.2116633544603646
AAPL261120C00210000,2026-09-21 16:56:57+00:00,210.0,130.1,122.25,125.5,0.0,0.0,2.0,75.0,0.7241238525390624,True,REGULAR,USD,Call,2026-11-20,AAPL,2026-10-06T00:29:07.449491+00:00,332.89,0.0401800012588501,0.0031766010136492747,0.2116633544603646
AAPL261120C00215000,2026-09-25 19:33:01+00:00,215.0,126.39,117.3,120.55,0.0,0.0,1.0,155.0,0.6984893432617189,True,REGULAR,USD,Call,2026-11-20,AAPL,2026-10-06T00:29:07.449491+00:00,332.89,0.0401800012588501,0.0031766010136492747,0.2116633544603646
AAPL261120C00220000,2026-10-01 14:12:28+00:00,220.0,110.78,112.3,115.6,0.0,0.0,2.0,172.0,0.6699251757812501,True,REGULAR,USD,Call,2026-11-20,AAPL,2026-10-06T00:29:07.449491+00:00,332.89,0.0401800012588501,0.0031766010136492747,0.2116633544603646
AAPL261120C00225000,2026-10-05 16:49:41+00:00,225.0,110.38,107.35,109.95,-6.0200043,-5.171825,1.0,2447.0,0.6008340698242189,True,REGULAR,USD,Call,2026-11-20,AAPL,2026-10-06T00:29:07.449491+00:00,332.89,0.0401800012588501,0.0031766010136492747,0.2116633544603646
AAPL261120C00230000,2026-10-05 17:47:52+00:00,230.0,104.54,102.45,105.5,-0.40999603,-0.39065844,4.0,3679.0,0.6110878735351564,True,REGULAR,USD,Call,2026-11-20,AAPL,2026-10-06T00:29:07.449491+00:00,332.89,0.0401800012588501,0.0031766010136492747,0.2116633544603646
AAPL261120C00235000,2026-10-05 14:21:25+00:00,235.0,100.22,98.4,100.25,0.5200043,0.521569,5.0,168.0,0.6152382226562501,True,REGULAR,USD,Call,2026-11-20,AAPL,2026-10-06T00:29:07.449491+00:00,332.89,0.0401800012588501,0.0031766010136492747,0.2116633544603646
AAPL261120C00240000,2026-10-01 19:39:54+00:00,240.0,91.53,92.55,95.15,0.0,0.0,1.0,409.0,0.5383346948242189,True,REGULAR,USD,Call,2026-11-20,AAPL,2026-10-06T00:29:07.449491+00:00,332.89,0.0401800012588501,0.0031766010136492747,0.2116633544603646
AAPL261120C00245000,2026-10-05 15:38:19+00:00,245.0,90.41,87.6,90.15,0.5600052,0.62326676,1.0,1845.0,0.5124560473632812,True,REGULAR,USD,Call,2026-11-20,AAPL,2026-10-06T00:29:07.449491+00:00,332.89,0.0401800012588501,0.0031766010136492747,0.2116633544603646
AAPL261120C00250000,2026-10-05 15:16:11+00:00,250.0,84.35,82.85,85.9,0.6500015,0.77658486,25.0,463.0,0.5279588220214844,True,REGULAR,USD,Call,2026-11-20,AAPL,2026-10-06T00:29:07.449491+00:00,332.89,0.0401800012588501,0.0031766010136492747,0.2116633544603646
AAPL261120C00255000,2026-10-05 15:18:51+00:00,255.0,80.5,78.2,80.85,0.26000214,0.32403058,10.0,1259.0,0.5092822509765625,True,REGULAR,USD,Call,2026-11-20,AAPL,2026-10-06T00:29:07.449491+00:00,332.89,0.0401800012588501,0.0031766010136492747,0.2116633544603646
AAPL261120C00260000,2026-10-05 18:00:18+00:00,260.0,74.0,72.85,75.9,-1.2399979,-1.6480567,2.0,1076.0,0.5607954077148438,True,REGULAR,USD,Call,2026-11-20,AAPL,2026-10-06T00:29:07.449491+00:00,332.89,0.0401800012588501,0.0031766010136492747,0.2116633544603646
AAPL261120C00265000,2026-10-05 18:09:49+00:00,265.0,69.7,67.95,70.5,4.0999985,6.2499976,4.0,1085.0,0.5073291455078125,True,REGULAR,USD,Call,2026-11-20,AAPL,2026-10-06T00:29:07.449491+00:00,332.89,0.0401800012588501,0.0031766010136492747,0.2116633544603646
AAPL261120C00270000,2026-10-05 17:59:21+00:00,270.0,64.3,63.1,65.65,-1.5999985,-2.4279187,71.0,6545.0,0.4831594653320313,True,REGULAR,USD,Call,2026-11-20,AAPL,2026-10-06T00:29:07.449491+00:00,332.89,0.0401800012588501,0.0031766010136492747,0.2116633544603646
AAPL261120C00275000,2026-10-05 18:39:52+00:00,275.0,59.98,58.75,61.5,-1.420002,-2.3127067,8.0,3001.0,0.4896291271972657,True,REGULAR,USD,Call,2026-11-20,AAPL,2026-10-06T00:29:07.449491+00:00,332.89,0.0401800012588501,0.0031766010136492747,0.2116633544603646
AAPL261120C00280000,2026-10-05 17:10:32+00:00,280.0,55.75,54.0,56.45,0.15000153,0.26978692,14.0,2019.0,0.45435115966796874,True,REGULAR,USD,Call,2026-11-20,AAPL,2026-10-06T00:29:07.449491+00:00,332.89,0.0401800012588501,0.0031766010136492747,0.2116633544603646
AAPL261120C00285000,2026-10-05 17:47:58+00:00,285.0,50.81,49.35,51.3,-0.27000046,-0.52858347,9.0,2118.0,0.41528905029296875,True,REGULAR,USD,Call,2026-11-20,AAPL,2026-10-06T00:29:07.449491+00:00,332.89,0.0401800012588501,0.0031766010136492747,0.2116633544603646
AAPL261120C00290000,2026-10-05 16:44:21+00:00,290.0,47.17,44.9,46.35,0.36999893,0.790596,31.0,1772.0,0.38446660461425775,True,REGULAR,USD,Call,2026-11-20,AAPL,2026-10-06T00:29:07.449491+00:00,332.89,0.0401800012588501,0.0031766010136492747,0.2116633544603646
AAPL261120C00295000,2026-10-05 15:03:07+00:00,295.0,41.5,40.6,42.1,-0.47999954,-1.1434005,3.0,1362.0,0.3777528045654296,True,REGULAR,USD,Call,2026-11-20,AAPL,2026-10-06T00:29:07.449491+00:00,332.89,0.0401800012588501,0.0031766010136492747,0.2116633544603646
AAPL261120C00300000,2026-10-05 19:38:57+00:00,300.0,37.2,36.05,37.2,-0.3999977,-1.0638237,31.0,6401.0,0.3466251861572265,True,REGULAR,USD,Call,2026-11-20,AAPL,2026-10-06T00:29:07.449491+00:00,332.89,0.0401800012588501,0.0031766010136492747,0.2116633544603646
AAPL261120C00305000,2026-10-05 18:22:02+00:00,305.0,32.32,31.25,33.0,-0.7799988,-2.3564918,210.0,3561.0,0.33551689880371094,True,REGULAR,USD,Call,2026-11-20,AAPL,2026-10-06T00:29:07.449491+00:00,332.89,0.0401800012588501,0.0031766010136492747,0.2116633544603646
AAPL261120C00310000,2026-10-05 19:49:11+00:00,310.0,28.03,27.5,28.9,-0.7199993,-2.5043454,26.0,13413.0,0.32330998962402335,True,REGULAR,USD,Call,2026-11-20,AAPL,2026-10-06T00:29:07.449491+00:00,332.89,0.0401800012588501,0.0031766010136492747,0.2116633544603646
AAPL261120C00315000,2026-10-05 19:33:55+00:00,315.0,25.09,23.8,24.95,-0.11999893,-0.47599736,140.0,5584.0,0.3108589422607422,True,REGULAR,USD,Call,2026-11-20,AAPL,2026-10-06T00:29:07.449491+00:00,332.89,0.0401800012588501,0.0031766010136492747,0.2116633544603646
AAPL261120C00320000,2026-10-05 19:54:01+00:00,320.0,21.0,20.5,22.0,-0.70000076,-3.2258098,66.0,6692.0,0.3172980868530273,True,REGULAR,USD,Call,2026-11-20,AAPL,2026-10-06T00:29:07.449491+00:00,332.89,0.0401800012588501,0.0031766010136492747,0.2116633544603646
AAPL261120C00325000,2026-10-05 19:21:04+00:00,325.0,17.33,17.15,18.55,-0.9699993,-5.300543,85.0,10849.0,0.30618979949951175,True,REGULAR,USD,Call,2026-11-20,AAPL,2026-10-06T00:29:07.449491+00:00,332.89,0.0401800012588501,0.0031766010136492747,0.2116633544603646
AAPL261120C00330000,2026-10-05 19:59:39+00:00,330.0,14.35,14.3,15.05,-0.8499994,-5.592101,1193.0,11247.0,0.28888650573730457,True,REGULAR,USD,Call,2026-11-20,AAPL,2026-10-06T00:29:07.449491+00:00,332.89,0.0401800012588501,0.0031766010136492747,0.2116633544603646
AAPL261120C00335000,2026-10-05 19:59:37+00:00,335.0,11.73,11.6,12.0,-0.62000084,-5.0202494,809.0,8397.0,0.2755199401855468,False,REGULAR,USD,Call,2026-11-20,AAPL,2026-10-06T00:29:07.449491+00:00,332.89,0.0401800012588501,0.0031766010136492747,0.2116633544603646
AAPL261120C00340000,2026-10-05 19:59:20+00:00,340.0,9.3,9.25,9.6,-0.6499996,-6.5326595,818.0,12025.0,0.26959958923339844,False,REGULAR,USD,Call,2026-11-20,AAPL,2026-10-06T00:29:07.449491+00:00,332.89,0.0401800012588501,0.0031766010136492747,0.2116633544603646
AAPL261120C00345000,2026-10-05 19:50:38+00:00,345.0,7.15,7.2,7.65,-0.6500001,-8.333334,557.0,7284.0,0.2668530346679688,False,REGULAR,USD,Call,2026-11-20,AAPL,2026-10-06T00:29:07.449491+00:00,332.89,0.0401800012588501,0.0031766010136492747,0.2116633544603646
AAPL261120C00350000,2026-10-05 19:58:16+00:00,350.0,5.65,5.55,5.75,-0.4000001,-6.6115713,1580.0,16870.0,0.2582776809692383,False,REGULAR,USD,Call,2026-11-20,AAPL,2026-10-06T00:29:07.449491+00:00,332.89,0.0401800012588501,0.0031766010136492747,0.2116633544603646
AAPL261120C00355000,2026-10-05 19:59:05+00:00,355.0,4.25,4.15,4.4,-0.4000001,-8.602152,420.0,13283.0,0.25586681640625003,False,REGULAR,USD,Call,2026-11-20,AAPL,2026-10-06T00:29:07.449491+00:00,332.89,0.0401800012588501,0.0031766010136492747,0.2116633544603646
AAPL261120C00360000,2026-10-05 19:59:59+00:00,360.0,3.2,3.1,3.35,-0.14999986,-4.4776077,2837.0,16742.0,0.25489026367187506,False,REGULAR,USD,Call,2026-11-20,AAPL,2026-10-06T00:29:07.449491+00:00,332.89,0.0401800012588501,0.0031766010136492747,0.2116633544603646
AAPL261120C00365000,2026-10-05 19:58:23+00:00,365.0,2.31,2.22,2.49,-0.22000003,-8.695654,302.0,8338.0,0.25318129638671877,False,REGULAR,USD,Call,2026-11-20,AAPL,2026-10-06T00:29:07.449491+00:00,332.89,0.0401800012588501,0.0031766010136492747,0.2116633544603646
AAPL261120C00370000,2026-10-05 19:52:31+00:00,370.0,1.71,1.59,1.74,-0.110000014,-6.0439568,479.0,10544.0,0.2483595672607422,False,REGULAR,USD,Call,2026-11-20,AAPL,2026-10-06T00:29:07.449491+00:00,332.89,0.0401800012588501,0.0031766010136492747,0.2116633544603646
AAPL261120C00375000,2026-10-05 19:54:00+00:00,375.0,1.22,1.15,1.32,-0.06999993,-5.4263515,451.0,4777.0,0.2507399145507812,False,REGULAR,USD,Call,2026-11-20,AAPL,2026-10-06T00:29:07.449491+00:00,332.89,0.0401800012588501,0.0031766010136492747,0.2116633544603646
AAPL261120C00380000,2026-10-05 19:41:18+00:00,380.0,0.88,0.8,0.92,-0.120000005,-12.0,209.0,6645.0,0.2485426708984375,False,REGULAR,USD,Call,2026-11-20,AAPL,2026-10-06T00:29:07.449491+00:00,332.89,0.0401800012588501,0.0031766010136492747,0.2116633544603646
AAPL261120C00385000,2026-10-05 19:38:30+00:00,385.0,0.65,0.6,0.66,-0.050000012,-7.1428585,110.0,2083.0,0.249030947265625,False,REGULAR,USD,Call,2026-11-20,AAPL,2026-10-06T00:29:07.449491+00:00,332.89,0.0401800012588501,0.0031766010136492747,0.2116633544603646
AAPL261120C00390000,2026-10-05 19:42:43+00:00,390.0,0.44,0.43,0.5,-0.07999998,-15.384612,57.0,5155.0,0.2524488818359375,False,REGULAR,USD,Call,2026-11-20,AAPL,2026-10-06T00:29:07.449491+00:00,332.89,0.0401800012588501,0.0031766010136492747,0.2116633544603646
AAPL261120C00395000,2026-10-05 16:40:51+00:00,395.0,0.34,0.29,0.37,-0.02000001,-5.555558,2.0,1642.0,0.2546461254882813,False,REGULAR,USD,Call,2026-11-20,AAPL,2026-10-06T00:29:07.449491+00:00,332.89,0.0401800012588501,0.0031766010136492747,0.2116633544603646
AAPL261120C00400000,2026-10-05 19:51:06+00:00,400.0,0.25,0.23,0.25,-0.02000001,-7.4074106,219.0,37118.0,0.2534254345703125,False,REGULAR,USD,Call,2026-11-20,AAPL,2026-10-06T00:29:07.449491+00:00,332.89,0.0401800012588501,0.0031766010136492747,0.2116633544603646
AAPL261120C00405000,2026-10-05 19:46:56+00:00,405.0,0.18,0.15,0.23,-0.019999996,-9.999997,31.0,169.0,0.2644116528320312,False,REGULAR,USD,Call,2026-11-20,AAPL,2026-10-06T00:29:07.449491+00:00,332.89,0.0401800012588501,0.0031766010136492747,0.2116633544603646
AAPL261120C00410000,2026-10-05 13:31:32+00:00,410.0,0.16,0.11,0.19,0.019999996,14.285711,1.0,1748.0,0.27075924560546877,False,REGULAR,USD,Call,2026-11-20,AAPL,2026-10-06T00:29:07.449491+00:00,332.89,0.0401800012588501,0.0031766010136492747,0.2116633544603646
AAPL261120C00415000,2026-10-02 16:37:41+00:00,415.0,0.15,0.04,0.19,0.0,0.0,19.0,157.0,0.2841868457031249,False,REGULAR,USD,Call,2026-11-20,AAPL,2026-10-06T00:29:07.449491+00:00,332.89,0.0401800012588501,0.0031766010136492747,0.2116633544603646
AAPL261120C00420000,2026-10-05 18:18:42+00:00,420.0,0.11,0.1,0.13,0.009999998,9.999997,1278.0,5300.0,0.282233740234375,False,REGULAR,USD,Call,2026-11-20,AAPL,2026-10-06T00:29:07.449491+00:00,332.89,0.0401800012588501,0.0031766010136492747,0.2116633544603646
AAPL261120C00425000,2026-10-05 13:45:00+00:00,425.0,0.08,0.05,0.13,0.029999997,59.999996,1.0,82.0,0.29492892578124996,False,REGULAR,USD,Call,2026-11-20,AAPL,2026-10-06T00:29:07.449491+00:00,332.89,0.0401800012588501,0.0031766010136492747,0.2116633544603646
AAPL261120C00430000,2026-10-01 14:38:02+00:00,430.0,0.01,0.05,0.1,-0.080000006,-88.88889,1.0,1397.0,0.29688203124999996,False,REGULAR,USD,Call,2026-11-20,AAPL,2026-10-06T00:29:07.449491+00:00,332.89,0.0401800012588501,0.0031766010136492747,0.2116633544603646
AAPL261120C00440000,2026-10-05 18:58:05+00:00,440.0,0.05,0.0,0.08,-0.029999997,-37.499996,2.0,1037.0,0.31153032226562494,False,REGULAR,USD,Call,2026-11-20,AAPL,2026-10-06T00:29:07.449491+00:00,332.89,0.0401800012588501,0.0031766010136492747,0.2116633544603646
AAPL261120C00450000,2026-10-05 17:11:09+00:00,450.0,0.05,0.01,0.06,0.010000002,25.000004,2116.0,3172.0,0.3232489550781249,False,REGULAR,USD,Call,2026-11-20,AAPL,2026-10-06T00:29:07.449491+00:00,332.89,0.0401800012588501,0.0031766010136492747,0.2116633544603646
AAPL261120C00460000,2026-10-05 19:51:52+00:00,460.0,0.04,0.03,0.06,0.02,100.0,2002.0,2402.0,0.3437565625,False,REGULAR,USD,Call,2026-11-20,AAPL,2026-10-06T00:29:07.449491+00:00,332.89,0.0401800012588501,0.0031766010136492747,0.2116633544603646
AAPL261120C00470000,2026-10-05 13:44:54+00:00,470.0,0.08,0.01,0.08,0.009999998,14.285711,4.0,144.0,0.37500625,False,REGULAR,USD,Call,2026-11-20,AAPL,2026-10-06T00:29:07.449491+00:00,332.89,0.0401800012588501,0.0031766010136492747,0.2116633544603646
AAPL261120C00480000,2026-10-05 14:57:06+00:00,480.0,0.05,0.01,0.09,-0.02,-28.571428,2.0,721.0,0.40039662109375,False,REGULAR,USD,Call,2026-11-20,AAPL,2026-10-06T00:29:07.449491+00:00,332.89,0.0401800012588501,0.0031766010136492747,0.2116633544603646
AAPL261120C00490000,2026-10-05 14:55:58+00:00,490.0,0.07,0.01,0.11,0.02,40.0,2.0,741.0,0.42969320312500003,False,REGULAR,USD,Call,2026-11-20,AAPL,2026-10-06T00:29:07.449491+00:00,332.89,0.0401800012588501,0.0031766010136492747,0.2116633544603646
AAPL261120C00500000,2026-10-05 16:57:46+00:00,500.0,0.04,0.0,0.05,0.02,100.0,1.0,4647.0,0.414068359375,False,REGULAR,USD,Call,2026-11-20,AAPL,2026-10-06T00:29:07.449491+00:00,332.89,0.0401800012588501,0.0031766010136492747,0.2116633544603646
AAPL261120C00510000,2026-10-05 17:28:08+00:00,510.0,0.01,0.01,0.07,-0.049999997,-83.333336,43.0,1593.0,0.445318046875,False,REGULAR,USD,Call,2026-11-20,AAPL,2026-10-06T00:29:07.449491+00:00,332.89,0.0401800012588501,0.0031766010136492747,0.2116633544603646
AAPL261120C00520000,2026-09-25 18:07:17+00:00,520.0,0.07,0.0,0.38,0.0,0.0,6.0,68.0,0.51758294921875,False,REGULAR,USD,Call,2026-11-20,AAPL,2026-10-06T00:29:07.449491+00:00,332.89,0.0401800012588501,0.0031766010136492747,0.2116633544603646
AAPL261120C00530000,2026-09-29 16:56:20+00:00,530.0,0.04,0.0,0.38,0.0,0.0,28.0,86.0,0.5361374511718751,False,REGULAR,USD,Call,2026-11-20,AAPL,2026-10-06T00:29:07.449491+00:00,332.89,0.0401800012588501,0.0031766010136492747,0.2116633544603646
AAPL261120C00540000,2026-09-21 14:04:50+00:00,540.0,0.03,0.0,0.39,0.0,0.0,3.0,29.0,0.5561567822265626,False,REGULAR,USD,Call,2026-11-20,AAPL,2026-10-06T00:29:07.449491+00:00,332.89,0.0401800012588501,0.0031766010136492747,0.2116633544603646
AAPL261120C00550000,2026-09-24 15:03:55+00:00,550.0,0.06,0.0,0.43,0.0,0.0,2.0,45.0,0.5810588769531251,False,REGULAR,USD,Call,2026-11-20,AAPL,2026-10-06T00:29:07.449491+00:00,332.89,0.0401800012588501,0.0031766010136492747,0.2116633544603646
AAPL261120C00560000,2026-09-29 16:48:15+00:00,560.0,0.05,0.0,0.43,0.0,0.0,4.0,122.0,0.5986368261718751,False,REGULAR,USD,Call,2026-11-20,AAPL,2026-10-06T00:29:07.449491+00:00,332.89,0.0401800012588501,0.0031766010136492747,0.2116633544603646
AAPL261120C00570000,2026-09-24 15:04:55+00:00,570.0,0.06,0.0,0.49,0.0,0.0,2.0,40.0,0.6254920263671876,False,REGULAR,USD,Call,2026-11-20,AAPL,2026-10-06T00:29:07.449491+00:00,332.89,0.0401800012588501,0.0031766010136492747,0.2116633544603646
AAPL261120C00580000,2026-10-01 17:55:34+00:00,580.0,0.02,0.0,0.49,0.0,0.0,7.0,733.0,0.6425816992187501,False,REGULAR,USD,Call,2026-11-20,AAPL,2026-10-06T00:29:07.449491+00:00,332.89,0.0401800012588501,0.0031766010136492747,0.2116633544603646
AAPL261120C00590000,2026-10-02 13:37:50+00:00,590.0,0.01,0.0,0.49,0.0,0.0,1.0,53.0,0.659183095703125,False,REGULAR,USD,Call,2026-11-20,AAPL,2026-10-06T00:29:07.449491+00:00,332.89,0.0401800012588501,0.0031766010136492747,0.2116633544603646
AAPL261120C00600000,2026-10-02 13:37:12+00:00,600.0,0.02,0.0,0.03,0.0,0.0,1.0,628.0,0.51562984375,False,REGULAR,USD,Call,2026-11-20,AAPL,2026-10-06T00:29:07.449491+00:00,332.89,0.0401800012588501,0.0031766010136492747,0.2116633544603646
AAPL261120P00100000,2026-10-01 18:02:03+00:00,100.0,0.01,0.0,0.04,0.0,0.0,1.0,205.0,1.1015669921875002,False,REGULAR,USD,Put,2026-11-20,AAPL,2026-10-06T00:29:07.449491+00:00,332.89,0.0401800012588501,0.0031766010136492747,0.2116633544603646
AAPL261120P00105000,2026-10-05 19:01:58+00:00,105.0,0.01,0.0,0.01,-0.01,-50.0,11.0,7.0,0.937500625,False,REGULAR,USD,Put,2026-11-20,AAPL,2026-10-06T00:29:07.449491+00:00,332.89,0.0401800012588501,0.0031766010136492747,0.2116633544603646
AAPL261120P00110000,2026-09-24 19:43:15+00:00,110.0,0.02,0.0,0.03,0.0,0.0,1.0,230.0,0.992187578125,False,REGULAR,USD,Put,2026-11-20,AAPL,2026-10-06T00:29:07.449491+00:00,332.89,0.0401800012588501,0.0031766010136492747,0.2116633544603646
AAPL261120P00115000,2026-09-10 18:53:32+00:00,115.0,0.01,0.0,0.02,0.0,0.0,8.0,563.0,0.92187578125,False,REGULAR,USD,Put,2026-11-20,AAPL,2026-10-06T00:29:07.449491+00:00,332.89,0.0401800012588501,0.0031766010136492747,0.2116633544603646
AAPL261120P00120000,2026-10-05 19:02:08+00:00,120.0,0.01,0.0,0.01,-0.060000002,-85.71429,7.0,138.0,0.8437515624999999,False,REGULAR,USD,Put,2026-11-20,AAPL,2026-10-06T00:29:07.449491+00:00,332.89,0.0401800012588501,0.0031766010136492747,0.2116633544603646
AAPL261120P00125000,2026-09-09 14:38:45+00:00,125.0,0.05,0.0,0.04,0.0,0.0,1.0,80.0,0.8984385156249999,False,REGULAR,USD,Put,2026-11-20,AAPL,2026-10-06T00:29:07.449491+00:00,332.89,0.0401800012588501,0.0031766010136492747,0.2116633544603646
AAPL261120P00130000,2026-09-29 14:46:05+00:00,130.0,0.01,0.0,0.01,0.0,0.0,3.0,73.0,0.7812521875,False,REGULAR,USD,Put,2026-11-20,AAPL,2026-10-06T00:29:07.449491+00:00,332.89,0.0401800012588501,0.0031766010136492747,0.2116633544603646
AAPL261120P00135000,2026-09-29 19:37:36+00:00,135.0,0.04,0.0,0.04,0.0,0.0,1.0,322.0,0.8359391406249999,False,REGULAR,USD,Put,2026-11-20,AAPL,2026-10-06T00:29:07.449491+00:00,332.89,0.0401800012588501,0.0031766010136492747,0.2116633544603646
AAPL261120P00140000,2026-09-14 19:13:02+00:00,140.0,0.03,0.0,0.04,0.0,0.0,14.0,698.0,0.804689453125,False,REGULAR,USD,Put,2026-11-20,AAPL,2026-10-06T00:29:07.449491+00:00,332.89,0.0401800012588501,0.0031766010136492747,0.2116633544603646
AAPL261120P00145000,2026-10-05 18:28:34+00:00,145.0,0.01,0.0,0.01,0.0,0.0,1.0,306.0,0.6875031250000001,False,REGULAR,USD,Put,2026-11-20,AAPL,2026-10-06T00:29:07.449491+00:00,332.89,0.0401800012588501,0.0031766010136492747,0.2116633544603646
AAPL261120P00150000,2026-10-05 16:22:15+00:00,150.0,0.01,0.01,0.04,-0.02,-66.66667,30.0,273.0,0.7578149218750001,False,REGULAR,USD,Put,2026-11-20,AAPL,2026-10-06T00:29:07.449491+00:00,332.89,0.0401800012588501,0.0031766010136492747,0.2116633544603646
AAPL261120P00155000,2026-10-02 13:37:23+00:00,155.0,0.03,0.0,0.04,0.0,0.0,1.0,604.0,0.710940390625,False,REGULAR,USD,Put,2026-11-20,AAPL,2026-10-06T00:29:07.449491+00:00,332.89,0.0401800012588501,0.0031766010136492747,0.2116633544603646
AAPL261120P00160000,2026-10-05 16:22:43+00:00,160.0,0.01,0.01,0.04,-0.02,-66.66667,23.0,399.0,0.6953155468750001,False,REGULAR,USD,Put,2026-11-20,AAPL,2026-10-06T00:29:07.449491+00:00,332.89,0.0401800012588501,0.0031766010136492747,0.2116633544603646
AAPL261120P00165000,2026-10-05 13:45:17+00:00,165.0,0.03,0.0,0.07,0.0,0.0,2.0,150.0,0.6914093359375001,False,REGULAR,USD,Put,2026-11-20,AAPL,2026-10-06T00:29:07.449491+00:00,332.89,0.0401800012588501,0.0031766010136492747,0.2116633544603646
AAPL261120P00170000,2026-10-02 17:47:06+00:00,170.0,0.12,0.0,0.42,0.0,0.0,1.0,447.0,0.8037129003906249,False,REGULAR,USD,Put,2026-11-20,AAPL,2026-10-06T00:29:07.449491+00:00,332.89,0.0401800012588501,0.0031766010136492747,0.2116633544603646
AAPL261120P00175000,2026-10-05 13:44:19+00:00,175.0,0.05,0.0,0.08,0.020000001,66.66668,5.0,146.0,0.6445348046875,False,REGULAR,USD,Put,2026-11-20,AAPL,2026-10-06T00:29:07.449491+00:00,332.89,0.0401800012588501,0.0031766010136492747,0.2116633544603646
AAPL261120P00180000,2026-10-05 14:49:29+00:00,180.0,0.04,0.01,0.19,0.01,33.333336,6.0,302.0,0.6787141503906251,False,REGULAR,USD,Put,2026-11-20,AAPL,2026-10-06T00:29:07.449491+00:00,332.89,0.0401800012588501,0.0031766010136492747,0.2116633544603646
AAPL261120P00185000,2026-10-01 16:29:03+00:00,185.0,0.07,0.0,0.07,0.0,0.0,3.0,1103.0,0.5839885351562499,False,REGULAR,USD,Put,2026-11-20,AAPL,2026-10-06T00:29:07.449491+00:00,332.89,0.0401800012588501,0.0031766010136492747,0.2116633544603646
AAPL261120P00190000,2026-10-02 17:15:01+00:00,190.0,0.11,0.0,0.27,0.0,0.0,1.0,565.0,0.6455113574218749,False,REGULAR,USD,Put,2026-11-20,AAPL,2026-10-06T00:29:07.449491+00:00,332.89,0.0401800012588501,0.0031766010136492747,0.2116633544603646
AAPL261120P00195000,2026-10-02 15:57:03+00:00,195.0,0.1,0.0,0.28,0.0,0.0,1.0,537.0,0.6210975390625001,False,REGULAR,USD,Put,2026-11-20,AAPL,2026-10-06T00:29:07.449491+00:00,332.89,0.0401800012588501,0.0031766010136492747,0.2116633544603646
AAPL261120P00200000,2026-10-05 13:46:00+00:00,200.0,0.04,0.01,0.08,-0.010000002,-20.000002,2.0,2222.0,0.523442265625,False,REGULAR,USD,Put,2026-11-20,AAPL,2026-10-06T00:29:07.449491+00:00,332.89,0.0401800012588501,0.0031766010136492747,0.2116633544603646
AAPL261120P00205000,2026-10-02 17:15:18+00:00,205.0,0.05,0.0,0.08,0.0,0.0,2.0,1530.0,0.532231240234375,False,REGULAR,USD,Put,2026-11-20,AAPL,2026-10-06T00:29:07.449491+00:00,332.89,0.0401800012588501,0.0031766010136492747,0.2116633544603646
AAPL261120P00210000,2026-10-05 19:10:26+00:00,210.0,0.06,0.05,0.07,-0.02,-25.0,31.0,1931.0,0.500005,False,REGULAR,USD,Put,2026-11-20,AAPL,2026-10-06T00:29:07.449491+00:00,332.89,0.0401800012588501,0.0031766010136492747,0.2116633544603646
AAPL261120P00215000,2026-10-05 19:10:40+00:00,215.0,0.07,0.05,0.1,-0.009999998,-12.499997,2.0,1022.0,0.49609878906250005,False,REGULAR,USD,Put,2026-11-20,AAPL,2026-10-06T00:29:07.449491+00:00,332.89,0.0401800012588501,0.0031766010136492747,0.2116633544603646
AAPL261120P00220000,2026-10-05 19:10:26+00:00,220.0,0.09,0.05,0.1,0.010000005,12.500007,131.0,3803.0,0.4726615234375,False,REGULAR,USD,Put,2026-11-20,AAPL,2026-10-06T00:29:07.449491+00:00,332.89,0.0401800012588501,0.0031766010136492747,0.2116633544603646
AAPL261120P00225000,2026-10-01 14:24:22+00:00,225.0,0.12,0.05,0.13,0.0,0.0,10.0,1534.0,0.463872548828125,False,REGULAR,USD,Put,2026-11-20,AAPL,2026-10-06T00:29:07.449491+00:00,332.89,0.0401800012588501,0.0031766010136492747,0.2116633544603646
AAPL261120P00230000,2026-10-05 19:42:34+00:00,230.0,0.11,0.05,0.14,-0.019999996,-15.384612,13.0,6056.0,0.44434149414062496,False,REGULAR,USD,Put,2026-11-20,AAPL,2026-10-06T00:29:07.449491+00:00,332.89,0.0401800012588501,0.0031766010136492747,0.2116633544603646
AAPL261120P00235000,2026-10-05 18:15:49+00:00,235.0,0.14,0.09,0.19,0.0,0.0,5.0,2119.0,0.43848217773437503,False,REGULAR,USD,Put,2026-11-20,AAPL,2026-10-06T00:29:07.449491+00:00,332.89,0.0401800012588501,0.0031766010136492747,0.2116633544603646
AAPL261120P00240000,2026-10-05 16:32:20+00:00,240.0,0.15,0.11,0.21,-0.03999999,-21.052628,2.0,2854.0,0.4204159521484375,False,REGULAR,USD,Put,2026-11-20,AAPL,2026-10-06T00:29:07.449491+00:00,332.89,0.0401800012588501,0.0031766010136492747,0.2116633544603646
AAPL261120P00245000,2026-10-05 19:42:34+00:00,245.0,0.2,0.13,0.25,0.0,0.0,11.0,2591.0,0.4067442138671875,False,REGULAR,USD,Put,2026-11-20,AAPL,2026-10-06T00:29:07.449491+00:00,332.89,0.0401800012588501,0.0031766010136492747,0.2116633544603646
AAPL261120P00250000,2026-10-05 18:52:06+00:00,250.0,0.24,0.18,0.27,-0.030000016,-11.111116,6.0,7112.0,0.387701435546875,False,REGULAR,USD,Put,2026-11-20,AAPL,2026-10-06T00:29:07.449491+00:00,332.89,0.0401800012588501,0.0031766010136492747,0.2116633544603646
AAPL261120P00255000,2026-10-05 15:58:59+00:00,255.0,0.31,0.24,0.36,-0.02000001,-6.060609,2.0,6254.0,0.38086556640624997,False,REGULAR,USD,Put,2026-11-20,AAPL,2026-10-06T00:29:07.449491+00:00,332.89,0.0401800012588501,0.0031766010136492747,0.2116633544603646
AAPL261120P00260000,2026-10-05 17:35:50+00:00,260.0,0.36,0.34,0.37,-0.03999999,-9.999997,27.0,6349.0,0.358404853515625,False,REGULAR,USD,Put,2026-11-20,AAPL,2026-10-06T00:29:07.449491+00:00,332.89,0.0401800012588501,0.0031766010136492747,0.2116633544603646
AAPL261120P00265000,2026-10-05 19:09:30+00:00,265.0,0.44,0.38,0.49,-0.03999999,-8.333331,57.0,6627.0,0.3513248461914062,False,REGULAR,USD,Put,2026-11-20,AAPL,2026-10-06T00:29:07.449491+00:00,332.89,0.0401800012588501,0.0031766010136492747,0.2116633544603646
AAPL261120P00270000,2026-10-05 19:50:29+00:00,270.0,0.56,0.48,0.6,-0.060000002,-9.67742,93.0,7966.0,0.3393620751953125,False,REGULAR,USD,Put,2026-11-20,AAPL,2026-10-06T00:29:07.449491+00:00,332.89,0.0401800012588501,0.0031766010136492747,0.2116633544603646
AAPL261120P00275000,2026-10-05 19:42:24+00:00,275.0,0.69,0.65,0.74,-0.050000012,-6.7567577,38.0,5352.0,0.32776551147460936,False,REGULAR,USD,Put,2026-11-20,AAPL,2026-10-06T00:29:07.449491+00:00,332.89,0.0401800012588501,0.0031766010136492747,0.2116633544603646
AAPL261120P00280000,2026-10-05 19:59:35+00:00,280.0,0.86,0.77,0.99,-0.050000012,-5.4945064,123.0,8916.0,0.3220282641601562,False,REGULAR,USD,Put,2026-11-20,AAPL,2026-10-06T00:29:07.449491+00:00,332.89,0.0401800012588501,0.0031766010136492747,0.2116633544603646
AAPL261120P00285000,2026-10-05 19:59:33+00:00,285.0,1.1,1.03,1.12,-0.059999943,-5.172409,128.0,5348.0,0.3042061767578125,False,REGULAR,USD,Put,2026-11-20,AAPL,2026-10-06T00:29:07.449491+00:00,332.89,0.0401800012588501,0.0031766010136492747,0.2116633544603646
AAPL261120P00290000,2026-10-05 19:45:55+00:00,290.0,1.41,1.34,1.45,-0.07000005,-4.729733,75.0,7021.0,0.2962716857910156,False,REGULAR,USD,Put,2026-11-20,AAPL,2026-10-06T00:29:07.449491+00:00,332.89,0.0401800012588501,0.0031766010136492747,0.2116633544603646
AAPL261120P00295000,2026-10-05 19:58:29+00:00,295.0,1.89,1.68,1.93,-0.060000062,-3.0769262,218.0,6675.0,0.2910227148437499,False,REGULAR,USD,Put,2026-11-20,AAPL,2026-10-06T00:29:07.449491+00:00,332.89,0.0401800012588501,0.0031766010136492747,0.2116633544603646
AAPL261120P00300000,2026-10-05 19:58:29+00:00,300.0,2.35,2.29,2.45,-0.16000009,-6.374505,387.0,19730.0,0.2822947747802734,False,REGULAR,USD,Put,2026-11-20,AAPL,2026-10-06T00:29:07.449491+00:00,332.89,0.0401800012588501,0.0031766010136492747,0.2116633544603646
AAPL261120P00305000,2026-10-05 19:58:15+00:00,305.0,3.1,3.0,3.2,-0.20000005,-6.0606074,398.0,5448.0,0.2769237347412109,False,REGULAR,USD,Put,2026-11-20,AAPL,2026-10-06T00:29:07.449491+00:00,332.89,0.0401800012588501,0.0031766010136492747,0.2116633544603646
AAPL261120P00310000,2026-10-05 19:53:40+00:00,310.0,3.94,3.8,4.1,-0.09000015,-2.2332542,367.0,16642.0,0.270515107421875,False,REGULAR,USD,Put,2026-11-20,AAPL,2026-10-06T00:29:07.449491+00:00,332.89,0.0401800012588501,0.0031766010136492747,0.2116633544603646
AAPL261120P00315000,2026-10-05 19:59:08+00:00,315.0,5.0,4.75,5.2,-0.1500001,-2.9126232,1335.0,11341.0,0.26392337646484376,False,REGULAR,USD,Put,2026-11-20,AAPL,2026-10-06T00:29:07.449491+00:00,332.89,0.0401800012588501,0.0031766010136492747,0.2116633544603646
AAPL261120P00320000,2026-10-05 19:59:59+00:00,320.0,6.35,6.1,6.5,-0.05000019,-0.781253,311.0,7203.0,0.2563856100463867,False,REGULAR,USD,Put,2026-11-20,AAPL,2026-10-06T00:29:07.449491+00:00,332.89,0.0401800012588501,0.0031766010136492747,0.2116633544603646
AAPL261120P00325000,2026-10-05 19:54:48+00:00,325.0,8.17,7.8,8.15,0.09000015,1.1138632,259.0,3828.0,0.2506788800048828,False,REGULAR,USD,Put,2026-11-20,AAPL,2026-10-06T00:29:07.449491+00:00,332.89,0.0401800012588501,0.0031766010136492747,0.2116633544603646
AAPL261120P00330000,2026-10-05 19:54:36+00:00,330.0,10.0,9.75,10.15,-0.22999954,-2.248285,244.0,5917.0,0.2459181854248047,False,REGULAR,USD,Put,2026-11-20,AAPL,2026-10-06T00:29:07.449491+00:00,332.89,0.0401800012588501,0.0031766010136492747,0.2116633544603646
AAPL261120P00335000,2026-10-05 19:48:31+00:00,335.0,12.32,11.95,12.4,-0.030000687,-0.24292053,902.0,3006.0,0.2393264544677734,True,REGULAR,USD,Put,2026-11-20,AAPL,2026-10-06T00:29:07.449491+00:00,332.89,0.0401800012588501,0.0031766010136492747,0.2116633544603646
AAPL261120P00340000,2026-10-05 19:40:51+00:00,340.0,14.7,14.6,15.2,-0.15999985,-1.076715,1043.0,2952.0,0.23706817626953125,True,REGULAR,USD,Put,2026-11-20,AAPL,2026-10-06T00:29:07.449491+00:00,332.89,0.0401800012588501,0.0031766010136492747,0.2116633544603646
AAPL261120P00345000,2026-10-05 18:16:49+00:00,345.0,18.05,16.65,18.8,0.19999886,1.1204418,44.0,1444.0,0.2453078399658203,True,REGULAR,USD,Put,2026-11-20,AAPL,2026-10-06T00:29:07.449491+00:00,332.89,0.0401800012588501,0.0031766010136492747,0.2116633544603646
AAPL261120P00350000,2026-10-05 19:32:53+00:00,350.0,20.6,19.9,21.65,-0.55999947,-2.6465003,8.0,779.0,0.22873696075439454,True,REGULAR,USD,Put,2026-11-20,AAPL,2026-10-06T00:29:07.449491+00:00,332.89,0.0401800012588501,0.0031766010136492747,0.2116633544603646
AAPL261120P00355000,2026-10-05 17:22:28+00:00,355.0,24.6,23.95,25.8,0.20000076,0.81967527,2.0,260.0,0.2368240380859375,True,REGULAR,USD,Put,2026-11-20,AAPL,2026-10-06T00:29:07.449491+00:00,332.89,0.0401800012588501,0.0031766010136492747,0.2116633544603646
AAPL261120P00360000,2026-10-05 13:43:11+00:00,360.0,27.3,28.05,29.9,-4.5700016,-14.339509,2.0,467.0,0.23792265991210934,True,REGULAR,USD,Put,2026-11-20,AAPL,2026-10-06T00:29:07.449491+00:00,332.89,0.0401800012588501,0.0031766010136492747,0.2116633544603646
AAPL261120P00365000,2026-09-30 14:06:05+00:00,365.0,29.39,32.65,34.3,0.0,0.0,1.0,125.0,0.24286645812988278,True,REGULAR,USD,Put,2026-11-20,AAPL,2026-10-06T00:29:07.449491+00:00,332.89,0.0401800012588501,0.0031766010136492747,0.2116633544603646
AAPL261120P00370000,2026-10-05 16:36:56+00:00,370.0,36.11,36.15,38.7,-2.8899994,-7.410255,1.0,201.0,0.24225611267089842,True,REGULAR,USD,Put,2026-11-20,AAPL,2026-10-06T00:29:07.449491+00:00,332.89,0.0401800012588501,0.0031766010136492747,0.2116633544603646
AAPL261120P00375000,2026-10-02 14:33:07+00:00,375.0,41.3,40.85,43.7,0.0,0.0,5.0,57.0,0.26367923828125,True,REGULAR,USD,Put,2026-11-20,AAPL,2026-10-06T00:29:07.449491+00:00,332.89,0.0401800012588501,0.0031766010136492747,0.2116633544603646
AAPL261120P00380000,2026-10-01 14:07:26+00:00,380.0,50.81,45.7,48.35,0.0,0.0,1.0,0.0,0.26697510375976563,True,REGULAR,USD,Put,2026-11-20,AAPL,2026-10-06T00:29:07.449491+00:00,332.89,0.0401800012588501,0.0031766010136492747,0.2116633544603646
AAPL261120P00385000,2026-09-29 14:33:01+00:00,385.0,53.17,50.55,53.65,0.0,0.0,6.0,0.0,0.30188686401367193,True,REGULAR,USD,Put,2026-11-20,AAPL,2026-10-06T00:29:07.449491+00:00,332.89,0.0401800012588501,0.0031766010136492747,0.2116633544603646
AAPL261120P00390000,2026-09-28 19:46:17+00:00,390.0,49.85,55.5,58.75,0.0,0.0,5.0,0.0,0.3263006823730469,True,REGULAR,USD,Put,2026-11-20,AAPL,2026-10-06T00:29:07.449491+00:00,332.89,0.0401800012588501,0.0031766010136492747,0.2116633544603646
AAPL261120P00400000,2026-09-22 14:56:08+00:00,400.0,57.83,65.5,68.8,0.0,0.0,4.0,0.0,0.36646141357421874,True,REGULAR,USD,Put,2026-11-20,AAPL,2026-10-06T00:29:07.449491+00:00,332.89,0.0401800012588501,0.0031766010136492747,0.2116633544603646
AAPL261120P00410000,2026-09-23 16:06:18+00:00,410.0,73.2,75.5,78.8,0.0,0.0,1.0,0.0,0.4023497265625,True,REGULAR,USD,Put,2026-11-20,AAPL,2026-10-06T00:29:07.449491+00:00,332.89,0.0401800012588501,0.0031766010136492747,0.2116633544603646
AAPL261218C00005000,2026-10-02 19:35:08+00:00,5.0,328.76,326.3,329.5,0.0,0.0,4.0,58.0,2.93750265625,True,REGULAR,USD,Call,2026-12-18,AAPL,2026-10-06T00:29:07.449491+00:00,332.89,0.0401800012588501,0.0031766010136492747,0.2116633544603646
AAPL261218C00010000,2026-08-07 19:52:50+00:00,10.0,303.27,0.0,0.0,0.0,0.0,2.0,0.0,1.0000000000000003e-05,True,REGULAR,USD,Call,2026-12-18,AAPL,2026-10-06T00:29:07.449491+00:00,332.89,0.0401800012588501,0.0031766010136492747,0.2116633544603646
AAPL261218C00015000,2026-08-07 19:52:50+00:00,15.0,298.33,0.0,0.0,0.0,0.0,2.0,0.0,1.0000000000000003e-05,True,REGULAR,USD,Call,2026-12-18,AAPL,2026-10-06T00:29:07.449491+00:00,332.89,0.0401800012588501,0.0031766010136492747,0.2116633544603646
AAPL261218C00020000,2026-08-07 18:06:08+00:00,20.0,292.93,0.0,0.0,0.0,0.0,2.0,0.0,1.0000000000000003e-05,True,REGULAR,USD,Call,2026-12-18,AAPL,2026-10-06T00:29:07.449491+00:00,332.89,0.0401800012588501,0.0031766010136492747,0.2116633544603646
AAPL261218C00025000,2026-05-29 17:11:59+00:00,25.0,286.17,0.0,0.0,0.0,0.0,7.0,0.0,1.0000000000000003e-05,True,REGULAR,USD,Call,2026-12-18,AAPL,2026-10-06T00:29:07.449491+00:00,332.89,0.0401800012588501,0.0031766010136492747,0.2116633544603646
AAPL261218C00030000,2026-08-07 15:23:46+00:00,30.0,283.62,0.0,0.0,0.0,0.0,1.0,0.0,1.0000000000000003e-05,True,REGULAR,USD,Call,2026-12-18,AAPL,2026-10-06T00:29:07.449491+00:00,332.89,0.0401800012588501,0.0031766010136492747,0.2116633544603646
AAPL261218C00035000,2026-06-22 14:33:53+00:00,35.0,266.33,284.8,288.6,0.0,0.0,2.0,1.0,1.0000000000000003e-05,True,REGULAR,USD,Call,2026-12-18,AAPL,2026-10-06T00:29:07.449491+00:00,332.89,0.0401800012588501,0.0031766010136492747,0.2116633544603646
AAPL261218C00040000,2026-08-25 19:26:10+00:00,40.0,269.37,291.45,294.65,0.0,0.0,1.0,4.0,1.853516357421875,True,REGULAR,USD,Call,2026-12-18,AAPL,2026-10-06T00:29:07.449491+00:00,332.89,0.0401800012588501,0.0031766010136492747,0.2116633544603646
AAPL261218C00045000,2026-06-22 18:35:05+00:00,45.0,254.68,274.95,278.8,0.0,0.0,1.0,50.0,1.0000000000000003e-05,True,REGULAR,USD,Call,2026-12-18,AAPL,2026-10-06T00:29:07.449491+00:00,332.89,0.0401800012588501,0.0031766010136492747,0.2116633544603646
AAPL261218C00050000,2026-09-21 18:27:41+00:00,50.0,288.85,281.5,284.75,0.0,0.0,1.0,2002.0,1.732423212890625,True,REGULAR,USD,Call,2026-12-18,AAPL,2026-10-06T00:29:07.449491+00:00,332.89,0.0401800012588501,0.0031766010136492747,0.2116633544603646
AAPL261218C00060000,2026-09-30 13:58:08+00:00,60.0,275.19,271.6,274.85,0.0,0.0,24.0,250.0,1.6357440087890622,True,REGULAR,USD,Call,2026-12-18,AAPL,2026-10-06T00:29:07.449491+00:00,332.89,0.0401800012588501,0.0031766010136492747,0.2116633544603646
AAPL261218C00070000,2026-09-17 18:40:23+00:00,70.0,266.36,261.7,264.95,0.0,0.0,1.0,2373.0,1.54297103515625,True,REGULAR,USD,Call,2026-12-18,AAPL,2026-10-06T00:29:07.449491+00:00,332.89,0.0401800012588501,0.0031766010136492747,0.2116633544603646
AAPL261218C00080000,2026-09-25 16:20:03+00:00,80.0,260.42,251.8,255.05,0.0,0.0,15.0,352.0,1.4541042919921874,True,REGULAR,USD,Call,2026-12-18,AAPL,2026-10-06T00:29:07.449491+00:00,332.89,0.0401800012588501,0.0031766010136492747,0.2116633544603646
AAPL261218C00085000,2026-08-06 19:44:31+00:00,85.0,228.7,0.0,0.0,0.0,0.0,100.0,0.0,1.0000000000000003e-05,True,REGULAR,USD,Call,2026-12-18,AAPL,2026-10-06T00:29:07.449491+00:00,332.89,0.0401800012588501,0.0031766010136492747,0.2116633544603646
AAPL261218C00090000,2026-09-28 18:05:07+00:00,90.0,248.85,241.9,245.15,0.0,0.0,1.0,476.0,1.3715851733398439,True,REGULAR,USD,Call,2026-12-18,AAPL,2026-10-06T00:29:07.449491+00:00,332.89,0.0401800012588501,0.0031766010136492747,0.2116633544603646
AAPL261218C00095000,2026-08-03 19:41:05+00:00,95.0,211.1,224.65,227.75,0.0,0.0,1.0,100.0,1.0000000000000003e-05,True,REGULAR,USD,Call,2026-12-18,AAPL,2026-10-06T00:29:07.449491+00:00,332.89,0.0401800012588501,0.0031766010136492747,0.2116633544603646
AAPL261218C00100000,2026-09-17 19:27:07+00:00,100.0,237.84,231.95,234.55,0.0,0.0,5.0,3253.0,1.1689494677734376,True,REGULAR,USD,Call,2026-12-18,AAPL,2026-10-06T00:29:07.449491+00:00,332.89,0.0401800012588501,0.0031766010136492747,0.2116633544603646
AAPL261218C00105000,2026-08-13 19:51:32+00:00,105.0,200.97,0.0,0.0,0.0,0.0,1.0,0.0,1.0000000000000003e-05,True,REGULAR,USD,Call,2026-12-18,AAPL,2026-10-06T00:29:07.449491+00:00,332.89,0.0401800012588501,0.0031766010136492747,0.2116633544603646
AAPL261218C00110000,2026-07-29 17:00:56+00:00,110.0,233.0,209.85,213.05,0.0,0.0,1.0,523.0,1.0000000000000003e-05,True,REGULAR,USD,Call,2026-12-18,AAPL,2026-10-06T00:29:07.449491+00:00,332.89,0.0401800012588501,0.0031766010136492747,0.2116633544603646
AAPL261218C00115000,2026-08-13 19:51:32+00:00,115.0,191.17,0.0,0.0,0.0,0.0,1.0,0.0,1.0000000000000003e-05,True,REGULAR,USD,Call,2026-12-18,AAPL,2026-10-06T00:29:07.449491+00:00,332.89,0.0401800012588501,0.0031766010136492747,0.2116633544603646
AAPL261218C00120000,2026-09-11 19:04:58+00:00,120.0,213.99,212.15,215.4,0.0,0.0,4.0,1311.0,1.1411175756835936,True,REGULAR,USD,Call,2026-12-18,AAPL,2026-10-06T00:29:07.449491+00:00,332.89,0.0401800012588501,0.0031766010136492747,0.2116633544603646
AAPL261218C00125000,2026-10-02 16:52:00+00:00,125.0,209.0,207.2,210.45,0.0,0.0,1.0,458.0,1.1084028955078127,True,REGULAR,USD,Call,2026-12-18,AAPL,2026-10-06T00:29:07.449491+00:00,332.89,0.0401800012588501,0.0031766010136492747,0.2116633544603646
AAPL261218C00130000,2026-09-09 14:55:26+00:00,130.0,184.95,202.25,205.5,0.0,0.0,1.0,1382.0,1.076664772949219,True,REGULAR,USD,Call,2026-12-18,AAPL,2026-10-06T00:29:07.449491+00:00,332.89,0.0401800012588501,0.0031766010136492747,0.2116633544603646
AAPL261218C00135000,2026-10-01 17:04:10+00:00,135.0,194.12,197.3,200.55,0.0,0.0,33.0,652.0,1.045414929199219,True,REGULAR,USD,Call,2026-12-18,AAPL,2026-10-06T00:29:07.449491+00:00,332.89,0.0401800012588501,0.0031766010136492747,0.2116633544603646
AAPL261218C00140000,2026-10-01 17:11:59+00:00,140.0,189.48,192.35,195.6,0.0,0.0,150.0,923.0,1.0151416430664062,True,REGULAR,USD,Call,2026-12-18,AAPL,2026-10-06T00:29:07.449491+00:00,332.89,0.0401800012588501,0.0031766010136492747,0.2116633544603646
AAPL261218C00145000,2026-10-01 16:20:36+00:00,145.0,184.55,187.4,190.65,0.0,0.0,15.0,413.0,0.9851075708007813,True,REGULAR,USD,Call,2026-12-18,AAPL,2026-10-06T00:29:07.449491+00:00,332.89,0.0401800012588501,0.0031766010136492747,0.2116633544603646
AAPL261218C00150000,2026-10-01 16:38:40+00:00,150.0,179.34,182.45,185.1,0.0,0.0,19.0,384.0,0.9096688720703124,True,REGULAR,USD,Call,2026-12-18,AAPL,2026-10-06T00:29:07.449491+00:00,332.89,0.0401800012588501,0.0031766010136492747,0.2116633544603646
AAPL261218C00155000,2026-09-25 19:28:31+00:00,155.0,186.5,177.5,180.75,0.0,0.0,2.0,253.0,0.9272468212890624,True,REGULAR,USD,Call,2026-12-18,AAPL,2026-10-06T00:29:07.449491+00:00,332.89,0.0401800012588501,0.0031766010136492747,0.2116633544603646
AAPL261218C00160000,2026-09-25 14:18:03+00:00,160.0,176.62,172.55,175.8,0.0,0.0,3.0,450.0,0.8991709301757811,True,REGULAR,USD,Call,2026-12-18,AAPL,2026-10-06T00:29:07.449491+00:00,332.89,0.0401800012588501,0.0031766010136492747,0.2116633544603646
AAPL261218C00165000,2026-09-29 14:28:07+00:00,165.0,168.5,167.6,170.85,0.0,0.0,1.0,522.0,0.8715833154296875,True,REGULAR,USD,Call,2026-12-18,AAPL,2026-10-06T00:29:07.449491+00:00,332.89,0.0401800012588501,0.0031766010136492747,0.2116633544603646
AAPL261218C00170000,2026-10-05 17:57:23+00:00,170.0,164.2,162.65,165.85,3.4700012,2.1589007,1.0,928.0,0.8415543188476562,True,REGULAR,USD,Call,2026-12-18,AAPL,2026-10-06T00:29:07.449491+00:00,332.89,0.0401800012588501,0.0031766010136492747,0.2116633544603646
AAPL261218C00175000,2026-10-01 16:31:12+00:00,175.0,154.81,157.7,160.95,0.0,0.0,2.0,732.0,0.8176287768554686,True,REGULAR,USD,Call,2026-12-18,AAPL,2026-10-06T00:29:07.449491+00:00,332.89,0.0401800012588501,0.0031766010136492747,0.2116633544603646
AAPL261218C00180000,2026-10-01 13:35:51+00:00,180.0,153.2,152.75,156.0,0.0,0.0,1.0,745.0,0.7915059912109376,True,REGULAR,USD,Call,2026-12-18,AAPL,2026-10-06T00:29:07.449491+00:00,332.89,0.0401800012588501,0.0031766010136492747,0.2116633544603646
AAPL261218C00185000,2026-09-25 14:29:05+00:00,185.0,152.75,147.8,151.05,0.0,0.0,4.0,943.0,0.7656273437500001,True,REGULAR,USD,Call,2026-12-18,AAPL,2026-10-06T00:29:07.449491+00:00,332.89,0.0401800012588501,0.0031766010136492747,0.2116633544603646
AAPL261218C00190000,2026-10-05 16:24:28+00:00,190.0,146.1,142.85,145.9,0.1000061,0.06849733,3.0,534.0,0.7307155834960937,True,REGULAR,USD,Call,2026-12-18,AAPL,2026-10-06T00:29:07.449491+00:00,332.89,0.0401800012588501,0.0031766010136492747,0.2116633544603646
AAPL261218C00195000,2026-09-25 19:48:43+00:00,195.0,148.0,137.9,141.15,0.0,0.0,15.0,1120.0,0.7149686706542968,True,REGULAR,USD,Call,2026-12-18,AAPL,2026-10-06T00:29:07.449491+00:00,332.89,0.0401800012588501,0.0031766010136492747,0.2116633544603646
AAPL261218C00200000,2026-10-05 15:06:30+00:00,200.0,135.5,132.95,135.6,3.199997,2.418743,1.0,8809.0,0.6635775830078127,True,REGULAR,USD,Call,2026-12-18,AAPL,2026-10-06T00:29:07.449491+00:00,332.89,0.0401800012588501,0.0031766010136492747,0.2116633544603646
AAPL261218C00205000,2026-09-25 18:54:31+00:00,205.0,137.28,128.0,131.25,0.0,0.0,5.0,173.0,0.6656527575683595,True,REGULAR,USD,Call,2026-12-18,AAPL,2026-10-06T00:29:07.449491+00:00,332.89,0.0401800012588501,0.0031766010136492747,0.2116633544603646
AAPL261218C00210000,2026-10-05 16:02:37+00:00,210.0,125.34,123.1,125.7,0.13999939,0.1118206,2.0,5572.0,0.6196327099609377,True,REGULAR,USD,Call,2026-12-18,AAPL,2026-10-06T00:29:07.449491+00:00,332.89,0.0401800012588501,0.0031766010136492747,0.2116633544603646
AAPL261218C00215000,2026-10-01 13:50:28+00:00,215.0,118.48,118.15,120.75,0.0,0.0,1.0,761.0,0.596683720703125,True,REGULAR,USD,Call,2026-12-18,AAPL,2026-10-06T00:29:07.449491+00:00,332.89,0.0401800012588501,0.0031766010136492747,0.2116633544603646
AAPL261218C00220000,2026-10-02 19:34:16+00:00,220.0,115.58,113.25,115.85,0.0,0.0,11.0,3096.0,0.5776409423828125,True,REGULAR,USD,Call,2026-12-18,AAPL,2026-10-06T00:29:07.449491+00:00,332.89,0.0401800012588501,0.0031766010136492747,0.2116633544603646
AAPL261218C00225000,2026-10-05 14:12:55+00:00,225.0,110.78,108.3,111.55,-0.5200043,-0.46720958,5.0,389.0,0.5767864587402343,True,REGULAR,USD,Call,2026-12-18,AAPL,2026-10-06T00:29:07.449491+00:00,332.89,0.0401800012588501,0.0031766010136492747,0.2116633544603646
AAPL261218C00230000,2026-10-05 16:27:15+00:00,230.0,106.5,103.65,105.95,-0.19999695,-0.18743856,9.0,4722.0,0.5422409057617189,True,REGULAR,USD,Call,2026-12-18,AAPL,2026-10-06T00:29:07.449491+00:00,332.89,0.0401800012588501,0.0031766010136492747,0.2116633544603646
AAPL261218C00235000,2026-09-30 19:15:53+00:00,235.0,103.63,98.5,101.1,0.0,0.0,2.0,490.0,0.5163622583007812,True,REGULAR,USD,Call,2026-12-18,AAPL,2026-10-06T00:29:07.449491+00:00,332.89,0.0401800012588501,0.0031766010136492747,0.2116633544603646
AAPL261218C00240000,2026-10-02 13:48:14+00:00,240.0,98.0,94.05,96.15,4.1800003,4.4553404,7.0,5322.0,0.5079394909667969,True,REGULAR,USD,Call,2026-12-18,AAPL,2026-10-06T00:29:07.449491+00:00,332.89,0.0401800012588501,0.0031766010136492747,0.2116633544603646
AAPL261218C00245000,2026-10-05 18:58:55+00:00,245.0,90.79,88.95,91.65,-0.69999695,-0.76510763,33.0,440.0,0.5544478149414063,True,REGULAR,USD,Call,2026-12-18,AAPL,2026-10-06T00:29:07.449491+00:00,332.89,0.0401800012588501,0.0031766010136492747,0.2116633544603646
AAPL261218C00250000,2026-10-05 17:58:09+00:00,250.0,85.58,83.85,86.4,1.0299988,1.2182126,132.0,14941.0,0.5162401892089843,True,REGULAR,USD,Call,2026-12-18,AAPL,2026-10-06T00:29:07.449491+00:00,332.89,0.0401800012588501,0.0031766010136492747,0.2116633544603646
AAPL261218C00255000,2026-10-05 15:40:45+00:00,255.0,81.35,79.0,82.1,1.409996,1.7638179,132.0,4674.0,0.5158739819335938,True,REGULAR,USD,Call,2026-12-18,AAPL,2026-10-06T00:29:07.449491+00:00,332.89,0.0401800012588501,0.0031766010136492747,0.2116633544603646
AAPL261218C00260000,2026-10-05 19:03:24+00:00,260.0,76.85,74.25,76.55,0.34999847,0.45751435,158.0,6953.0,0.46771772521972654,True,REGULAR,USD,Call,2026-12-18,AAPL,2026-10-06T00:29:07.449491+00:00,332.89,0.0401800012588501,0.0031766010136492747,0.2116633544603646
AAPL261218C00265000,2026-10-05 16:52:18+00:00,265.0,72.7,69.45,72.0,0.9699936,1.3522843,221.0,2321.0,0.4568535760498047,True,REGULAR,USD,Call,2026-12-18,AAPL,2026-10-06T00:29:07.449491+00:00,332.89,0.0401800012588501,0.0031766010136492747,0.2116633544603646
AAPL261218C00270000,2026-10-05 18:42:38+00:00,270.0,66.3,65.25,67.25,-0.5499954,-0.82273066,10.0,7286.0,0.4378718322753906,True,REGULAR,USD,Call,2026-12-18,AAPL,2026-10-06T00:29:07.449491+00:00,332.89,0.0401800012588501,0.0031766010136492747,0.2116633544603646
AAPL261218C00275000,2026-10-05 15:17:49+00:00,275.0,62.4,60.15,62.6,0.22000122,0.35381347,3.0,2158.0,0.4213314703369141,True,REGULAR,USD,Call,2026-12-18,AAPL,2026-10-06T00:29:07.449491+00:00,332.89,0.0401800012588501,0.0031766010136492747,0.2116633544603646
AAPL261218C00280000,2026-10-05 19:36:25+00:00,280.0,57.72,55.8,57.55,0.069999695,0.121421844,13.0,6871.0,0.3921569573974609,True,REGULAR,USD,Call,2026-12-18,AAPL,2026-10-06T00:29:07.449491+00:00,332.89,0.0401800012588501,0.0031766010136492747,0.2116633544603646
AAPL261218C00285000,2026-10-05 19:38:45+00:00,285.0,52.9,51.15,53.45,-0.34999847,-0.6572741,15.0,2548.0,0.38947143737792966,True,REGULAR,USD,Call,2026-12-18,AAPL,2026-10-06T00:29:07.449491+00:00,332.89,0.0401800012588501,0.0031766010136492747,0.2116633544603646
AAPL261218C00290000,2026-10-05 15:33:41+00:00,290.0,48.37,47.1,48.95,-0.37000275,-0.75913566,2.0,15152.0,0.37366348999023435,True,REGULAR,USD,Call,2026-12-18,AAPL,2026-10-06T00:29:07.449491+00:00,332.89,0.0401800012588501,0.0031766010136492747,0.2116633544603646
AAPL261218C00295000,2026-10-02 19:45:40+00:00,295.0,44.47,42.0,44.65,0.0,0.0,128.0,4279.0,0.3612429598999023,True,REGULAR,USD,Call,2026-12-18,AAPL,2026-10-06T00:29:07.449491+00:00,332.89,0.0401800012588501,0.0031766010136492747,0.2116633544603646
AAPL261218C00300000,2026-10-05 19:39:46+00:00,300.0,39.0,38.25,40.35,-1.1599998,-2.8884459,51.0,24174.0,0.3469303588867187,True,REGULAR,USD,Call,2026-12-18,AAPL,2026-10-06T00:29:07.449491+00:00,332.89,0.0401800012588501,0.0031766010136492747,0.2116633544603646
AAPL261218C00305000,2026-10-05 19:29:26+00:00,305.0,36.15,34.15,36.35,0.060001373,0.16625485,9.0,4872.0,0.3369817279052735,True,REGULAR,USD,Call,2026-12-18,AAPL,2026-10-06T00:29:07.449491+00:00,332.89,0.0401800012588501,0.0031766010136492747,0.2116633544603646
AAPL261218C00310000,2026-10-05 19:40:38+00:00,310.0,31.59,30.7,32.15,-0.36999893,-1.1576939,33.0,7081.0,0.3206549868774413,True,REGULAR,USD,Call,2026-12-18,AAPL,2026-10-06T00:29:07.449491+00:00,332.89,0.0401800012588501,0.0031766010136492747,0.2116633544603646
AAPL261218C00315000,2026-10-05 18:43:25+00:00,315.0,27.63,27.0,28.15,-0.87000084,-3.0526345,40.0,4381.0,0.3060066958618164,True,REGULAR,USD,Call,2026-12-18,AAPL,2026-10-06T00:29:07.449491+00:00,332.89,0.0401800012588501,0.0031766010136492747,0.2116633544603646
AAPL261218C00320000,2026-10-05 19:38:31+00:00,320.0,23.85,23.75,24.95,-1.1499996,-4.5999985,220.0,11097.0,0.303168589477539,True,REGULAR,USD,Call,2026-12-18,AAPL,2026-10-06T00:29:07.449491+00:00,332.89,0.0401800012588501,0.0031766010136492747,0.2116633544603646
AAPL261218C00325000,2026-10-05 19:40:41+00:00,325.0,21.05,20.4,21.35,-0.5,-2.3201857,83.0,7115.0,0.28983254119873036,True,REGULAR,USD,Call,2026-12-18,AAPL,2026-10-06T00:29:07.449491+00:00,332.89,0.0401800012588501,0.0031766010136492747,0.2116633544603646
AAPL261218C00330000,2026-10-05 19:47:06+00:00,330.0,17.7,17.65,18.2,-0.94999886,-5.0938277,2174.0,20015.0,0.28089098022460934,True,REGULAR,USD,Call,2026-12-18,AAPL,2026-10-06T00:29:07.449491+00:00,332.89,0.0401800012588501,0.0031766010136492747,0.2116633544603646
AAPL261218C00335000,2026-10-05 19:59:15+00:00,335.0,15.15,15.05,15.55,-0.7300005,-4.59698,209.0,7912.0,0.2765880447387695,False,REGULAR,USD,Call,2026-12-18,AAPL,2026-10-06T00:29:07.449491+00:00,332.89,0.0401800012588501,0.0031766010136492747,0.2116633544603646
AAPL261218C00340000,2026-10-05 19:59:59+00:00,340.0,12.8,12.65,13.1,-0.39999962,-3.0303001,570.0,14400.0,0.2716747637939453,False,REGULAR,USD,Call,2026-12-18,AAPL,2026-10-06T00:29:07.449491+00:00,332.89,0.0401800012588501,0.0031766010136492747,0.2116633544603646
AAPL261218C00345000,2026-10-05 19:44:04+00:00,345.0,10.7,10.45,10.9,-0.19999981,-1.8348607,148.0,6689.0,0.2669140692138672,False,REGULAR,USD,Call,2026-12-18,AAPL,2026-10-06T00:29:07.449491+00:00,332.89,0.0401800012588501,0.0031766010136492747,0.2116633544603646
AAPL261218C00350000,2026-10-05 19:54:10+00:00,350.0,8.7,8.55,9.0,-0.47000027,-5.125412,871.0,26750.0,0.26319096191406255,False,REGULAR,USD,Call,2026-12-18,AAPL,2026-10-06T00:29:07.449491+00:00,332.89,0.0401800012588501,0.0031766010136492747,0.2116633544603646
AAPL261218C00355000,2026-10-05 19:40:26+00:00,355.0,7.23,6.9,7.35,-0.32000017,-4.2384124,92.0,1433.0,0.2598035446166992,False,REGULAR,USD,Call,2026-12-18,AAPL,2026-10-06T00:29:07.449491+00:00,332.89,0.0401800012588501,0.0031766010136492747,0.2116633544603646
AAPL261218C00360000,2026-10-05 19:47:37+00:00,360.0,5.7,5.5,5.95,-0.26999998,-4.522613,1332.0,25378.0,0.25699595550537113,False,REGULAR,USD,Call,2026-12-18,AAPL,2026-10-06T00:29:07.449491+00:00,332.89,0.0401800012588501,0.0031766010136492747,0.2116633544603646
AAPL261218C00365000,2026-10-05 19:48:09+00:00,365.0,4.6,4.35,4.6,-0.25,-5.1546392,95.0,1836.0,0.2507704318237304,False,REGULAR,USD,Call,2026-12-18,AAPL,2026-10-06T00:29:07.449491+00:00,332.89,0.0401800012588501,0.0031766010136492747,0.2116633544603646
AAPL261218C00370000,2026-10-05 19:52:43+00:00,370.0,3.45,3.4,3.65,-0.29999995,-7.999999,133.0,10839.0,0.249030947265625,False,REGULAR,USD,Call,2026-12-18,AAPL,2026-10-06T00:29:07.449491+00:00,332.89,0.0401800012588501,0.0031766010136492747,0.2116633544603646
AAPL261218C00375000,2026-10-05 19:57:22+00:00,375.0,2.72,2.7,2.84,-0.22000003,-7.4829946,873.0,1191.0,0.24665059997558597,False,REGULAR,USD,Call,2026-12-18,AAPL,2026-10-06T00:29:07.449491+00:00,332.89,0.0401800012588501,0.0031766010136492747,0.2116633544603646
AAPL261218C00380000,2026-10-05 19:35:22+00:00,380.0,2.25,2.04,2.23,-0.089999914,-3.8461504,463.0,16164.0,0.2459181854248047,False,REGULAR,USD,Call,2026-12-18,AAPL,2026-10-06T00:29:07.449491+00:00,332.89,0.0401800012588501,0.0031766010136492747,0.2116633544603646
AAPL261218C00385000,2026-10-05 19:43:37+00:00,385.0,1.65,1.55,1.76,-0.14999998,-8.333332,90.0,1000.0,0.24616232360839846,False,REGULAR,USD,Call,2026-12-18,AAPL,2026-10-06T00:29:07.449491+00:00,332.89,0.0401800012588501,0.0031766010136492747,0.2116633544603646
AAPL261218C00390000,2026-10-05 19:49:46+00:00,390.0,1.28,1.19,1.33,-0.100000024,-7.2463784,287.0,4205.0,0.2442702526855469,False,REGULAR,USD,Call,2026-12-18,AAPL,2026-10-06T00:29:07.449491+00:00,332.89,0.0401800012588501,0.0031766010136492747,0.2116633544603646
AAPL261218C00395000,2026-10-05 19:48:22+00:00,395.0,0.99,0.9,1.07,-0.03999996,-3.8834915,25.0,494.0,0.24640646179199222,False,REGULAR,USD,Call,2026-12-18,AAPL,2026-10-06T00:29:07.449491+00:00,332.89,0.0401800012588501,0.0031766010136492747,0.2116633544603646
AAPL261218C00400000,2026-10-05 19:35:22+00:00,400.0,0.78,0.7,0.79,-0.030000031,-3.7037075,294.0,18220.0,0.2442702526855469,False,REGULAR,USD,Call,2026-12-18,AAPL,2026-10-06T00:29:07.449491+00:00,332.89,0.0401800012588501,0.0031766010136492747,0.2116633544603646
AAPL261218C00405000,2026-10-05 18:37:10+00:00,405.0,0.57,0.51,0.64,-0.100000024,-14.925376,8.0,58.0,0.247077841796875,False,REGULAR,USD,Call,2026-12-18,AAPL,2026-10-06T00:29:07.449491+00:00,332.89,0.0401800012588501,0.0031766010136492747,0.2116633544603646
AAPL261218C00410000,2026-10-05 18:28:59+00:00,410.0,0.41,0.37,0.49,-0.09,-18.0,9.0,3367.0,0.24732197998046873,False,REGULAR,USD,Call,2026-12-18,AAPL,2026-10-06T00:29:07.449491+00:00,332.89,0.0401800012588501,0.0031766010136492747,0.2116633544603646
AAPL261218C00415000,2026-10-05 18:00:09+00:00,415.0,0.35,0.27,0.38,-0.22999999,-39.65517,16.0,93.0,0.24829853271484376,False,REGULAR,USD,Call,2026-12-18,AAPL,2026-10-06T00:29:07.449491+00:00,332.89,0.0401800012588501,0.0031766010136492747,0.2116633544603646
AAPL261218C00420000,2026-10-05 19:54:30+00:00,420.0,0.26,0.2,0.28,-0.01000002,-3.703711,10.0,4636.0,0.2475661181640625,False,REGULAR,USD,Call,2026-12-18,AAPL,2026-10-06T00:29:07.449491+00:00,332.89,0.0401800012588501,0.0031766010136492747,0.2116633544603646
AAPL261218C00425000,2026-10-05 14:16:54+00:00,425.0,0.24,0.12,0.3,0.00999999,4.3478217,1.0,75.0,0.26050544189453123,False,REGULAR,USD,Call,2026-12-18,AAPL,2026-10-06T00:29:07.449491+00:00,332.89,0.0401800012588501,0.0031766010136492747,0.2116633544603646
AAPL261218C00430000,2026-10-05 18:58:00+00:00,430.0,0.15,0.1,0.18,-0.030000001,-16.666666,106.0,5323.0,0.2524488818359375,False,REGULAR,USD,Call,2026-12-18,AAPL,2026-10-06T00:29:07.449491+00:00,332.89,0.0401800012588501,0.0031766010136492747,0.2116633544603646
AAPL261218C00440000,2026-10-05 18:26:33+00:00,440.0,0.12,0.03,0.12,0.009999998,9.090907,3.0,640.0,0.257819921875,False,REGULAR,USD,Call,2026-12-18,AAPL,2026-10-06T00:29:07.449491+00:00,332.89,0.0401800012588501,0.0031766010136492747,0.2116633544603646
AAPL261218C00450000,2026-10-05 16:55:42+00:00,450.0,0.09,0.07,0.1,0.0,0.0,2.0,8467.0,0.2700268310546875,False,REGULAR,USD,Call,2026-12-18,AAPL,2026-10-06T00:29:07.449491+00:00,332.89,0.0401800012588501,0.0031766010136492747,0.2116633544603646
AAPL261218C00460000,2026-10-05 16:31:48+00:00,460.0,0.01,0.0,0.12,-0.07,-87.5,2.0,647.0,0.2929758203124999,False,REGULAR,USD,Call,2026-12-18,AAPL,2026-10-06T00:29:07.449491+00:00,332.89,0.0401800012588501,0.0031766010136492747,0.2116633544603646
AAPL261218C00470000,2026-10-05 14:16:54+00:00,470.0,0.08,0.03,0.15,0.029999997,59.999996,21.0,7733.0,0.3178779150390625,False,REGULAR,USD,Call,2026-12-18,AAPL,2026-10-06T00:29:07.449491+00:00,332.89,0.0401800012588501,0.0031766010136492747,0.2116633544603646
AAPL261218C00480000,2026-10-05 16:59:01+00:00,480.0,0.05,0.01,0.09,0.010000002,25.000004,3.0,2897.0,0.3154365332031249,False,REGULAR,USD,Call,2026-12-18,AAPL,2026-10-06T00:29:07.449491+00:00,332.89,0.0401800012588501,0.0031766010136492747,0.2116633544603646
AAPL261218C00490000,2026-10-05 17:28:44+00:00,490.0,0.07,0.0,0.1,0.030000001,75.0,10.0,464.0,0.334967587890625,False,REGULAR,USD,Call,2026-12-18,AAPL,2026-10-06T00:29:07.449491+00:00,332.89,0.0401800012588501,0.0031766010136492747,0.2116633544603646
AAPL261218C00500000,2026-10-05 13:30:00+00:00,500.0,0.06,0.03,0.12,0.009999998,19.999994,6.0,1386.0,0.35742830078125,False,REGULAR,USD,Call,2026-12-18,AAPL,2026-10-06T00:29:07.449491+00:00,332.89,0.0401800012588501,0.0031766010136492747,0.2116633544603646
AAPL261218C00510000,2026-10-05 16:59:09+00:00,510.0,0.08,0.01,0.08,0.0,0.0,2.0,214.0,0.35645174804687496,False,REGULAR,USD,Call,2026-12-18,AAPL,2026-10-06T00:29:07.449491+00:00,332.89,0.0401800012588501,0.0031766010136492747,0.2116633544603646
AAPL261218C00520000,2026-10-02 17:35:30+00:00,520.0,0.07,0.01,0.06,0.0,0.0,8.0,559.0,0.35938140625,False,REGULAR,USD,Call,2026-12-18,AAPL,2026-10-06T00:29:07.449491+00:00,332.89,0.0401800012588501,0.0031766010136492747,0.2116633544603646
AAPL261218C00530000,2026-10-02 16:22:58+00:00,530.0,0.02,0.0,0.04,0.0,0.0,21.0,3434.0,0.35938140625,False,REGULAR,USD,Call,2026-12-18,AAPL,2026-10-06T00:29:07.449491+00:00,332.89,0.0401800012588501,0.0031766010136492747,0.2116633544603646
AAPL261218C00540000,2026-10-05 19:58:59+00:00,540.0,0.05,0.01,0.09,0.0,0.0,64.0,369.0,0.4023497265625,False,REGULAR,USD,Call,2026-12-18,AAPL,2026-10-06T00:29:07.449491+00:00,332.89,0.0401800012588501,0.0031766010136492747,0.2116633544603646
AAPL261218C00550000,2026-09-29 16:24:05+00:00,550.0,0.01,0.0,0.1,0.0,0.0,10.0,83.0,0.42090422851562503,False,REGULAR,USD,Call,2026-12-18,AAPL,2026-10-06T00:29:07.449491+00:00,332.89,0.0401800012588501,0.0031766010136492747,0.2116633544603646
AAPL261218C00560000,2026-09-04 13:43:47+00:00,560.0,0.12,0.0,0.39,0.0,0.0,1.0,113.0,0.5083056982421875,False,REGULAR,USD,Call,2026-12-18,AAPL,2026-10-06T00:29:07.449491+00:00,332.89,0.0401800012588501,0.0031766010136492747,0.2116633544603646
AAPL261218C00570000,2026-09-22 14:27:34+00:00,570.0,0.02,0.0,0.09,0.0,0.0,1.0,20.0,0.4414118359375,False,REGULAR,USD,Call,2026-12-18,AAPL,2026-10-06T00:29:07.449491+00:00,332.89,0.0401800012588501,0.0031766010136492747,0.2116633544603646
AAPL261218C00580000,2026-09-29 16:56:06+00:00,580.0,0.03,0.0,0.41,0.0,0.0,8.0,5.0,0.540287800292969,False,REGULAR,USD,Call,2026-12-18,AAPL,2026-10-06T00:29:07.449491+00:00,332.89,0.0401800012588501,0.0031766010136492747,0.2116633544603646
AAPL261218C00590000,2026-09-08 19:58:41+00:00,590.0,0.02,0.0,0.05,0.0,0.0,172.0,174.0,0.4414118359375,False,REGULAR,USD,Call,2026-12-18,AAPL,2026-10-06T00:29:07.449491+00:00,332.89,0.0401800012588501,0.0031766010136492747,0.2116633544603646
AAPL261218C00600000,2026-09-29 17:12:28+00:00,600.0,0.01,0.0,0.02,0.0,0.0,1.0,1436.0,0.41797457031249996,False,REGULAR,USD,Call,2026-12-18,AAPL,2026-10-06T00:29:07.449491+00:00,332.89,0.0401800012588501,0.0031766010136492747,0.2116633544603646
AAPL261218P00005000,2026-09-28 13:33:42+00:00,5.0,0.01,0.0,0.01,0.0,0.0,1.0,129.0,2.81250296875,False,REGULAR,USD,Put,2026-12-18,AAPL,2026-10-06T00:29:07.449491+00:00,332.89,0.0401800012588501,0.0031766010136492747,0.2116633544603646
AAPL261218P00010000,2026-08-05 13:30:02+00:00,10.0,0.19,0.0,0.01,0.0,0.0,10.0,3101.0,2.3125042187499996,False,REGULAR,USD,Put,2026-12-18,AAPL,2026-10-06T00:29:07.449491+00:00,332.89,0.0401800012588501,0.0031766010136492747,0.2116633544603646
AAPL261218P00015000,2026-06-30 14:42:33+00:00,15.0,0.46,0.0,1.02,0.0,0.0,6.0,640.0,3.2460956347656245,False,REGULAR,USD,Put,2026-12-18,AAPL,2026-10-06T00:29:07.449491+00:00,332.89,0.0401800012588501,0.0031766010136492747,0.2116633544603646
AAPL261218P00020000,2026-08-05 13:30:48+00:00,20.0,0.26,0.0,1.0,0.0,0.0,20.0,3021.0,2.8994168139648435,False,REGULAR,USD,Put,2026-12-18,AAPL,2026-10-06T00:29:07.449491+00:00,332.89,0.0401800012588501,0.0031766010136492747,0.2116633544603646
AAPL261218P00025000,2026-09-25 18:46:40+00:00,25.0,0.01,0.0,0.01,0.0,0.0,1002.0,1601.0,1.6875015625,False,REGULAR,USD,Put,2026-12-18,AAPL,2026-10-06T00:29:07.449491+00:00,332.89,0.0401800012588501,0.0031766010136492747,0.2116633544603646
AAPL261218P00030000,2026-06-23 19:36:51+00:00,30.0,0.01,0.0,0.02,0.0,0.0,1.0,1174.0,1.625001875,False,REGULAR,USD,Put,2026-12-18,AAPL,2026-10-06T00:29:07.449491+00:00,332.89,0.0401800012588501,0.0031766010136492747,0.2116633544603646
AAPL261218P00035000,2026-08-11 13:33:07+00:00,35.0,0.02,0.0,0.0,0.0,0.0,1.0,0.0,0.500005,False,REGULAR,USD,Put,2026-12-18,AAPL,2026-10-06T00:29:07.449491+00:00,332.89,0.0401800012588501,0.0031766010136492747,0.2116633544603646
AAPL261218P00040000,2026-08-31 13:30:02+00:00,40.0,0.04,0.0,0.01,0.0,0.0,1.0,330.0,1.3750031249999999,False,REGULAR,USD,Put,2026-12-18,AAPL,2026-10-06T00:29:07.449491+00:00,332.89,0.0401800012588501,0.0031766010136492747,0.2116633544603646
AAPL261218P00045000,2026-07-16 18:24:26+00:00,45.0,0.12,0.0,1.02,0.0,0.0,3.0,652.0,2.025395561523437,False,REGULAR,USD,Put,2026-12-18,AAPL,2026-10-06T00:29:07.449491+00:00,332.89,0.0401800012588501,0.0031766010136492747,0.2116633544603646
AAPL261218P00050000,2026-08-24 19:56:28+00:00,50.0,0.01,0.0,0.01,0.0,0.0,50.0,7640.0,1.21875390625,False,REGULAR,USD,Put,2026-12-18,AAPL,2026-10-06T00:29:07.449491+00:00,332.89,0.0401800012588501,0.0031766010136492747,0.2116633544603646
AAPL261218P00060000,2026-09-10 16:39:23+00:00,60.0,0.01,0.0,0.01,0.0,0.0,5.0,3908.0,1.09375453125,False,REGULAR,USD,Put,2026-12-18,AAPL,2026-10-06T00:29:07.449491+00:00,332.89,0.0401800012588501,0.0031766010136492747,0.2116633544603646
AAPL261218P00070000,2026-09-01 14:03:08+00:00,70.0,0.01,0.0,0.01,0.0,0.0,200.0,435.0,1.000005,False,REGULAR,USD,Put,2026-12-18,AAPL,2026-10-06T00:29:07.449491+00:00,332.89,0.0401800012588501,0.0031766010136492747,0.2116633544603646
AAPL261218P00080000,2026-09-23 13:43:08+00:00,80.0,0.01,0.0,0.01,0.0,0.0,200.0,3640.0,0.92187578125,False,REGULAR,USD,Put,2026-12-18,AAPL,2026-10-06T00:29:07.449491+00:00,332.89,0.0401800012588501,0.0031766010136492747,0.2116633544603646
AAPL261218P00085000,2026-06-23 14:53:20+00:00,85.0,0.09,0.0,0.1,0.0,0.0,2.0,229.0,1.0625046875000002,False,REGULAR,USD,Put,2026-12-18,AAPL,2026-10-06T00:29:07.449491+00:00,332.89,0.0401800012588501,0.0031766010136492747,0.2116633544603646
AAPL261218P00090000,2026-10-02 18:08:11+00:00,90.0,0.08,0.0,0.5,0.0,0.0,1.0,1774.0,1.2109414453124998,False,REGULAR,USD,Put,2026-12-18,AAPL,2026-10-06T00:29:07.449491+00:00,332.89,0.0401800012588501,0.0031766010136492747,0.2116633544603646
AAPL261218P00095000,2026-09-15 19:36:49+00:00,95.0,0.01,0.0,0.03,0.0,0.0,5.0,2535.0,0.8828136718749999,False,REGULAR,USD,Put,2026-12-18,AAPL,2026-10-06T00:29:07.449491+00:00,332.89,0.0401800012588501,0.0031766010136492747,0.2116633544603646
AAPL261218P00100000,2026-10-05 14:54:53+00:00,100.0,0.01,0.0,0.12,0.0,0.0,5.0,1819.0,0.9570316796874999,False,REGULAR,USD,Put,2026-12-18,AAPL,2026-10-06T00:29:07.449491+00:00,332.89,0.0401800012588501,0.0031766010136492747,0.2116633544603646
AAPL261218P00105000,2026-10-01 18:48:30+00:00,105.0,0.06,0.0,0.52,0.0,0.0,1.0,1844.0,1.0791061669921875,False,REGULAR,USD,Put,2026-12-18,AAPL,2026-10-06T00:29:07.449491+00:00,332.89,0.0401800012588501,0.0031766010136492747,0.2116633544603646
AAPL261218P00110000,2026-09-21 17:16:54+00:00,110.0,0.04,0.0,0.05,0.0,0.0,200.0,2171.0,0.8164080859374999,False,REGULAR,USD,Put,2026-12-18,AAPL,2026-10-06T00:29:07.449491+00:00,332.89,0.0401800012588501,0.0031766010136492747,0.2116633544603646
AAPL261218P00115000,2026-10-01 16:25:38+00:00,115.0,0.11,0.0,0.52,0.0,0.0,1.0,1400.0,0.99804689453125,False,REGULAR,USD,Put,2026-12-18,AAPL,2026-10-06T00:29:07.449491+00:00,332.89,0.0401800012588501,0.0031766010136492747,0.2116633544603646
AAPL261218P00120000,2026-10-01 16:37:54+00:00,120.0,0.02,0.0,0.05,0.0,0.0,1.0,1576.0,0.7539087109375,False,REGULAR,USD,Put,2026-12-18,AAPL,2026-10-06T00:29:07.449491+00:00,332.89,0.0401800012588501,0.0031766010136492747,0.2116633544603646
AAPL261218P00125000,2026-10-05 15:28:33+00:00,125.0,0.01,0.0,0.09,-0.04,-80.00001,21.0,3292.0,0.7656273437500001,False,REGULAR,USD,Put,2026-12-18,AAPL,2026-10-06T00:29:07.449491+00:00,332.89,0.0401800012588501,0.0031766010136492747,0.2116633544603646
AAPL261218P00130000,2026-09-29 14:12:54+00:00,130.0,0.05,0.0,0.08,0.0,0.0,4.0,1210.0,0.726565234375,False,REGULAR,USD,Put,2026-12-18,AAPL,2026-10-06T00:29:07.449491+00:00,332.89,0.0401800012588501,0.0031766010136492747,0.2116633544603646
AAPL261218P00135000,2026-10-05 17:34:42+00:00,135.0,0.01,0.01,0.33,-0.09,-90.0,34.0,2507.0,0.8125018749999999,False,REGULAR,USD,Put,2026-12-18,AAPL,2026-10-06T00:29:07.449491+00:00,332.89,0.0401800012588501,0.0031766010136492747,0.2116633544603646
AAPL261218P00140000,2026-10-01 13:42:46+00:00,140.0,0.03,0.01,0.1,0.0,0.0,2.0,1357.0,0.69336244140625,False,REGULAR,USD,Put,2026-12-18,AAPL,2026-10-06T00:29:07.449491+00:00,332.89,0.0401800012588501,0.0031766010136492747,0.2116633544603646
AAPL261218P00145000,2026-09-21 16:32:16+00:00,145.0,0.11,0.0,0.44,0.0,0.0,1.0,1080.0,0.7763694238281251,False,REGULAR,USD,Put,2026-12-18,AAPL,2026-10-06T00:29:07.449491+00:00,332.89,0.0401800012588501,0.0031766010136492747,0.2116633544603646
AAPL261218P00150000,2026-10-05 15:09:01+00:00,150.0,0.05,0.01,0.34,0.0,0.0,8.0,2032.0,0.726565234375,False,REGULAR,USD,Put,2026-12-18,AAPL,2026-10-06T00:29:07.449491+00:00,332.89,0.0401800012588501,0.0031766010136492747,0.2116633544603646
AAPL261218P00155000,2026-09-25 14:18:34+00:00,155.0,0.05,0.0,0.27,0.0,0.0,3.0,762.0,0.6777375976562501,False,REGULAR,USD,Put,2026-12-18,AAPL,2026-10-06T00:29:07.449491+00:00,332.89,0.0401800012588501,0.0031766010136492747,0.2116633544603646
AAPL261218P00160000,2026-09-29 17:03:23+00:00,160.0,0.06,0.01,0.1,0.0,0.0,1.0,3030.0,0.5918009570312501,False,REGULAR,USD,Put,2026-12-18,AAPL,2026-10-06T00:29:07.449491+00:00,332.89,0.0401800012588501,0.0031766010136492747,0.2116633544603646
AAPL261218P00165000,2026-10-02 17:17:16+00:00,165.0,0.12,0.0,0.31,0.0,0.0,1.0,1939.0,0.6357458300781251,False,REGULAR,USD,Put,2026-12-18,AAPL,2026-10-06T00:29:07.449491+00:00,332.89,0.0401800012588501,0.0031766010136492747,0.2116633544603646
AAPL261218P00170000,2026-10-05 13:46:21+00:00,170.0,0.12,0.01,0.12,0.06,100.0,2.0,2734.0,0.5546919531250001,False,REGULAR,USD,Put,2026-12-18,AAPL,2026-10-06T00:29:07.449491+00:00,332.89,0.0401800012588501,0.0031766010136492747,0.2116633544603646
AAPL261218P00175000,2026-10-02 15:35:35+00:00,175.0,0.05,0.0,0.1,0.0,0.0,3.0,2377.0,0.5195360546875,False,REGULAR,USD,Put,2026-12-18,AAPL,2026-10-06T00:29:07.449491+00:00,332.89,0.0401800012588501,0.0031766010136492747,0.2116633544603646
AAPL261218P00180000,2026-10-02 17:17:47+00:00,180.0,0.06,0.0,0.15,0.0,0.0,2.0,3361.0,0.5185595019531251,False,REGULAR,USD,Put,2026-12-18,AAPL,2026-10-06T00:29:07.449491+00:00,332.89,0.0401800012588501,0.0031766010136492747,0.2116633544603646
AAPL261218P00185000,2026-10-05 13:46:28+00:00,185.0,0.06,0.0,0.1,-0.040000003,-40.000004,2.0,1774.0,0.5136767382812499,False,REGULAR,USD,Put,2026-12-18,AAPL,2026-10-06T00:29:07.449491+00:00,332.89,0.0401800012588501,0.0031766010136492747,0.2116633544603646
AAPL261218P00190000,2026-09-29 19:49:29+00:00,190.0,0.1,0.05,0.11,0.0,0.0,41.0,2715.0,0.49707534179687507,False,REGULAR,USD,Put,2026-12-18,AAPL,2026-10-06T00:29:07.449491+00:00,332.89,0.0401800012588501,0.0031766010136492747,0.2116633544603646
AAPL261218P00195000,2026-10-05 14:58:10+00:00,195.0,0.07,0.01,0.13,-0.049999997,-41.666664,1.0,1744.0,0.485356708984375,False,REGULAR,USD,Put,2026-12-18,AAPL,2026-10-06T00:29:07.449491+00:00,332.89,0.0401800012588501,0.0031766010136492747,0.2116633544603646
AAPL261218P00200000,2026-10-05 14:58:10+00:00,200.0,0.08,0.07,0.14,-0.020000003,-20.000002,7.0,12120.0,0.4682670361328125,False,REGULAR,USD,Put,2026-12-18,AAPL,2026-10-06T00:29:07.449491+00:00,332.89,0.0401800012588501,0.0031766010136492747,0.2116633544603646
AAPL261218P00205000,2026-10-05 19:14:11+00:00,205.0,0.08,0.05,0.17,-0.09,-52.941177,7.0,913.0,0.4580132324218751,False,REGULAR,USD,Put,2026-12-18,AAPL,2026-10-06T00:29:07.449491+00:00,332.89,0.0401800012588501,0.0031766010136492747,0.2116633544603646
AAPL261218P00210000,2026-10-05 17:31:19+00:00,210.0,0.13,0.05,0.2,-0.050000012,-27.777782,21.0,3692.0,0.4467828759765625,False,REGULAR,USD,Put,2026-12-18,AAPL,2026-10-06T00:29:07.449491+00:00,332.89,0.0401800012588501,0.0031766010136492747,0.2116633544603646
AAPL261218P00215000,2026-10-05 14:56:07+00:00,215.0,0.14,0.06,0.23,-0.09,-39.130436,1.0,1559.0,0.43408769042968753,False,REGULAR,USD,Put,2026-12-18,AAPL,2026-10-06T00:29:07.449491+00:00,332.89,0.0401800012588501,0.0031766010136492747,0.2116633544603646
AAPL261218P00220000,2026-10-05 18:51:15+00:00,220.0,0.19,0.11,0.27,-0.010000005,-5.0000024,61.0,7507.0,0.42310147216796873,False,REGULAR,USD,Put,2026-12-18,AAPL,2026-10-06T00:29:07.449491+00:00,332.89,0.0401800012588501,0.0031766010136492747,0.2116633544603646
AAPL261218P00225000,2026-10-05 19:13:33+00:00,225.0,0.22,0.18,0.24,-0.010000005,-4.347828,72.0,3916.0,0.39600213378906257,False,REGULAR,USD,Put,2026-12-18,AAPL,2026-10-06T00:29:07.449491+00:00,332.89,0.0401800012588501,0.0031766010136492747,0.2116633544603646
AAPL261218P00230000,2026-10-05 14:56:15+00:00,230.0,0.3,0.22,0.29,0.01000002,3.448283,1.0,9051.0,0.3864807446289062,False,REGULAR,USD,Put,2026-12-18,AAPL,2026-10-06T00:29:07.449491+00:00,332.89,0.0401800012588501,0.0031766010136492747,0.2116633544603646
AAPL261218P00235000,2026-10-05 19:07:19+00:00,235.0,0.29,0.28,0.35,-0.030000001,-9.375,5.0,4027.0,0.37695935546875,False,REGULAR,USD,Put,2026-12-18,AAPL,2026-10-06T00:29:07.449491+00:00,332.89,0.0401800012588501,0.0031766010136492747,0.2116633544603646
AAPL261218P00240000,2026-10-05 17:07:58+00:00,240.0,0.36,0.33,0.39,-0.049999982,-12.195117,6.0,10900.0,0.36304347900390627,False,REGULAR,USD,Put,2026-12-18,AAPL,2026-10-06T00:29:07.449491+00:00,332.89,0.0401800012588501,0.0031766010136492747,0.2116633544603646
AAPL261218P00245000,2026-10-05 16:42:16+00:00,245.0,0.41,0.4,0.47,-0.08000001,-16.326532,1.0,4156.0,0.3537662280273437,False,REGULAR,USD,Put,2026-12-18,AAPL,2026-10-06T00:29:07.449491+00:00,332.89,0.0401800012588501,0.0031766010136492747,0.2116633544603646
AAPL261218P00250000,2026-10-05 17:06:52+00:00,250.0,0.52,0.48,0.56,-0.04000002,-7.1428604,10.0,25680.0,0.3437565625,False,REGULAR,USD,Put,2026-12-18,AAPL,2026-10-06T00:29:07.449491+00:00,332.89,0.0401800012588501,0.0031766010136492747,0.2116633544603646
AAPL261218P00255000,2026-10-02 15:33:13+00:00,255.0,0.65,0.59,0.65,0.0,0.0,1.0,9306.0,0.33228206787109377,False,REGULAR,USD,Put,2026-12-18,AAPL,2026-10-06T00:29:07.449491+00:00,332.89,0.0401800012588501,0.0031766010136492747,0.2116633544603646
AAPL261218P00260000,2026-10-05 19:52:12+00:00,260.0,0.75,0.72,0.79,-0.06999999,-8.536584,22.0,14059.0,0.3236151623535155,False,REGULAR,USD,Put,2026-12-18,AAPL,2026-10-06T00:29:07.449491+00:00,332.89,0.0401800012588501,0.0031766010136492747,0.2116633544603646
AAPL261218P00265000,2026-10-05 18:18:09+00:00,265.0,0.93,0.89,0.99,-0.060000002,-6.060606,442.0,4162.0,0.3171455004882812,False,REGULAR,USD,Put,2026-12-18,AAPL,2026-10-06T00:29:07.449491+00:00,332.89,0.0401800012588501,0.0031766010136492747,0.2116633544603646
AAPL261218P00270000,2026-10-05 17:16:46+00:00,270.0,1.09,1.07,1.19,-0.120000005,-9.917355,14.0,9546.0,0.30811238769531246,False,REGULAR,USD,Put,2026-12-18,AAPL,2026-10-06T00:29:07.449491+00:00,332.89,0.0401800012588501,0.0031766010136492747,0.2116633544603646
AAPL261218P00275000,2026-10-05 18:15:10+00:00,275.0,1.36,1.33,1.46,-0.17999995,-11.688309,19.0,8704.0,0.30054410400390624,False,REGULAR,USD,Put,2026-12-18,AAPL,2026-10-06T00:29:07.449491+00:00,332.89,0.0401800012588501,0.0031766010136492747,0.2116633544603646
AAPL261218P00280000,2026-10-05 19:35:00+00:00,280.0,1.72,1.64,1.8,-0.13,-7.027027,140.0,19918.0,0.29358616577148433,False,REGULAR,USD,Put,2026-12-18,AAPL,2026-10-06T00:29:07.449491+00:00,332.89,0.0401800012588501,0.0031766010136492747,0.2116633544603646
AAPL261218P00285000,2026-10-05 19:34:52+00:00,285.0,2.04,2.04,2.22,-0.17000008,-7.692311,1030.0,4149.0,0.2869944348144531,False,REGULAR,USD,Put,2026-12-18,AAPL,2026-10-06T00:29:07.449491+00:00,332.89,0.0401800012588501,0.0031766010136492747,0.2116633544603646
AAPL261218P00290000,2026-10-05 19:26:03+00:00,290.0,2.53,2.53,2.79,-0.20000005,-7.326009,37.0,7815.0,0.28241684387207033,False,REGULAR,USD,Put,2026-12-18,AAPL,2026-10-06T00:29:07.449491+00:00,332.89,0.0401800012588501,0.0031766010136492747,0.2116633544603646
AAPL261218P00295000,2026-10-05 19:47:14+00:00,295.0,3.3,3.1,3.4,-0.1500001,-4.347829,70.0,6156.0,0.27558097473144527,False,REGULAR,USD,Put,2026-12-18,AAPL,2026-10-06T00:29:07.449491+00:00,332.89,0.0401800012588501,0.0031766010136492747,0.2116633544603646
AAPL261218P00300000,2026-10-05 19:47:28+00:00,300.0,3.95,3.9,4.15,-0.14999986,-3.658533,128.0,18302.0,0.26935545104980463,False,REGULAR,USD,Put,2026-12-18,AAPL,2026-10-06T00:29:07.449491+00:00,332.89,0.0401800012588501,0.0031766010136492747,0.2116633544603646
AAPL261218P00305000,2026-10-05 19:52:10+00:00,305.0,5.15,4.75,5.05,0.0,0.0,430.0,5404.0,0.263251996459961,False,REGULAR,USD,Put,2026-12-18,AAPL,2026-10-06T00:29:07.449491+00:00,332.89,0.0401800012588501,0.0031766010136492747,0.2116633544603646
AAPL261218P00310000,2026-10-05 19:59:40+00:00,310.0,6.0,5.65,6.1,-0.19999981,-3.2258034,185.0,13843.0,0.25690440368652345,False,REGULAR,USD,Put,2026-12-18,AAPL,2026-10-06T00:29:07.449491+00:00,332.89,0.0401800012588501,0.0031766010136492747,0.2116633544603646
AAPL261218P00315000,2026-10-05 19:10:10+00:00,315.0,6.93,6.9,7.35,-0.37000036,-5.068498,322.0,4194.0,0.25083146636962883,False,REGULAR,USD,Put,2026-12-18,AAPL,2026-10-06T00:29:07.449491+00:00,332.89,0.0401800012588501,0.0031766010136492747,0.2116633544603646
AAPL261218P00320000,2026-10-05 19:53:06+00:00,320.0,8.85,8.4,8.85,0.05000019,0.56818396,873.0,5673.0,0.24552146087646481,False,REGULAR,USD,Put,2026-12-18,AAPL,2026-10-06T00:29:07.449491+00:00,332.89,0.0401800012588501,0.0031766010136492747,0.2116633544603646
AAPL261218P00325000,2026-10-05 19:52:20+00:00,325.0,10.6,10.25,10.6,0.10000038,0.9523846,154.0,3834.0,0.2404555935668945,False,REGULAR,USD,Put,2026-12-18,AAPL,2026-10-06T00:29:07.449491+00:00,332.89,0.0401800012588501,0.0031766010136492747,0.2116633544603646
AAPL261218P00330000,2026-10-05 19:46:34+00:00,330.0,12.5,12.05,12.6,-0.07999992,-0.63592947,172.0,3746.0,0.23526765716552733,False,REGULAR,USD,Put,2026-12-18,AAPL,2026-10-06T00:29:07.449491+00:00,332.89,0.0401800012588501,0.0031766010136492747,0.2116633544603646
AAPL261218P00335000,2026-10-05 19:52:10+00:00,335.0,14.6,14.3,14.9,-0.19999981,-1.3513501,109.0,3378.0,0.23053747985839845,True,REGULAR,USD,Put,2026-12-18,AAPL,2026-10-06T00:29:07.449491+00:00,332.89,0.0401800012588501,0.0031766010136492747,0.2116633544603646
AAPL261218P00340000,2026-10-05 19:49:04+00:00,340.0,17.35,16.85,17.45,0.39999962,2.3598797,249.0,2390.0,0.22522747436523435,True,REGULAR,USD,Put,2026-12-18,AAPL,2026-10-06T00:29:07.449491+00:00,332.89,0.0401800012588501,0.0031766010136492747,0.2116633544603646
AAPL261218P00345000,2026-10-05 19:42:15+00:00,345.0,19.45,19.8,20.6,-0.39999962,-2.0151114,15.0,950.0,0.22525799163818355,True,REGULAR,USD,Put,2026-12-18,AAPL,2026-10-06T00:29:07.449491+00:00,332.89,0.0401800012588501,0.0031766010136492747,0.2116633544603646
AAPL261218P00350000,2026-10-05 15:43:39+00:00,350.0,22.77,22.75,23.95,-0.23999977,-1.0430238,237.0,1768.0,0.22412885253906245,True,REGULAR,USD,Put,2026-12-18,AAPL,2026-10-06T00:29:07.449491+00:00,332.89,0.0401800012588501,0.0031766010136492747,0.2116633544603646
AAPL261218P00355000,2026-10-05 18:51:51+00:00,355.0,26.4,25.8,27.55,-1.2000008,-4.347829,80.0,80.0,0.2229997134399414,True,REGULAR,USD,Put,2026-12-18,AAPL,2026-10-06T00:29:07.449491+00:00,332.89,0.0401800012588501,0.0031766010136492747,0.2116633544603646
AAPL261218P00360000,2026-10-05 14:03:24+00:00,360.0,30.15,29.25,31.55,0.48999977,1.6520559,12.0,418.0,0.225593681640625,True,REGULAR,USD,Put,2026-12-18,AAPL,2026-10-06T00:29:07.449491+00:00,332.89,0.0401800012588501,0.0031766010136492747,0.2116633544603646
AAPL261218P00365000,2026-10-05 16:46:43+00:00,365.0,33.05,33.4,35.4,0.95000076,2.9595041,1.0,84.0,0.22037522796630854,True,REGULAR,USD,Put,2026-12-18,AAPL,2026-10-06T00:29:07.449491+00:00,332.89,0.0401800012588501,0.0031766010136492747,0.2116633544603646
AAPL261218P00370000,2026-10-02 18:48:54+00:00,370.0,37.75,37.6,39.75,0.0,0.0,2.0,319.0,0.22284712707519527,True,REGULAR,USD,Put,2026-12-18,AAPL,2026-10-06T00:29:07.449491+00:00,332.89,0.0401800012588501,0.0031766010136492747,0.2116633544603646
AAPL261218P00375000,2026-10-05 17:18:47+00:00,375.0,42.48,42.0,44.25,0.32999802,0.7829134,2.0,13.0,0.22620402709960938,True,REGULAR,USD,Put,2026-12-18,AAPL,2026-10-06T00:29:07.449491+00:00,332.89,0.0401800012588501,0.0031766010136492747,0.2116633544603646
AAPL261218P00380000,2026-10-02 17:46:06+00:00,380.0,47.52,45.9,48.65,0.0,0.0,8.0,94.0,0.2224198852539062,True,REGULAR,USD,Put,2026-12-18,AAPL,2026-10-06T00:29:07.449491+00:00,332.89,0.0401800012588501,0.0031766010136492747,0.2116633544603646
AAPL261218P00390000,2026-10-02 14:19:42+00:00,390.0,55.81,55.55,58.75,0.0,0.0,1.0,3.0,0.25739268005371096,True,REGULAR,USD,Put,2026-12-18,AAPL,2026-10-06T00:29:07.449491+00:00,332.89,0.0401800012588501,0.0031766010136492747,0.2116633544603646
AAPL261218P00395000,2026-10-02 14:20:30+00:00,395.0,60.67,60.55,63.75,0.0,0.0,2.0,0.0,0.2724071783447265,True,REGULAR,USD,Put,2026-12-18,AAPL,2026-10-06T00:29:07.449491+00:00,332.89,0.0401800012588501,0.0031766010136492747,0.2116633544603646
AAPL261218P00400000,2026-10-01 13:49:34+00:00,400.0,68.85,65.55,68.75,0.0,0.0,4.0,5.0,0.2869944348144531,True,REGULAR,USD,Put,2026-12-18,AAPL,2026-10-06T00:29:07.449491+00:00,332.89,0.0401800012588501,0.0031766010136492747,0.2116633544603646
AAPL261218P00410000,2026-07-08 17:55:06+00:00,410.0,95.59,97.65,101.05,0.0,0.0,1.0,0.0,0.7854940884399414,True,REGULAR,USD,Put,2026-12-18,AAPL,2026-10-06T00:29:07.449491+00:00,332.89,0.0401800012588501,0.0031766010136492747,0.2116633544603646
AAPL261218P00420000,2026-08-20 19:57:49+00:00,420.0,109.21,0.0,0.0,0.0,0.0,5.0,0.0,1.0000000000000003e-05,True,REGULAR,USD,Put,2026-12-18,AAPL,2026-10-06T00:29:07.449491+00:00,332.89,0.0401800012588501,0.0031766010136492747,0.2116633544603646
AAPL261218P00440000,2025-01-03 15:21:54+00:00,440.0,197.3,202.2,206.15,0.0,0.0,4.0,0.0,2.1769454756164546,True,REGULAR,USD,Put,2026-12-18,AAPL,2026-10-06T00:29:07.449491+00:00,332.89,0.0401800012588501,0.0031766010136492747,0.2116633544603646
AAPL261218P00450000,2026-09-25 17:35:09+00:00,450.0,110.27,115.5,118.75,0.0,0.0,1.0,0.0,0.4162656030273437,True,REGULAR,USD,Put,2026-12-18,AAPL,2026-10-06T00:29:07.449491+00:00,332.89,0.0401800012588501,0.0031766010136492747,0.2116633544603646
AAPL261218P00460000,2025-12-15 18:20:00+00:00,460.0,185.84,199.9,203.6,0.0,0.0,,0.0,1.87130801651001,True,REGULAR,USD,Put,2026-12-18,AAPL,2026-10-06T00:29:07.449491+00:00,332.89,0.0401800012588501,0.0031766010136492747,0.2116633544603646
AAPL270115C00005000,2026-10-05 13:33:05+00:00,5.0,329.82,326.3,329.55,21.77002,7.0670414,5.0,7.0,2.8281279296874997,True,REGULAR,USD,Call,2027-01-15,AAPL,2026-10-06T00:29:07.449491+00:00,332.89,0.0401800012588501,0.0031766010136492747,0.2116633544603646
AAPL270115C00010000,2026-08-14 13:56:40+00:00,10.0,296.34,0.0,0.0,0.0,0.0,2.0,0.0,1.0000000000000003e-05,True,REGULAR,USD,Call,2027-01-15,AAPL,2026-10-06T00:29:07.449491+00:00,332.89,0.0401800012588501,0.0031766010136492747,0.2116633544603646
AAPL270115C00015000,2026-08-13 19:54:15+00:00,15.0,289.93,0.0,0.0,0.0,0.0,1.0,0.0,1.0000000000000003e-05,True,REGULAR,USD,Call,2027-01-15,AAPL,2026-10-06T00:29:07.449491+00:00,332.89,0.0401800012588501,0.0031766010136492747,0.2116633544603646
AAPL270115C00020000,2026-08-14 13:56:40+00:00,20.0,286.39,0.0,0.0,0.0,0.0,1.0,0.0,1.0000000000000003e-05,True,REGULAR,USD,Call,2027-01-15,AAPL,2026-10-06T00:29:07.449491+00:00,332.89,0.0401800012588501,0.0031766010136492747,0.2116633544603646
AAPL270115C00025000,2025-05-23 17:36:45+00:00,25.0,172.1,174.8,178.65,0.0,0.0,3.0,5.0,1.0000000000000003e-05,True,REGULAR,USD,Call,2027-01-15,AAPL,2026-10-06T00:29:07.449491+00:00,332.89,0.0401800012588501,0.0031766010136492747,0.2116633544603646
AAPL270115C00030000,2026-08-10 15:49:09+00:00,30.0,277.3,0.0,0.0,0.0,0.0,4.0,0.0,1.0000000000000003e-05,True,REGULAR,USD,Call,2027-01-15,AAPL,2026-10-06T00:29:07.449491+00:00,332.89,0.0401800012588501,0.0031766010136492747,0.2116633544603646
AAPL270115C00035000,2026-09-30 16:54:52+00:00,35.0,302.05,296.6,300.1,0.0,0.0,1.0,5.0,1.9218753906250001,True,REGULAR,USD,Call,2027-01-15,AAPL,2026-10-06T00:29:07.449491+00:00,332.89,0.0401800012588501,0.0031766010136492747,0.2116633544603646
AAPL270115C00040000,2026-04-09 15:52:31+00:00,40.0,218.8,259.2,263.0,0.0,0.0,10.0,39.0,1.0000000000000003e-05,True,REGULAR,USD,Call,2027-01-15,AAPL,2026-10-06T00:29:07.449491+00:00,332.89,0.0401800012588501,0.0031766010136492747,0.2116633544603646
AAPL270115C00045000,2025-10-09 13:39:10+00:00,45.0,213.4,223.0,226.9,0.0,0.0,1.0,2.0,1.0000000000000003e-05,True,REGULAR,USD,Call,2027-01-15,AAPL,2026-10-06T00:29:07.449491+00:00,332.89,0.0401800012588501,0.0031766010136492747,0.2116633544603646
AAPL270115C00050000,2026-09-03 17:02:37+00:00,50.0,279.83,281.8,285.05,0.0,0.0,1.0,120.0,1.6435564697265623,True,REGULAR,USD,Call,2027-01-15,AAPL,2026-10-06T00:29:07.449491+00:00,332.89,0.0401800012588501,0.0031766010136492747,0.2116633544603646
AAPL270115C00060000,2026-10-05 16:13:12+00:00,60.0,274.43,271.95,275.2,-2.5700073,-0.9278005,1.0,131.0,1.5385765258789061,True,REGULAR,USD,Call,2027-01-15,AAPL,2026-10-06T00:29:07.449491+00:00,332.89,0.0401800012588501,0.0031766010136492747,0.2116633544603646
AAPL270115C00070000,2026-06-10 13:31:15+00:00,70.0,222.74,256.85,260.75,0.0,0.0,1.0,139.0,1.0000000000000003e-05,True,REGULAR,USD,Call,2027-01-15,AAPL,2026-10-06T00:29:07.449491+00:00,332.89,0.0401800012588501,0.0031766010136492747,0.2116633544603646
AAPL270115C00080000,2026-08-24 16:18:26+00:00,80.0,233.3,252.2,255.65,0.0,0.0,6.0,283.0,1.369143779296875,True,REGULAR,USD,Call,2027-01-15,AAPL,2026-10-06T00:29:07.449491+00:00,332.89,0.0401800012588501,0.0031766010136492747,0.2116633544603646
AAPL270115C00085000,2026-09-03 16:47:22+00:00,85.0,245.95,247.25,250.7,0.0,0.0,1.0,116.0,1.3232455712890623,True,REGULAR,USD,Call,2027-01-15,AAPL,2026-10-06T00:29:07.449491+00:00,332.89,0.0401800012588501,0.0031766010136492747,0.2116633544603646
AAPL270115C00090000,2026-09-15 17:43:28+00:00,90.0,241.5,242.35,245.8,0.0,0.0,3.0,273.0,1.288577775878906,True,REGULAR,USD,Call,2027-01-15,AAPL,2026-10-06T00:29:07.449491+00:00,332.89,0.0401800012588501,0.0031766010136492747,0.2116633544603646
AAPL270115C00095000,2026-09-24 18:03:00+00:00,95.0,243.51,237.4,240.85,0.0,0.0,5.0,24.0,1.2465857983398436,True,REGULAR,USD,Call,2027-01-15,AAPL,2026-10-06T00:29:07.449491+00:00,332.89,0.0401800012588501,0.0031766010136492747,0.2116633544603646
AAPL270115C00100000,2026-10-02 13:30:00+00:00,100.0,234.4,232.45,235.9,0.0,0.0,2.0,599.0,1.206302796630859,True,REGULAR,USD,Call,2027-01-15,AAPL,2026-10-06T00:29:07.449491+00:00,332.89,0.0401800012588501,0.0031766010136492747,0.2116633544603646
AAPL270115C00105000,2026-08-07 19:44:17+00:00,105.0,210.05,0.0,0.0,0.0,0.0,3.0,0.0,1.0000000000000003e-05,True,REGULAR,USD,Call,2027-01-15,AAPL,2026-10-06T00:29:07.449491+00:00,332.89,0.0401800012588501,0.0031766010136492747,0.2116633544603646
AAPL270115C00110000,2026-09-28 15:36:28+00:00,110.0,232.55,222.6,225.85,0.0,0.0,5.0,214.0,1.1235395385742186,True,REGULAR,USD,Call,2027-01-15,AAPL,2026-10-06T00:29:07.449491+00:00,332.89,0.0401800012588501,0.0031766010136492747,0.2116633544603646
AAPL270115C00115000,2026-06-05 19:42:29+00:00,115.0,195.83,0.0,0.0,0.0,0.0,62.0,0.0,1.0000000000000003e-05,True,REGULAR,USD,Call,2027-01-15,AAPL,2026-10-06T00:29:07.449491+00:00,332.89,0.0401800012588501,0.0031766010136492747,0.2116633544603646
AAPL270115C00120000,2026-08-13 14:27:34+00:00,120.0,187.21,210.15,213.5,0.0,0.0,6.0,0.0,0.9174812939453125,True,REGULAR,USD,Call,2027-01-15,AAPL,2026-10-06T00:29:07.449491+00:00,332.89,0.0401800012588501,0.0031766010136492747,0.2116633544603646
AAPL270115C00125000,2026-09-10 14:01:07+00:00,125.0,195.65,207.8,211.0,0.0,0.0,10.0,334.0,1.0251513586425784,True,REGULAR,USD,Call,2027-01-15,AAPL,2026-10-06T00:29:07.449491+00:00,332.89,0.0401800012588501,0.0031766010136492747,0.2116633544603646
AAPL270115C00130000,2026-09-30 15:51:06+00:00,130.0,209.85,202.85,206.1,0.0,0.0,1.0,478.0,0.9963379272460937,True,REGULAR,USD,Call,2027-01-15,AAPL,2026-10-06T00:29:07.449491+00:00,332.89,0.0401800012588501,0.0031766010136492747,0.2116633544603646
AAPL270115C00135000,2026-08-20 14:58:21+00:00,135.0,184.42,195.35,198.65,0.0,0.0,2.0,0.0,0.8466812207031249,True,REGULAR,USD,Call,2027-01-15,AAPL,2026-10-06T00:29:07.449491+00:00,332.89,0.0401800012588501,0.0031766010136492747,0.2116633544603646
AAPL270115C00140000,2026-08-20 17:11:47+00:00,140.0,179.61,0.0,0.0,0.0,0.0,3.0,0.0,1.0000000000000003e-05,True,REGULAR,USD,Call,2027-01-15,AAPL,2026-10-06T00:29:07.449491+00:00,332.89,0.0401800012588501,0.0031766010136492747,0.2116633544603646
AAPL270115C00145000,2026-09-22 16:44:09+00:00,145.0,199.8,188.05,191.3,0.0,0.0,1.0,6413.0,0.9113778393554688,True,REGULAR,USD,Call,2027-01-15,AAPL,2026-10-06T00:29:07.449491+00:00,332.89,0.0401800012588501,0.0031766010136492747,0.2116633544603646
AAPL270115C00150000,2026-10-05 17:10:59+00:00,150.0,185.62,183.1,185.75,0.44000244,0.23760799,1.0,1698.0,0.8532729516601563,True,REGULAR,USD,Call,2027-01-15,AAPL,2026-10-06T00:29:07.449491+00:00,332.89,0.0401800012588501,0.0031766010136492747,0.2116633544603646
AAPL270115C00155000,2026-09-04 16:33:07+00:00,155.0,168.29,178.2,181.45,0.0,0.0,5.0,82.0,0.85937640625,True,REGULAR,USD,Call,2027-01-15,AAPL,2026-10-06T00:29:07.449491+00:00,332.89,0.0401800012588501,0.0031766010136492747,0.2116633544603646
AAPL270115C00160000,2026-10-01 14:05:10+00:00,160.0,171.4,173.25,176.35,0.0,0.0,1.0,623.0,0.8256853369140623,True,REGULAR,USD,Call,2027-01-15,AAPL,2026-10-06T00:29:07.449491+00:00,332.89,0.0401800012588501,0.0031766010136492747,0.2116633544603646
AAPL270115C00165000,2026-10-01 15:35:57+00:00,165.0,165.1,168.3,171.55,0.0,0.0,50.0,463.0,0.8052997985839843,True,REGULAR,USD,Call,2027-01-15,AAPL,2026-10-06T00:29:07.449491+00:00,332.89,0.0401800012588501,0.0031766010136492747,0.2116633544603646
AAPL270115C00170000,2026-10-02 15:19:52+00:00,170.0,163.58,163.4,166.0,0.0,0.0,1.0,969.0,0.7572045764160158,True,REGULAR,USD,Call,2027-01-15,AAPL,2026-10-06T00:29:07.449491+00:00,332.89,0.0401800012588501,0.0031766010136492747,0.2116633544603646
AAPL270115C00175000,2026-10-01 16:57:16+00:00,175.0,155.25,158.45,161.7,0.0,0.0,1.0,1140.0,0.7573266455078126,True,REGULAR,USD,Call,2027-01-15,AAPL,2026-10-06T00:29:07.449491+00:00,332.89,0.0401800012588501,0.0031766010136492747,0.2116633544603646
AAPL270115C00180000,2026-09-29 19:38:24+00:00,180.0,152.4,153.55,156.65,0.0,0.0,1.0,1050.0,0.7303493762207032,True,REGULAR,USD,Call,2027-01-15,AAPL,2026-10-06T00:29:07.449491+00:00,332.89,0.0401800012588501,0.0031766010136492747,0.2116633544603646
AAPL270115C00185000,2026-09-25 15:59:40+00:00,185.0,157.0,148.6,151.75,0.0,0.0,1.0,826.0,0.7074003869628906,True,REGULAR,USD,Call,2027-01-15,AAPL,2026-10-06T00:29:07.449491+00:00,332.89,0.0401800012588501,0.0031766010136492747,0.2116633544603646
AAPL270115C00190000,2026-10-05 19:33:57+00:00,190.0,146.2,143.7,146.25,4.3399963,3.0593517,1.0,797.0,0.6667513793945314,True,REGULAR,USD,Call,2027-01-15,AAPL,2026-10-06T00:29:07.449491+00:00,332.89,0.0401800012588501,0.0031766010136492747,0.2116633544603646
AAPL270115C00195000,2026-10-02 14:40:12+00:00,195.0,141.07,138.8,142.05,0.0,0.0,1.0,638.0,0.6684603466796877,True,REGULAR,USD,Call,2027-01-15,AAPL,2026-10-06T00:29:07.449491+00:00,332.89,0.0401800012588501,0.0031766010136492747,0.2116633544603646
AAPL270115C00200000,2026-10-05 18:41:56+00:00,200.0,135.78,133.85,136.45,1.1799927,0.8766661,19.0,12585.0,0.6254920263671876,True,REGULAR,USD,Call,2027-01-15,AAPL,2026-10-06T00:29:07.449491+00:00,332.89,0.0401800012588501,0.0031766010136492747,0.2116633544603646
AAPL270115C00205000,2026-09-25 18:38:13+00:00,205.0,137.9,128.95,132.2,0.0,0.0,10.0,128.0,0.624027197265625,True,REGULAR,USD,Call,2027-01-15,AAPL,2026-10-06T00:29:07.449491+00:00,332.89,0.0401800012588501,0.0031766010136492747,0.2116633544603646
AAPL270115C00210000,2026-10-05 14:55:24+00:00,210.0,126.68,124.05,127.3,1.7799988,1.4251391,1.0,2314.0,0.6035195898437502,True,REGULAR,USD,Call,2027-01-15,AAPL,2026-10-06T00:29:07.449491+00:00,332.89,0.0401800012588501,0.0031766010136492747,0.2116633544603646
AAPL270115C00215000,2026-10-02 14:12:24+00:00,215.0,121.32,119.15,122.4,0.0,0.0,4.0,244.0,0.5831340515136718,True,REGULAR,USD,Call,2027-01-15,AAPL,2026-10-06T00:29:07.449491+00:00,332.89,0.0401800012588501,0.0031766010136492747,0.2116633544603646
AAPL270115C00220000,2026-10-05 17:52:35+00:00,220.0,116.05,114.25,117.5,-0.5299988,-0.4546224,3.0,7219.0,0.5627485131835939,True,REGULAR,USD,Call,2027-01-15,AAPL,2026-10-06T00:29:07.449491+00:00,332.89,0.0401800012588501,0.0031766010136492747,0.2116633544603646
AAPL270115C00225000,2026-09-30 15:39:41+00:00,225.0,116.22,109.4,111.9,0.0,0.0,4.0,480.0,0.5277146838378908,True,REGULAR,USD,Call,2027-01-15,AAPL,2026-10-06T00:29:07.449491+00:00,332.89,0.0401800012588501,0.0031766010136492747,0.2116633544603646
AAPL270115C00230000,2026-10-05 19:58:05+00:00,230.0,106.25,105.7,107.0,-0.44000244,-0.41241208,126.0,10446.0,0.5338181384277343,True,REGULAR,USD,Call,2027-01-15,AAPL,2026-10-06T00:29:07.449491+00:00,332.89,0.0401800012588501,0.0031766010136492747,0.2116633544603646
AAPL270115C00235000,2026-10-01 17:09:37+00:00,235.0,96.88,100.35,102.2,0.0,0.0,11.0,418.0,0.5062915582275391,True,REGULAR,USD,Call,2027-01-15,AAPL,2026-10-06T00:29:07.449491+00:00,332.89,0.0401800012588501,0.0031766010136492747,0.2116633544603646
AAPL270115C00240000,2026-10-05 19:09:18+00:00,240.0,96.95,96.0,97.35,-0.3899994,-0.40065688,23.0,9127.0,0.5211839874267576,True,REGULAR,USD,Call,2027-01-15,AAPL,2026-10-06T00:29:07.449491+00:00,332.89,0.0401800012588501,0.0031766010136492747,0.2116633544603646
AAPL270115C00245000,2026-10-02 14:17:14+00:00,245.0,93.0,90.0,92.55,0.0,0.0,2.0,3312.0,0.5027515545654297,True,REGULAR,USD,Call,2027-01-15,AAPL,2026-10-06T00:29:07.449491+00:00,332.89,0.0401800012588501,0.0031766010136492747,0.2116633544603646
AAPL270115C00250000,2026-10-05 19:11:47+00:00,250.0,87.74,86.25,87.75,0.73999786,0.8505722,188.0,24588.0,0.48413601806640627,True,REGULAR,USD,Call,2027-01-15,AAPL,2026-10-06T00:29:07.449491+00:00,332.89,0.0401800012588501,0.0031766010136492747,0.2116633544603646
AAPL270115C00255000,2026-10-02 15:16:08+00:00,255.0,80.85,80.45,83.2,0.0,0.0,15.0,6365.0,0.47260048889160156,True,REGULAR,USD,Call,2027-01-15,AAPL,2026-10-06T00:29:07.449491+00:00,332.89,0.0401800012588501,0.0031766010136492747,0.2116633544603646
AAPL270115C00260000,2026-10-05 19:52:10+00:00,260.0,77.7,75.7,78.05,-0.37000275,-0.47393718,66.0,11572.0,0.4434259759521484,True,REGULAR,USD,Call,2027-01-15,AAPL,2026-10-06T00:29:07.449491+00:00,332.89,0.0401800012588501,0.0031766010136492747,0.2116633544603646
AAPL270115C00265000,2026-10-05 17:27:22+00:00,265.0,73.5,72.0,73.6,-0.5,-0.6756757,2.0,3882.0,0.4336604486083985,True,REGULAR,USD,Call,2027-01-15,AAPL,2026-10-06T00:29:07.449491+00:00,332.89,0.0401800012588501,0.0031766010136492747,0.2116633544603646
AAPL270115C00270000,2026-10-05 15:12:30+00:00,270.0,69.17,67.45,68.95,-0.33000183,-0.4748228,4.0,9183.0,0.41760836303710935,True,REGULAR,USD,Call,2027-01-15,AAPL,2026-10-06T00:29:07.449491+00:00,332.89,0.0401800012588501,0.0031766010136492747,0.2116633544603646
AAPL270115C00275000,2026-10-05 18:12:54+00:00,275.0,63.2,62.7,64.4,-0.86999893,-1.3578881,73.0,2279.0,0.40332627929687503,True,REGULAR,USD,Call,2027-01-15,AAPL,2026-10-06T00:29:07.449491+00:00,332.89,0.0401800012588501,0.0031766010136492747,0.2116633544603646
AAPL270115C00280000,2026-10-05 19:53:47+00:00,280.0,58.76,58.0,59.6,-0.87000275,-1.4590018,29.0,31457.0,0.3826050509643554,True,REGULAR,USD,Call,2027-01-15,AAPL,2026-10-06T00:29:07.449491+00:00,332.89,0.0401800012588501,0.0031766010136492747,0.2116633544603646
AAPL270115C00285000,2026-10-05 18:06:44+00:00,285.0,54.2,53.45,55.2,-1.5999985,-2.8673809,5.0,3163.0,0.3701540036010742,True,REGULAR,USD,Call,2027-01-15,AAPL,2026-10-06T00:29:07.449491+00:00,332.89,0.0401800012588501,0.0031766010136492747,0.2116633544603646
AAPL270115C00290000,2026-10-05 19:53:47+00:00,290.0,50.05,49.25,50.8,-0.45000076,-0.89109063,57.0,10658.0,0.3565127825927734,True,REGULAR,USD,Call,2027-01-15,AAPL,2026-10-06T00:29:07.449491+00:00,332.89,0.0401800012588501,0.0031766010136492747,0.2116633544603646
AAPL270115C00295000,2026-10-02 16:27:30+00:00,295.0,45.81,44.85,46.6,0.0,0.0,17.0,8025.0,0.34552656433105466,True,REGULAR,USD,Call,2027-01-15,AAPL,2026-10-06T00:29:07.449491+00:00,332.89,0.0401800012588501,0.0031766010136492747,0.2116633544603646
AAPL270115C00300000,2026-10-05 19:54:40+00:00,300.0,41.75,41.15,43.35,-1.25,-2.9069767,95.0,64426.0,0.34992105163574216,True,REGULAR,USD,Call,2027-01-15,AAPL,2026-10-06T00:29:07.449491+00:00,332.89,0.0401800012588501,0.0031766010136492747,0.2116633544603646
AAPL270115C00305000,2026-10-05 18:34:11+00:00,305.0,37.7,37.2,38.95,0.40999985,1.09949,14.0,5103.0,0.3318243087768554,True,REGULAR,USD,Call,2027-01-15,AAPL,2026-10-06T00:29:07.449491+00:00,332.89,0.0401800012588501,0.0031766010136492747,0.2116633544603646
AAPL270115C00310000,2026-10-05 19:54:37+00:00,310.0,34.17,33.8,35.1,-0.4300003,-1.2427756,62.0,27869.0,0.3215399877929687,True,REGULAR,USD,Call,2027-01-15,AAPL,2026-10-06T00:29:07.449491+00:00,332.89,0.0401800012588501,0.0031766010136492747,0.2116633544603646
AAPL270115C00315000,2026-10-05 17:11:46+00:00,315.0,31.15,30.0,31.6,0.02999878,0.0963971,95.0,13910.0,0.31476515319824216,True,REGULAR,USD,Call,2027-01-15,AAPL,2026-10-06T00:29:07.449491+00:00,332.89,0.0401800012588501,0.0031766010136492747,0.2116633544603646
AAPL270115C00320000,2026-10-05 18:43:26+00:00,320.0,27.27,26.65,27.75,-0.72999954,-2.6071413,163.0,34113.0,0.30048306945800785,True,REGULAR,USD,Call,2027-01-15,AAPL,2026-10-06T00:29:07.449491+00:00,332.89,0.0401800012588501,0.0031766010136492747,0.2116633544603646
AAPL270115C00325000,2026-10-05 19:35:00+00:00,325.0,24.0,23.8,24.65,-0.79999924,-3.2258034,103.0,8417.0,0.2952340985107421,True,REGULAR,USD,Call,2027-01-15,AAPL,2026-10-06T00:29:07.449491+00:00,332.89,0.0401800012588501,0.0031766010136492747,0.2116633544603646
AAPL270115C00330000,2026-10-05 19:47:51+00:00,330.0,20.75,20.8,21.35,-1.0599995,-4.8601537,1888.0,21073.0,0.28449201843261707,True,REGULAR,USD,Call,2027-01-15,AAPL,2026-10-06T00:29:07.449491+00:00,332.89,0.0401800012588501,0.0031766010136492747,0.2116633544603646
AAPL270115C00335000,2026-10-05 19:56:53+00:00,335.0,18.25,18.2,18.6,-0.79999924,-4.199471,322.0,6943.0,0.279029426574707,False,REGULAR,USD,Call,2027-01-15,AAPL,2026-10-06T00:29:07.449491+00:00,332.89,0.0401800012588501,0.0031766010136492747,0.2116633544603646
AAPL270115C00340000,2026-10-05 19:59:59+00:00,340.0,15.9,15.65,16.0,-0.35000038,-2.1538484,370.0,10253.0,0.2728649374389648,False,REGULAR,USD,Call,2027-01-15,AAPL,2026-10-06T00:29:07.449491+00:00,332.89,0.0401800012588501,0.0031766010136492747,0.2116633544603646
AAPL270115C00345000,2026-10-05 19:56:57+00:00,345.0,13.45,13.4,13.85,-0.8000002,-5.614036,58.0,7090.0,0.27027096923828126,False,REGULAR,USD,Call,2027-01-15,AAPL,2026-10-06T00:29:07.449491+00:00,332.89,0.0401800012588501,0.0031766010136492747,0.2116633544603646
AAPL270115C00350000,2026-10-05 19:59:54+00:00,350.0,11.4,11.35,11.8,-0.6500006,-5.394196,3576.0,55045.0,0.26618165466308596,False,REGULAR,USD,Call,2027-01-15,AAPL,2026-10-06T00:29:07.449491+00:00,332.89,0.0401800012588501,0.0031766010136492747,0.2116633544603646
AAPL270115C00355000,2026-10-05 19:52:35+00:00,355.0,9.63,9.55,9.85,-0.42000008,-4.1791053,53.0,14805.0,0.26056647644042963,False,REGULAR,USD,Call,2027-01-15,AAPL,2026-10-06T00:29:07.449491+00:00,332.89,0.0401800012588501,0.0031766010136492747,0.2116633544603646
AAPL270115C00360000,2026-10-05 19:46:53+00:00,360.0,8.0,7.95,8.35,-0.5500002,-6.4327507,112.0,35628.0,0.2588575091552735,False,REGULAR,USD,Call,2027-01-15,AAPL,2026-10-06T00:29:07.449491+00:00,332.89,0.0401800012588501,0.0031766010136492747,0.2116633544603646
AAPL270115C00365000,2026-10-05 19:55:09+00:00,365.0,6.61,6.55,6.9,-0.33999968,-4.892082,211.0,5742.0,0.25498181549072274,False,REGULAR,USD,Call,2027-01-15,AAPL,2026-10-06T00:29:07.449491+00:00,332.89,0.0401800012588501,0.0031766010136492747,0.2116633544603646
AAPL270115C00370000,2026-10-05 18:46:36+00:00,370.0,5.49,5.4,5.65,-0.31000042,-5.344835,947.0,10414.0,0.25144181182861325,False,REGULAR,USD,Call,2027-01-15,AAPL,2026-10-06T00:29:07.449491+00:00,332.89,0.0401800012588501,0.0031766010136492747,0.2116633544603646
AAPL270115C00375000,2026-10-05 19:40:53+00:00,375.0,4.55,4.4,4.65,-0.19999981,-4.210522,63.0,5477.0,0.24951922363281248,False,REGULAR,USD,Call,2027-01-15,AAPL,2026-10-06T00:29:07.449491+00:00,332.89,0.0401800012588501,0.0031766010136492747,0.2116633544603646
AAPL270115C00380000,2026-10-05 19:55:02+00:00,380.0,3.6,3.55,3.8,-0.31000018,-7.9283934,548.0,11985.0,0.2477492218017578,False,REGULAR,USD,Call,2027-01-15,AAPL,2026-10-06T00:29:07.449491+00:00,332.89,0.0401800012588501,0.0031766010136492747,0.2116633544603646
AAPL270115C00385000,2026-10-05 19:32:16+00:00,385.0,3.12,2.9,3.1,-0.05000019,-1.577293,51.0,8354.0,0.2465590481567383,False,REGULAR,USD,Call,2027-01-15,AAPL,2026-10-06T00:29:07.449491+00:00,332.89,0.0401800012588501,0.0031766010136492747,0.2116633544603646
AAPL270115C00390000,2026-10-05 19:49:29+00:00,390.0,2.39,2.32,2.51,-0.18999982,-7.364334,59.0,6042.0,0.24536887451171874,False,REGULAR,USD,Call,2027-01-15,AAPL,2026-10-06T00:29:07.449491+00:00,332.89,0.0401800012588501,0.0031766010136492747,0.2116633544603646
AAPL270115C00395000,2026-10-05 19:49:29+00:00,395.0,1.98,1.83,2.04,-0.099999905,-4.8076878,65.0,2088.0,0.24488059814453128,False,REGULAR,USD,Call,2027-01-15,AAPL,2026-10-06T00:29:07.449491+00:00,332.89,0.0401800012588501,0.0031766010136492747,0.2116633544603646
AAPL270115C00400000,2026-10-05 19:52:24+00:00,400.0,1.52,1.5,1.62,-0.14999998,-8.982035,276.0,11441.0,0.24341576904296874,False,REGULAR,USD,Call,2027-01-15,AAPL,2026-10-06T00:29:07.449491+00:00,332.89,0.0401800012588501,0.0031766010136492747,0.2116633544603646
AAPL270115C00410000,2026-10-05 19:56:25+00:00,410.0,0.97,0.91,1.02,-0.089999914,-8.490559,53.0,4154.0,0.2417068017578125,False,REGULAR,USD,Call,2027-01-15,AAPL,2026-10-06T00:29:07.449491+00:00,332.89,0.0401800012588501,0.0031766010136492747,0.2116633544603646
AAPL270115C00420000,2026-10-05 17:51:47+00:00,420.0,0.64,0.6,0.67,-0.050000012,-7.2463784,19.0,3668.0,0.2430495617675781,False,REGULAR,USD,Call,2027-01-15,AAPL,2026-10-06T00:29:07.449491+00:00,332.89,0.0401800012588501,0.0031766010136492747,0.2116633544603646
AAPL270115C00430000,2026-10-05 19:33:54+00:00,430.0,0.34,0.34,0.42,-0.06999999,-17.073168,54.0,6878.0,0.24292749267578123,False,REGULAR,USD,Call,2027-01-15,AAPL,2026-10-06T00:29:07.449491+00:00,332.89,0.0401800012588501,0.0031766010136492747,0.2116633544603646
AAPL270115C00440000,2026-10-05 19:33:54+00:00,440.0,0.23,0.17,0.27,-0.019999996,-7.999998,100.0,4266.0,0.24439232177734377,False,REGULAR,USD,Call,2027-01-15,AAPL,2026-10-06T00:29:07.449491+00:00,332.89,0.0401800012588501,0.0031766010136492747,0.2116633544603646
AAPL270115C00450000,2026-10-05 19:25:35+00:00,450.0,0.17,0.16,0.19,-0.019999996,-10.526314,82.0,19055.0,0.2485426708984375,False,REGULAR,USD,Call,2027-01-15,AAPL,2026-10-06T00:29:07.449491+00:00,332.89,0.0401800012588501,0.0031766010136492747,0.2116633544603646
AAPL270115C00460000,2026-10-01 14:02:10+00:00,460.0,0.18,0.03,0.19,0.0,0.0,1.0,458.0,0.26416751464843746,False,REGULAR,USD,Call,2027-01-15,AAPL,2026-10-06T00:29:07.449491+00:00,332.89,0.0401800012588501,0.0031766010136492747,0.2116633544603646
AAPL270115C00470000,2026-10-05 13:30:03+00:00,470.0,0.15,0.01,0.1,0.060000002,66.666664,1.0,439.0,0.25830819824218754,False,REGULAR,USD,Call,2027-01-15,AAPL,2026-10-06T00:29:07.449491+00:00,332.89,0.0401800012588501,0.0031766010136492747,0.2116633544603646
AAPL270115C00480000,2026-10-05 17:11:07+00:00,480.0,0.08,0.0,0.12,0.02,33.333336,2.0,8876.0,0.2778392529296875,False,REGULAR,USD,Call,2027-01-15,AAPL,2026-10-06T00:29:07.449491+00:00,332.89,0.0401800012588501,0.0031766010136492747,0.2116633544603646
AAPL270115C00490000,2026-10-05 18:37:00+00:00,490.0,0.01,0.0,0.09,-0.060000002,-85.71429,13.0,1004.0,0.282233740234375,False,REGULAR,USD,Call,2027-01-15,AAPL,2026-10-06T00:29:07.449491+00:00,332.89,0.0401800012588501,0.0031766010136492747,0.2116633544603646
AAPL270115C00500000,2026-10-05 17:15:06+00:00,500.0,0.04,0.04,0.13,-0.010000002,-20.000002,15.0,12660.0,0.30713583496093744,False,REGULAR,USD,Call,2027-01-15,AAPL,2026-10-06T00:29:07.449491+00:00,332.89,0.0401800012588501,0.0031766010136492747,0.2116633544603646
AAPL270115C00510000,2026-09-25 19:46:34+00:00,510.0,0.09,0.0,0.31,0.0,0.0,1.0,198.0,0.3557193334960937,False,REGULAR,USD,Call,2027-01-15,AAPL,2026-10-06T00:29:07.449491+00:00,332.89,0.0401800012588501,0.0031766010136492747,0.2116633544603646
AAPL270115C00520000,2026-10-05 17:04:09+00:00,520.0,0.08,0.01,0.1,0.02,33.333336,11.0,4640.0,0.3232489550781249,False,REGULAR,USD,Call,2027-01-15,AAPL,2026-10-06T00:29:07.449491+00:00,332.89,0.0401800012588501,0.0031766010136492747,0.2116633544603646
AAPL270115C00530000,2026-10-05 15:35:14+00:00,530.0,0.04,0.03,0.1,0.0,0.0,4.0,5969.0,0.334967587890625,False,REGULAR,USD,Call,2027-01-15,AAPL,2026-10-06T00:29:07.449491+00:00,332.89,0.0401800012588501,0.0031766010136492747,0.2116633544603646
AAPL270115C00540000,2026-10-05 14:14:20+00:00,540.0,0.1,0.0,0.07,0.020000003,25.000004,5.0,732.0,0.33399103515625,False,REGULAR,USD,Call,2027-01-15,AAPL,2026-10-06T00:29:07.449491+00:00,332.89,0.0401800012588501,0.0031766010136492747,0.2116633544603646
AAPL270115C00550000,2026-10-05 15:54:37+00:00,550.0,0.03,0.02,0.04,-0.01,-25.0,7.0,11820.0,0.32813171874999997,False,REGULAR,USD,Call,2027-01-15,AAPL,2026-10-06T00:29:07.449491+00:00,332.89,0.0401800012588501,0.0031766010136492747,0.2116633544603646
AAPL270115C00560000,2026-10-05 16:31:34+00:00,560.0,0.04,0.01,0.1,-0.060000002,-60.0,14.0,65.0,0.36914693359375,False,REGULAR,USD,Call,2027-01-15,AAPL,2026-10-06T00:29:07.449491+00:00,332.89,0.0401800012588501,0.0031766010136492747,0.2116633544603646
AAPL270115C00570000,2026-10-01 14:37:57+00:00,570.0,0.03,0.01,0.05,0.0,0.0,10.0,72.0,0.35547519531249994,False,REGULAR,USD,Call,2027-01-15,AAPL,2026-10-06T00:29:07.449491+00:00,332.89,0.0401800012588501,0.0031766010136492747,0.2116633544603646
AAPL270115C00580000,2026-10-02 19:43:09+00:00,580.0,0.1,0.0,0.21,0.0,0.0,1.0,127.0,0.42383388671875,False,REGULAR,USD,Call,2027-01-15,AAPL,2026-10-06T00:29:07.449491+00:00,332.89,0.0401800012588501,0.0031766010136492747,0.2116633544603646
AAPL270115C00590000,2026-10-05 15:13:16+00:00,590.0,0.04,0.01,0.08,-0.010000002,-20.000002,5.0,146.0,0.39258419921875,False,REGULAR,USD,Call,2027-01-15,AAPL,2026-10-06T00:29:07.449491+00:00,332.89,0.0401800012588501,0.0031766010136492747,0.2116633544603646
AAPL270115C00600000,2026-10-05 19:44:44+00:00,600.0,0.01,0.01,0.03,-0.01,-50.0,608.0,13879.0,0.367193828125,False,REGULAR,USD,Call,2027-01-15,AAPL,2026-10-06T00:29:07.449491+00:00,332.89,0.0401800012588501,0.0031766010136492747,0.2116633544603646
AAPL270115P00005000,2026-09-04 13:30:00+00:00,5.0,0.01,0.0,0.01,0.0,0.0,50.0,1699.0,2.3750040624999995,False,REGULAR,USD,Put,2027-01-15,AAPL,2026-10-06T00:29:07.449491+00:00,332.89,0.0401800012588501,0.0031766010136492747,0.2116633544603646
AAPL270115P00010000,2026-08-05 13:30:02+00:00,10.0,0.2,0.0,0.22,0.0,0.0,10.0,143.0,2.593753515625,False,REGULAR,USD,Put,2027-01-15,AAPL,2026-10-06T00:29:07.449491+00:00,332.89,0.0401800012588501,0.0031766010136492747,0.2116633544603646
AAPL270115P00015000,2026-09-25 18:18:38+00:00,15.0,0.01,0.0,0.01,0.0,0.0,2.0,90.0,1.71875140625,False,REGULAR,USD,Put,2027-01-15,AAPL,2026-10-06T00:29:07.449491+00:00,332.89,0.0401800012588501,0.0031766010136492747,0.2116633544603646
AAPL270115P00020000,2026-09-25 18:46:32+00:00,20.0,0.01,0.0,0.01,0.0,0.0,1004.0,4433.0,1.5625021874999998,False,REGULAR,USD,Put,2027-01-15,AAPL,2026-10-06T00:29:07.449491+00:00,332.89,0.0401800012588501,0.0031766010136492747,0.2116633544603646
AAPL270115P00025000,2026-09-25 18:20:57+00:00,25.0,0.01,0.0,0.01,0.0,0.0,2.0,3415.0,1.4375028125,False,REGULAR,USD,Put,2027-01-15,AAPL,2026-10-06T00:29:07.449491+00:00,332.89,0.0401800012588501,0.0031766010136492747,0.2116633544603646
AAPL270115P00030000,2026-09-25 18:23:09+00:00,30.0,0.13,0.0,0.01,0.0,0.0,2.0,47.0,1.3125034374999998,False,REGULAR,USD,Put,2027-01-15,AAPL,2026-10-06T00:29:07.449491+00:00,332.89,0.0401800012588501,0.0031766010136492747,0.2116633544603646
AAPL270115P00035000,2026-09-25 19:18:21+00:00,35.0,0.23,0.0,0.01,0.0,0.0,2.0,129.0,1.2500037499999999,False,REGULAR,USD,Put,2027-01-15,AAPL,2026-10-06T00:29:07.449491+00:00,332.89,0.0401800012588501,0.0031766010136492747,0.2116633544603646
AAPL270115P00040000,2026-09-11 19:34:48+00:00,40.0,0.02,0.0,0.01,0.0,0.0,1.0,1024.0,1.15625421875,False,REGULAR,USD,Put,2027-01-15,AAPL,2026-10-06T00:29:07.449491+00:00,332.89,0.0401800012588501,0.0031766010136492747,0.2116633544603646
AAPL270115P00045000,2026-10-01 16:41:06+00:00,45.0,0.08,0.0,0.01,0.0,0.0,1.0,81.0,1.09375453125,False,REGULAR,USD,Put,2027-01-15,AAPL,2026-10-06T00:29:07.449491+00:00,332.89,0.0401800012588501,0.0031766010136492747,0.2116633544603646
AAPL270115P00050000,2026-09-30 18:57:37+00:00,50.0,0.01,0.0,0.01,0.0,0.0,1.0,2801.0,1.0312548437500002,False,REGULAR,USD,Put,2027-01-15,AAPL,2026-10-06T00:29:07.449491+00:00,332.89,0.0401800012588501,0.0031766010136492747,0.2116633544603646
AAPL270115P00060000,2026-09-29 14:33:22+00:00,60.0,0.01,0.0,0.02,0.0,0.0,1.0,1242.0,0.98437515625,False,REGULAR,USD,Put,2027-01-15,AAPL,2026-10-06T00:29:07.449491+00:00,332.89,0.0401800012588501,0.0031766010136492747,0.2116633544603646
AAPL270115P00070000,2026-09-28 18:29:51+00:00,70.0,0.09,0.0,0.18,0.0,0.0,1.0,190.0,1.091801416015625,False,REGULAR,USD,Put,2027-01-15,AAPL,2026-10-06T00:29:07.449491+00:00,332.89,0.0401800012588501,0.0031766010136492747,0.2116633544603646
AAPL270115P00080000,2026-09-29 13:30:08+00:00,80.0,0.01,0.0,0.05,0.0,0.0,8.0,937.0,0.8906260937499999,False,REGULAR,USD,Put,2027-01-15,AAPL,2026-10-06T00:29:07.449491+00:00,332.89,0.0401800012588501,0.0031766010136492747,0.2116633544603646
AAPL270115P00085000,2026-09-17 18:25:29+00:00,85.0,0.1,0.0,0.05,0.0,0.0,10.0,361.0,0.851563984375,False,REGULAR,USD,Put,2027-01-15,AAPL,2026-10-06T00:29:07.449491+00:00,332.89,0.0401800012588501,0.0031766010136492747,0.2116633544603646
AAPL270115P00090000,2026-09-21 19:10:22+00:00,90.0,0.02,0.0,0.05,0.0,0.0,9.0,1756.0,0.8164080859374999,False,REGULAR,USD,Put,2027-01-15,AAPL,2026-10-06T00:29:07.449491+00:00,332.89,0.0401800012588501,0.0031766010136492747,0.2116633544603646
AAPL270115P00095000,2026-09-24 17:26:16+00:00,95.0,0.05,0.0,0.05,0.0,0.0,1.0,928.0,0.7812521875,False,REGULAR,USD,Put,2027-01-15,AAPL,2026-10-06T00:29:07.449491+00:00,332.89,0.0401800012588501,0.0031766010136492747,0.2116633544603646
AAPL270115P00100000,2026-10-02 19:59:01+00:00,100.0,0.02,0.01,0.03,0.0,0.0,31.0,3217.0,0.7382838671874999,False,REGULAR,USD,Put,2027-01-15,AAPL,2026-10-06T00:29:07.449491+00:00,332.89,0.0401800012588501,0.0031766010136492747,0.2116633544603646
AAPL270115P00105000,2026-10-01 13:44:11+00:00,105.0,0.03,0.0,0.52,0.0,0.0,2.0,1546.0,0.918946123046875,False,REGULAR,USD,Put,2027-01-15,AAPL,2026-10-06T00:29:07.449491+00:00,332.89,0.0401800012588501,0.0031766010136492747,0.2116633544603646
AAPL270115P00110000,2026-10-02 18:05:39+00:00,110.0,0.04,0.0,0.14,0.0,0.0,7.0,797.0,0.76367423828125,False,REGULAR,USD,Put,2027-01-15,AAPL,2026-10-06T00:29:07.449491+00:00,332.89,0.0401800012588501,0.0031766010136492747,0.2116633544603646
AAPL270115P00115000,2026-10-05 13:55:34+00:00,115.0,0.08,0.01,0.08,0.04,100.0,2.0,796.0,0.70312796875,False,REGULAR,USD,Put,2027-01-15,AAPL,2026-10-06T00:29:07.449491+00:00,332.89,0.0401800012588501,0.0031766010136492747,0.2116633544603646
AAPL270115P00120000,2026-10-05 13:55:29+00:00,120.0,0.03,0.0,0.05,-0.020000001,-40.000004,2.0,3141.0,0.64062859375,False,REGULAR,USD,Put,2027-01-15,AAPL,2026-10-06T00:29:07.449491+00:00,332.89,0.0401800012588501,0.0031766010136492747,0.2116633544603646
AAPL270115P00125000,2026-09-29 14:19:01+00:00,125.0,0.05,0.0,0.18,0.0,0.0,4.0,851.0,0.6972686523437501,False,REGULAR,USD,Put,2027-01-15,AAPL,2026-10-06T00:29:07.449491+00:00,332.89,0.0401800012588501,0.0031766010136492747,0.2116633544603646
AAPL270115P00130000,2026-09-29 14:25:13+00:00,130.0,0.06,0.0,0.1,0.0,0.0,5.0,4947.0,0.632816171875,False,REGULAR,USD,Put,2027-01-15,AAPL,2026-10-06T00:29:07.449491+00:00,332.89,0.0401800012588501,0.0031766010136492747,0.2116633544603646
AAPL270115P00135000,2026-10-05 14:24:01+00:00,135.0,0.03,0.01,0.11,0.0,0.0,2.0,1591.0,0.6191444335937502,False,REGULAR,USD,Put,2027-01-15,AAPL,2026-10-06T00:29:07.449491+00:00,332.89,0.0401800012588501,0.0031766010136492747,0.2116633544603646
AAPL270115P00140000,2026-09-30 15:52:35+00:00,140.0,0.12,0.0,0.43,0.0,0.0,1.0,2109.0,0.6850617431640625,False,REGULAR,USD,Put,2027-01-15,AAPL,2026-10-06T00:29:07.449491+00:00,332.89,0.0401800012588501,0.0031766010136492747,0.2116633544603646
AAPL270115P00145000,2026-10-05 16:18:53+00:00,145.0,0.07,0.01,0.14,0.0,0.0,1.0,8859.0,0.585941640625,False,REGULAR,USD,Put,2027-01-15,AAPL,2026-10-06T00:29:07.449491+00:00,332.89,0.0401800012588501,0.0031766010136492747,0.2116633544603646
AAPL270115P00150000,2026-10-02 19:19:35+00:00,150.0,0.05,0.01,0.1,0.0,0.0,20.0,5046.0,0.5449264257812501,False,REGULAR,USD,Put,2027-01-15,AAPL,2026-10-06T00:29:07.449491+00:00,332.89,0.0401800012588501,0.0031766010136492747,0.2116633544603646
AAPL270115P00155000,2026-09-25 15:44:43+00:00,155.0,0.07,0.0,0.1,0.0,0.0,1.0,1240.0,0.5195360546875,False,REGULAR,USD,Put,2027-01-15,AAPL,2026-10-06T00:29:07.449491+00:00,332.89,0.0401800012588501,0.0031766010136492747,0.2116633544603646
AAPL270115P00160000,2026-10-05 18:27:49+00:00,160.0,0.05,0.02,0.11,0.0,0.0,17.0,5360.0,0.5127001855468749,False,REGULAR,USD,Put,2027-01-15,AAPL,2026-10-06T00:29:07.449491+00:00,332.89,0.0401800012588501,0.0031766010136492747,0.2116633544603646
AAPL270115P00165000,2026-10-02 16:55:07+00:00,165.0,0.09,0.0,0.17,0.0,0.0,7.0,3828.0,0.50586431640625,False,REGULAR,USD,Put,2027-01-15,AAPL,2026-10-06T00:29:07.449491+00:00,332.89,0.0401800012588501,0.0031766010136492747,0.2116633544603646
AAPL270115P00170000,2026-10-02 19:25:33+00:00,170.0,0.06,0.03,0.1,0.0,0.0,10.0,7670.0,0.495122236328125,False,REGULAR,USD,Put,2027-01-15,AAPL,2026-10-06T00:29:07.449491+00:00,332.89,0.0401800012588501,0.0031766010136492747,0.2116633544603646
AAPL270115P00175000,2026-10-05 18:19:04+00:00,175.0,0.06,0.05,0.11,-0.02,-25.0,12.0,3626.0,0.4804739453125,False,REGULAR,USD,Put,2027-01-15,AAPL,2026-10-06T00:29:07.449491+00:00,332.89,0.0401800012588501,0.0031766010136492747,0.2116633544603646
AAPL270115P00180000,2026-10-05 14:16:31+00:00,180.0,0.07,0.01,0.13,-0.049999997,-41.666664,1.0,9077.0,0.46973186523437505,False,REGULAR,USD,Put,2027-01-15,AAPL,2026-10-06T00:29:07.449491+00:00,332.89,0.0401800012588501,0.0031766010136492747,0.2116633544603646
AAPL270115P00185000,2026-10-02 16:01:19+00:00,185.0,0.15,0.02,0.15,0.0,0.0,11.0,5486.0,0.4580132324218751,False,REGULAR,USD,Put,2027-01-15,AAPL,2026-10-06T00:29:07.449491+00:00,332.89,0.0401800012588501,0.0031766010136492747,0.2116633544603646
AAPL270115P00190000,2026-10-05 13:46:59+00:00,190.0,0.12,0.03,0.17,-0.030000009,-20.000006,2.0,7320.0,0.4458063232421875,False,REGULAR,USD,Put,2027-01-15,AAPL,2026-10-06T00:29:07.449491+00:00,332.89,0.0401800012588501,0.0031766010136492747,0.2116633544603646
AAPL270115P00195000,2026-10-05 13:47:08+00:00,195.0,0.12,0.04,0.19,0.0,0.0,1.0,5715.0,0.432622861328125,False,REGULAR,USD,Put,2027-01-15,AAPL,2026-10-06T00:29:07.449491+00:00,332.89,0.0401800012588501,0.0031766010136492747,0.2116633544603646
AAPL270115P00200000,2026-10-05 16:30:12+00:00,200.0,0.15,0.07,0.2,-0.019999996,-11.764703,2.0,21285.0,0.41699801757812494,False,REGULAR,USD,Put,2027-01-15,AAPL,2026-10-06T00:29:07.449491+00:00,332.89,0.0401800012588501,0.0031766010136492747,0.2116633544603646
AAPL270115P00205000,2026-10-01 18:59:06+00:00,205.0,0.2,0.08,0.25,-0.019999996,-9.090907,1.0,196.0,0.4106504248046875,False,REGULAR,USD,Put,2027-01-15,AAPL,2026-10-06T00:29:07.449491+00:00,332.89,0.0401800012588501,0.0031766010136492747,0.2116633544603646
AAPL270115P00210000,2026-10-02 14:17:50+00:00,210.0,0.22,0.1,0.29,0.0,0.0,1.0,15909.0,0.40039662109375,False,REGULAR,USD,Put,2027-01-15,AAPL,2026-10-06T00:29:07.449491+00:00,332.89,0.0401800012588501,0.0031766010136492747,0.2116633544603646
AAPL270115P00215000,2026-10-05 14:16:31+00:00,215.0,0.28,0.2,0.34,0.00999999,3.7037,1.0,570.0,0.39063109375,False,REGULAR,USD,Put,2027-01-15,AAPL,2026-10-06T00:29:07.449491+00:00,332.89,0.0401800012588501,0.0031766010136492747,0.2116633544603646
AAPL270115P00220000,2026-10-05 17:13:20+00:00,220.0,0.23,0.26,0.31,-0.10000001,-30.303032,61.0,17109.0,0.3676821044921875,False,REGULAR,USD,Put,2027-01-15,AAPL,2026-10-06T00:29:07.449491+00:00,332.89,0.0401800012588501,0.0031766010136492747,0.2116633544603646
AAPL270115P00225000,2026-10-05 13:32:43+00:00,225.0,0.28,0.31,0.38,-0.109999985,-28.205124,1.0,1797.0,0.3606020971679687,False,REGULAR,USD,Put,2027-01-15,AAPL,2026-10-06T00:29:07.449491+00:00,332.89,0.0401800012588501,0.0031766010136492747,0.2116633544603646
AAPL270115P00230000,2026-10-05 19:25:48+00:00,230.0,0.4,0.37,0.44,-0.03999999,-9.090907,107.0,25355.0,0.3505924316406249,False,REGULAR,USD,Put,2027-01-15,AAPL,2026-10-06T00:29:07.449491+00:00,332.89,0.0401800012588501,0.0031766010136492747,0.2116633544603646
AAPL270115P00235000,2026-10-05 17:09:55+00:00,235.0,0.47,0.45,0.62,-0.049999982,-9.615381,2.0,1931.0,0.3523013989257812,False,REGULAR,USD,Put,2027-01-15,AAPL,2026-10-06T00:29:07.449491+00:00,332.89,0.0401800012588501,0.0031766010136492747,0.2116633544603646
AAPL270115P00240000,2026-10-05 19:52:12+00:00,240.0,0.57,0.49,0.61,-0.07999998,-12.30769,45.0,59455.0,0.33301448242187504,False,REGULAR,USD,Put,2027-01-15,AAPL,2026-10-06T00:29:07.449491+00:00,332.89,0.0401800012588501,0.0031766010136492747,0.2116633544603646
AAPL270115P00245000,2026-10-02 16:13:48+00:00,245.0,0.75,0.59,0.85,0.0,0.0,2.0,4707.0,0.3347234497070312,False,REGULAR,USD,Put,2027-01-15,AAPL,2026-10-06T00:29:07.449491+00:00,332.89,0.0401800012588501,0.0031766010136492747,0.2116633544603646
AAPL270115P00250000,2026-10-05 19:52:12+00:00,250.0,0.78,0.78,0.97,-0.120000005,-13.333334,368.0,26422.0,0.32434757690429683,False,REGULAR,USD,Put,2027-01-15,AAPL,2026-10-06T00:29:07.449491+00:00,332.89,0.0401800012588501,0.0031766010136492747,0.2116633544603646
AAPL270115P00255000,2026-10-05 19:47:57+00:00,255.0,1.02,0.92,1.08,-0.100000024,-8.928573,19.0,5879.0,0.31250687499999996,False,REGULAR,USD,Put,2027-01-15,AAPL,2026-10-06T00:29:07.449491+00:00,332.89,0.0401800012588501,0.0031766010136492747,0.2116633544603646
AAPL270115P00260000,2026-10-05 19:47:57+00:00,260.0,1.17,1.14,1.32,-0.120000005,-9.302326,32.0,12980.0,0.30676962768554683,False,REGULAR,USD,Put,2027-01-15,AAPL,2026-10-06T00:29:07.449491+00:00,332.89,0.0401800012588501,0.0031766010136492747,0.2116633544603646
AAPL270115P00265000,2026-10-05 17:16:05+00:00,265.0,1.39,1.38,1.54,-0.13999999,-9.150326,2.0,4738.0,0.2981027221679687,False,REGULAR,USD,Put,2027-01-15,AAPL,2026-10-06T00:29:07.449491+00:00,332.89,0.0401800012588501,0.0031766010136492747,0.2116633544603646
AAPL270115P00270000,2026-10-05 17:15:18+00:00,270.0,1.68,1.67,1.86,-0.23000002,-12.041886,8.0,18205.0,0.29193823303222644,False,REGULAR,USD,Put,2027-01-15,AAPL,2026-10-06T00:29:07.449491+00:00,332.89,0.0401800012588501,0.0031766010136492747,0.2116633544603646
AAPL270115P00275000,2026-10-05 18:02:40+00:00,275.0,2.09,2.03,2.23,-0.09000015,-4.128447,9.0,7341.0,0.28552960571289054,False,REGULAR,USD,Put,2027-01-15,AAPL,2026-10-06T00:29:07.449491+00:00,332.89,0.0401800012588501,0.0031766010136492747,0.2116633544603646
AAPL270115P00280000,2026-10-05 19:46:04+00:00,280.0,2.59,2.45,2.68,-0.09000015,-3.3582146,274.0,21154.0,0.2795482202148437,False,REGULAR,USD,Put,2027-01-15,AAPL,2026-10-06T00:29:07.449491+00:00,332.89,0.0401800012588501,0.0031766010136492747,0.2116633544603646
AAPL270115P00285000,2026-10-05 18:17:29+00:00,285.0,3.12,2.98,3.2,-0.08000016,-2.500005,315.0,4206.0,0.27329217926025384,False,REGULAR,USD,Put,2027-01-15,AAPL,2026-10-06T00:29:07.449491+00:00,332.89,0.0401800012588501,0.0031766010136492747,0.2116633544603646
AAPL270115P00290000,2026-10-05 19:55:43+00:00,290.0,3.75,3.6,3.85,-0.099999905,-2.5974002,100.0,10381.0,0.2680432083129882,False,REGULAR,USD,Put,2027-01-15,AAPL,2026-10-06T00:29:07.449491+00:00,332.89,0.0401800012588501,0.0031766010136492747,0.2116633544603646
AAPL270115P00295000,2026-10-05 19:51:18+00:00,295.0,4.47,4.35,4.65,-0.03000021,-0.66667134,25.0,11202.0,0.26367923828125,False,REGULAR,USD,Put,2027-01-15,AAPL,2026-10-06T00:29:07.449491+00:00,332.89,0.0401800012588501,0.0031766010136492747,0.2116633544603646
AAPL270115P00300000,2026-10-05 19:49:11+00:00,300.0,5.4,5.25,5.45,-0.049999714,-0.917426,847.0,15281.0,0.25659923095703124,False,REGULAR,USD,Put,2027-01-15,AAPL,2026-10-06T00:29:07.449491+00:00,332.89,0.0401800012588501,0.0031766010136492747,0.2116633544603646
AAPL270115P00305000,2026-10-05 18:45:18+00:00,305.0,6.4,6.1,6.55,-0.029999733,-0.46655884,85.0,9330.0,0.2527235372924804,False,REGULAR,USD,Put,2027-01-15,AAPL,2026-10-06T00:29:07.449491+00:00,332.89,0.0401800012588501,0.0031766010136492747,0.2116633544603646
AAPL270115P00310000,2026-10-05 19:54:10+00:00,310.0,7.55,7.45,7.7,-0.14999962,-1.948047,242.0,25657.0,0.24683370361328127,False,REGULAR,USD,Put,2027-01-15,AAPL,2026-10-06T00:29:07.449491+00:00,332.89,0.0401800012588501,0.0031766010136492747,0.2116633544603646
AAPL270115P00315000,2026-10-05 19:56:22+00:00,315.0,9.05,8.75,9.1,0.05000019,0.55555767,232.0,14902.0,0.242195078125,False,REGULAR,USD,Put,2027-01-15,AAPL,2026-10-06T00:29:07.449491+00:00,332.89,0.0401800012588501,0.0031766010136492747,0.2116633544603646
AAPL270115P00320000,2026-10-05 19:49:11+00:00,320.0,10.6,10.3,10.7,0.15000057,1.4354122,242.0,11487.0,0.23761748718261716,False,REGULAR,USD,Put,2027-01-15,AAPL,2026-10-06T00:29:07.449491+00:00,332.89,0.0401800012588501,0.0031766010136492747,0.2116633544603646
AAPL270115P00325000,2026-10-05 19:12:50+00:00,325.0,12.35,12.15,12.45,0.05000019,0.4065056,273.0,6151.0,0.23212437805175778,False,REGULAR,USD,Put,2027-01-15,AAPL,2026-10-06T00:29:07.449491+00:00,332.89,0.0401800012588501,0.0031766010136492747,0.2116633544603646
AAPL270115P00330000,2026-10-05 19:55:06+00:00,330.0,14.5,14.05,14.5,0.19999981,1.3986001,253.0,5655.0,0.22772989074707028,False,REGULAR,USD,Put,2027-01-15,AAPL,2026-10-06T00:29:07.449491+00:00,332.89,0.0401800012588501,0.0031766010136492747,0.2116633544603646
AAPL270115P00335000,2026-10-05 19:19:14+00:00,335.0,16.55,16.25,16.8,-0.15000153,-0.8982127,207.0,2436.0,0.22345747253417966,True,REGULAR,USD,Put,2027-01-15,AAPL,2026-10-06T00:29:07.449491+00:00,332.89,0.0401800012588501,0.0031766010136492747,0.2116633544603646
AAPL270115P00340000,2026-10-05 19:56:25+00:00,340.0,19.25,18.7,19.3,0.10000038,0.5221952,37.0,3067.0,0.21845263977050777,True,REGULAR,USD,Put,2027-01-15,AAPL,2026-10-06T00:29:07.449491+00:00,332.89,0.0401800012588501,0.0031766010136492747,0.2116633544603646
AAPL270115P00345000,2026-10-05 16:20:13+00:00,345.0,21.3,21.55,22.4,-0.70000076,-3.1818216,58.0,696.0,0.21851367431640623,True,REGULAR,USD,Put,2027-01-15,AAPL,2026-10-06T00:29:07.449491+00:00,332.89,0.0401800012588501,0.0031766010136492747,0.2116633544603646
AAPL270115P00350000,2026-10-02 14:37:17+00:00,350.0,23.72,24.35,26.0,-1.0300007,-4.1616187,1.0,745.0,0.22263350616455074,True,REGULAR,USD,Put,2027-01-15,AAPL,2026-10-06T00:29:07.449491+00:00,332.89,0.0401800012588501,0.0031766010136492747,0.2116633544603646
AAPL270115P00355000,2026-10-05 17:52:23+00:00,355.0,28.0,27.25,29.1,-4.84,-14.738124,5.0,274.0,0.2156145333862305,True,REGULAR,USD,Put,2027-01-15,AAPL,2026-10-06T00:29:07.449491+00:00,332.89,0.0401800012588501,0.0031766010136492747,0.2116633544603646
AAPL270115P00360000,2026-10-02 18:40:56+00:00,360.0,31.4,30.8,33.05,0.0,0.0,17.0,257.0,0.21887988159179686,True,REGULAR,USD,Put,2027-01-15,AAPL,2026-10-06T00:29:07.449491+00:00,332.89,0.0401800012588501,0.0031766010136492747,0.2116633544603646
AAPL270115P00365000,2026-10-01 15:41:42+00:00,365.0,40.3,34.6,36.5,0.0,0.0,17.0,217.0,0.20975521697998045,True,REGULAR,USD,Put,2027-01-15,AAPL,2026-10-06T00:29:07.449491+00:00,332.89,0.0401800012588501,0.0031766010136492747,0.2116633544603646
AAPL270115P00370000,2026-10-01 16:45:07+00:00,370.0,43.95,38.6,40.5,0.0,0.0,21.0,240.0,0.20676452423095698,True,REGULAR,USD,Put,2027-01-15,AAPL,2026-10-06T00:29:07.449491+00:00,332.89,0.0401800012588501,0.0031766010136492747,0.2116633544603646
AAPL270115P00375000,2026-10-05 18:44:07+00:00,375.0,43.9,42.8,44.75,-2.0,-4.3572984,10.0,24.0,0.20551331604003903,True,REGULAR,USD,Put,2027-01-15,AAPL,2026-10-06T00:29:07.449491+00:00,332.89,0.0401800012588501,0.0031766010136492747,0.2116633544603646
AAPL270115P00380000,2026-10-01 14:33:06+00:00,380.0,50.58,47.15,49.55,0.0,0.0,1.0,18.0,0.21540091247558596,True,REGULAR,USD,Put,2027-01-15,AAPL,2026-10-06T00:29:07.449491+00:00,332.89,0.0401800012588501,0.0031766010136492747,0.2116633544603646
AAPL270115P00385000,2026-09-30 15:58:08+00:00,385.0,48.8,51.15,53.7,0.0,0.0,6.0,11.0,0.20459779785156246,True,REGULAR,USD,Put,2027-01-15,AAPL,2026-10-06T00:29:07.449491+00:00,332.89,0.0401800012588501,0.0031766010136492747,0.2116633544603646
AAPL270115P00390000,2026-09-28 18:46:54+00:00,390.0,50.91,55.85,58.55,0.0,0.0,4.0,41.0,0.2124102197265625,True,REGULAR,USD,Put,2027-01-15,AAPL,2026-10-06T00:29:07.449491+00:00,332.89,0.0401800012588501,0.0031766010136492747,0.2116633544603646
AAPL270115P00395000,2026-07-31 14:46:17+00:00,395.0,91.63,73.65,76.25,0.0,0.0,2.0,0.0,0.48792015991210946,True,REGULAR,USD,Put,2027-01-15,AAPL,2026-10-06T00:29:07.449491+00:00,332.89,0.0401800012588501,0.0031766010136492747,0.2116633544603646
AAPL270115P00400000,2026-09-29 13:49:53+00:00,400.0,67.0,65.55,68.7,0.0,0.0,2.0,0.0,0.24274438903808593,True,REGULAR,USD,Put,2027-01-15,AAPL,2026-10-06T00:29:07.449491+00:00,332.89,0.0401800012588501,0.0031766010136492747,0.2116633544603646
AAPL270115P00410000,2026-09-08 19:32:36+00:00,410.0,94.0,75.55,78.45,0.0,0.0,1.0,1.0,0.25659923095703124,True,REGULAR,USD,Put,2027-01-15,AAPL,2026-10-06T00:29:07.449491+00:00,332.89,0.0401800012588501,0.0031766010136492747,0.2116633544603646
AAPL270115P00420000,2026-07-28 17:36:16+00:00,420.0,81.55,98.35,101.4,0.0,0.0,10.0,0.0,0.546025047607422,True,REGULAR,USD,Put,2027-01-15,AAPL,2026-10-06T00:29:07.449491+00:00,332.89,0.0401800012588501,0.0031766010136492747,0.2116633544603646
AAPL270115P00430000,2026-08-03 18:57:33+00:00,430.0,124.69,108.1,111.4,0.0,0.0,5.0,0.0,0.5733990414428712,True,REGULAR,USD,Put,2027-01-15,AAPL,2026-10-06T00:29:07.449491+00:00,332.89,0.0401800012588501,0.0031766010136492747,0.2116633544603646
AAPL270115P00440000,2026-09-24 13:30:07+00:00,440.0,103.35,105.9,108.75,0.0,0.0,20.0,0.0,0.33447931152343746,True,REGULAR,USD,Put,2027-01-15,AAPL,2026-10-06T00:29:07.449491+00:00,332.89,0.0401800012588501,0.0031766010136492747,0.2116633544603646
AAPL270115P00450000,2025-06-09 16:26:33+00:00,450.0,245.9,0.0,0.0,0.0,0.0,1.0,0.0,1.0000000000000003e-05,True,REGULAR,USD,Put,2027-01-15,AAPL,2026-10-06T00:29:07.449491+00:00,332.89,0.0401800012588501,0.0031766010136492747,0.2116633544603646
AAPL270115P00530000,2025-11-19 14:49:13+00:00,530.0,260.32,265.5,269.2,0.0,0.0,10.0,0.0,1.7180189880371093,True,REGULAR,USD,Put,2027-01-15,AAPL,2026-10-06T00:29:07.449491+00:00,332.89,0.0401800012588501,0.0031766010136492747,0.2116633544603646
AAPL270115P00550000,2025-12-24 17:56:41+00:00,550.0,274.35,290.0,293.8,0.0,0.0,,0.0,1.8292550041198727,True,REGULAR,USD,Put,2027-01-15,AAPL,2026-10-06T00:29:07.449491+00:00,332.89,0.0401800012588501,0.0031766010136492747,0.2116633544603646
AAPL270115P00600000,2026-07-20 15:34:53+00:00,600.0,274.25,287.65,291.05,0.0,0.0,,0.0,1.1310163078308106,True,REGULAR,USD,Put,2027-01-15,AAPL,2026-10-06T00:29:07.449491+00:00,332.89,0.0401800012588501,0.0031766010136492747,0.2116633544603646
AAPL270219C00005000,2026-06-08 18:33:34+00:00,5.0,299.6,320.75,324.5,0.0,0.0,3.0,3.0,1.0000000000000003e-05,True,REGULAR,USD,Call,2027-02-19,AAPL,2026-10-06T00:29:07.449491+00:00,332.89,0.0401800012588501,0.0031766010136492747,0.2116633544603646
AAPL270219C00020000,2026-07-28 19:40:21+00:00,20.0,319.94,299.0,302.1,0.0,0.0,1.0,2.0,1.0000000000000003e-05,True,REGULAR,USD,Call,2027-02-19,AAPL,2026-10-06T00:29:07.449491+00:00,332.89,0.0401800012588501,0.0031766010136492747,0.2116633544603646
AAPL270219C00055000,2026-09-16 16:10:43+00:00,55.0,278.59,277.05,280.5,0.0,0.0,4.0,19.0,1.451174619140625,True,REGULAR,USD,Call,2027-02-19,AAPL,2026-10-06T00:29:07.449491+00:00,332.89,0.0401800012588501,0.0031766010136492747,0.2116633544603646
AAPL270219C00065000,2026-06-05 19:46:18+00:00,65.0,244.67,0.0,0.0,0.0,0.0,40.0,0.0,1.0000000000000003e-05,True,REGULAR,USD,Call,2027-02-19,AAPL,2026-10-06T00:29:07.449491+00:00,332.89,0.0401800012588501,0.0031766010136492747,0.2116633544603646
AAPL270219C00070000,2026-06-05 19:45:59+00:00,70.0,239.85,0.0,0.0,0.0,0.0,72.0,0.0,1.0000000000000003e-05,True,REGULAR,USD,Call,2027-02-19,AAPL,2026-10-06T00:29:07.449491+00:00,332.89,0.0401800012588501,0.0031766010136492747,0.2116633544603646
AAPL270219C00075000,2026-06-05 19:44:16+00:00,75.0,234.84,0.0,0.0,0.0,0.0,72.0,0.0,1.0000000000000003e-05,True,REGULAR,USD,Call,2027-02-19,AAPL,2026-10-06T00:29:07.449491+00:00,332.89,0.0401800012588501,0.0031766010136492747,0.2116633544603646
AAPL270219C00080000,2026-08-31 17:32:44+00:00,80.0,235.37,252.45,255.9,0.0,0.0,1.0,62.0,1.2248573913574217,True,REGULAR,USD,Call,2027-02-19,AAPL,2026-10-06T00:29:07.449491+00:00,332.89,0.0401800012588501,0.0031766010136492747,0.2116633544603646
AAPL270219C00085000,2026-06-05 19:45:00+00:00,85.0,225.21,0.0,0.0,0.0,0.0,138.0,0.0,1.0000000000000003e-05,True,REGULAR,USD,Call,2027-02-19,AAPL,2026-10-06T00:29:07.449491+00:00,332.89,0.0401800012588501,0.0031766010136492747,0.2116633544603646
AAPL270219C00090000,2026-09-11 17:24:30+00:00,90.0,245.75,242.6,246.05,0.0,0.0,1.0,35.0,1.1491741760253906,True,REGULAR,USD,Call,2027-02-19,AAPL,2026-10-06T00:29:07.449491+00:00,332.89,0.0401800012588501,0.0031766010136492747,0.2116633544603646
AAPL270219C00095000,2026-06-05 19:16:00+00:00,95.0,215.55,0.0,0.0,0.0,0.0,72.0,0.0,1.0000000000000003e-05,True,REGULAR,USD,Call,2027-02-19,AAPL,2026-10-06T00:29:07.449491+00:00,332.89,0.0401800012588501,0.0031766010136492747,0.2116633544603646
AAPL270219C00100000,2026-06-08 13:43:33+00:00,100.0,214.06,227.9,231.65,0.0,0.0,6.0,35.0,1.0000000000000003e-05,True,REGULAR,USD,Call,2027-02-19,AAPL,2026-10-06T00:29:07.449491+00:00,332.89,0.0401800012588501,0.0031766010136492747,0.2116633544603646
AAPL270219C00105000,2026-10-02 14:45:01+00:00,105.0,230.77,227.85,231.3,0.0,0.0,5.0,56.0,1.050541856689453,True,REGULAR,USD,Call,2027-02-19,AAPL,2026-10-06T00:29:07.449491+00:00,332.89,0.0401800012588501,0.0031766010136492747,0.2116633544603646
AAPL270219C00110000,2026-06-08 13:42:50+00:00,110.0,204.53,218.2,221.95,0.0,0.0,6.0,56.0,1.0000000000000003e-05,True,REGULAR,USD,Call,2027-02-19,AAPL,2026-10-06T00:29:07.449491+00:00,332.89,0.0401800012588501,0.0031766010136492747,0.2116633544603646
AAPL270219C00115000,2026-06-10 14:17:21+00:00,115.0,178.38,213.3,217.1,0.0,0.0,2.0,54.0,1.0000000000000003e-05,True,REGULAR,USD,Call,2027-02-19,AAPL,2026-10-06T00:29:07.449491+00:00,332.89,0.0401800012588501,0.0031766010136492747,0.2116633544603646
AAPL270219C00120000,2026-08-17 17:09:52+00:00,120.0,185.94,0.0,0.0,0.0,0.0,1.0,0.0,1.0000000000000003e-05,True,REGULAR,USD,Call,2027-02-19,AAPL,2026-10-06T00:29:07.449491+00:00,332.89,0.0401800012588501,0.0031766010136492747,0.2116633544603646
AAPL270219C00125000,2026-09-01 15:56:07+00:00,125.0,204.36,208.15,211.4,0.0,0.0,14.0,82.0,0.92187578125,True,REGULAR,USD,Call,2027-02-19,AAPL,2026-10-06T00:29:07.449491+00:00,332.89,0.0401800012588501,0.0031766010136492747,0.2116633544603646
AAPL270219C00130000,2026-09-01 16:28:53+00:00,130.0,199.32,203.25,206.45,0.0,0.0,27.0,89.0,0.8950205810546874,True,REGULAR,USD,Call,2027-02-19,AAPL,2026-10-06T00:29:07.449491+00:00,332.89,0.0401800012588501,0.0031766010136492747,0.2116633544603646
AAPL270219C00135000,2026-10-01 16:15:06+00:00,135.0,195.8,198.3,201.55,0.0,0.0,1.0,50.0,0.8687757263183593,True,REGULAR,USD,Call,2027-02-19,AAPL,2026-10-06T00:29:07.449491+00:00,332.89,0.0401800012588501,0.0031766010136492747,0.2116633544603646
AAPL270219C00140000,2026-09-02 13:51:34+00:00,140.0,187.73,193.4,196.2,0.0,0.0,6.0,68.0,0.8267839587402341,True,REGULAR,USD,Call,2027-02-19,AAPL,2026-10-06T00:29:07.449491+00:00,332.89,0.0401800012588501,0.0031766010136492747,0.2116633544603646
AAPL270219C00145000,2026-08-31 15:52:49+00:00,145.0,173.08,188.5,191.75,0.0,0.0,15.0,71.0,0.822145333251953,True,REGULAR,USD,Call,2027-02-19,AAPL,2026-10-06T00:29:07.449491+00:00,332.89,0.0401800012588501,0.0031766010136492747,0.2116633544603646
AAPL270219C00150000,2026-09-01 15:27:13+00:00,150.0,177.79,183.6,186.85,0.0,0.0,5.0,71.0,0.7994404821777343,True,REGULAR,USD,Call,2027-02-19,AAPL,2026-10-06T00:29:07.449491+00:00,332.89,0.0401800012588501,0.0031766010136492747,0.2116633544603646
AAPL270219C00155000,2026-09-01 15:31:03+00:00,155.0,173.14,178.7,181.95,0.0,0.0,7.0,49.0,0.7771018383789063,True,REGULAR,USD,Call,2027-02-19,AAPL,2026-10-06T00:29:07.449491+00:00,332.89,0.0401800012588501,0.0031766010136492747,0.2116633544603646
AAPL270219C00160000,2026-09-23 18:46:49+00:00,160.0,179.52,173.8,177.05,0.0,0.0,20.0,77.0,0.7551294018554688,True,REGULAR,USD,Call,2027-02-19,AAPL,2026-10-06T00:29:07.449491+00:00,332.89,0.0401800012588501,0.0031766010136492747,0.2116633544603646
AAPL270219C00165000,2026-08-19 18:39:19+00:00,165.0,153.48,0.0,0.0,0.0,0.0,14.0,0.0,1.0000000000000003e-05,True,REGULAR,USD,Call,2027-02-19,AAPL,2026-10-06T00:29:07.449491+00:00,332.89,0.0401800012588501,0.0031766010136492747,0.2116633544603646
AAPL270219C00170000,2026-09-30 13:38:43+00:00,170.0,165.31,164.0,167.25,0.0,0.0,11.0,41.0,0.7124052197265626,True,REGULAR,USD,Call,2027-02-19,AAPL,2026-10-06T00:29:07.449491+00:00,332.89,0.0401800012588501,0.0031766010136492747,0.2116633544603646
AAPL270219C00175000,2026-10-02 14:26:41+00:00,175.0,162.17,159.1,162.35,0.0,0.0,2.0,79.0,0.6914093359375001,True,REGULAR,USD,Call,2027-02-19,AAPL,2026-10-06T00:29:07.449491+00:00,332.89,0.0401800012588501,0.0031766010136492747,0.2116633544603646
AAPL270219C00180000,2026-09-17 14:50:52+00:00,180.0,156.35,154.2,157.45,0.0,0.0,1.0,26.0,0.6707796594238282,True,REGULAR,USD,Call,2027-02-19,AAPL,2026-10-06T00:29:07.449491+00:00,332.89,0.0401800012588501,0.0031766010136492747,0.2116633544603646
AAPL270219C00185000,2026-07-17 16:15:04+00:00,185.0,150.35,128.05,131.75,0.0,0.0,2.0,21.0,1.0000000000000003e-05,True,REGULAR,USD,Call,2027-02-19,AAPL,2026-10-06T00:29:07.449491+00:00,332.89,0.0401800012588501,0.0031766010136492747,0.2116633544603646
AAPL270219C00190000,2026-09-09 17:03:30+00:00,190.0,128.22,144.45,147.7,0.0,0.0,1.0,48.0,0.6326941027832031,True,REGULAR,USD,Call,2027-02-19,AAPL,2026-10-06T00:29:07.449491+00:00,332.89,0.0401800012588501,0.0031766010136492747,0.2116633544603646
AAPL270219C00195000,2026-07-22 16:53:51+00:00,195.0,134.9,119.3,121.5,0.0,0.0,1.0,9.0,1.0000000000000003e-05,True,REGULAR,USD,Call,2027-02-19,AAPL,2026-10-06T00:29:07.449491+00:00,332.89,0.0401800012588501,0.0031766010136492747,0.2116633544603646
AAPL270219C00200000,2026-10-01 15:52:22+00:00,200.0,129.82,135.0,137.75,0.0,0.0,2.0,472.0,0.5972330316162109,True,REGULAR,USD,Call,2027-02-19,AAPL,2026-10-06T00:29:07.449491+00:00,332.89,0.0401800012588501,0.0031766010136492747,0.2116633544603646
AAPL270219C00210000,2026-10-02 14:12:24+00:00,210.0,127.12,125.0,128.25,0.0,0.0,4.0,44.0,0.5599409240722657,True,REGULAR,USD,Call,2027-02-19,AAPL,2026-10-06T00:29:07.449491+00:00,332.89,0.0401800012588501,0.0031766010136492747,0.2116633544603646
AAPL270219C00220000,2026-09-28 19:01:05+00:00,220.0,124.08,115.3,117.95,0.0,0.0,30.0,469.0,0.5141650146484374,True,REGULAR,USD,Call,2027-02-19,AAPL,2026-10-06T00:29:07.449491+00:00,332.89,0.0401800012588501,0.0031766010136492747,0.2116633544603646
AAPL270219C00230000,2026-09-24 16:11:36+00:00,230.0,112.4,105.7,109.0,0.0,0.0,1.0,187.0,0.5425460784912111,True,REGULAR,USD,Call,2027-02-19,AAPL,2026-10-06T00:29:07.449491+00:00,332.89,0.0401800012588501,0.0031766010136492747,0.2116633544603646
AAPL270219C00240000,2026-09-29 17:47:06+00:00,240.0,97.15,96.2,99.45,0.0,0.0,2.0,126.0,0.5070544900512696,True,REGULAR,USD,Call,2027-02-19,AAPL,2026-10-06T00:29:07.449491+00:00,332.89,0.0401800012588501,0.0031766010136492747,0.2116633544603646
AAPL270219C00250000,2026-10-02 17:25:00+00:00,250.0,89.11,87.2,89.5,0.0,0.0,1.0,568.0,0.46179737426757816,True,REGULAR,USD,Call,2027-02-19,AAPL,2026-10-06T00:29:07.449491+00:00,332.89,0.0401800012588501,0.0031766010136492747,0.2116633544603646
AAPL270219C00260000,2026-10-05 16:55:46+00:00,260.0,81.0,78.35,80.35,1.0,1.25,6.0,769.0,0.435125277709961,True,REGULAR,USD,Call,2027-02-19,AAPL,2026-10-06T00:29:07.449491+00:00,332.89,0.0401800012588501,0.0031766010136492747,0.2116633544603646
AAPL270219C00270000,2026-10-02 19:43:14+00:00,270.0,70.98,69.15,71.8,0.0,0.0,44.0,336.0,0.4180050875854492,True,REGULAR,USD,Call,2027-02-19,AAPL,2026-10-06T00:29:07.449491+00:00,332.89,0.0401800012588501,0.0031766010136492747,0.2116633544603646
AAPL270219C00280000,2026-10-05 19:11:09+00:00,280.0,61.95,60.65,62.55,-0.23999786,-0.38591072,18.0,867.0,0.3845276391601562,True,REGULAR,USD,Call,2027-02-19,AAPL,2026-10-06T00:29:07.449491+00:00,332.89,0.0401800012588501,0.0031766010136492747,0.2116633544603646
AAPL270219C00290000,2026-10-05 18:11:12+00:00,290.0,52.87,52.05,54.2,-0.6800003,-1.2698419,2.0,1967.0,0.3640200317382813,True,REGULAR,USD,Call,2027-02-19,AAPL,2026-10-06T00:29:07.449491+00:00,332.89,0.0401800012588501,0.0031766010136492747,0.2116633544603646
AAPL270219C00300000,2026-10-05 19:48:16+00:00,300.0,45.28,44.7,46.35,-0.5699997,-1.2431836,20.0,2702.0,0.34671673797607416,True,REGULAR,USD,Call,2027-02-19,AAPL,2026-10-06T00:29:07.449491+00:00,332.89,0.0401800012588501,0.0031766010136492747,0.2116633544603646
AAPL270219C00310000,2026-10-05 19:45:04+00:00,310.0,37.8,37.6,38.75,-0.8500023,-2.1992297,19.0,1745.0,0.32770447692871096,True,REGULAR,USD,Call,2027-02-19,AAPL,2026-10-06T00:29:07.449491+00:00,332.89,0.0401800012588501,0.0031766010136492747,0.2116633544603646
AAPL270219C00320000,2026-10-05 19:59:42+00:00,320.0,31.23,30.6,31.9,-1.0200005,-3.1627922,31.0,3548.0,0.31284256500244134,True,REGULAR,USD,Call,2027-02-19,AAPL,2026-10-06T00:29:07.449491+00:00,332.89,0.0401800012588501,0.0031766010136492747,0.2116633544603646
AAPL270219C00330000,2026-10-05 19:19:08+00:00,330.0,25.85,24.8,25.75,-0.25,-0.9578544,132.0,5122.0,0.3000405690002441,True,REGULAR,USD,Call,2027-02-19,AAPL,2026-10-06T00:29:07.449491+00:00,332.89,0.0401800012588501,0.0031766010136492747,0.2116633544603646
AAPL270219C00340000,2026-10-05 19:46:59+00:00,340.0,19.9,19.85,20.3,-1.1000004,-5.238097,92.0,4487.0,0.28835245346069327,False,REGULAR,USD,Call,2027-02-19,AAPL,2026-10-06T00:29:07.449491+00:00,332.89,0.0401800012588501,0.0031766010136492747,0.2116633544603646
AAPL270219C00350000,2026-10-05 19:55:44+00:00,350.0,15.41,15.45,16.0,-0.59000015,-3.687501,29.0,5370.0,0.2828288270568847,False,REGULAR,USD,Call,2027-02-19,AAPL,2026-10-06T00:29:07.449491+00:00,332.89,0.0401800012588501,0.0031766010136492747,0.2116633544603646
AAPL270219C00360000,2026-10-05 18:53:40+00:00,360.0,11.75,11.7,12.1,-0.4499998,-3.688523,110.0,3710.0,0.27411614562988285,False,REGULAR,USD,Call,2027-02-19,AAPL,2026-10-06T00:29:07.449491+00:00,332.89,0.0401800012588501,0.0031766010136492747,0.2116633544603646
AAPL270219C00370000,2026-10-05 19:47:06+00:00,370.0,8.75,8.7,9.15,-0.75,-7.894737,28.0,9224.0,0.2696606237792969,False,REGULAR,USD,Call,2027-02-19,AAPL,2026-10-06T00:29:07.449491+00:00,332.89,0.0401800012588501,0.0031766010136492747,0.2116633544603646
AAPL270219C00380000,2026-10-05 19:48:56+00:00,380.0,6.45,6.35,6.65,-0.20000029,-3.007523,74.0,3355.0,0.2634656173706055,False,REGULAR,USD,Call,2027-02-19,AAPL,2026-10-06T00:29:07.449491+00:00,332.89,0.0401800012588501,0.0031766010136492747,0.2116633544603646
AAPL270219C00390000,2026-10-05 18:50:07+00:00,390.0,4.76,4.55,4.9,-0.119999886,-2.459014,34.0,1859.0,0.2613294082641602,False,REGULAR,USD,Call,2027-02-19,AAPL,2026-10-06T00:29:07.449491+00:00,332.89,0.0401800012588501,0.0031766010136492747,0.2116633544603646
AAPL270219C00400000,2026-10-05 19:59:12+00:00,400.0,3.4,3.3,3.5,-0.19999981,-5.5555506,141.0,6969.0,0.25818612915039063,False,REGULAR,USD,Call,2027-02-19,AAPL,2026-10-06T00:29:07.449491+00:00,332.89,0.0401800012588501,0.0031766010136492747,0.2116633544603646
AAPL270219C00410000,2026-10-05 18:33:22+00:00,410.0,2.33,2.27,2.54,-0.20000005,-7.90514,115.0,1745.0,0.25763681823730467,False,REGULAR,USD,Call,2027-02-19,AAPL,2026-10-06T00:29:07.449491+00:00,332.89,0.0401800012588501,0.0031766010136492747,0.2116633544603646
AAPL270219C00420000,2026-10-05 19:49:30+00:00,420.0,1.77,1.6,1.78,-0.00999999,-0.5617972,120.0,1739.0,0.2557447473144532,False,REGULAR,USD,Call,2027-02-19,AAPL,2026-10-06T00:29:07.449491+00:00,332.89,0.0401800012588501,0.0031766010136492747,0.2116633544603646
AAPL270219C00430000,2026-10-05 18:55:11+00:00,430.0,1.15,1.1,1.22,-0.060000062,-4.9586825,12.0,619.0,0.2536695727539063,False,REGULAR,USD,Call,2027-02-19,AAPL,2026-10-06T00:29:07.449491+00:00,332.89,0.0401800012588501,0.0031766010136492747,0.2116633544603646
AAPL270219C00440000,2026-10-05 17:54:48+00:00,440.0,0.89,0.75,0.87,0.029999971,3.4883687,2.0,423.0,0.25427991821289064,False,REGULAR,USD,Call,2027-02-19,AAPL,2026-10-06T00:29:07.449491+00:00,332.89,0.0401800012588501,0.0031766010136492747,0.2116633544603646
AAPL270219C00450000,2026-10-05 16:49:18+00:00,450.0,0.58,0.51,0.61,-0.030000031,-4.918038,1.0,692.0,0.25440198730468755,False,REGULAR,USD,Call,2027-02-19,AAPL,2026-10-06T00:29:07.449491+00:00,332.89,0.0401800012588501,0.0031766010136492747,0.2116633544603646
AAPL270219C00460000,2026-10-05 19:40:42+00:00,460.0,0.39,0.35,0.52,-0.01000002,-2.500005,46.0,583.0,0.26270268554687504,False,REGULAR,USD,Call,2027-02-19,AAPL,2026-10-06T00:29:07.449491+00:00,332.89,0.0401800012588501,0.0031766010136492747,0.2116633544603646
AAPL270219C00470000,2026-09-30 19:46:40+00:00,470.0,0.43,0.17,0.38,0.0,0.0,2.0,359.0,0.26428958374023437,False,REGULAR,USD,Call,2027-02-19,AAPL,2026-10-06T00:29:07.449491+00:00,332.89,0.0401800012588501,0.0031766010136492747,0.2116633544603646
AAPL270219C00480000,2026-10-02 14:26:11+00:00,480.0,0.22,0.08,0.31,0.0,0.0,1.0,58.0,0.26978269287109374,False,REGULAR,USD,Call,2027-02-19,AAPL,2026-10-06T00:29:07.449491+00:00,332.89,0.0401800012588501,0.0031766010136492747,0.2116633544603646
AAPL270219C00490000,2026-10-05 13:30:01+00:00,490.0,0.17,0.1,0.22,-0.13000001,-43.333336,3.0,128.0,0.27027096923828126,False,REGULAR,USD,Call,2027-02-19,AAPL,2026-10-06T00:29:07.449491+00:00,332.89,0.0401800012588501,0.0031766010136492747,0.2116633544603646
AAPL270219C00500000,2026-10-05 19:10:35+00:00,500.0,0.11,0.1,0.18,-0.049999997,-31.249998,2.0,2733.0,0.27539787109374997,False,REGULAR,USD,Call,2027-02-19,AAPL,2026-10-06T00:29:07.449491+00:00,332.89,0.0401800012588501,0.0031766010136492747,0.2116633544603646
AAPL270219C00510000,2026-09-16 15:07:07+00:00,510.0,0.23,0.01,0.16,0.0,0.0,1.0,55.0,0.2827220166015625,False,REGULAR,USD,Call,2027-02-19,AAPL,2026-10-06T00:29:07.449491+00:00,332.89,0.0401800012588501,0.0031766010136492747,0.2116633544603646
AAPL270219C00520000,2026-10-05 18:38:01+00:00,520.0,0.04,0.01,0.14,-0.04,-50.0,4.0,746.0,0.2890696093749999,False,REGULAR,USD,Call,2027-02-19,AAPL,2026-10-06T00:29:07.449491+00:00,332.89,0.0401800012588501,0.0031766010136492747,0.2116633544603646
AAPL270219C00530000,2026-10-01 15:21:05+00:00,530.0,0.08,0.03,0.13,0.0,0.0,1.0,154.0,0.2973703076171874,False,REGULAR,USD,Call,2027-02-19,AAPL,2026-10-06T00:29:07.449491+00:00,332.89,0.0401800012588501,0.0031766010136492747,0.2116633544603646
AAPL270219C00540000,2026-10-05 18:24:46+00:00,540.0,0.05,0.02,0.13,-0.009999998,-16.666662,8.0,30.0,0.30762411132812495,False,REGULAR,USD,Call,2027-02-19,AAPL,2026-10-06T00:29:07.449491+00:00,332.89,0.0401800012588501,0.0031766010136492747,0.2116633544603646
AAPL270219C00550000,2026-10-01 16:55:24+00:00,550.0,0.13,0.01,0.13,0.08,160.00002,1.0,51.0,0.3178779150390625,False,REGULAR,USD,Call,2027-02-19,AAPL,2026-10-06T00:29:07.449491+00:00,332.89,0.0401800012588501,0.0031766010136492747,0.2116633544603646
AAPL270219C00560000,2026-10-05 18:19:56+00:00,560.0,0.09,0.01,0.21,0.080000006,800.00024,4.0,13.0,0.34570966796874997,False,REGULAR,USD,Call,2027-02-19,AAPL,2026-10-06T00:29:07.449491+00:00,332.89,0.0401800012588501,0.0031766010136492747,0.2116633544603646
AAPL270219C00570000,2026-10-05 18:18:29+00:00,570.0,0.09,0.01,0.09,0.010000005,12.500007,1.0,17.0,0.3242255078124999,False,REGULAR,USD,Call,2027-02-19,AAPL,2026-10-06T00:29:07.449491+00:00,332.89,0.0401800012588501,0.0031766010136492747,0.2116633544603646
AAPL270219C00580000,2026-10-01 16:55:37+00:00,580.0,0.07,0.01,0.32,0.0,0.0,1.0,29.0,0.38477177734374995,False,REGULAR,USD,Call,2027-02-19,AAPL,2026-10-06T00:29:07.449491+00:00,332.89,0.0401800012588501,0.0031766010136492747,0.2116633544603646
AAPL270219C00590000,2026-10-01 16:54:59+00:00,590.0,0.08,0.01,0.2,0.0,0.0,1.0,18.0,0.37305314453125,False,REGULAR,USD,Call,2027-02-19,AAPL,2026-10-06T00:29:07.449491+00:00,332.89,0.0401800012588501,0.0031766010136492747,0.2116633544603646
AAPL270219C00600000,2026-10-05 14:04:34+00:00,600.0,0.05,0.01,0.06,0.020000001,66.66668,1.0,6426.0,0.33789724609375,False,REGULAR,USD,Call,2027-02-19,AAPL,2026-10-06T00:29:07.449491+00:00,332.89,0.0401800012588501,0.0031766010136492747,0.2116633544603646
AAPL270219P00005000,2026-06-18 17:32:14+00:00,5.0,0.01,0.0,0.02,0.0,0.0,1.0,4.0,2.1875045312499997,False,REGULAR,USD,Put,2027-02-19,AAPL,2026-10-06T00:29:07.449491+00:00,332.89,0.0401800012588501,0.0031766010136492747,0.2116633544603646
AAPL270219P00015000,2026-09-25 15:03:55+00:00,15.0,0.01,0.0,0.13,0.0,0.0,2.0,9501.0,1.8476570117187499,False,REGULAR,USD,Put,2027-02-19,AAPL,2026-10-06T00:29:07.449491+00:00,332.89,0.0401800012588501,0.0031766010136492747,0.2116633544603646
AAPL270219P00020000,2026-09-25 16:47:48+00:00,20.0,0.04,0.0,0.48,0.0,0.0,4.0,2.0,1.927734736328125,False,REGULAR,USD,Put,2027-02-19,AAPL,2026-10-06T00:29:07.449491+00:00,332.89,0.0401800012588501,0.0031766010136492747,0.2116633544603646
AAPL270219P00025000,2026-09-25 16:50:08+00:00,25.0,0.07,0.0,0.48,0.0,0.0,4.0,0.0,1.763673056640625,False,REGULAR,USD,Put,2027-02-19,AAPL,2026-10-06T00:29:07.449491+00:00,332.89,0.0401800012588501,0.0031766010136492747,0.2116633544603646
AAPL270219P00030000,2026-09-25 16:54:21+00:00,30.0,0.1,0.0,0.48,0.0,0.0,4.0,1.0,1.6318377783203122,False,REGULAR,USD,Put,2027-02-19,AAPL,2026-10-06T00:29:07.449491+00:00,332.89,0.0401800012588501,0.0031766010136492747,0.2116633544603646
AAPL270219P00035000,2026-09-25 17:04:55+00:00,35.0,0.11,0.0,0.4,0.0,0.0,4.0,1.0,1.4902369238281248,False,REGULAR,USD,Put,2027-02-19,AAPL,2026-10-06T00:29:07.449491+00:00,332.89,0.0401800012588501,0.0031766010136492747,0.2116633544603646
AAPL270219P00040000,2026-09-28 19:37:31+00:00,40.0,0.12,0.0,0.4,0.0,0.0,2.0,1.0,1.3984405078125,False,REGULAR,USD,Put,2027-02-19,AAPL,2026-10-06T00:29:07.449491+00:00,332.89,0.0401800012588501,0.0031766010136492747,0.2116633544603646
AAPL270219P00045000,2026-09-28 19:40:25+00:00,45.0,0.04,0.0,0.4,0.0,0.0,2.0,1.0,1.3203158984374999,False,REGULAR,USD,Put,2027-02-19,AAPL,2026-10-06T00:29:07.449491+00:00,332.89,0.0401800012588501,0.0031766010136492747,0.2116633544603646
AAPL270219P00050000,2026-09-30 16:16:43+00:00,50.0,0.02,0.0,0.26,0.0,0.0,1.0,255.0,1.189457177734375,False,REGULAR,USD,Put,2027-02-19,AAPL,2026-10-06T00:29:07.449491+00:00,332.89,0.0401800012588501,0.0031766010136492747,0.2116633544603646
AAPL270219P00055000,2026-09-28 19:45:03+00:00,55.0,0.01,0.0,0.48,0.0,0.0,2.0,2.0,1.2128945605468748,False,REGULAR,USD,Put,2027-02-19,AAPL,2026-10-06T00:29:07.449491+00:00,332.89,0.0401800012588501,0.0031766010136492747,0.2116633544603646
AAPL270219P00060000,2026-10-05 13:56:54+00:00,60.0,0.05,0.01,0.05,0.030000001,150.0,4.0,725.0,0.9335944140625,False,REGULAR,USD,Put,2027-02-19,AAPL,2026-10-06T00:29:07.449491+00:00,332.89,0.0401800012588501,0.0031766010136492747,0.2116633544603646
AAPL270219P00065000,2026-10-05 14:46:54+00:00,65.0,0.02,0.0,0.09,-0.04,-66.66667,5.0,16.0,0.92187578125,False,REGULAR,USD,Put,2027-02-19,AAPL,2026-10-06T00:29:07.449491+00:00,332.89,0.0401800012588501,0.0031766010136492747,0.2116633544603646
AAPL270219P00070000,2026-09-28 19:50:44+00:00,70.0,0.1,0.0,0.4,0.0,0.0,2.0,1.0,1.0283251708984378,False,REGULAR,USD,Put,2027-02-19,AAPL,2026-10-06T00:29:07.449491+00:00,332.89,0.0401800012588501,0.0031766010136492747,0.2116633544603646
AAPL270219P00075000,2026-09-28 19:55:05+00:00,75.0,0.18,0.0,0.49,0.0,0.0,2.0,1.0,1.0078174609375,False,REGULAR,USD,Put,2027-02-19,AAPL,2026-10-06T00:29:07.449491+00:00,332.89,0.0401800012588501,0.0031766010136492747,0.2116633544603646
AAPL270219P00080000,2026-09-29 17:03:49+00:00,80.0,0.2,0.0,0.49,0.0,0.0,1.0,45.0,0.9648441015625,False,REGULAR,USD,Put,2027-02-19,AAPL,2026-10-06T00:29:07.449491+00:00,332.89,0.0401800012588501,0.0031766010136492747,0.2116633544603646
AAPL270219P00085000,2026-09-29 17:10:56+00:00,85.0,0.04,0.0,0.29,0.0,0.0,3.0,18.0,0.8710950390625,False,REGULAR,USD,Put,2027-02-19,AAPL,2026-10-06T00:29:07.449491+00:00,332.89,0.0401800012588501,0.0031766010136492747,0.2116633544603646
AAPL270219P00090000,2026-09-29 18:38:29+00:00,90.0,0.05,0.0,0.47,0.0,0.0,2.0,6.0,0.883790224609375,False,REGULAR,USD,Put,2027-02-19,AAPL,2026-10-06T00:29:07.449491+00:00,332.89,0.0401800012588501,0.0031766010136492747,0.2116633544603646
AAPL270219P00095000,2026-09-29 18:43:25+00:00,95.0,0.06,0.0,0.46,0.0,0.0,2.0,4.0,0.8457046679687499,False,REGULAR,USD,Put,2027-02-19,AAPL,2026-10-06T00:29:07.449491+00:00,332.89,0.0401800012588501,0.0031766010136492747,0.2116633544603646
AAPL270219P00100000,2026-10-02 15:07:36+00:00,100.0,0.03,0.0,0.3,0.0,0.0,2.0,12.0,0.773439765625,False,REGULAR,USD,Put,2027-02-19,AAPL,2026-10-06T00:29:07.449491+00:00,332.89,0.0401800012588501,0.0031766010136492747,0.2116633544603646
AAPL270219P00105000,2026-09-29 18:48:30+00:00,105.0,0.12,0.0,0.3,0.0,0.0,1.0,10.0,0.743166630859375,False,REGULAR,USD,Put,2027-02-19,AAPL,2026-10-06T00:29:07.449491+00:00,332.89,0.0401800012588501,0.0031766010136492747,0.2116633544603646
AAPL270219P00110000,2026-10-01 14:34:46+00:00,110.0,0.03,0.0,0.43,0.0,0.0,2.0,15.0,0.745119736328125,False,REGULAR,USD,Put,2027-02-19,AAPL,2026-10-06T00:29:07.449491+00:00,332.89,0.0401800012588501,0.0031766010136492747,0.2116633544603646
AAPL270219P00115000,2026-10-02 14:32:48+00:00,115.0,0.04,0.0,0.41,0.0,0.0,2.0,41.0,0.7128934960937501,False,REGULAR,USD,Put,2027-02-19,AAPL,2026-10-06T00:29:07.449491+00:00,332.89,0.0401800012588501,0.0031766010136492747,0.2116633544603646
AAPL270219P00120000,2026-10-02 14:33:02+00:00,120.0,0.11,0.0,0.11,0.07,175.0,1.0,33.0,0.59570716796875,False,REGULAR,USD,Put,2027-02-19,AAPL,2026-10-06T00:29:07.449491+00:00,332.89,0.0401800012588501,0.0031766010136492747,0.2116633544603646
AAPL270219P00125000,2026-10-05 13:57:33+00:00,125.0,0.11,0.0,0.11,0.06,120.0,2.0,27.0,0.5722699023437501,False,REGULAR,USD,Put,2027-02-19,AAPL,2026-10-06T00:29:07.449491+00:00,332.89,0.0401800012588501,0.0031766010136492747,0.2116633544603646
AAPL270219P00130000,2026-10-02 14:34:49+00:00,130.0,0.05,0.0,0.24,0.0,0.0,4.0,26.0,0.596683720703125,False,REGULAR,USD,Put,2027-02-19,AAPL,2026-10-06T00:29:07.449491+00:00,332.89,0.0401800012588501,0.0031766010136492747,0.2116633544603646
AAPL270219P00135000,2026-10-05 13:58:54+00:00,135.0,0.11,0.0,0.11,0.06,120.0,2.0,25.0,0.5293015820312501,False,REGULAR,USD,Put,2027-02-19,AAPL,2026-10-06T00:29:07.449491+00:00,332.89,0.0401800012588501,0.0031766010136492747,0.2116633544603646
AAPL270219P00140000,2026-10-05 13:58:50+00:00,140.0,0.1,0.0,0.1,0.040000003,66.66668,2.0,202.0,0.5039112109375,False,REGULAR,USD,Put,2027-02-19,AAPL,2026-10-06T00:29:07.449491+00:00,332.89,0.0401800012588501,0.0031766010136492747,0.2116633544603646
AAPL270219P00145000,2026-10-05 13:58:35+00:00,145.0,0.06,0.0,0.15,-0.010000002,-14.285716,7.0,50.0,0.50586431640625,False,REGULAR,USD,Put,2027-02-19,AAPL,2026-10-06T00:29:07.449491+00:00,332.89,0.0401800012588501,0.0031766010136492747,0.2116633544603646
AAPL270219P00150000,2026-10-05 18:42:26+00:00,150.0,0.06,0.0,0.12,0.009999998,19.999994,6.0,33.0,0.5107470800781251,False,REGULAR,USD,Put,2027-02-19,AAPL,2026-10-06T00:29:07.449491+00:00,332.89,0.0401800012588501,0.0031766010136492747,0.2116633544603646
AAPL270219P00155000,2026-10-02 19:33:30+00:00,155.0,0.06,0.01,0.14,0.0,0.0,2.0,56.0,0.500005,False,REGULAR,USD,Put,2027-02-19,AAPL,2026-10-06T00:29:07.449491+00:00,332.89,0.0401800012588501,0.0031766010136492747,0.2116633544603646
AAPL270219P00160000,2026-10-02 19:33:30+00:00,160.0,0.11,0.01,0.15,0.0,0.0,6.0,35.0,0.48438015625,False,REGULAR,USD,Put,2027-02-19,AAPL,2026-10-06T00:29:07.449491+00:00,332.89,0.0401800012588501,0.0031766010136492747,0.2116633544603646
AAPL270219P00165000,2026-10-02 13:30:00+00:00,165.0,0.1,0.05,0.18,0.0,0.0,3.0,178.0,0.47559118164062497,False,REGULAR,USD,Put,2027-02-19,AAPL,2026-10-06T00:29:07.449491+00:00,332.89,0.0401800012588501,0.0031766010136492747,0.2116633544603646
AAPL270219P00170000,2026-10-01 15:22:24+00:00,170.0,0.16,0.1,0.2,0.0,0.0,1.0,59.0,0.46289599609375004,False,REGULAR,USD,Put,2027-02-19,AAPL,2026-10-06T00:29:07.449491+00:00,332.89,0.0401800012588501,0.0031766010136492747,0.2116633544603646
AAPL270219P00175000,2026-10-01 15:22:32+00:00,175.0,0.15,0.04,0.23,0.0,0.0,1.0,206.0,0.45264219238281256,False,REGULAR,USD,Put,2027-02-19,AAPL,2026-10-06T00:29:07.449491+00:00,332.89,0.0401800012588501,0.0031766010136492747,0.2116633544603646
AAPL270219P00180000,2026-10-05 15:34:35+00:00,180.0,0.13,0.12,0.24,-0.21000001,-61.764706,1.0,72.0,0.4370173486328125,False,REGULAR,USD,Put,2027-02-19,AAPL,2026-10-06T00:29:07.449491+00:00,332.89,0.0401800012588501,0.0031766010136492747,0.2116633544603646
AAPL270219P00185000,2026-09-21 13:57:30+00:00,185.0,0.36,0.08,0.29,0.0,0.0,1.0,117.0,0.42969320312500003,False,REGULAR,USD,Put,2027-02-19,AAPL,2026-10-06T00:29:07.449491+00:00,332.89,0.0401800012588501,0.0031766010136492747,0.2116633544603646
AAPL270219P00190000,2026-10-02 14:19:50+00:00,190.0,0.22,0.11,0.33,0.0,0.0,1.0,340.0,0.4194393994140625,False,REGULAR,USD,Put,2027-02-19,AAPL,2026-10-06T00:29:07.449491+00:00,332.89,0.0401800012588501,0.0031766010136492747,0.2116633544603646
AAPL270219P00195000,2026-10-02 14:19:00+00:00,195.0,0.26,0.2,0.38,0.0,0.0,1.0,101.0,0.4101621484375,False,REGULAR,USD,Put,2027-02-19,AAPL,2026-10-06T00:29:07.449491+00:00,332.89,0.0401800012588501,0.0031766010136492747,0.2116633544603646
AAPL270219P00200000,2026-09-28 18:24:32+00:00,200.0,0.3,0.29,0.33,0.0,0.0,2.0,562.0,0.38477177734374995,False,REGULAR,USD,Put,2027-02-19,AAPL,2026-10-06T00:29:07.449491+00:00,332.89,0.0401800012588501,0.0031766010136492747,0.2116633544603646
AAPL270219P00210000,2026-10-02 15:22:24+00:00,210.0,0.38,0.38,0.44,0.0,0.0,1.0,276.0,0.36694968994140625,False,REGULAR,USD,Put,2027-02-19,AAPL,2026-10-06T00:29:07.449491+00:00,332.89,0.0401800012588501,0.0031766010136492747,0.2116633544603646
AAPL270219P00220000,2026-10-05 19:58:35+00:00,220.0,0.57,0.54,0.6,-0.00999999,-1.7241364,2.0,595.0,0.35120277709960934,False,REGULAR,USD,Put,2027-02-19,AAPL,2026-10-06T00:29:07.449491+00:00,332.89,0.0401800012588501,0.0031766010136492747,0.2116633544603646
AAPL270219P00230000,2026-10-05 18:11:12+00:00,230.0,0.79,0.74,0.87,-0.01999998,-2.4691334,2.0,1353.0,0.3398503515625,False,REGULAR,USD,Put,2027-02-19,AAPL,2026-10-06T00:29:07.449491+00:00,332.89,0.0401800012588501,0.0031766010136492747,0.2116633544603646
AAPL270219P00240000,2026-10-05 16:44:07+00:00,240.0,1.09,1.06,1.17,-0.03999996,-3.5398197,103.0,2717.0,0.32471378417968744,False,REGULAR,USD,Put,2027-02-19,AAPL,2026-10-06T00:29:07.449491+00:00,332.89,0.0401800012588501,0.0031766010136492747,0.2116633544603646
AAPL270219P00250000,2026-10-05 19:43:41+00:00,250.0,1.55,1.52,1.64,-0.0200001,-1.2738917,24.0,2594.0,0.3129951513671875,False,REGULAR,USD,Put,2027-02-19,AAPL,2026-10-06T00:29:07.449491+00:00,332.89,0.0401800012588501,0.0031766010136492747,0.2116633544603646
AAPL270219P00260000,2026-10-05 18:34:59+00:00,260.0,2.15,2.08,2.28,-0.059999943,-2.7149296,110.0,3613.0,0.30170376037597657,False,REGULAR,USD,Put,2027-02-19,AAPL,2026-10-06T00:29:07.449491+00:00,332.89,0.0401800012588501,0.0031766010136492747,0.2116633544603646
AAPL270219P00270000,2026-10-05 18:33:22+00:00,270.0,2.95,2.91,3.2,-0.21000004,-6.6455708,7.0,13267.0,0.2923654748535155,False,REGULAR,USD,Put,2027-02-19,AAPL,2026-10-06T00:29:07.449491+00:00,332.89,0.0401800012588501,0.0031766010136492747,0.2116633544603646
AAPL270219P00280000,2026-10-05 19:58:35+00:00,280.0,4.16,4.05,4.3,-0.1800003,-4.1474724,12.0,7592.0,0.28043322113037106,False,REGULAR,USD,Put,2027-02-19,AAPL,2026-10-06T00:29:07.449491+00:00,332.89,0.0401800012588501,0.0031766010136492747,0.2116633544603646
AAPL270219P00290000,2026-10-05 18:47:47+00:00,290.0,5.55,5.5,5.8,-0.3699999,-6.249998,10.0,8812.0,0.2699352792358398,False,REGULAR,USD,Put,2027-02-19,AAPL,2026-10-06T00:29:07.449491+00:00,332.89,0.0401800012588501,0.0031766010136492747,0.2116633544603646
AAPL270219P00300000,2026-10-05 15:27:36+00:00,300.0,7.5,7.55,7.8,-0.21000004,-2.7237358,59.0,4612.0,0.26056647644042963,False,REGULAR,USD,Put,2027-02-19,AAPL,2026-10-06T00:29:07.449491+00:00,332.89,0.0401800012588501,0.0031766010136492747,0.2116633544603646
AAPL270219P00310000,2026-10-05 19:42:05+00:00,310.0,10.2,10.05,10.4,-0.19999981,-1.9230752,235.0,3387.0,0.2520826745605469,False,REGULAR,USD,Put,2027-02-19,AAPL,2026-10-06T00:29:07.449491+00:00,332.89,0.0401800012588501,0.0031766010136492747,0.2116633544603646
AAPL270219P00320000,2026-10-05 19:59:25+00:00,320.0,13.4,13.0,13.7,-0.42000008,-3.0390744,27.0,2177.0,0.24434654586791993,False,REGULAR,USD,Put,2027-02-19,AAPL,2026-10-06T00:29:07.449491+00:00,332.89,0.0401800012588501,0.0031766010136492747,0.2116633544603646
AAPL270219P00330000,2026-10-05 16:22:50+00:00,330.0,17.47,17.0,17.6,-0.0700016,-0.3990969,44.0,1950.0,0.23494722579956057,False,REGULAR,USD,Put,2027-02-19,AAPL,2026-10-06T00:29:07.449491+00:00,332.89,0.0401800012588501,0.0031766010136492747,0.2116633544603646
AAPL270219P00340000,2026-10-05 19:38:08+00:00,340.0,21.5,21.6,22.35,-0.8500004,-3.8031337,18.0,981.0,0.22620402709960938,True,REGULAR,USD,Put,2027-02-19,AAPL,2026-10-06T00:29:07.449491+00:00,332.89,0.0401800012588501,0.0031766010136492747,0.2116633544603646
AAPL270219P00350000,2026-10-05 19:48:33+00:00,350.0,27.65,27.1,28.25,-0.25,-0.89605737,15.0,445.0,0.22136703933715818,True,REGULAR,USD,Put,2027-02-19,AAPL,2026-10-06T00:29:07.449491+00:00,332.89,0.0401800012588501,0.0031766010136492747,0.2116633544603646
AAPL270219P00360000,2026-10-05 17:53:52+00:00,360.0,33.9,33.25,35.35,-2.8499985,-7.755098,1.0,164.0,0.22199264343261715,True,REGULAR,USD,Put,2027-02-19,AAPL,2026-10-06T00:29:07.449491+00:00,332.89,0.0401800012588501,0.0031766010136492747,0.2116633544603646
AAPL270219P00370000,2026-10-05 17:52:29+00:00,370.0,41.19,40.4,42.55,-4.5600014,-9.967216,8.0,172.0,0.21378349700927735,True,REGULAR,USD,Put,2027-02-19,AAPL,2026-10-06T00:29:07.449491+00:00,332.89,0.0401800012588501,0.0031766010136492747,0.2116633544603646
AAPL270219P00380000,2026-09-30 14:36:29+00:00,380.0,45.65,48.4,50.3,0.0,0.0,31.0,160.0,0.20197331237792968,True,REGULAR,USD,Put,2027-02-19,AAPL,2026-10-06T00:29:07.449491+00:00,332.89,0.0401800012588501,0.0031766010136492747,0.2116633544603646
AAPL270219P00390000,2026-09-28 19:51:46+00:00,390.0,53.14,56.65,59.4,0.0,0.0,57.0,59.0,0.20667297241210933,True,REGULAR,USD,Put,2027-02-19,AAPL,2026-10-06T00:29:07.449491+00:00,332.89,0.0401800012588501,0.0031766010136492747,0.2116633544603646
AAPL270219P00400000,2026-09-22 17:52:04+00:00,400.0,60.15,65.45,68.35,0.0,0.0,37.0,46.0,0.19800606689453126,True,REGULAR,USD,Put,2027-02-19,AAPL,2026-10-06T00:29:07.449491+00:00,332.89,0.0401800012588501,0.0031766010136492747,0.2116633544603646
AAPL270219P00410000,2026-07-24 16:35:46+00:00,410.0,78.32,97.65,101.55,0.0,0.0,,0.0,0.5807079283142089,True,REGULAR,USD,Put,2027-02-19,AAPL,2026-10-06T00:29:07.449491+00:00,332.89,0.0401800012588501,0.0031766010136492747,0.2116633544603646
AAPL270319C00005000,2026-06-08 18:34:55+00:00,5.0,299.0,320.75,324.4,0.0,0.0,2.0,2.0,1.0000000000000003e-05,True,REGULAR,USD,Call,2027-03-19,AAPL,2026-10-06T00:29:07.449491+00:00,332.89,0.0401800012588501,0.0031766010136492747,0.2116633544603646
AAPL270319C00030000,2026-03-20 14:08:17+00:00,30.0,218.22,238.0,243.0,0.0,0.0,1.0,0.0,1.0000000000000003e-05,True,REGULAR,USD,Call,2027-03-19,AAPL,2026-10-06T00:29:07.449491+00:00,332.89,0.0401800012588501,0.0031766010136492747,0.2116633544603646
AAPL270319C00045000,2026-08-25 19:26:10+00:00,45.0,264.84,286.95,290.4,0.0,0.0,1.0,1.0,1.4453152734375,True,REGULAR,USD,Call,2027-03-19,AAPL,2026-10-06T00:29:07.449491+00:00,332.89,0.0401800012588501,0.0031766010136492747,0.2116633544603646
AAPL270319C00050000,2026-08-17 14:31:49+00:00,50.0,255.7,0.0,0.0,0.0,0.0,2.0,0.0,1.0000000000000003e-05,True,REGULAR,USD,Call,2027-03-19,AAPL,2026-10-06T00:29:07.449491+00:00,332.89,0.0401800012588501,0.0031766010136492747,0.2116633544603646
AAPL270319C00060000,2026-06-15 18:48:45+00:00,60.0,237.58,266.95,270.7,0.0,0.0,1.0,2.0,1.0000000000000003e-05,True,REGULAR,USD,Call,2027-03-19,AAPL,2026-10-06T00:29:07.449491+00:00,332.89,0.0401800012588501,0.0031766010136492747,0.2116633544603646
AAPL270319C00070000,2026-06-04 18:34:12+00:00,70.0,243.4,0.0,0.0,0.0,0.0,2.0,0.0,1.0000000000000003e-05,True,REGULAR,USD,Call,2027-03-19,AAPL,2026-10-06T00:29:07.449491+00:00,332.89,0.0401800012588501,0.0031766010136492747,0.2116633544603646
AAPL270319C00080000,2026-09-02 19:42:22+00:00,80.0,245.48,252.7,256.15,0.0,0.0,1.0,4.0,1.1513714306640623,True,REGULAR,USD,Call,2027-03-19,AAPL,2026-10-06T00:29:07.449491+00:00,332.89,0.0401800012588501,0.0031766010136492747,0.2116633544603646
AAPL270319C00085000,2026-08-19 15:54:33+00:00,85.0,233.32,245.3,248.55,0.0,0.0,30.0,0.0,0.9621585815429687,True,REGULAR,USD,Call,2027-03-19,AAPL,2026-10-06T00:29:07.449491+00:00,332.89,0.0401800012588501,0.0031766010136492747,0.2116633544603646
AAPL270319C00090000,2026-09-11 17:24:30+00:00,90.0,246.05,242.9,246.35,0.0,0.0,1.0,7.0,1.0835006762695314,True,REGULAR,USD,Call,2027-03-19,AAPL,2026-10-06T00:29:07.449491+00:00,332.89,0.0401800012588501,0.0031766010136492747,0.2116633544603646
AAPL270319C00095000,2026-06-25 14:39:13+00:00,95.0,187.37,216.2,219.65,0.0,0.0,,1.0,1.0000000000000003e-05,True,REGULAR,USD,Call,2027-03-19,AAPL,2026-10-06T00:29:07.449491+00:00,332.89,0.0401800012588501,0.0031766010136492747,0.2116633544603646
AAPL270319C00100000,2026-08-31 19:59:16+00:00,100.0,219.21,233.1,236.55,0.0,0.0,5.0,13.0,1.0212451281738284,True,REGULAR,USD,Call,2027-03-19,AAPL,2026-10-06T00:29:07.449491+00:00,332.89,0.0401800012588501,0.0031766010136492747,0.2116633544603646
AAPL270319C00105000,2026-08-18 14:36:10+00:00,105.0,208.4,0.0,0.0,0.0,0.0,4.0,0.0,1.0000000000000003e-05,True,REGULAR,USD,Call,2027-03-19,AAPL,2026-10-06T00:29:07.449491+00:00,332.89,0.0401800012588501,0.0031766010136492747,0.2116633544603646
AAPL270319C00110000,2026-07-13 19:54:58+00:00,110.0,209.87,201.65,205.05,0.0,0.0,1.0,2.0,1.0000000000000003e-05,True,REGULAR,USD,Call,2027-03-19,AAPL,2026-10-06T00:29:07.449491+00:00,332.89,0.0401800012588501,0.0031766010136492747,0.2116633544603646
AAPL270319C00115000,2026-09-09 17:04:25+00:00,115.0,201.29,218.45,221.9,0.0,0.0,1.0,2.0,0.9401861450195312,True,REGULAR,USD,Call,2027-03-19,AAPL,2026-10-06T00:29:07.449491+00:00,332.89,0.0401800012588501,0.0031766010136492747,0.2116633544603646
AAPL270319C00120000,2026-08-21 16:30:11+00:00,120.0,194.16,0.0,0.0,0.0,0.0,1.0,0.0,1.0000000000000003e-05,True,REGULAR,USD,Call,2027-03-19,AAPL,2026-10-06T00:29:07.449491+00:00,332.89,0.0401800012588501,0.0031766010136492747,0.2116633544603646
AAPL270319C00125000,2026-08-28 15:50:27+00:00,125.0,200.1,208.65,211.9,0.0,0.0,1.0,44.0,0.8800060827636718,True,REGULAR,USD,Call,2027-03-19,AAPL,2026-10-06T00:29:07.449491+00:00,332.89,0.0401800012588501,0.0031766010136492747,0.2116633544603646
AAPL270319C00130000,2026-09-30 15:15:19+00:00,130.0,210.78,203.75,207.0,0.0,0.0,1.0,28.0,0.8552260571289063,True,REGULAR,USD,Call,2027-03-19,AAPL,2026-10-06T00:29:07.449491+00:00,332.89,0.0401800012588501,0.0031766010136492747,0.2116633544603646
AAPL270319C00135000,2026-10-01 17:05:50+00:00,135.0,195.8,198.85,202.1,0.0,0.0,33.0,87.0,0.831056376953125,True,REGULAR,USD,Call,2027-03-19,AAPL,2026-10-06T00:29:07.449491+00:00,332.89,0.0401800012588501,0.0031766010136492747,0.2116633544603646
AAPL270319C00140000,2026-10-01 17:13:33+00:00,140.0,189.45,194.0,197.25,0.0,0.0,150.0,240.0,0.8106708386230468,True,REGULAR,USD,Call,2027-03-19,AAPL,2026-10-06T00:29:07.449491+00:00,332.89,0.0401800012588501,0.0031766010136492747,0.2116633544603646
AAPL270319C00145000,2026-10-01 16:22:13+00:00,145.0,186.36,189.1,192.35,0.0,0.0,15.0,69.0,0.7874777111816407,True,REGULAR,USD,Call,2027-03-19,AAPL,2026-10-06T00:29:07.449491+00:00,332.89,0.0401800012588501,0.0031766010136492747,0.2116633544603646
AAPL270319C00150000,2026-10-01 16:40:15+00:00,150.0,182.65,184.2,187.4,0.0,0.0,19.0,81.0,0.7634301000976562,True,REGULAR,USD,Call,2027-03-19,AAPL,2026-10-06T00:29:07.449491+00:00,332.89,0.0401800012588501,0.0031766010136492747,0.2116633544603646
AAPL270319C00155000,2026-08-06 15:22:02+00:00,155.0,159.69,0.0,0.0,0.0,0.0,123.0,0.0,1.0000000000000003e-05,True,REGULAR,USD,Call,2027-03-19,AAPL,2026-10-06T00:29:07.449491+00:00,332.89,0.0401800012588501,0.0031766010136492747,0.2116633544603646
AAPL270319C00160000,2026-09-29 16:07:18+00:00,160.0,174.17,174.45,177.7,0.0,0.0,1.0,258.0,0.7236355761718749,True,REGULAR,USD,Call,2027-03-19,AAPL,2026-10-06T00:29:07.449491+00:00,332.89,0.0401800012588501,0.0031766010136492747,0.2116633544603646
AAPL270319C00165000,2026-09-03 19:29:37+00:00,165.0,166.32,169.6,172.2,0.0,0.0,5.0,551.0,0.6883576086425782,True,REGULAR,USD,Call,2027-03-19,AAPL,2026-10-06T00:29:07.449491+00:00,332.89,0.0401800012588501,0.0031766010136492747,0.2116633544603646
AAPL270319C00170000,2026-08-19 14:00:09+00:00,170.0,150.41,0.0,0.0,0.0,0.0,13.0,0.0,1.0000000000000003e-05,True,REGULAR,USD,Call,2027-03-19,AAPL,2026-10-06T00:29:07.449491+00:00,332.89,0.0401800012588501,0.0031766010136492747,0.2116633544603646
AAPL270319C00175000,2026-09-17 14:46:45+00:00,175.0,161.37,159.85,163.1,0.0,0.0,1.0,123.0,0.665286550292969,True,REGULAR,USD,Call,2027-03-19,AAPL,2026-10-06T00:29:07.449491+00:00,332.89,0.0401800012588501,0.0031766010136492747,0.2116633544603646
AAPL270319C00180000,2026-09-30 13:38:43+00:00,180.0,156.35,155.0,158.25,0.0,0.0,12.0,270.0,0.6469761865234375,True,REGULAR,USD,Call,2027-03-19,AAPL,2026-10-06T00:29:07.449491+00:00,332.89,0.0401800012588501,0.0031766010136492747,0.2116633544603646
AAPL270319C00185000,2026-08-07 19:46:46+00:00,185.0,131.8,0.0,0.0,0.0,0.0,5.0,0.0,1.0000000000000003e-05,True,REGULAR,USD,Call,2027-03-19,AAPL,2026-10-06T00:29:07.449491+00:00,332.89,0.0401800012588501,0.0031766010136492747,0.2116633544603646
AAPL270319C00190000,2026-09-24 19:14:31+00:00,190.0,151.84,145.3,148.55,0.0,0.0,2.0,31.0,0.6109658044433595,True,REGULAR,USD,Call,2027-03-19,AAPL,2026-10-06T00:29:07.449491+00:00,332.89,0.0401800012588501,0.0031766010136492747,0.2116633544603646
AAPL270319C00195000,2026-09-28 19:15:54+00:00,195.0,148.04,140.45,143.7,0.0,0.0,12.0,328.0,0.5931437170410157,True,REGULAR,USD,Call,2027-03-19,AAPL,2026-10-06T00:29:07.449491+00:00,332.89,0.0401800012588501,0.0031766010136492747,0.2116633544603646
AAPL270319C00200000,2026-09-21 14:15:27+00:00,200.0,141.7,135.65,138.9,0.0,0.0,1.0,107.0,0.577152666015625,True,REGULAR,USD,Call,2027-03-19,AAPL,2026-10-06T00:29:07.449491+00:00,332.89,0.0401800012588501,0.0031766010136492747,0.2116633544603646
AAPL270319C00210000,2026-10-02 14:39:55+00:00,210.0,128.7,126.0,128.85,0.0,0.0,2.0,164.0,0.5371750384521485,True,REGULAR,USD,Call,2027-03-19,AAPL,2026-10-06T00:29:07.449491+00:00,332.89,0.0401800012588501,0.0031766010136492747,0.2116633544603646
AAPL270319C00220000,2026-10-02 18:33:56+00:00,220.0,117.65,116.45,119.7,0.0,0.0,6.0,116.0,0.5130053582763672,True,REGULAR,USD,Call,2027-03-19,AAPL,2026-10-06T00:29:07.449491+00:00,332.89,0.0401800012588501,0.0031766010136492747,0.2116633544603646
AAPL270319C00230000,2026-10-05 14:54:19+00:00,230.0,109.67,106.95,110.2,1.7200012,1.5933315,10.0,425.0,0.5237474383544922,True,REGULAR,USD,Call,2027-03-19,AAPL,2026-10-06T00:29:07.449491+00:00,332.89,0.0401800012588501,0.0031766010136492747,0.2116633544603646
AAPL270319C00240000,2026-10-05 16:44:32+00:00,240.0,100.74,97.75,100.25,6.0899963,6.4342275,1.0,474.0,0.4802298071289062,True,REGULAR,USD,Call,2027-03-19,AAPL,2026-10-06T00:29:07.449491+00:00,332.89,0.0401800012588501,0.0031766010136492747,0.2116633544603646
AAPL270319C00250000,2026-10-05 17:59:55+00:00,250.0,89.76,89.05,91.05,-0.83999634,-0.9271483,2.0,1214.0,0.45334408966064454,True,REGULAR,USD,Call,2027-03-19,AAPL,2026-10-06T00:29:07.449491+00:00,332.89,0.0401800012588501,0.0031766010136492747,0.2116633544603646
AAPL270319C00260000,2026-10-05 13:30:01+00:00,260.0,81.2,80.05,82.0,-0.51000214,-0.62416124,1.0,2067.0,0.4278926840209961,True,REGULAR,USD,Call,2027-03-19,AAPL,2026-10-06T00:29:07.449491+00:00,332.89,0.0401800012588501,0.0031766010136492747,0.2116633544603646
AAPL270319C00270000,2026-10-05 19:48:01+00:00,270.0,72.05,71.65,73.15,-0.37999725,-0.5246407,96.0,1823.0,0.40405869384765625,True,REGULAR,USD,Call,2027-03-19,AAPL,2026-10-06T00:29:07.449491+00:00,332.89,0.0401800012588501,0.0031766010136492747,0.2116633544603646
AAPL270319C00280000,2026-10-05 19:36:29+00:00,280.0,64.35,63.05,64.7,3.5,5.751849,72.0,2261.0,0.3841919491577148,True,REGULAR,USD,Call,2027-03-19,AAPL,2026-10-06T00:29:07.449491+00:00,332.89,0.0401800012588501,0.0031766010136492747,0.2116633544603646
AAPL270319C00290000,2026-10-05 16:23:59+00:00,290.0,56.38,54.5,56.6,0.38000107,0.6785733,15.0,2186.0,0.36615624084472653,True,REGULAR,USD,Call,2027-03-19,AAPL,2026-10-06T00:29:07.449491+00:00,332.89,0.0401800012588501,0.0031766010136492747,0.2116633544603646
AAPL270319C00300000,2026-10-05 19:54:30+00:00,300.0,48.02,47.2,48.9,-0.5299988,-1.0916556,36.0,4037.0,0.3496463961791991,True,REGULAR,USD,Call,2027-03-19,AAPL,2026-10-06T00:29:07.449491+00:00,332.89,0.0401800012588501,0.0031766010136492747,0.2116633544603646
AAPL270319C00310000,2026-10-05 13:34:43+00:00,310.0,42.64,39.6,41.45,1.4099998,3.4198396,5.0,5104.0,0.33194637786865233,True,REGULAR,USD,Call,2027-03-19,AAPL,2026-10-06T00:29:07.449491+00:00,332.89,0.0401800012588501,0.0031766010136492747,0.2116633544603646
AAPL270319C00320000,2026-10-05 19:59:40+00:00,320.0,34.0,33.2,34.75,-0.6500015,-1.8759062,41.0,6139.0,0.3183967086791991,True,REGULAR,USD,Call,2027-03-19,AAPL,2026-10-06T00:29:07.449491+00:00,332.89,0.0401800012588501,0.0031766010136492747,0.2116633544603646
AAPL270319C00330000,2026-10-05 19:44:28+00:00,330.0,28.15,27.45,28.7,-0.5,-1.7452008,169.0,9803.0,0.30676962768554683,True,REGULAR,USD,Call,2027-03-19,AAPL,2026-10-06T00:29:07.449491+00:00,332.89,0.0401800012588501,0.0031766010136492747,0.2116633544603646
AAPL270319C00340000,2026-10-05 19:46:41+00:00,340.0,23.05,22.65,23.4,-0.6000004,-2.5369995,197.0,5916.0,0.2974618594360351,False,REGULAR,USD,Call,2027-03-19,AAPL,2026-10-06T00:29:07.449491+00:00,332.89,0.0401800012588501,0.0031766010136492747,0.2116633544603646
AAPL270319C00350000,2026-10-05 19:07:10+00:00,350.0,18.13,18.15,18.75,-1.1200008,-5.8181863,151.0,7592.0,0.28900857482910147,False,REGULAR,USD,Call,2027-03-19,AAPL,2026-10-06T00:29:07.449491+00:00,332.89,0.0401800012588501,0.0031766010136492747,0.2116633544603646
AAPL270319C00360000,2026-10-05 19:54:40+00:00,360.0,14.43,14.2,14.65,-0.3699999,-2.4999993,115.0,7507.0,0.2801433070373534,False,REGULAR,USD,Call,2027-03-19,AAPL,2026-10-06T00:29:07.449491+00:00,332.89,0.0401800012588501,0.0031766010136492747,0.2116633544603646
AAPL270319C00370000,2026-10-05 19:56:27+00:00,370.0,11.04,11.0,11.4,-0.65999985,-5.6410246,46.0,6831.0,0.2745433874511719,False,REGULAR,USD,Call,2027-03-19,AAPL,2026-10-06T00:29:07.449491+00:00,332.89,0.0401800012588501,0.0031766010136492747,0.2116633544603646
AAPL270319C00380000,2026-10-05 19:56:27+00:00,380.0,8.47,8.35,8.75,-0.52999973,-5.888886,71.0,9284.0,0.26984372741699214,False,REGULAR,USD,Call,2027-03-19,AAPL,2026-10-06T00:29:07.449491+00:00,332.89,0.0401800012588501,0.0031766010136492747,0.2116633544603646
AAPL270319C00390000,2026-10-05 19:20:18+00:00,390.0,6.65,6.3,6.65,-0.099999905,-1.4814801,126.0,3204.0,0.2662426892089844,False,REGULAR,USD,Call,2027-03-19,AAPL,2026-10-06T00:29:07.449491+00:00,332.89,0.0401800012588501,0.0031766010136492747,0.2116633544603646
AAPL270319C00400000,2026-10-05 19:58:22+00:00,400.0,4.86,4.75,5.0,-0.19000006,-3.7623773,220.0,5778.0,0.2633130310058594,False,REGULAR,USD,Call,2027-03-19,AAPL,2026-10-06T00:29:07.449491+00:00,332.89,0.0401800012588501,0.0031766010136492747,0.2116633544603646
AAPL270319C00410000,2026-10-05 19:56:20+00:00,410.0,3.65,3.5,3.7,-0.25,-6.4102564,28.0,2995.0,0.26047492462158206,False,REGULAR,USD,Call,2027-03-19,AAPL,2026-10-06T00:29:07.449491+00:00,332.89,0.0401800012588501,0.0031766010136492747,0.2116633544603646
AAPL270319C00420000,2026-10-05 19:02:17+00:00,420.0,2.65,2.56,2.82,-0.21999979,-7.6654983,44.0,4365.0,0.26081061462402344,False,REGULAR,USD,Call,2027-03-19,AAPL,2026-10-06T00:29:07.449491+00:00,332.89,0.0401800012588501,0.0031766010136492747,0.2116633544603646
AAPL270319C00430000,2026-10-05 18:00:20+00:00,430.0,1.9,1.87,2.05,-0.100000024,-5.000001,89.0,1115.0,0.2586133709716797,False,REGULAR,USD,Call,2027-03-19,AAPL,2026-10-06T00:29:07.449491+00:00,332.89,0.0401800012588501,0.0031766010136492747,0.2116633544603646
AAPL270319C00440000,2026-10-05 18:26:59+00:00,440.0,1.45,1.36,1.51,-0.14999998,-9.374999,98.0,1985.0,0.2580030255126954,False,REGULAR,USD,Call,2027-03-19,AAPL,2026-10-06T00:29:07.449491+00:00,332.89,0.0401800012588501,0.0031766010136492747,0.2116633544603646
AAPL270319C00450000,2026-10-05 19:58:32+00:00,450.0,1.09,0.98,1.09,0.0,0.0,102.0,1050.0,0.256843369140625,False,REGULAR,USD,Call,2027-03-19,AAPL,2026-10-06T00:29:07.449491+00:00,332.89,0.0401800012588501,0.0031766010136492747,0.2116633544603646
AAPL270319C00460000,2026-10-01 19:44:32+00:00,460.0,0.72,0.7,0.81,0.0,0.0,24.0,317.0,0.2574537145996094,False,REGULAR,USD,Call,2027-03-19,AAPL,2026-10-06T00:29:07.449491+00:00,332.89,0.0401800012588501,0.0031766010136492747,0.2116633544603646
AAPL270319C00470000,2026-10-05 19:36:35+00:00,470.0,0.55,0.48,0.6,0.00999999,1.85185,43.0,724.0,0.2580640600585938,False,REGULAR,USD,Call,2027-03-19,AAPL,2026-10-06T00:29:07.449491+00:00,332.89,0.0401800012588501,0.0031766010136492747,0.2116633544603646
AAPL270319C00480000,2026-10-05 16:45:45+00:00,480.0,0.42,0.34,0.44,0.0,0.0,1.0,346.0,0.25830819824218754,False,REGULAR,USD,Call,2027-03-19,AAPL,2026-10-06T00:29:07.449491+00:00,332.89,0.0401800012588501,0.0031766010136492747,0.2116633544603646
AAPL270319C00490000,2026-10-02 13:53:27+00:00,490.0,0.38,0.16,0.41,0.0,0.0,2.0,506.0,0.26758544921875,False,REGULAR,USD,Call,2027-03-19,AAPL,2026-10-06T00:29:07.449491+00:00,332.89,0.0401800012588501,0.0031766010136492747,0.2116633544603646
AAPL270319C00500000,2026-10-01 18:35:47+00:00,500.0,0.24,0.2,0.32,0.0,0.0,28.0,477.0,0.26978269287109374,False,REGULAR,USD,Call,2027-03-19,AAPL,2026-10-06T00:29:07.449491+00:00,332.89,0.0401800012588501,0.0031766010136492747,0.2116633544603646
AAPL270319C00510000,2026-10-01 16:53:45+00:00,510.0,0.13,0.04,0.28,0.0,0.0,2.0,67.0,0.2758861474609374,False,REGULAR,USD,Call,2027-03-19,AAPL,2026-10-06T00:29:07.449491+00:00,332.89,0.0401800012588501,0.0031766010136492747,0.2116633544603646
AAPL270319C00520000,2026-10-01 16:54:23+00:00,520.0,0.16,0.01,0.22,0.0,0.0,2.0,143.0,0.27808339111328123,False,REGULAR,USD,Call,2027-03-19,AAPL,2026-10-06T00:29:07.449491+00:00,332.89,0.0401800012588501,0.0031766010136492747,0.2116633544603646
AAPL270319C00530000,2026-09-30 14:44:35+00:00,530.0,0.13,0.1,0.18,0.0,0.0,1.0,33.0,0.28125718749999995,False,REGULAR,USD,Call,2027-03-19,AAPL,2026-10-06T00:29:07.449491+00:00,332.89,0.0401800012588501,0.0031766010136492747,0.2116633544603646
AAPL270319C00540000,2026-10-05 18:43:28+00:00,540.0,0.1,0.01,0.17,0.0,0.0,3.0,262.0,0.2890696093749999,False,REGULAR,USD,Call,2027-03-19,AAPL,2026-10-06T00:29:07.449491+00:00,332.89,0.0401800012588501,0.0031766010136492747,0.2116633544603646
AAPL270319C00550000,2026-10-01 13:30:01+00:00,550.0,0.11,0.01,0.14,0.0,0.0,1.0,58.0,0.2919992675781249,False,REGULAR,USD,Call,2027-03-19,AAPL,2026-10-06T00:29:07.449491+00:00,332.89,0.0401800012588501,0.0031766010136492747,0.2116633544603646
AAPL270319C00560000,2026-09-16 19:37:45+00:00,560.0,0.1,0.0,0.14,0.0,0.0,1.0,83.0,0.3007882421875,False,REGULAR,USD,Call,2027-03-19,AAPL,2026-10-06T00:29:07.449491+00:00,332.89,0.0401800012588501,0.0031766010136492747,0.2116633544603646
AAPL270319C00570000,2026-10-05 19:37:20+00:00,570.0,0.07,0.04,0.13,-0.009999998,-12.499997,2.0,1406.0,0.30713583496093744,False,REGULAR,USD,Call,2027-03-19,AAPL,2026-10-06T00:29:07.449491+00:00,332.89,0.0401800012588501,0.0031766010136492747,0.2116633544603646
AAPL270319C00580000,2026-10-02 14:34:08+00:00,580.0,0.1,0.01,0.11,0.0,0.0,1.0,128.0,0.31055376953124997,False,REGULAR,USD,Call,2027-03-19,AAPL,2026-10-06T00:29:07.449491+00:00,332.89,0.0401800012588501,0.0031766010136492747,0.2116633544603646
AAPL270319C00590000,2026-10-05 18:36:40+00:00,590.0,0.03,0.03,0.21,-0.04,-57.142857,3.0,8.0,0.34180345703125,False,REGULAR,USD,Call,2027-03-19,AAPL,2026-10-06T00:29:07.449491+00:00,332.89,0.0401800012588501,0.0031766010136492747,0.2116633544603646
AAPL270319C00600000,2026-10-05 13:30:01+00:00,600.0,0.04,0.01,0.08,0.01,33.333336,11.0,5953.0,0.31641308593749995,False,REGULAR,USD,Call,2027-03-19,AAPL,2026-10-06T00:29:07.449491+00:00,332.89,0.0401800012588501,0.0031766010136492747,0.2116633544603646
AAPL270319P00005000,2026-06-16 17:07:30+00:00,5.0,0.01,0.0,0.21,0.0,0.0,2.0,3.0,2.50781623046875,False,REGULAR,USD,Put,2027-03-19,AAPL,2026-10-06T00:29:07.449491+00:00,332.89,0.0401800012588501,0.0031766010136492747,0.2116633544603646
AAPL270319P00010000,2026-06-12 17:26:43+00:00,10.0,0.01,0.0,0.52,0.0,0.0,,1.0,2.2734418164062498,False,REGULAR,USD,Put,2027-03-19,AAPL,2026-10-06T00:29:07.449491+00:00,332.89,0.0401800012588501,0.0031766010136492747,0.2116633544603646
AAPL270319P00015000,2026-05-28 17:44:15+00:00,15.0,0.11,0.0,0.0,0.0,0.0,,0.0,0.500005,False,REGULAR,USD,Put,2027-03-19,AAPL,2026-10-06T00:29:07.449491+00:00,332.89,0.0401800012588501,0.0031766010136492747,0.2116633544603646
AAPL270319P00020000,2026-09-25 15:42:13+00:00,20.0,0.11,0.0,0.4,0.0,0.0,2.0,0.0,1.716798291015625,False,REGULAR,USD,Put,2027-03-19,AAPL,2026-10-06T00:29:07.449491+00:00,332.89,0.0401800012588501,0.0031766010136492747,0.2116633544603646
AAPL270319P00025000,2026-09-25 15:43:00+00:00,25.0,0.11,0.0,0.4,0.0,0.0,2.0,1.0,1.5703146484375,False,REGULAR,USD,Put,2027-03-19,AAPL,2026-10-06T00:29:07.449491+00:00,332.89,0.0401800012588501,0.0031766010136492747,0.2116633544603646
AAPL270319P00030000,2026-09-25 15:43:53+00:00,30.0,0.11,0.0,0.4,0.0,0.0,2.0,1.0,1.455080849609375,False,REGULAR,USD,Put,2027-03-19,AAPL,2026-10-06T00:29:07.449491+00:00,332.89,0.0401800012588501,0.0031766010136492747,0.2116633544603646
AAPL270319P00035000,2026-09-25 15:45:58+00:00,35.0,0.11,0.0,0.4,0.0,0.0,4.0,2.0,1.3574250878906249,False,REGULAR,USD,Put,2027-03-19,AAPL,2026-10-06T00:29:07.449491+00:00,332.89,0.0401800012588501,0.0031766010136492747,0.2116633544603646
AAPL270319P00040000,2026-09-28 17:27:13+00:00,40.0,0.09,0.0,0.48,0.0,0.0,6.0,1.0,1.3027378613281246,False,REGULAR,USD,Put,2027-03-19,AAPL,2026-10-06T00:29:07.449491+00:00,332.89,0.0401800012588501,0.0031766010136492747,0.2116633544603646
AAPL270319P00045000,2026-09-30 16:24:56+00:00,45.0,0.01,0.0,0.48,0.0,0.0,2.0,2.0,1.228519482421875,False,REGULAR,USD,Put,2027-03-19,AAPL,2026-10-06T00:29:07.449491+00:00,332.89,0.0401800012588501,0.0031766010136492747,0.2116633544603646
AAPL270319P00050000,2026-10-05 13:59:34+00:00,50.0,0.09,0.01,0.09,0.07000001,350.00012,1.0,661.0,0.98437515625,False,REGULAR,USD,Put,2027-03-19,AAPL,2026-10-06T00:29:07.449491+00:00,332.89,0.0401800012588501,0.0031766010136492747,0.2116633544603646
AAPL270319P00060000,2026-09-30 16:42:12+00:00,60.0,0.02,0.0,0.4,-0.030000001,-60.0,1.0,13.0,1.0293017285156252,False,REGULAR,USD,Put,2027-03-19,AAPL,2026-10-06T00:29:07.449491+00:00,332.89,0.0401800012588501,0.0031766010136492747,0.2116633544603646
AAPL270319P00070000,2026-09-30 16:54:42+00:00,70.0,0.08,0.0,0.49,0.0,0.0,4.0,44.0,0.9599613378906249,False,REGULAR,USD,Put,2027-03-19,AAPL,2026-10-06T00:29:07.449491+00:00,332.89,0.0401800012588501,0.0031766010136492747,0.2116633544603646
AAPL270319P00080000,2026-09-30 17:08:22+00:00,80.0,0.1,0.0,0.29,0.0,0.0,4.0,127.0,0.8281267187499999,False,REGULAR,USD,Put,2027-03-19,AAPL,2026-10-06T00:29:07.449491+00:00,332.89,0.0401800012588501,0.0031766010136492747,0.2116633544603646
AAPL270319P00085000,2026-09-30 17:39:22+00:00,85.0,0.08,0.0,0.45,0.0,0.0,4.0,64.0,0.8349625878906248,False,REGULAR,USD,Put,2027-03-19,AAPL,2026-10-06T00:29:07.449491+00:00,332.89,0.0401800012588501,0.0031766010136492747,0.2116633544603646
AAPL270319P00090000,2026-09-30 18:06:18+00:00,90.0,0.08,0.0,0.3,0.0,0.0,4.0,10.0,0.76367423828125,False,REGULAR,USD,Put,2027-03-19,AAPL,2026-10-06T00:29:07.449491+00:00,332.89,0.0401800012588501,0.0031766010136492747,0.2116633544603646
AAPL270319P00095000,2026-09-30 18:43:46+00:00,95.0,0.05,0.0,0.31,0.0,0.0,4.0,48.0,0.73633076171875,False,REGULAR,USD,Put,2027-03-19,AAPL,2026-10-06T00:29:07.449491+00:00,332.89,0.0401800012588501,0.0031766010136492747,0.2116633544603646
AAPL270319P00100000,2026-10-02 16:54:46+00:00,100.0,0.04,0.0,0.31,0.0,0.0,3.0,94.0,0.7070341796875,False,REGULAR,USD,Put,2027-03-19,AAPL,2026-10-06T00:29:07.449491+00:00,332.89,0.0401800012588501,0.0031766010136492747,0.2116633544603646
AAPL270319P00105000,2026-10-02 14:37:09+00:00,105.0,0.05,0.0,0.19,0.0,0.0,2.0,34.0,0.6445348046875,False,REGULAR,USD,Put,2027-03-19,AAPL,2026-10-06T00:29:07.449491+00:00,332.89,0.0401800012588501,0.0031766010136492747,0.2116633544603646
AAPL270319P00110000,2026-10-05 14:29:01+00:00,110.0,0.03,0.0,0.15,-0.03,-50.0,4.0,73.0,0.6054726953125001,False,REGULAR,USD,Put,2027-03-19,AAPL,2026-10-06T00:29:07.449491+00:00,332.89,0.0401800012588501,0.0031766010136492747,0.2116633544603646
AAPL270319P00115000,2026-10-05 14:29:09+00:00,115.0,0.04,0.0,0.27,0.0,0.0,2.0,65.0,0.6191444335937502,False,REGULAR,USD,Put,2027-03-19,AAPL,2026-10-06T00:29:07.449491+00:00,332.89,0.0401800012588501,0.0031766010136492747,0.2116633544603646
AAPL270319P00120000,2026-10-01 13:46:58+00:00,120.0,0.05,0.0,0.11,-0.009999998,-16.666662,2.0,130.0,0.5429733203125001,False,REGULAR,USD,Put,2027-03-19,AAPL,2026-10-06T00:29:07.449491+00:00,332.89,0.0401800012588501,0.0031766010136492747,0.2116633544603646
AAPL270319P00125000,2026-10-05 14:29:33+00:00,125.0,0.05,0.0,0.09,-0.02,-28.571428,5.0,33.0,0.5117236328125,False,REGULAR,USD,Put,2027-03-19,AAPL,2026-10-06T00:29:07.449491+00:00,332.89,0.0401800012588501,0.0031766010136492747,0.2116633544603646
AAPL270319P00130000,2026-10-01 13:46:21+00:00,130.0,0.07,0.0,0.15,0.0,0.0,1.0,69.0,0.51758294921875,False,REGULAR,USD,Put,2027-03-19,AAPL,2026-10-06T00:29:07.449491+00:00,332.89,0.0401800012588501,0.0031766010136492747,0.2116633544603646
AAPL270319P00135000,2026-10-05 14:00:17+00:00,135.0,0.14,0.05,0.12,0.07,100.0,1.0,116.0,0.5039112109375,False,REGULAR,USD,Put,2027-03-19,AAPL,2026-10-06T00:29:07.449491+00:00,332.89,0.0401800012588501,0.0031766010136492747,0.2116633544603646
AAPL270319P00140000,2026-10-05 18:42:26+00:00,140.0,0.09,0.0,0.14,0.030000005,50.000008,13.0,85.0,0.5117236328125,False,REGULAR,USD,Put,2027-03-19,AAPL,2026-10-06T00:29:07.449491+00:00,332.89,0.0401800012588501,0.0031766010136492747,0.2116633544603646
AAPL270319P00145000,2026-09-28 13:30:02+00:00,145.0,0.1,0.0,0.16,0.0,0.0,1.0,74.0,0.500005,False,REGULAR,USD,Put,2027-03-19,AAPL,2026-10-06T00:29:07.449491+00:00,332.89,0.0401800012588501,0.0031766010136492747,0.2116633544603646
AAPL270319P00150000,2026-10-02 13:30:02+00:00,150.0,0.1,0.02,0.16,0.0,0.0,1.0,196.0,0.481450498046875,False,REGULAR,USD,Put,2027-03-19,AAPL,2026-10-06T00:29:07.449491+00:00,332.89,0.0401800012588501,0.0031766010136492747,0.2116633544603646
AAPL270319P00155000,2026-09-08 13:36:22+00:00,155.0,0.25,0.1,0.2,0.0,0.0,2.0,63.0,0.47510290527343746,False,REGULAR,USD,Put,2027-03-19,AAPL,2026-10-06T00:29:07.449491+00:00,332.89,0.0401800012588501,0.0031766010136492747,0.2116633544603646
AAPL270319P00160000,2026-10-02 16:55:53+00:00,160.0,0.15,0.1,0.18,0.0,0.0,3.0,97.0,0.45117736328125,False,REGULAR,USD,Put,2027-03-19,AAPL,2026-10-06T00:29:07.449491+00:00,332.89,0.0401800012588501,0.0031766010136492747,0.2116633544603646
AAPL270319P00165000,2026-10-02 16:29:14+00:00,165.0,0.16,0.05,0.26,0.0,0.0,10.0,1879.0,0.454107021484375,False,REGULAR,USD,Put,2027-03-19,AAPL,2026-10-06T00:29:07.449491+00:00,332.89,0.0401800012588501,0.0031766010136492747,0.2116633544603646
AAPL270319P00170000,2026-10-02 16:29:14+00:00,170.0,0.22,0.07,0.29,0.0,0.0,30.0,517.0,0.4426325268554688,False,REGULAR,USD,Put,2027-03-19,AAPL,2026-10-06T00:29:07.449491+00:00,332.89,0.0401800012588501,0.0031766010136492747,0.2116633544603646
AAPL270319P00175000,2026-10-05 15:39:58+00:00,175.0,0.21,0.15,0.27,-0.030000001,-12.5,18.0,1580.0,0.4211483666992188,False,REGULAR,USD,Put,2027-03-19,AAPL,2026-10-06T00:29:07.449491+00:00,332.89,0.0401800012588501,0.0031766010136492747,0.2116633544603646
AAPL270319P00180000,2026-10-05 18:53:46+00:00,180.0,0.23,0.18,0.28,-0.019999996,-7.999998,49.0,768.0,0.4062559375,False,REGULAR,USD,Put,2027-03-19,AAPL,2026-10-06T00:29:07.449491+00:00,332.89,0.0401800012588501,0.0031766010136492747,0.2116633544603646
AAPL270319P00185000,2026-10-05 18:53:46+00:00,185.0,0.24,0.22,0.31,-0.030000016,-11.111116,52.0,606.0,0.39502558105468755,False,REGULAR,USD,Put,2027-03-19,AAPL,2026-10-06T00:29:07.449491+00:00,332.89,0.0401800012588501,0.0031766010136492747,0.2116633544603646
AAPL270319P00190000,2026-10-05 17:27:43+00:00,190.0,0.34,0.3,0.36,-0.030000001,-8.108108,161.0,1062.0,0.3869690209960937,False,REGULAR,USD,Put,2027-03-19,AAPL,2026-10-06T00:29:07.449491+00:00,332.89,0.0401800012588501,0.0031766010136492747,0.2116633544603646
AAPL270319P00195000,2026-10-05 18:19:30+00:00,195.0,0.37,0.34,0.4,-0.06999999,-15.909089,180.0,1022.0,0.3764710791015625,False,REGULAR,USD,Put,2027-03-19,AAPL,2026-10-06T00:29:07.449491+00:00,332.89,0.0401800012588501,0.0031766010136492747,0.2116633544603646
AAPL270319P00200000,2026-10-05 18:19:30+00:00,200.0,0.38,0.39,0.47,-0.08000001,-17.391306,41.0,2984.0,0.36939107177734376,False,REGULAR,USD,Put,2027-03-19,AAPL,2026-10-06T00:29:07.449491+00:00,332.89,0.0401800012588501,0.0031766010136492747,0.2116633544603646
AAPL270319P00210000,2026-10-05 18:53:14+00:00,210.0,0.55,0.55,0.63,-0.060000002,-9.836065,6.0,2106.0,0.3540103662109374,False,REGULAR,USD,Put,2027-03-19,AAPL,2026-10-06T00:29:07.449491+00:00,332.89,0.0401800012588501,0.0031766010136492747,0.2116633544603646
AAPL270319P00220000,2026-10-02 19:39:22+00:00,220.0,0.83,0.77,0.87,0.0,0.0,104.0,2899.0,0.3413151806640625,False,REGULAR,USD,Put,2027-03-19,AAPL,2026-10-06T00:29:07.449491+00:00,332.89,0.0401800012588501,0.0031766010136492747,0.2116633544603646
AAPL270319P00230000,2026-10-05 16:22:49+00:00,230.0,1.1,1.07,1.19,-0.03999996,-3.5087686,3.0,3634.0,0.3288030987548828,False,REGULAR,USD,Put,2027-03-19,AAPL,2026-10-06T00:29:07.449491+00:00,332.89,0.0401800012588501,0.0031766010136492747,0.2116633544603646
AAPL270319P00240000,2026-10-05 19:59:15+00:00,240.0,1.61,1.55,1.64,-0.00999999,-0.61728334,120.0,6304.0,0.3177558459472656,False,REGULAR,USD,Put,2027-03-19,AAPL,2026-10-06T00:29:07.449491+00:00,332.89,0.0401800012588501,0.0031766010136492747,0.2116633544603646
AAPL270319P00250000,2026-10-05 19:35:40+00:00,250.0,2.14,2.04,2.28,-0.00999999,-0.46511582,38.0,10937.0,0.30847859497070307,False,REGULAR,USD,Put,2027-03-19,AAPL,2026-10-06T00:29:07.449491+00:00,332.89,0.0401800012588501,0.0031766010136492747,0.2116633544603646
AAPL270319P00260000,2026-10-05 19:35:00+00:00,260.0,2.9,2.78,3.1,-0.19999981,-6.4516068,43.0,6209.0,0.29871306762695304,False,REGULAR,USD,Put,2027-03-19,AAPL,2026-10-06T00:29:07.449491+00:00,332.89,0.0401800012588501,0.0031766010136492747,0.2116633544603646
AAPL270319P00270000,2026-10-05 19:56:29+00:00,270.0,4.05,3.9,4.1,-0.01999998,-0.4914,125.0,7844.0,0.2876047802734374,False,REGULAR,USD,Put,2027-03-19,AAPL,2026-10-06T00:29:07.449491+00:00,332.89,0.0401800012588501,0.0031766010136492747,0.2116633544603646
AAPL270319P00280000,2026-10-05 19:59:56+00:00,280.0,5.35,5.15,5.55,-0.1500001,-2.7272744,84.0,8552.0,0.2799144274902343,False,REGULAR,USD,Put,2027-03-19,AAPL,2026-10-06T00:29:07.449491+00:00,332.89,0.0401800012588501,0.0031766010136492747,0.2116633544603646
AAPL270319P00290000,2026-10-05 19:59:28+00:00,290.0,7.1,6.7,7.15,-0.099999905,-1.3888876,273.0,10976.0,0.2683483810424804,False,REGULAR,USD,Put,2027-03-19,AAPL,2026-10-06T00:29:07.449491+00:00,332.89,0.0401800012588501,0.0031766010136492747,0.2116633544603646
AAPL270319P00300000,2026-10-05 19:56:27+00:00,300.0,9.15,9.0,9.3,-0.05000019,-0.54348034,293.0,11154.0,0.25901009552001963,False,REGULAR,USD,Put,2027-03-19,AAPL,2026-10-06T00:29:07.449491+00:00,332.89,0.0401800012588501,0.0031766010136492747,0.2116633544603646
AAPL270319P00310000,2026-10-05 19:56:27+00:00,310.0,11.85,11.65,12.0,0.05000019,0.42373043,157.0,8943.0,0.25025163818359375,False,REGULAR,USD,Put,2027-03-19,AAPL,2026-10-06T00:29:07.449491+00:00,332.89,0.0401800012588501,0.0031766010136492747,0.2116633544603646
AAPL270319P00320000,2026-10-05 19:38:07+00:00,320.0,14.75,14.95,15.4,-0.3000002,-1.9933567,161.0,8171.0,0.24277490631103515,False,REGULAR,USD,Put,2027-03-19,AAPL,2026-10-06T00:29:07.449491+00:00,332.89,0.0401800012588501,0.0031766010136492747,0.2116633544603646
AAPL270319P00330000,2026-10-05 19:45:48+00:00,330.0,19.32,18.65,19.45,0.069999695,0.36363477,340.0,14385.0,0.23499300170898438,False,REGULAR,USD,Put,2027-03-19,AAPL,2026-10-06T00:29:07.449491+00:00,332.89,0.0401800012588501,0.0031766010136492747,0.2116633544603646
AAPL270319P00340000,2026-10-05 19:05:04+00:00,340.0,23.35,23.3,24.2,-0.54999924,-2.3012521,106.0,2320.0,0.226921183013916,True,REGULAR,USD,Put,2027-03-19,AAPL,2026-10-06T00:29:07.449491+00:00,332.89,0.0401800012588501,0.0031766010136492747,0.2116633544603646
AAPL270319P00350000,2026-10-05 15:03:08+00:00,350.0,28.83,28.9,29.85,-0.8199997,-2.7655976,13.0,1581.0,0.22037522796630854,True,REGULAR,USD,Put,2027-03-19,AAPL,2026-10-06T00:29:07.449491+00:00,332.89,0.0401800012588501,0.0031766010136492747,0.2116633544603646
AAPL270319P00360000,2026-10-05 18:48:56+00:00,360.0,35.35,34.5,36.35,0.049999237,0.1416409,5.0,269.0,0.21491263610839845,True,REGULAR,USD,Put,2027-03-19,AAPL,2026-10-06T00:29:07.449491+00:00,332.89,0.0401800012588501,0.0031766010136492747,0.2116633544603646
AAPL270319P00370000,2026-10-05 16:22:48+00:00,370.0,41.65,41.55,43.4,-0.8499985,-1.9999964,2.0,131.0,0.20713073150634764,True,REGULAR,USD,Put,2027-03-19,AAPL,2026-10-06T00:29:07.449491+00:00,332.89,0.0401800012588501,0.0031766010136492747,0.2116633544603646
AAPL270319P00380000,2026-10-05 15:45:05+00:00,380.0,49.75,49.35,51.4,-4.25,-7.8703704,6.0,159.0,0.2034686587524414,True,REGULAR,USD,Put,2027-03-19,AAPL,2026-10-06T00:29:07.449491+00:00,332.89,0.0401800012588501,0.0031766010136492747,0.2116633544603646
AAPL270319P00390000,2026-10-02 16:04:07+00:00,390.0,59.3,57.55,60.15,0.0,0.0,10.0,33.0,0.2043536596679687,True,REGULAR,USD,Put,2027-03-19,AAPL,2026-10-06T00:29:07.449491+00:00,332.89,0.0401800012588501,0.0031766010136492747,0.2116633544603646
AAPL270319P00400000,2026-10-02 13:30:59+00:00,400.0,68.12,66.2,68.9,0.0,0.0,10.0,43.0,0.19657175506591795,True,REGULAR,USD,Put,2027-03-19,AAPL,2026-10-06T00:29:07.449491+00:00,332.89,0.0401800012588501,0.0031766010136492747,0.2116633544603646
AAPL270319P00410000,2026-09-28 13:30:14+00:00,410.0,69.4,75.7,78.3,0.0,0.0,2.0,0.0,0.19690744506835936,True,REGULAR,USD,Put,2027-03-19,AAPL,2026-10-06T00:29:07.449491+00:00,332.89,0.0401800012588501,0.0031766010136492747,0.2116633544603646
AAPL270319P00420000,2026-09-28 13:30:14+00:00,420.0,78.8,85.65,88.65,0.0,0.0,,0.0,0.22620402709960938,True,REGULAR,USD,Put,2027-03-19,AAPL,2026-10-06T00:29:07.449491+00:00,332.89,0.0401800012588501,0.0031766010136492747,0.2116633544603646
AAPL270319P00440000,2026-08-28 17:26:07+00:00,440.0,120.21,105.55,108.6,0.0,0.0,4.0,0.0,0.2580030255126954,True,REGULAR,USD,Put,2027-03-19,AAPL,2026-10-06T00:29:07.449491+00:00,332.89,0.0401800012588501,0.0031766010136492747,0.2116633544603646
AAPL270319P00450000,2026-06-08 18:57:57+00:00,450.0,146.15,120.55,124.4,0.0,0.0,2.0,0.0,0.40891094024658203,True,REGULAR,USD,Put,2027-03-19,AAPL,2026-10-06T00:29:07.449491+00:00,332.89,0.0401800012588501,0.0031766010136492747,0.2116633544603646
AAPL270319P00600000,2026-09-08 13:48:06+00:00,600.0,283.39,265.5,268.75,0.0,0.0,,0.0,0.4686332434082031,True,REGULAR,USD,Put,2027-03-19,AAPL,2026-10-06T00:29:07.449491+00:00,332.89,0.0401800012588501,0.0031766010136492747,0.2116633544603646
AAPL270416C00195000,2026-09-24 15:58:53+00:00,195.0,146.78,141.4,144.55,0.0,0.0,22.0,22.0,0.5775799078369142,True,REGULAR,USD,Call,2027-04-16,AAPL,2026-10-06T00:29:07.449491+00:00,332.89,0.0401800012588501,0.0031766010136492747,0.2116633544603646
AAPL270416C00200000,2026-10-01 19:39:12+00:00,200.0,133.5,136.6,140.15,0.0,0.0,4.0,6.0,0.5673261041259765,True,REGULAR,USD,Call,2027-04-16,AAPL,2026-10-06T00:29:07.449491+00:00,332.89,0.0401800012588501,0.0031766010136492747,0.2116633544603646
AAPL270416C00210000,2026-09-22 14:17:15+00:00,210.0,136.0,127.05,130.25,0.0,0.0,1.0,2.0,0.5313767565917968,True,REGULAR,USD,Call,2027-04-16,AAPL,2026-10-06T00:29:07.449491+00:00,332.89,0.0401800012588501,0.0031766010136492747,0.2116633544603646
AAPL270416C00215000,2026-09-04 14:44:47+00:00,215.0,112.89,122.3,125.5,0.0,0.0,4.0,5.0,0.5166369137573242,True,REGULAR,USD,Call,2027-04-16,AAPL,2026-10-06T00:29:07.449491+00:00,332.89,0.0401800012588501,0.0031766010136492747,0.2116633544603646
AAPL270416C00220000,2026-09-28 16:16:09+00:00,220.0,127.0,117.6,120.8,0.0,0.0,7.0,9.0,0.503056727294922,True,REGULAR,USD,Call,2027-04-16,AAPL,2026-10-06T00:29:07.449491+00:00,332.89,0.0401800012588501,0.0031766010136492747,0.2116633544603646
AAPL270416C00225000,2026-10-05 19:43:50+00:00,225.0,115.25,112.9,115.45,1.5299988,1.3454087,1.0,570.0,0.511021735534668,True,REGULAR,USD,Call,2027-04-16,AAPL,2026-10-06T00:29:07.449491+00:00,332.89,0.0401800012588501,0.0031766010136492747,0.2116633544603646
AAPL270416C00230000,2026-09-24 19:00:40+00:00,230.0,114.56,108.2,111.45,0.0,0.0,2.0,20.0,0.5109301837158204,True,REGULAR,USD,Call,2027-04-16,AAPL,2026-10-06T00:29:07.449491+00:00,332.89,0.0401800012588501,0.0031766010136492747,0.2116633544603646
AAPL270416C00235000,2026-10-05 17:47:52+00:00,235.0,105.6,103.55,106.8,1.5,1.4409223,1.0,87.0,0.4964039617919922,True,REGULAR,USD,Call,2027-04-16,AAPL,2026-10-06T00:29:07.449491+00:00,332.89,0.0401800012588501,0.0031766010136492747,0.2116633544603646
AAPL270416C00240000,2026-10-05 19:49:02+00:00,240.0,100.41,98.95,102.0,4.6100006,4.812109,4.0,22.0,0.4788260125732422,True,REGULAR,USD,Call,2027-04-16,AAPL,2026-10-06T00:29:07.449491+00:00,332.89,0.0401800012588501,0.0031766010136492747,0.2116633544603646
AAPL270416C00245000,2026-09-09 13:45:41+00:00,245.0,81.14,94.4,97.65,0.0,0.0,10.0,28.0,0.46964031341552737,True,REGULAR,USD,Call,2027-04-16,AAPL,2026-10-06T00:29:07.449491+00:00,332.89,0.0401800012588501,0.0031766010136492747,0.2116633544603646
AAPL270416C00250000,2026-10-05 18:30:17+00:00,250.0,91.2,89.85,93.15,4.199997,4.827583,10.0,45.0,0.4572197833251954,True,REGULAR,USD,Call,2027-04-16,AAPL,2026-10-06T00:29:07.449491+00:00,332.89,0.0401800012588501,0.0031766010136492747,0.2116633544603646
AAPL270416C00255000,2026-09-29 14:02:33+00:00,255.0,87.5,85.4,88.65,0.0,0.0,3.0,47.0,0.44446356323242187,True,REGULAR,USD,Call,2027-04-16,AAPL,2026-10-06T00:29:07.449491+00:00,332.89,0.0401800012588501,0.0031766010136492747,0.2116633544603646
AAPL270416C00260000,2026-10-01 14:30:35+00:00,260.0,81.24,81.0,84.25,0.0,0.0,1.0,492.0,0.4329585513305664,True,REGULAR,USD,Call,2027-04-16,AAPL,2026-10-06T00:29:07.449491+00:00,332.89,0.0401800012588501,0.0031766010136492747,0.2116633544603646
AAPL270416C00265000,2026-10-02 16:04:46+00:00,265.0,76.8,76.6,79.3,0.0,0.0,38.0,49.0,0.4124509439086914,True,REGULAR,USD,Call,2027-04-16,AAPL,2026-10-06T00:29:07.449491+00:00,332.89,0.0401800012588501,0.0031766010136492747,0.2116633544603646
AAPL270416C00270000,2026-10-02 18:49:08+00:00,270.0,74.82,72.35,75.0,0.0,0.0,5.0,50.0,0.40192248474121095,True,REGULAR,USD,Call,2027-04-16,AAPL,2026-10-06T00:29:07.449491+00:00,332.89,0.0401800012588501,0.0031766010136492747,0.2116633544603646
AAPL270416C00275000,2026-09-30 13:54:55+00:00,275.0,71.53,68.15,71.15,0.0,0.0,1.0,76.0,0.3972533419799804,True,REGULAR,USD,Call,2027-04-16,AAPL,2026-10-06T00:29:07.449491+00:00,332.89,0.0401800012588501,0.0031766010136492747,0.2116633544603646
AAPL270416C00280000,2026-09-29 13:43:01+00:00,280.0,66.38,64.0,66.75,0.0,0.0,5.0,266.0,0.38397832824707034,True,REGULAR,USD,Call,2027-04-16,AAPL,2026-10-06T00:29:07.449491+00:00,332.89,0.0401800012588501,0.0031766010136492747,0.2116633544603646
AAPL270416C00285000,2026-10-05 14:38:19+00:00,285.0,62.7,60.45,62.7,4.700001,8.103449,2.0,2184.0,0.3749146981811523,True,REGULAR,USD,Call,2027-04-16,AAPL,2026-10-06T00:29:07.449491+00:00,332.89,0.0401800012588501,0.0031766010136492747,0.2116633544603646
AAPL270416C00290000,2026-10-01 15:35:58+00:00,290.0,59.55,56.15,58.75,5.549999,10.277777,1.0,135.0,0.3663393444824219,True,REGULAR,USD,Call,2027-04-16,AAPL,2026-10-06T00:29:07.449491+00:00,332.89,0.0401800012588501,0.0031766010136492747,0.2116633544603646
AAPL270416C00295000,2026-10-05 18:49:35+00:00,295.0,53.95,52.35,54.9,-4.8899994,-8.310672,10.0,34.0,0.3581912326049804,True,REGULAR,USD,Call,2027-04-16,AAPL,2026-10-06T00:29:07.449491+00:00,332.89,0.0401800012588501,0.0031766010136492747,0.2116633544603646
AAPL270416C00300000,2026-10-05 16:50:08+00:00,300.0,51.22,49.2,51.8,0.40999985,0.80692744,29.0,148.0,0.35809968078613286,True,REGULAR,USD,Call,2027-04-16,AAPL,2026-10-06T00:29:07.449491+00:00,332.89,0.0401800012588501,0.0031766010136492747,0.2116633544603646
AAPL270416C00305000,2026-10-05 16:50:07+00:00,305.0,47.68,44.85,48.25,3.1800003,7.146068,1.0,25.0,0.3513858807373046,True,REGULAR,USD,Call,2027-04-16,AAPL,2026-10-06T00:29:07.449491+00:00,332.89,0.0401800012588501,0.0031766010136492747,0.2116633544603646
AAPL270416C00310000,2026-10-05 16:50:08+00:00,310.0,44.21,41.4,44.8,0.4300003,0.98218435,1.0,103.0,0.34479414978027345,True,REGULAR,USD,Call,2027-04-16,AAPL,2026-10-06T00:29:07.449491+00:00,332.89,0.0401800012588501,0.0031766010136492747,0.2116633544603646
AAPL270416C00315000,2026-10-02 13:30:00+00:00,315.0,40.35,38.2,40.8,0.0,0.0,1.0,1536.0,0.331061376953125,True,REGULAR,USD,Call,2027-04-16,AAPL,2026-10-06T00:29:07.449491+00:00,332.89,0.0401800012588501,0.0031766010136492747,0.2116633544603646
AAPL270416C00320000,2026-10-05 13:34:57+00:00,320.0,39.0,36.0,37.45,2.119999,5.74837,4.0,123.0,0.32353886917114244,True,REGULAR,USD,Call,2027-04-16,AAPL,2026-10-06T00:29:07.449491+00:00,332.89,0.0401800012588501,0.0031766010136492747,0.2116633544603646
AAPL270416C00325000,2026-10-02 19:58:38+00:00,325.0,33.82,32.15,34.5,0.0,0.0,130.0,240.0,0.3191291232299803,True,REGULAR,USD,Call,2027-04-16,AAPL,2026-10-06T00:29:07.449491+00:00,332.89,0.0401800012588501,0.0031766010136492747,0.2116633544603646
AAPL270416C00330000,2026-10-05 19:29:18+00:00,330.0,30.57,29.8,31.35,-0.55999947,-1.7989061,199.0,220.0,0.3113777359008788,True,REGULAR,USD,Call,2027-04-16,AAPL,2026-10-06T00:29:07.449491+00:00,332.89,0.0401800012588501,0.0031766010136492747,0.2116633544603646
AAPL270416C00335000,2026-10-05 15:18:46+00:00,335.0,28.23,27.4,28.35,-0.77000046,-2.655174,4.0,1103.0,0.3039467799377441,False,REGULAR,USD,Call,2027-04-16,AAPL,2026-10-06T00:29:07.449491+00:00,332.89,0.0401800012588501,0.0031766010136492747,0.2116633544603646
AAPL270416C00340000,2026-10-05 19:48:02+00:00,340.0,25.55,25.15,25.9,-0.25,-0.9689923,8.0,1773.0,0.3009103112792969,False,REGULAR,USD,Call,2027-04-16,AAPL,2026-10-06T00:29:07.449491+00:00,332.89,0.0401800012588501,0.0031766010136492747,0.2116633544603646
AAPL270416C00345000,2026-10-05 19:10:25+00:00,345.0,23.3,22.8,23.55,-0.6000004,-2.5104618,7.0,398.0,0.2975686698913574,False,REGULAR,USD,Call,2027-04-16,AAPL,2026-10-06T00:29:07.449491+00:00,332.89,0.0401800012588501,0.0031766010136492747,0.2116633544603646
AAPL270416C00350000,2026-10-05 19:55:02+00:00,350.0,20.58,20.55,21.25,-1.1200008,-5.161294,23.0,1150.0,0.29337254486083975,False,REGULAR,USD,Call,2027-04-16,AAPL,2026-10-06T00:29:07.449491+00:00,332.89,0.0401800012588501,0.0031766010136492747,0.2116633544603646
AAPL270416C00355000,2026-10-05 19:40:31+00:00,355.0,18.85,18.45,18.95,-0.6000004,-3.0848348,24.0,331.0,0.28778788391113275,False,REGULAR,USD,Call,2027-04-16,AAPL,2026-10-06T00:29:07.449491+00:00,332.89,0.0401800012588501,0.0031766010136492747,0.2116633544603646
AAPL270416C00360000,2026-10-05 19:46:34+00:00,360.0,16.95,16.55,17.0,-0.54999924,-3.1428528,50.0,1691.0,0.28446150115966784,False,REGULAR,USD,Call,2027-04-16,AAPL,2026-10-06T00:29:07.449491+00:00,332.89,0.0401800012588501,0.0031766010136492747,0.2116633544603646
AAPL270416C00365000,2026-10-05 19:41:45+00:00,365.0,15.05,14.8,15.5,-0.8499994,-5.345908,2.0,367.0,0.2846293461608886,False,REGULAR,USD,Call,2027-04-16,AAPL,2026-10-06T00:29:07.449491+00:00,332.89,0.0401800012588501,0.0031766010136492747,0.2116633544603646
AAPL270416C00370000,2026-10-05 19:47:56+00:00,370.0,13.6,13.15,13.8,-0.5,-3.5460992,3.0,480.0,0.2812877047729492,False,REGULAR,USD,Call,2027-04-16,AAPL,2026-10-06T00:29:07.449491+00:00,332.89,0.0401800012588501,0.0031766010136492747,0.2116633544603646
AAPL270416C00375000,2026-10-05 19:47:45+00:00,375.0,12.1,11.65,12.1,-0.5,-3.9682539,4.0,279.0,0.2764659756469726,False,REGULAR,USD,Call,2027-04-16,AAPL,2026-10-06T00:29:07.449491+00:00,332.89,0.0401800012588501,0.0031766010136492747,0.2116633544603646
AAPL270416C00380000,2026-10-05 19:47:56+00:00,380.0,10.8,10.3,10.75,-0.25,-2.2624433,8.0,523.0,0.2742992492675781,False,REGULAR,USD,Call,2027-04-16,AAPL,2026-10-06T00:29:07.449491+00:00,332.89,0.0401800012588501,0.0031766010136492747,0.2116633544603646
AAPL270416C00385000,2026-10-05 15:16:50+00:00,385.0,9.5,9.1,9.55,-0.5500002,-5.4726386,1.0,252.0,0.27259028198242186,False,REGULAR,USD,Call,2027-04-16,AAPL,2026-10-06T00:29:07.449491+00:00,332.89,0.0401800012588501,0.0031766010136492747,0.2116633544603646
AAPL270416C00390000,2026-10-05 18:58:14+00:00,390.0,8.4,7.95,8.55,-0.25,-2.8901734,4.0,240.0,0.2721630401611328,False,REGULAR,USD,Call,2027-04-16,AAPL,2026-10-06T00:29:07.449491+00:00,332.89,0.0401800012588501,0.0031766010136492747,0.2116633544603646
AAPL270416C00395000,2026-10-05 16:45:48+00:00,395.0,7.5,7.05,7.45,-0.25,-3.2258065,2.0,453.0,0.2690807955932617,False,REGULAR,USD,Call,2027-04-16,AAPL,2026-10-06T00:29:07.449491+00:00,332.89,0.0401800012588501,0.0031766010136492747,0.2116633544603646
AAPL270416C00400000,2026-10-05 19:03:37+00:00,400.0,6.52,6.25,6.55,-0.11000013,-1.6591271,25.0,743.0,0.2674328628540039,False,REGULAR,USD,Call,2027-04-16,AAPL,2026-10-06T00:29:07.449491+00:00,332.89,0.0401800012588501,0.0031766010136492747,0.2116633544603646
AAPL270416C00405000,2026-10-05 19:58:28+00:00,405.0,5.59,5.4,5.75,-0.46000004,-7.6033063,152.0,206.0,0.2659985510253906,False,REGULAR,USD,Call,2027-04-16,AAPL,2026-10-06T00:29:07.449491+00:00,332.89,0.0401800012588501,0.0031766010136492747,0.2116633544603646
AAPL270416C00410000,2026-10-05 19:58:28+00:00,410.0,4.86,4.7,5.05,-0.33999968,-6.538456,280.0,129.0,0.26489992919921873,False,REGULAR,USD,Call,2027-04-16,AAPL,2026-10-06T00:29:07.449491+00:00,332.89,0.0401800012588501,0.0031766010136492747,0.2116633544603646
AAPL270416C00420000,2026-10-05 19:56:20+00:00,420.0,3.8,3.65,3.85,-0.25000024,-6.172845,8.0,344.0,0.26248906463623045,False,REGULAR,USD,Call,2027-04-16,AAPL,2026-10-06T00:29:07.449491+00:00,332.89,0.0401800012588501,0.0031766010136492747,0.2116633544603646
AAPL270416C00430000,2026-10-05 17:22:28+00:00,430.0,2.83,2.75,3.1,-0.17000008,-5.6666694,3.0,217.0,0.264655791015625,False,REGULAR,USD,Call,2027-04-16,AAPL,2026-10-06T00:29:07.449491+00:00,332.89,0.0401800012588501,0.0031766010136492747,0.2116633544603646
AAPL270416C00440000,2026-10-05 17:43:54+00:00,440.0,2.27,2.0,2.24,0.099999905,4.60829,4.0,334.0,0.26010871734619145,False,REGULAR,USD,Call,2027-04-16,AAPL,2026-10-06T00:29:07.449491+00:00,332.89,0.0401800012588501,0.0031766010136492747,0.2116633544603646
AAPL270416C00450000,2026-10-05 17:43:18+00:00,450.0,1.6,1.56,1.72,-0.13999999,-8.045976,15.0,152.0,0.2600171655273438,False,REGULAR,USD,Call,2027-04-16,AAPL,2026-10-06T00:29:07.449491+00:00,332.89,0.0401800012588501,0.0031766010136492747,0.2116633544603646
AAPL270416C00460000,2026-10-05 19:05:57+00:00,460.0,1.29,1.16,1.3,-0.04000008,-3.0075247,3.0,184.0,0.2594068200683594,False,REGULAR,USD,Call,2027-04-16,AAPL,2026-10-06T00:29:07.449491+00:00,332.89,0.0401800012588501,0.0031766010136492747,0.2116633544603646
AAPL270416C00470000,2026-10-05 16:45:53+00:00,470.0,0.94,0.83,0.98,-0.00999999,-1.0526305,3.0,97.0,0.2590406127929688,False,REGULAR,USD,Call,2027-04-16,AAPL,2026-10-06T00:29:07.449491+00:00,332.89,0.0401800012588501,0.0031766010136492747,0.2116633544603646
AAPL270416C00480000,2026-10-05 17:41:34+00:00,480.0,0.68,0.64,0.74,-0.050000012,-6.849316,2.0,107.0,0.25891854370117195,False,REGULAR,USD,Call,2027-04-16,AAPL,2026-10-06T00:29:07.449491+00:00,332.89,0.0401800012588501,0.0031766010136492747,0.2116633544603646
AAPL270416C00490000,2026-10-05 17:00:41+00:00,490.0,0.53,0.48,0.67,0.00999999,1.9230752,1.0,158.0,0.26636475830078127,False,REGULAR,USD,Call,2027-04-16,AAPL,2026-10-06T00:29:07.449491+00:00,332.89,0.0401800012588501,0.0031766010136492747,0.2116633544603646
AAPL270416C00500000,2026-10-02 16:33:30+00:00,500.0,0.42,0.34,0.43,0.0,0.0,4.0,394.0,0.25989509643554687,False,REGULAR,USD,Call,2027-04-16,AAPL,2026-10-06T00:29:07.449491+00:00,332.89,0.0401800012588501,0.0031766010136492747,0.2116633544603646
AAPL270416P00195000,2026-10-01 16:30:18+00:00,195.0,0.59,0.43,0.53,0.0,0.0,67.0,279.0,0.3631655480957031,False,REGULAR,USD,Put,2027-04-16,AAPL,2026-10-06T00:29:07.449491+00:00,332.89,0.0401800012588501,0.0031766010136492747,0.2116633544603646
AAPL270416P00200000,2026-10-05 16:13:08+00:00,200.0,0.56,0.52,0.61,-0.13,-18.84058,88.0,732.0,0.3557193334960937,False,REGULAR,USD,Put,2027-04-16,AAPL,2026-10-06T00:29:07.449491+00:00,332.89,0.0401800012588501,0.0031766010136492747,0.2116633544603646
AAPL270416P00210000,2026-10-02 19:39:23+00:00,210.0,0.78,0.73,0.82,0.0,0.0,19.0,512.0,0.34229173339843744,False,REGULAR,USD,Put,2027-04-16,AAPL,2026-10-06T00:29:07.449491+00:00,332.89,0.0401800012588501,0.0031766010136492747,0.2116633544603646
AAPL270416P00215000,2026-10-02 19:45:24+00:00,215.0,0.92,0.85,0.96,0.0,0.0,7.0,209.0,0.3364324169921875,False,REGULAR,USD,Put,2027-04-16,AAPL,2026-10-06T00:29:07.449491+00:00,332.89,0.0401800012588501,0.0031766010136492747,0.2116633544603646
AAPL270416P00220000,2026-10-05 19:40:54+00:00,220.0,1.09,1.01,1.12,0.04000008,3.8095317,27.0,683.0,0.3306951696777344,False,REGULAR,USD,Put,2027-04-16,AAPL,2026-10-06T00:29:07.449491+00:00,332.89,0.0401800012588501,0.0031766010136492747,0.2116633544603646
AAPL270416P00225000,2026-10-05 17:57:44+00:00,225.0,1.24,1.16,1.31,-0.00999999,-0.79999924,35.0,75.0,0.32532412963867186,False,REGULAR,USD,Put,2027-04-16,AAPL,2026-10-06T00:29:07.449491+00:00,332.89,0.0401800012588501,0.0031766010136492747,0.2116633544603646
AAPL270416P00230000,2026-10-05 15:07:53+00:00,230.0,1.55,1.39,1.57,0.089999914,6.1643777,5.0,136.0,0.3219061950683593,False,REGULAR,USD,Put,2027-04-16,AAPL,2026-10-06T00:29:07.449491+00:00,332.89,0.0401800012588501,0.0031766010136492747,0.2116633544603646
AAPL270416P00235000,2026-10-05 19:56:22+00:00,235.0,1.74,1.66,1.81,0.15999997,10.126579,4.0,164.0,0.31604687866210934,False,REGULAR,USD,Put,2027-04-16,AAPL,2026-10-06T00:29:07.449491+00:00,332.89,0.0401800012588501,0.0031766010136492747,0.2116633544603646
AAPL270416P00240000,2026-10-05 19:46:04+00:00,240.0,1.98,1.95,2.06,0.13999999,7.6086946,37.0,278.0,0.30951618225097655,False,REGULAR,USD,Put,2027-04-16,AAPL,2026-10-06T00:29:07.449491+00:00,332.89,0.0401800012588501,0.0031766010136492747,0.2116633544603646
AAPL270416P00245000,2026-10-05 19:38:29+00:00,245.0,2.31,2.19,2.39,0.0,0.0,2.0,304.0,0.3045723840332031,False,REGULAR,USD,Put,2027-04-16,AAPL,2026-10-06T00:29:07.449491+00:00,332.89,0.0401800012588501,0.0031766010136492747,0.2116633544603646
AAPL270416P00250000,2026-10-05 19:36:29+00:00,250.0,2.67,2.55,2.95,0.17000008,6.800003,2.0,223.0,0.30487755676269535,False,REGULAR,USD,Put,2027-04-16,AAPL,2026-10-06T00:29:07.449491+00:00,332.89,0.0401800012588501,0.0031766010136492747,0.2116633544603646
AAPL270416P00255000,2026-10-05 19:38:28+00:00,255.0,3.1,2.94,3.2,-0.20000005,-6.0606074,1.0,233.0,0.2950815121459961,False,REGULAR,USD,Put,2027-04-16,AAPL,2026-10-06T00:29:07.449491+00:00,332.89,0.0401800012588501,0.0031766010136492747,0.2116633544603646
AAPL270416P00260000,2026-10-05 19:59:12+00:00,260.0,3.65,3.45,3.7,-0.099999905,-2.6666641,84.0,3198.0,0.2907175421142577,False,REGULAR,USD,Put,2027-04-16,AAPL,2026-10-06T00:29:07.449491+00:00,332.89,0.0401800012588501,0.0031766010136492747,0.2116633544603646
AAPL270416P00265000,2026-10-05 19:39:11+00:00,265.0,4.1,3.9,4.25,-0.05000019,-1.2048239,2.0,407.0,0.28601788208007806,False,REGULAR,USD,Put,2027-04-16,AAPL,2026-10-06T00:29:07.449491+00:00,332.89,0.0401800012588501,0.0031766010136492747,0.2116633544603646
AAPL270416P00270000,2026-10-05 19:41:09+00:00,270.0,4.75,4.5,4.85,-0.099999905,-2.0618536,1.0,515.0,0.2810130493164062,False,REGULAR,USD,Put,2027-04-16,AAPL,2026-10-06T00:29:07.449491+00:00,332.89,0.0401800012588501,0.0031766010136492747,0.2116633544603646
AAPL270416P00275000,2026-10-05 19:38:28+00:00,275.0,5.4,5.2,5.6,-0.1500001,-2.7027044,4.0,385.0,0.27744252838134764,False,REGULAR,USD,Put,2027-04-16,AAPL,2026-10-06T00:29:07.449491+00:00,332.89,0.0401800012588501,0.0031766010136492747,0.2116633544603646
AAPL270416P00280000,2026-10-05 19:19:31+00:00,280.0,6.07,6.05,6.35,-0.27999973,-4.409445,65.0,282.0,0.27237666107177727,False,REGULAR,USD,Put,2027-04-16,AAPL,2026-10-06T00:29:07.449491+00:00,332.89,0.0401800012588501,0.0031766010136492747,0.2116633544603646
AAPL270416P00285000,2026-10-05 19:38:28+00:00,285.0,7.0,6.8,7.2,-0.19999981,-2.7777753,13.0,553.0,0.2675549319458008,False,REGULAR,USD,Put,2027-04-16,AAPL,2026-10-06T00:29:07.449491+00:00,332.89,0.0401800012588501,0.0031766010136492747,0.2116633544603646
AAPL270416P00290000,2026-10-05 19:59:16+00:00,290.0,8.1,7.85,8.2,-0.049999237,-0.6134876,175.0,876.0,0.26352665191650393,False,REGULAR,USD,Put,2027-04-16,AAPL,2026-10-06T00:29:07.449491+00:00,332.89,0.0401800012588501,0.0031766010136492747,0.2116633544603646
AAPL270416P00295000,2026-10-05 19:38:28+00:00,295.0,9.0,8.85,9.3,-0.25,-2.7027028,15.0,1254.0,0.2593915614318848,False,REGULAR,USD,Put,2027-04-16,AAPL,2026-10-06T00:29:07.449491+00:00,332.89,0.0401800012588501,0.0031766010136492747,0.2116633544603646
AAPL270416P00300000,2026-10-05 19:56:57+00:00,300.0,10.4,10.15,10.55,0.14999962,1.4634109,17.0,1938.0,0.2556837127685547,False,REGULAR,USD,Put,2027-04-16,AAPL,2026-10-06T00:29:07.449491+00:00,332.89,0.0401800012588501,0.0031766010136492747,0.2116633544603646
AAPL270416P00305000,2026-10-05 19:38:29+00:00,305.0,11.55,11.4,11.95,-0.19999981,-1.702126,4.0,861.0,0.25226577819824214,False,REGULAR,USD,Put,2027-04-16,AAPL,2026-10-06T00:29:07.449491+00:00,332.89,0.0401800012588501,0.0031766010136492747,0.2116633544603646
AAPL270416P00310000,2026-10-05 19:59:02+00:00,310.0,13.2,12.95,13.45,0.05000019,0.3802296,86.0,908.0,0.24839008453369144,False,REGULAR,USD,Put,2027-04-16,AAPL,2026-10-06T00:29:07.449491+00:00,332.89,0.0401800012588501,0.0031766010136492747,0.2116633544603646
AAPL270416P00315000,2026-10-05 19:38:41+00:00,315.0,14.6,14.5,15.05,-0.09999943,-0.6802682,5.0,822.0,0.24405663177490233,False,REGULAR,USD,Put,2027-04-16,AAPL,2026-10-06T00:29:07.449491+00:00,332.89,0.0401800012588501,0.0031766010136492747,0.2116633544603646
AAPL270416P00320000,2026-10-05 19:56:57+00:00,320.0,16.6,16.05,16.8,0.11000061,0.6670747,3.0,1073.0,0.23973843765258784,False,REGULAR,USD,Put,2027-04-16,AAPL,2026-10-06T00:29:07.449491+00:00,332.89,0.0401800012588501,0.0031766010136492747,0.2116633544603646
AAPL270416P00325000,2026-10-05 19:38:31+00:00,325.0,18.35,18.2,18.75,0.0,0.0,1.0,203.0,0.23590851989746092,False,REGULAR,USD,Put,2027-04-16,AAPL,2026-10-06T00:29:07.449491+00:00,332.89,0.0401800012588501,0.0031766010136492747,0.2116633544603646
AAPL270416P00330000,2026-10-05 19:56:57+00:00,330.0,20.65,20.25,20.75,-0.25,-1.1961722,9.0,342.0,0.23088842849731445,False,REGULAR,USD,Put,2027-04-16,AAPL,2026-10-06T00:29:07.449491+00:00,332.89,0.0401800012588501,0.0031766010136492747,0.2116633544603646
AAPL270416P00335000,2026-10-05 17:13:12+00:00,335.0,22.65,22.55,23.15,-0.30000114,-1.3071945,136.0,196.0,0.22827920166015625,True,REGULAR,USD,Put,2027-04-16,AAPL,2026-10-06T00:29:07.449491+00:00,332.89,0.0401800012588501,0.0031766010136492747,0.2116633544603646
AAPL270416P00340000,2026-10-05 19:39:30+00:00,340.0,24.92,24.7,25.65,-0.2800007,-1.1111138,5.0,279.0,0.22486126708984372,True,REGULAR,USD,Put,2027-04-16,AAPL,2026-10-06T00:29:07.449491+00:00,332.89,0.0401800012588501,0.0031766010136492747,0.2116633544603646
AAPL270416P00345000,2026-10-05 19:56:25+00:00,345.0,28.0,27.25,28.25,0.0,0.0,2.0,239.0,0.22064988342285152,True,REGULAR,USD,Put,2027-04-16,AAPL,2026-10-06T00:29:07.449491+00:00,332.89,0.0401800012588501,0.0031766010136492747,0.2116633544603646
AAPL270416P00350000,2026-10-05 19:07:55+00:00,350.0,30.1,30.0,31.4,-1.0,-3.215434,12.0,92.0,0.22034471069335934,True,REGULAR,USD,Put,2027-04-16,AAPL,2026-10-06T00:29:07.449491+00:00,332.89,0.0401800012588501,0.0031766010136492747,0.2116633544603646
AAPL270416P00355000,2026-10-05 17:07:18+00:00,355.0,32.6,32.55,34.75,-1.920002,-5.561999,12.0,23.0,0.22040574523925777,True,REGULAR,USD,Put,2027-04-16,AAPL,2026-10-06T00:29:07.449491+00:00,332.89,0.0401800012588501,0.0031766010136492747,0.2116633544603646
AAPL270416P00360000,2026-10-01 13:54:45+00:00,360.0,38.43,35.6,38.05,0.0,0.0,38.0,116.0,0.2181474670410156,True,REGULAR,USD,Put,2027-04-16,AAPL,2026-10-06T00:29:07.449491+00:00,332.89,0.0401800012588501,0.0031766010136492747,0.2116633544603646
AAPL270416P00365000,2026-10-02 16:38:26+00:00,365.0,40.11,38.9,41.8,0.0,0.0,1.0,2.0,0.2192613475036621,True,REGULAR,USD,Put,2027-04-16,AAPL,2026-10-06T00:29:07.449491+00:00,332.89,0.0401800012588501,0.0031766010136492747,0.2116633544603646
AAPL270416P00370000,2026-09-28 18:25:22+00:00,370.0,39.6,42.45,44.15,0.0,0.0,,86.0,0.20124089782714843,True,REGULAR,USD,Put,2027-04-16,AAPL,2026-10-06T00:29:07.449491+00:00,332.89,0.0401800012588501,0.0031766010136492747,0.2116633544603646
AAPL270416P00375000,2026-09-28 19:47:31+00:00,375.0,43.75,46.15,49.05,0.0,0.0,29.0,20.0,0.21329522064208983,True,REGULAR,USD,Put,2027-04-16,AAPL,2026-10-06T00:29:07.449491+00:00,332.89,0.0401800012588501,0.0031766010136492747,0.2116633544603646
AAPL270416P00380000,2026-10-05 17:07:21+00:00,380.0,49.95,49.55,51.9,4.0,8.705114,2.0,5.0,0.1957783059692383,True,REGULAR,USD,Put,2027-04-16,AAPL,2026-10-06T00:29:07.449491+00:00,332.89,0.0401800012588501,0.0031766010136492747,0.2116633544603646
AAPL270416P00385000,2026-09-14 15:57:05+00:00,385.0,55.35,53.55,56.9,0.0,0.0,3.0,3.0,0.20746642150878902,True,REGULAR,USD,Put,2027-04-16,AAPL,2026-10-06T00:29:07.449491+00:00,332.89,0.0401800012588501,0.0031766010136492747,0.2116633544603646
AAPL270416P00390000,2026-10-02 16:26:00+00:00,390.0,59.54,58.75,61.1,0.0,0.0,6.0,16.0,0.20575745422363279,True,REGULAR,USD,Put,2027-04-16,AAPL,2026-10-06T00:29:07.449491+00:00,332.89,0.0401800012588501,0.0031766010136492747,0.2116633544603646
AAPL270416P00395000,2026-09-28 17:48:49+00:00,395.0,58.2,62.05,65.4,0.0,0.0,22.0,17.0,0.20392641784667967,True,REGULAR,USD,Put,2027-04-16,AAPL,2026-10-06T00:29:07.449491+00:00,332.89,0.0401800012588501,0.0031766010136492747,0.2116633544603646
AAPL270416P00400000,2026-09-30 17:21:48+00:00,400.0,65.9,67.7,69.85,0.0,0.0,4.0,5.0,0.20313296874999998,True,REGULAR,USD,Put,2027-04-16,AAPL,2026-10-06T00:29:07.449491+00:00,332.89,0.0401800012588501,0.0031766010136492747,0.2116633544603646
AAPL270416P00405000,2026-09-28 13:43:21+00:00,405.0,64.75,71.05,74.4,0.0,0.0,,2.0,0.20279727874755854,True,REGULAR,USD,Put,2027-04-16,AAPL,2026-10-06T00:29:07.449491+00:00,332.89,0.0401800012588501,0.0031766010136492747,0.2116633544603646
AAPL270416P00410000,2026-09-28 19:11:29+00:00,410.0,71.77,75.75,79.05,0.0,0.0,1.0,41.0,0.20337710693359373,True,REGULAR,USD,Put,2027-04-16,AAPL,2026-10-06T00:29:07.449491+00:00,332.89,0.0401800012588501,0.0031766010136492747,0.2116633544603646
AAPL270617C00005000,2026-08-04 14:13:24+00:00,5.0,299.91,313.75,317.0,0.0,0.0,2.0,0.0,1.0000000000000003e-05,True,REGULAR,USD,Call,2027-06-17,AAPL,2026-10-06T00:29:07.449491+00:00,332.89,0.0401800012588501,0.0031766010136492747,0.2116633544603646
AAPL270617C00015000,2026-08-04 16:26:37+00:00,15.0,291.6,304.0,307.05,0.0,0.0,10.0,10.0,1.0000000000000003e-05,True,REGULAR,USD,Call,2027-06-17,AAPL,2026-10-06T00:29:07.449491+00:00,332.89,0.0401800012588501,0.0031766010136492747,0.2116633544603646
AAPL270617C00025000,2026-06-24 18:53:24+00:00,25.0,270.32,284.35,288.1,0.0,0.0,1.0,2.0,1.0000000000000003e-05,True,REGULAR,USD,Call,2027-06-17,AAPL,2026-10-06T00:29:07.449491+00:00,332.89,0.0401800012588501,0.0031766010136492747,0.2116633544603646
AAPL270617C00030000,2026-02-24 14:32:49+00:00,30.0,240.67,0.0,0.0,0.0,0.0,,0.0,1.0000000000000003e-05,True,REGULAR,USD,Call,2027-06-17,AAPL,2026-10-06T00:29:07.449491+00:00,332.89,0.0401800012588501,0.0031766010136492747,0.2116633544603646
AAPL270617C00035000,2026-04-07 13:55:15+00:00,35.0,215.61,263.5,268.5,0.0,0.0,1.0,2.0,1.0000000000000003e-05,True,REGULAR,USD,Call,2027-06-17,AAPL,2026-10-06T00:29:07.449491+00:00,332.89,0.0401800012588501,0.0031766010136492747,0.2116633544603646
AAPL270617C00040000,2026-10-01 19:39:37+00:00,40.0,290.43,292.25,295.85,0.0,0.0,1.0,3.0,1.3144565527343748,True,REGULAR,USD,Call,2027-06-17,AAPL,2026-10-06T00:29:07.449491+00:00,332.89,0.0401800012588501,0.0031766010136492747,0.2116633544603646
AAPL270617C00050000,2026-10-02 13:30:12+00:00,50.0,284.0,282.55,286.25,0.0,0.0,1.0,9.0,1.2265663671875,True,REGULAR,USD,Call,2027-06-17,AAPL,2026-10-06T00:29:07.449491+00:00,332.89,0.0401800012588501,0.0031766010136492747,0.2116633544603646
AAPL270617C00055000,2026-09-03 17:02:37+00:00,55.0,275.7,277.75,281.4,0.0,0.0,1.0,73.0,1.1870157836914061,True,REGULAR,USD,Call,2027-06-17,AAPL,2026-10-06T00:29:07.449491+00:00,332.89,0.0401800012588501,0.0031766010136492747,0.2116633544603646
AAPL270617C00060000,2026-08-17 14:31:49+00:00,60.0,246.22,0.0,0.0,0.0,0.0,1.0,0.0,1.0000000000000003e-05,True,REGULAR,USD,Call,2027-06-17,AAPL,2026-10-06T00:29:07.449491+00:00,332.89,0.0401800012588501,0.0031766010136492747,0.2116633544603646
AAPL270617C00065000,2026-06-25 16:13:58+00:00,65.0,214.35,245.75,249.5,0.0,0.0,1.0,4.0,1.0000000000000003e-05,True,REGULAR,USD,Call,2027-06-17,AAPL,2026-10-06T00:29:07.449491+00:00,332.89,0.0401800012588501,0.0031766010136492747,0.2116633544603646
AAPL270617C00070000,2026-08-17 19:58:04+00:00,70.0,237.67,260.7,264.05,0.0,0.0,1.0,0.0,0.96289099609375,True,REGULAR,USD,Call,2027-06-17,AAPL,2026-10-06T00:29:07.449491+00:00,332.89,0.0401800012588501,0.0031766010136492747,0.2116633544603646
AAPL270617C00075000,2026-08-11 16:39:06+00:00,75.0,233.95,0.0,0.0,0.0,0.0,10.0,0.0,1.0000000000000003e-05,True,REGULAR,USD,Call,2027-06-17,AAPL,2026-10-06T00:29:07.449491+00:00,332.89,0.0401800012588501,0.0031766010136492747,0.2116633544603646
AAPL270617C00080000,2026-08-06 13:30:01+00:00,80.0,237.35,0.0,0.0,0.0,0.0,1.0,0.0,1.0000000000000003e-05,True,REGULAR,USD,Call,2027-06-17,AAPL,2026-10-06T00:29:07.449491+00:00,332.89,0.0401800012588501,0.0031766010136492747,0.2116633544603646
AAPL270617C00085000,2026-05-06 16:11:08+00:00,85.0,203.49,218.05,221.95,0.0,0.0,76.0,73.0,1.0000000000000003e-05,True,REGULAR,USD,Call,2027-06-17,AAPL,2026-10-06T00:29:07.449491+00:00,332.89,0.0401800012588501,0.0031766010136492747,0.2116633544603646
AAPL270617C00090000,2026-09-30 16:54:52+00:00,90.0,249.01,243.9,247.35,0.0,0.0,1.0,30.0,0.9526371923828124,True,REGULAR,USD,Call,2027-06-17,AAPL,2026-10-06T00:29:07.449491+00:00,332.89,0.0401800012588501,0.0031766010136492747,0.2116633544603646
AAPL270617C00095000,2026-09-29 19:05:04+00:00,95.0,239.1,239.1,242.55,0.0,0.0,1.0,99.0,0.9288337194824219,True,REGULAR,USD,Call,2027-06-17,AAPL,2026-10-06T00:29:07.449491+00:00,332.89,0.0401800012588501,0.0031766010136492747,0.2116633544603646
AAPL270617C00100000,2026-10-05 16:13:12+00:00,100.0,236.48,234.25,237.5,-3.449997,-1.4379182,1.0,165.0,0.896241271972656,True,REGULAR,USD,Call,2027-06-17,AAPL,2026-10-06T00:29:07.449491+00:00,332.89,0.0401800012588501,0.0031766010136492747,0.2116633544603646
AAPL270617C00105000,2026-10-02 14:45:01+00:00,105.0,232.17,229.45,232.65,0.0,0.0,5.0,80.0,0.872926075439453,True,REGULAR,USD,Call,2027-06-17,AAPL,2026-10-06T00:29:07.449491+00:00,332.89,0.0401800012588501,0.0031766010136492747,0.2116633544603646
AAPL270617C00110000,2026-07-20 15:42:15+00:00,110.0,220.0,202.5,206.25,0.0,0.0,1.0,54.0,1.0000000000000003e-05,True,REGULAR,USD,Call,2027-06-17,AAPL,2026-10-06T00:29:07.449491+00:00,332.89,0.0401800012588501,0.0031766010136492747,0.2116633544603646
AAPL270617C00115000,2026-09-24 17:06:07+00:00,115.0,226.94,219.8,223.0,0.0,0.0,1.0,254.0,0.8281267187499999,True,REGULAR,USD,Call,2027-06-17,AAPL,2026-10-06T00:29:07.449491+00:00,332.89,0.0401800012588501,0.0031766010136492747,0.2116633544603646
AAPL270617C00120000,2026-07-30 16:31:15+00:00,120.0,216.02,202.65,205.8,0.0,0.0,8.0,153.0,1.0000000000000003e-05,True,REGULAR,USD,Call,2027-06-17,AAPL,2026-10-06T00:29:07.449491+00:00,332.89,0.0401800012588501,0.0031766010136492747,0.2116633544603646
AAPL270617C00125000,2026-10-01 14:04:24+00:00,125.0,207.95,210.15,213.4,0.0,0.0,2.0,240.0,0.786989434814453,True,REGULAR,USD,Call,2027-06-17,AAPL,2026-10-06T00:29:07.449491+00:00,332.89,0.0401800012588501,0.0031766010136492747,0.2116633544603646
AAPL270617C00130000,2026-10-01 17:39:12+00:00,130.0,203.65,205.35,208.6,0.0,0.0,5.0,303.0,0.7676414837646486,True,REGULAR,USD,Call,2027-06-17,AAPL,2026-10-06T00:29:07.449491+00:00,332.89,0.0401800012588501,0.0031766010136492747,0.2116633544603646
AAPL270617C00135000,2026-10-01 17:47:18+00:00,135.0,198.85,200.55,203.4,0.0,0.0,5.0,195.0,0.7401759381103514,True,REGULAR,USD,Call,2027-06-17,AAPL,2026-10-06T00:29:07.449491+00:00,332.89,0.0401800012588501,0.0031766010136492747,0.2116633544603646
AAPL270617C00140000,2026-09-30 17:26:49+00:00,140.0,200.55,195.7,198.95,0.0,0.0,1.0,197.0,0.7280300634765625,True,REGULAR,USD,Call,2027-06-17,AAPL,2026-10-06T00:29:07.449491+00:00,332.89,0.0401800012588501,0.0031766010136492747,0.2116633544603646
AAPL270617C00145000,2026-09-04 16:36:20+00:00,145.0,181.0,190.9,194.15,0.0,0.0,1.0,176.0,0.7098417687988281,True,REGULAR,USD,Call,2027-06-17,AAPL,2026-10-06T00:29:07.449491+00:00,332.89,0.0401800012588501,0.0031766010136492747,0.2116633544603646
AAPL270617C00150000,2026-09-25 19:51:47+00:00,150.0,195.87,186.1,188.85,0.0,0.0,1.0,1453.0,0.6828034649658206,True,REGULAR,USD,Call,2027-06-17,AAPL,2026-10-06T00:29:07.449491+00:00,332.89,0.0401800012588501,0.0031766010136492747,0.2116633544603646
AAPL270617C00155000,2026-09-22 13:30:42+00:00,155.0,192.0,181.35,184.6,0.0,0.0,1.0,141.0,0.6760896649169923,True,REGULAR,USD,Call,2027-06-17,AAPL,2026-10-06T00:29:07.449491+00:00,332.89,0.0401800012588501,0.0031766010136492747,0.2116633544603646
AAPL270617C00160000,2026-09-21 17:00:34+00:00,160.0,184.35,176.55,179.35,0.0,0.0,4.0,319.0,0.6512486047363282,True,REGULAR,USD,Call,2027-06-17,AAPL,2026-10-06T00:29:07.449491+00:00,332.89,0.0401800012588501,0.0031766010136492747,0.2116633544603646
AAPL270617C00165000,2026-09-28 16:52:41+00:00,165.0,181.6,171.75,174.5,0.0,0.0,1.0,201.0,0.6336096209716797,True,REGULAR,USD,Call,2027-06-17,AAPL,2026-10-06T00:29:07.449491+00:00,332.89,0.0401800012588501,0.0031766010136492747,0.2116633544603646
AAPL270617C00170000,2026-09-30 15:37:30+00:00,170.0,173.33,167.0,170.25,0.0,0.0,1.0,267.0,0.626102371826172,True,REGULAR,USD,Call,2027-06-17,AAPL,2026-10-06T00:29:07.449491+00:00,332.89,0.0401800012588501,0.0031766010136492747,0.2116633544603646
AAPL270617C00175000,2026-09-30 14:44:30+00:00,175.0,169.69,162.25,165.45,0.0,0.0,1.0,438.0,0.6100502862548829,True,REGULAR,USD,Call,2027-06-17,AAPL,2026-10-06T00:29:07.449491+00:00,332.89,0.0401800012588501,0.0031766010136492747,0.2116633544603646
AAPL270617C00180000,2026-09-29 19:54:40+00:00,180.0,156.2,157.5,160.15,0.0,0.0,3.0,919.0,0.5873454351806642,True,REGULAR,USD,Call,2027-06-17,AAPL,2026-10-06T00:29:07.449491+00:00,332.89,0.0401800012588501,0.0031766010136492747,0.2116633544603646
AAPL270617C00185000,2026-09-22 13:32:52+00:00,185.0,165.73,152.75,156.4,0.0,0.0,12.0,177.0,0.5855754333496093,True,REGULAR,USD,Call,2027-06-17,AAPL,2026-10-06T00:29:07.449491+00:00,332.89,0.0401800012588501,0.0031766010136492747,0.2116633544603646
AAPL270617C00190000,2026-10-02 13:30:07+00:00,190.0,149.77,148.0,151.25,0.0,0.0,3.0,674.0,0.5653729986572267,True,REGULAR,USD,Call,2027-06-17,AAPL,2026-10-06T00:29:07.449491+00:00,332.89,0.0401800012588501,0.0031766010136492747,0.2116633544603646
AAPL270617C00195000,2026-09-23 15:17:32+00:00,195.0,150.72,143.3,146.5,0.0,0.0,1.0,344.0,0.5509993630981446,True,REGULAR,USD,Call,2027-06-17,AAPL,2026-10-06T00:29:07.449491+00:00,332.89,0.0401800012588501,0.0031766010136492747,0.2116633544603646
AAPL270617C00200000,2026-10-02 14:09:25+00:00,200.0,141.18,138.6,141.85,0.0,0.0,2.0,7491.0,0.5377853839111328,True,REGULAR,USD,Call,2027-06-17,AAPL,2026-10-06T00:29:07.449491+00:00,332.89,0.0401800012588501,0.0031766010136492747,0.2116633544603646
AAPL270617C00210000,2026-10-05 19:38:47+00:00,210.0,131.81,129.45,131.95,1.199997,0.91876346,1.0,3636.0,0.5075732836914062,True,REGULAR,USD,Call,2027-06-17,AAPL,2026-10-06T00:29:07.449491+00:00,332.89,0.0401800012588501,0.0031766010136492747,0.2116633544603646
AAPL270617C00220000,2026-10-02 16:13:25+00:00,220.0,122.0,120.0,122.7,0.0,0.0,1.0,4299.0,0.5063525927734375,True,REGULAR,USD,Call,2027-06-17,AAPL,2026-10-06T00:29:07.449491+00:00,332.89,0.0401800012588501,0.0031766010136492747,0.2116633544603646
AAPL270617C00230000,2026-10-02 19:35:03+00:00,230.0,113.5,111.6,113.6,0.0,0.0,1.0,3904.0,0.4819387744140625,True,REGULAR,USD,Call,2027-06-17,AAPL,2026-10-06T00:29:07.449491+00:00,332.89,0.0401800012588501,0.0031766010136492747,0.2116633544603646
AAPL270617C00240000,2026-10-05 17:58:12+00:00,240.0,103.0,102.4,105.2,-1.3099976,-1.2558696,20.0,1626.0,0.4676872079467773,True,REGULAR,USD,Call,2027-06-17,AAPL,2026-10-06T00:29:07.449491+00:00,332.89,0.0401800012588501,0.0031766010136492747,0.2116633544603646
AAPL270617C00250000,2026-10-05 18:27:01+00:00,250.0,94.82,93.85,95.9,1.3199997,1.4117644,1.0,2878.0,0.43836010864257813,True,REGULAR,USD,Call,2027-06-17,AAPL,2026-10-06T00:29:07.449491+00:00,332.89,0.0401800012588501,0.0031766010136492747,0.2116633544603646
AAPL270617C00260000,2026-10-05 17:15:32+00:00,260.0,87.3,85.6,87.2,0.7700043,0.88986975,10.0,4122.0,0.41690646575927726,True,REGULAR,USD,Call,2027-06-17,AAPL,2026-10-06T00:29:07.449491+00:00,332.89,0.0401800012588501,0.0031766010136492747,0.2116633544603646
AAPL270617C00270000,2026-10-05 18:27:01+00:00,270.0,77.95,76.85,79.05,-0.45000458,-0.5739854,3.0,5710.0,0.4009154147338867,True,REGULAR,USD,Call,2027-06-17,AAPL,2026-10-06T00:29:07.449491+00:00,332.89,0.0401800012588501,0.0031766010136492747,0.2116633544603646
AAPL270617C00280000,2026-10-02 13:54:50+00:00,280.0,69.27,68.5,71.15,0.0,0.0,2.0,8210.0,0.385626260986328,True,REGULAR,USD,Call,2027-06-17,AAPL,2026-10-06T00:29:07.449491+00:00,332.89,0.0401800012588501,0.0031766010136492747,0.2116633544603646
AAPL270617C00290000,2026-10-05 18:26:57+00:00,290.0,63.0,61.75,63.55,0.31000137,0.49449894,7.0,4995.0,0.3712068495178223,True,REGULAR,USD,Call,2027-06-17,AAPL,2026-10-06T00:29:07.449491+00:00,332.89,0.0401800012588501,0.0031766010136492747,0.2116633544603646
AAPL270617C00300000,2026-10-05 19:45:03+00:00,300.0,55.0,54.4,56.35,-0.83000183,-1.4866592,20.0,9046.0,0.3582522671508789,True,REGULAR,USD,Call,2027-06-17,AAPL,2026-10-06T00:29:07.449491+00:00,332.89,0.0401800012588501,0.0031766010136492747,0.2116633544603646
AAPL270617C00310000,2026-10-05 16:45:16+00:00,310.0,48.37,48.1,49.1,-0.58000183,-1.1848862,4.0,6803.0,0.3418950088500976,True,REGULAR,USD,Call,2027-06-17,AAPL,2026-10-06T00:29:07.449491+00:00,332.89,0.0401800012588501,0.0031766010136492747,0.2116633544603646
AAPL270617C00320000,2026-10-05 19:05:00+00:00,320.0,42.35,41.4,43.35,-0.80000305,-1.8540047,21.0,8155.0,0.3367681069946289,True,REGULAR,USD,Call,2027-06-17,AAPL,2026-10-06T00:29:07.449491+00:00,332.89,0.0401800012588501,0.0031766010136492747,0.2116633544603646
AAPL270617C00330000,2026-10-05 19:35:24+00:00,330.0,37.0,35.6,37.05,-0.02999878,-0.0810121,90.0,6877.0,0.3228674891662597,True,REGULAR,USD,Call,2027-06-17,AAPL,2026-10-06T00:29:07.449491+00:00,332.89,0.0401800012588501,0.0031766010136492747,0.2116633544603646
AAPL270617C00340000,2026-10-05 19:44:58+00:00,340.0,31.33,30.65,31.5,-0.54999924,-1.7252172,46.0,5968.0,0.3122474781799316,False,REGULAR,USD,Call,2027-06-17,AAPL,2026-10-06T00:29:07.449491+00:00,332.89,0.0401800012588501,0.0031766010136492747,0.2116633544603646
AAPL270617C00350000,2026-10-05 19:46:08+00:00,350.0,26.25,26.2,27.05,-0.95000076,-3.4926498,81.0,10898.0,0.30771566314697263,False,REGULAR,USD,Call,2027-06-17,AAPL,2026-10-06T00:29:07.449491+00:00,332.89,0.0401800012588501,0.0031766010136492747,0.2116633544603646
AAPL270617C00360000,2026-10-05 19:50:26+00:00,360.0,22.15,22.0,22.85,-0.70000076,-3.0634606,164.0,5782.0,0.30155117401123044,False,REGULAR,USD,Call,2027-06-17,AAPL,2026-10-06T00:29:07.449491+00:00,332.89,0.0401800012588501,0.0031766010136492747,0.2116633544603646
AAPL270617C00370000,2026-10-05 18:54:49+00:00,370.0,18.55,18.35,18.8,-0.5,-2.624672,73.0,5500.0,0.2927621994018553,False,REGULAR,USD,Call,2027-06-17,AAPL,2026-10-06T00:29:07.449491+00:00,332.89,0.0401800012588501,0.0031766010136492747,0.2116633544603646
AAPL270617C00380000,2026-10-05 19:14:09+00:00,380.0,15.75,15.2,15.65,-0.17000008,-1.0678396,43.0,6976.0,0.2884592639160155,False,REGULAR,USD,Call,2027-06-17,AAPL,2026-10-06T00:29:07.449491+00:00,332.89,0.0401800012588501,0.0031766010136492747,0.2116633544603646
AAPL270617C00390000,2026-10-05 19:03:10+00:00,390.0,13.01,12.5,12.95,-0.13000011,-0.9893463,41.0,4654.0,0.28479719116210933,False,REGULAR,USD,Call,2027-06-17,AAPL,2026-10-06T00:29:07.449491+00:00,332.89,0.0401800012588501,0.0031766010136492747,0.2116633544603646
AAPL270617C00400000,2026-10-05 19:38:05+00:00,400.0,10.65,10.25,10.85,-0.05000019,-0.4672915,93.0,5878.0,0.2838358970642089,False,REGULAR,USD,Call,2027-06-17,AAPL,2026-10-06T00:29:07.449491+00:00,332.89,0.0401800012588501,0.0031766010136492747,0.2116633544603646
AAPL270617C00410000,2026-10-05 19:35:25+00:00,410.0,8.71,8.25,8.75,-0.14000034,-1.5819247,28.0,1583.0,0.27930408203124996,False,REGULAR,USD,Call,2027-06-17,AAPL,2026-10-06T00:29:07.449491+00:00,332.89,0.0401800012588501,0.0031766010136492747,0.2116633544603646
AAPL270617C00420000,2026-10-05 19:42:22+00:00,420.0,6.95,6.7,7.15,-0.20000029,-2.7972069,16.0,1480.0,0.27722890747070306,False,REGULAR,USD,Call,2027-06-17,AAPL,2026-10-06T00:29:07.449491+00:00,332.89,0.0401800012588501,0.0031766010136492747,0.2116633544603646
AAPL270617C00430000,2026-10-05 18:33:28+00:00,430.0,5.55,5.35,5.8,-0.2999997,-5.1282005,14.0,1386.0,0.27518425018310544,False,REGULAR,USD,Call,2027-06-17,AAPL,2026-10-06T00:29:07.449491+00:00,332.89,0.0401800012588501,0.0031766010136492747,0.2116633544603646
AAPL270617C00440000,2026-10-05 18:31:47+00:00,440.0,4.5,4.3,4.7,-0.21000004,-4.4585996,20.0,2048.0,0.27368890380859373,False,REGULAR,USD,Call,2027-06-17,AAPL,2026-10-06T00:29:07.449491+00:00,332.89,0.0401800012588501,0.0031766010136492747,0.2116633544603646
AAPL270617C00450000,2026-10-05 18:02:49+00:00,450.0,3.6,3.45,3.85,-0.16000009,-4.255321,10.0,2533.0,0.2733837310791015,False,REGULAR,USD,Call,2027-06-17,AAPL,2026-10-06T00:29:07.449491+00:00,332.89,0.0401800012588501,0.0031766010136492747,0.2116633544603646
AAPL270617C00460000,2026-10-05 19:52:38+00:00,460.0,2.91,2.82,3.0,-0.089999914,-2.9999971,65.0,529.0,0.2700573483276367,False,REGULAR,USD,Call,2027-06-17,AAPL,2026-10-06T00:29:07.449491+00:00,332.89,0.0401800012588501,0.0031766010136492747,0.2116633544603646
AAPL270617C00470000,2026-10-02 16:21:55+00:00,470.0,2.3,2.17,2.43,0.0,0.0,14.0,1176.0,0.26972165832519535,False,REGULAR,USD,Call,2027-06-17,AAPL,2026-10-06T00:29:07.449491+00:00,332.89,0.0401800012588501,0.0031766010136492747,0.2116633544603646
AAPL270617C00480000,2026-09-24 14:32:31+00:00,480.0,2.75,1.82,1.97,0.0,0.0,1.0,152.0,0.26959958923339844,False,REGULAR,USD,Call,2027-06-17,AAPL,2026-10-06T00:29:07.449491+00:00,332.89,0.0401800012588501,0.0031766010136492747,0.2116633544603646
AAPL270617C00490000,2026-10-05 17:41:40+00:00,490.0,1.49,1.43,1.58,-0.16999996,-10.240962,5.0,225.0,0.2691113128662109,False,REGULAR,USD,Call,2027-06-17,AAPL,2026-10-06T00:29:07.449491+00:00,332.89,0.0401800012588501,0.0031766010136492747,0.2116633544603646
AAPL270617C00500000,2026-10-05 17:57:35+00:00,500.0,1.19,1.09,1.27,-0.099999905,-7.7519307,11.0,540.0,0.2688061401367187,False,REGULAR,USD,Call,2027-06-17,AAPL,2026-10-06T00:29:07.449491+00:00,332.89,0.0401800012588501,0.0031766010136492747,0.2116633544603646
AAPL270617C00510000,2026-10-05 17:39:03+00:00,510.0,0.97,0.91,1.03,-0.01999998,-2.0202,7.0,371.0,0.2691723474121094,False,REGULAR,USD,Call,2027-06-17,AAPL,2026-10-06T00:29:07.449491+00:00,332.89,0.0401800012588501,0.0031766010136492747,0.2116633544603646
AAPL270617C00520000,2026-10-05 16:19:03+00:00,520.0,0.78,0.72,0.82,-0.07000005,-8.2353,7.0,235.0,0.26868407104492187,False,REGULAR,USD,Call,2027-06-17,AAPL,2026-10-06T00:29:07.449491+00:00,332.89,0.0401800012588501,0.0031766010136492747,0.2116633544603646
AAPL270617C00530000,2026-10-05 17:46:59+00:00,530.0,0.64,0.62,0.67,-0.04000002,-5.8823557,24.0,3931.0,0.2694164855957031,False,REGULAR,USD,Call,2027-06-17,AAPL,2026-10-06T00:29:07.449491+00:00,332.89,0.0401800012588501,0.0031766010136492747,0.2116633544603646
AAPL270617C00540000,2026-09-28 14:23:45+00:00,540.0,0.88,0.4,0.55,0.0,0.0,5.0,235.0,0.27027096923828126,False,REGULAR,USD,Call,2027-06-17,AAPL,2026-10-06T00:29:07.449491+00:00,332.89,0.0401800012588501,0.0031766010136492747,0.2116633544603646
AAPL270617C00550000,2026-10-05 18:40:53+00:00,550.0,0.39,0.37,0.56,-0.07000002,-15.217396,45.0,1109.0,0.2794261511230468,False,REGULAR,USD,Call,2027-06-17,AAPL,2026-10-06T00:29:07.449491+00:00,332.89,0.0401800012588501,0.0031766010136492747,0.2116633544603646
AAPL270617C00560000,2026-09-25 14:40:00+00:00,560.0,0.41,0.23,0.47,-0.14000002,-25.454548,8.0,102.0,0.28076891113281244,False,REGULAR,USD,Call,2027-06-17,AAPL,2026-10-06T00:29:07.449491+00:00,332.89,0.0401800012588501,0.0031766010136492747,0.2116633544603646
AAPL270617C00570000,2026-09-30 14:09:59+00:00,570.0,0.33,0.2,0.41,0.0,0.0,1.0,133.0,0.2834544311523437,False,REGULAR,USD,Call,2027-06-17,AAPL,2026-10-06T00:29:07.449491+00:00,332.89,0.0401800012588501,0.0031766010136492747,0.2116633544603646
AAPL270617C00580000,2026-09-29 15:08:36+00:00,580.0,0.24,0.08,0.36,0.0,0.0,3.0,33.0,0.28613995117187496,False,REGULAR,USD,Call,2027-06-17,AAPL,2026-10-06T00:29:07.449491+00:00,332.89,0.0401800012588501,0.0031766010136492747,0.2116633544603646
AAPL270617C00590000,2026-10-01 14:02:30+00:00,590.0,0.2,0.05,0.32,0.0,0.0,1.0,438.0,0.2893137475585937,False,REGULAR,USD,Call,2027-06-17,AAPL,2026-10-06T00:29:07.449491+00:00,332.89,0.0401800012588501,0.0031766010136492747,0.2116633544603646
AAPL270617C00600000,2026-10-05 17:32:11+00:00,600.0,0.17,0.05,0.19,0.0,0.0,36.0,3529.0,0.2788158056640625,False,REGULAR,USD,Call,2027-06-17,AAPL,2026-10-06T00:29:07.449491+00:00,332.89,0.0401800012588501,0.0031766010136492747,0.2116633544603646
AAPL270617P00005000,2026-08-19 18:46:08+00:00,5.0,0.06,0.0,0.28,0.0,0.0,6.0,0.0,2.0898485253906243,False,REGULAR,USD,Put,2027-06-17,AAPL,2026-10-06T00:29:07.449491+00:00,332.89,0.0401800012588501,0.0031766010136492747,0.2116633544603646
AAPL270617P00010000,2026-10-05 14:28:05+00:00,10.0,0.01,0.0,0.27,0.0,0.0,1000.0,10.0,1.681642216796875,False,REGULAR,USD,Put,2027-06-17,AAPL,2026-10-06T00:29:07.449491+00:00,332.89,0.0401800012588501,0.0031766010136492747,0.2116633544603646
AAPL270617P00015000,2026-10-05 14:53:19+00:00,15.0,0.03,0.0,0.06,-0.020000001,-40.000004,1002.0,2.0,1.2578162109375,False,REGULAR,USD,Put,2027-06-17,AAPL,2026-10-06T00:29:07.449491+00:00,332.89,0.0401800012588501,0.0031766010136492747,0.2116633544603646
AAPL270617P00020000,2026-10-05 14:58:54+00:00,20.0,0.02,0.0,0.09,0.0,0.0,8.0,15.0,1.1757853710937498,False,REGULAR,USD,Put,2027-06-17,AAPL,2026-10-06T00:29:07.449491+00:00,332.89,0.0401800012588501,0.0031766010136492747,0.2116633544603646
AAPL270617P00025000,2026-05-19 18:20:22+00:00,25.0,0.03,0.0,0.0,0.0,0.0,16.0,0.0,0.500005,False,REGULAR,USD,Put,2027-06-17,AAPL,2026-10-06T00:29:07.449491+00:00,332.89,0.0401800012588501,0.0031766010136492747,0.2116633544603646
AAPL270617P00030000,2026-05-19 17:32:41+00:00,30.0,0.04,0.0,0.0,0.0,0.0,30.0,0.0,0.500005,False,REGULAR,USD,Put,2027-06-17,AAPL,2026-10-06T00:29:07.449491+00:00,332.89,0.0401800012588501,0.0031766010136492747,0.2116633544603646
AAPL270617P00035000,2025-11-24 16:29:19+00:00,35.0,0.11,0.01,0.1,0.0,0.0,,106.0,0.9531254687499999,False,REGULAR,USD,Put,2027-06-17,AAPL,2026-10-06T00:29:07.449491+00:00,332.89,0.0401800012588501,0.0031766010136492747,0.2116633544603646
AAPL270617P00040000,2026-03-12 17:08:09+00:00,40.0,0.11,0.02,0.55,0.0,0.0,,9.0,1.0703171484375003,False,REGULAR,USD,Put,2027-06-17,AAPL,2026-10-06T00:29:07.449491+00:00,332.89,0.0401800012588501,0.0031766010136492747,0.2116633544603646
AAPL270617P00045000,2026-08-03 13:59:31+00:00,45.0,0.15,0.0,0.58,0.0,0.0,2.0,83.0,1.01172369140625,False,REGULAR,USD,Put,2027-06-17,AAPL,2026-10-06T00:29:07.449491+00:00,332.89,0.0401800012588501,0.0031766010136492747,0.2116633544603646
AAPL270617P00050000,2026-09-29 16:50:08+00:00,50.0,0.03,0.02,0.1,0.0,0.0,2.0,717.0,0.804689453125,False,REGULAR,USD,Put,2027-06-17,AAPL,2026-10-06T00:29:07.449491+00:00,332.89,0.0401800012588501,0.0031766010136492747,0.2116633544603646
AAPL270617P00055000,2026-07-10 16:52:14+00:00,55.0,0.03,0.0,0.77,0.0,0.0,2.0,24.0,0.9433599414062499,False,REGULAR,USD,Put,2027-06-17,AAPL,2026-10-06T00:29:07.449491+00:00,332.89,0.0401800012588501,0.0031766010136492747,0.2116633544603646
AAPL270617P00060000,2026-07-31 14:56:18+00:00,60.0,0.05,0.0,0.28,0.0,0.0,3.0,76.0,0.7949239257812499,False,REGULAR,USD,Put,2027-06-17,AAPL,2026-10-06T00:29:07.449491+00:00,332.89,0.0401800012588501,0.0031766010136492747,0.2116633544603646
AAPL270617P00065000,2026-09-04 15:12:01+00:00,65.0,0.09,0.0,0.42,0.0,0.0,2.0,49.0,0.7939473730468749,False,REGULAR,USD,Put,2027-06-17,AAPL,2026-10-06T00:29:07.449491+00:00,332.89,0.0401800012588501,0.0031766010136492747,0.2116633544603646
AAPL270617P00070000,2026-09-23 15:48:00+00:00,70.0,0.05,0.0,0.31,0.0,0.0,1.0,42.0,0.7324245507812499,False,REGULAR,USD,Put,2027-06-17,AAPL,2026-10-06T00:29:07.449491+00:00,332.89,0.0401800012588501,0.0031766010136492747,0.2116633544603646
AAPL270617P00075000,2026-09-24 15:46:21+00:00,75.0,0.11,0.0,0.08,0.0,0.0,1.0,1557.0,0.6113320117187502,False,REGULAR,USD,Put,2027-06-17,AAPL,2026-10-06T00:29:07.449491+00:00,332.89,0.0401800012588501,0.0031766010136492747,0.2116633544603646
AAPL270617P00080000,2026-10-02 14:31:10+00:00,80.0,0.06,0.0,0.29,0.0,0.0,2.0,164.0,0.6660189648437502,False,REGULAR,USD,Put,2027-06-17,AAPL,2026-10-06T00:29:07.449491+00:00,332.89,0.0401800012588501,0.0031766010136492747,0.2116633544603646
AAPL270617P00085000,2026-10-02 14:31:20+00:00,85.0,0.05,0.0,0.24,0.0,0.0,2.0,80.0,0.6250037500000001,False,REGULAR,USD,Put,2027-06-17,AAPL,2026-10-06T00:29:07.449491+00:00,332.89,0.0401800012588501,0.0031766010136492747,0.2116633544603646
AAPL270617P00090000,2026-09-28 13:33:14+00:00,90.0,0.08,0.0,0.15,0.0,0.0,30.0,124.0,0.5712933496093751,False,REGULAR,USD,Put,2027-06-17,AAPL,2026-10-06T00:29:07.449491+00:00,332.89,0.0401800012588501,0.0031766010136492747,0.2116633544603646
AAPL270617P00095000,2026-10-05 17:52:05+00:00,95.0,0.05,0.0,0.13,-0.029999997,-37.499996,5.0,182.0,0.5410202148437502,False,REGULAR,USD,Put,2027-06-17,AAPL,2026-10-06T00:29:07.449491+00:00,332.89,0.0401800012588501,0.0031766010136492747,0.2116633544603646
AAPL270617P00100000,2026-10-01 14:53:09+00:00,100.0,0.13,0.05,0.14,0.0,0.0,20.0,1846.0,0.5390671093750001,False,REGULAR,USD,Put,2027-06-17,AAPL,2026-10-06T00:29:07.449491+00:00,332.89,0.0401800012588501,0.0031766010136492747,0.2116633544603646
AAPL270617P00105000,2026-10-01 15:34:43+00:00,105.0,0.09,0.05,0.15,0.0,0.0,2.0,520.0,0.5214891601562499,False,REGULAR,USD,Put,2027-06-17,AAPL,2026-10-06T00:29:07.449491+00:00,332.89,0.0401800012588501,0.0031766010136492747,0.2116633544603646
AAPL270617P00110000,2026-09-23 15:33:47+00:00,110.0,0.1,0.03,0.16,0.0,0.0,11.0,191.0,0.5273484765625001,False,REGULAR,USD,Put,2027-06-17,AAPL,2026-10-06T00:29:07.449491+00:00,332.89,0.0401800012588501,0.0031766010136492747,0.2116633544603646
AAPL270617P00115000,2026-09-24 16:24:58+00:00,115.0,0.11,0.02,0.18,0.0,0.0,65.0,94.0,0.514653291015625,False,REGULAR,USD,Put,2027-06-17,AAPL,2026-10-06T00:29:07.449491+00:00,332.89,0.0401800012588501,0.0031766010136492747,0.2116633544603646
AAPL270617P00120000,2026-10-05 13:49:18+00:00,120.0,0.15,0.1,0.16,-0.00999999,-6.2499943,2.0,606.0,0.48828636718750007,False,REGULAR,USD,Put,2027-06-17,AAPL,2026-10-06T00:29:07.449491+00:00,332.89,0.0401800012588501,0.0031766010136492747,0.2116633544603646
AAPL270617P00125000,2026-10-05 13:49:25+00:00,125.0,0.13,0.03,0.23,-0.010000005,-7.1428604,2.0,634.0,0.49023947265625006,False,REGULAR,USD,Put,2027-06-17,AAPL,2026-10-06T00:29:07.449491+00:00,332.89,0.0401800012588501,0.0031766010136492747,0.2116633544603646
AAPL270617P00130000,2026-10-02 18:27:47+00:00,130.0,0.15,0.08,0.26,0.0,0.0,16.0,519.0,0.47900911621093745,False,REGULAR,USD,Put,2027-06-17,AAPL,2026-10-06T00:29:07.449491+00:00,332.89,0.0401800012588501,0.0031766010136492747,0.2116633544603646
AAPL270617P00135000,2026-09-30 17:44:06+00:00,135.0,0.18,0.1,0.29,0.0,0.0,12.0,515.0,0.4672904833984375,False,REGULAR,USD,Put,2027-06-17,AAPL,2026-10-06T00:29:07.449491+00:00,332.89,0.0401800012588501,0.0031766010136492747,0.2116633544603646
AAPL270617P00140000,2026-09-21 13:42:59+00:00,140.0,0.31,0.1,0.33,0.0,0.0,1.0,318.0,0.45752495605468757,False,REGULAR,USD,Put,2027-06-17,AAPL,2026-10-06T00:29:07.449491+00:00,332.89,0.0401800012588501,0.0031766010136492747,0.2116633544603646
AAPL270617P00145000,2026-09-30 16:49:01+00:00,145.0,0.23,0.11,0.37,0.0,0.0,3.0,431.0,0.44727115234375,False,REGULAR,USD,Put,2027-06-17,AAPL,2026-10-06T00:29:07.449491+00:00,332.89,0.0401800012588501,0.0031766010136492747,0.2116633544603646
AAPL270617P00150000,2026-10-05 18:08:00+00:00,150.0,0.26,0.25,0.42,-0.02000001,-7.1428604,4.0,4609.0,0.4379939013671875,False,REGULAR,USD,Put,2027-06-17,AAPL,2026-10-06T00:29:07.449491+00:00,332.89,0.0401800012588501,0.0031766010136492747,0.2116633544603646
AAPL270617P00155000,2026-09-29 15:33:35+00:00,155.0,0.3,0.18,0.47,0.0,0.0,35.0,846.0,0.4282283740234375,False,REGULAR,USD,Put,2027-06-17,AAPL,2026-10-06T00:29:07.449491+00:00,332.89,0.0401800012588501,0.0031766010136492747,0.2116633544603646
AAPL270617P00160000,2026-09-24 17:49:20+00:00,160.0,0.4,0.21,0.4,0.0,0.0,5.0,1600.0,0.40259386474609377,False,REGULAR,USD,Put,2027-06-17,AAPL,2026-10-06T00:29:07.449491+00:00,332.89,0.0401800012588501,0.0031766010136492747,0.2116633544603646
AAPL270617P00165000,2026-09-29 14:42:17+00:00,165.0,0.41,0.26,0.6,0.0,0.0,6.0,1738.0,0.41089456298828125,False,REGULAR,USD,Put,2027-06-17,AAPL,2026-10-06T00:29:07.449491+00:00,332.89,0.0401800012588501,0.0031766010136492747,0.2116633544603646
AAPL270617P00170000,2026-09-30 17:47:18+00:00,170.0,0.48,0.41,0.51,0.0,0.0,10.0,1715.0,0.38550419189453117,False,REGULAR,USD,Put,2027-06-17,AAPL,2026-10-06T00:29:07.449491+00:00,332.89,0.0401800012588501,0.0031766010136492747,0.2116633544603646
AAPL270617P00175000,2026-10-05 14:34:14+00:00,175.0,0.56,0.48,0.58,0.01999998,3.7037,19.0,2185.0,0.3776917700195312,False,REGULAR,USD,Put,2027-06-17,AAPL,2026-10-06T00:29:07.449491+00:00,332.89,0.0401800012588501,0.0031766010136492747,0.2116633544603646
AAPL270617P00180000,2026-10-05 16:00:58+00:00,180.0,0.61,0.55,0.75,-0.01999998,-3.1746001,29.0,3081.0,0.37793590820312495,False,REGULAR,USD,Put,2027-06-17,AAPL,2026-10-06T00:29:07.449491+00:00,332.89,0.0401800012588501,0.0031766010136492747,0.2116633544603646
AAPL270617P00185000,2026-10-05 15:37:22+00:00,185.0,0.71,0.64,0.77,-0.15000004,-17.441864,1.0,995.0,0.3645083081054688,False,REGULAR,USD,Put,2027-06-17,AAPL,2026-10-06T00:29:07.449491+00:00,332.89,0.0401800012588501,0.0031766010136492747,0.2116633544603646
AAPL270617P00190000,2026-10-02 16:55:56+00:00,190.0,0.83,0.75,1.03,0.0,0.0,1.0,1669.0,0.3679262426757813,False,REGULAR,USD,Put,2027-06-17,AAPL,2026-10-06T00:29:07.449491+00:00,332.89,0.0401800012588501,0.0031766010136492747,0.2116633544603646
AAPL270617P00195000,2026-10-02 18:07:50+00:00,195.0,0.96,0.87,1.04,0.0,0.0,11.0,4925.0,0.3536441589355468,False,REGULAR,USD,Put,2027-06-17,AAPL,2026-10-06T00:29:07.449491+00:00,332.89,0.0401800012588501,0.0031766010136492747,0.2116633544603646
AAPL270617P00200000,2026-10-05 18:30:24+00:00,200.0,1.05,1.01,1.12,-0.08000004,-7.0796494,4.0,8822.0,0.34363449340820307,False,REGULAR,USD,Put,2027-06-17,AAPL,2026-10-06T00:29:07.449491+00:00,332.89,0.0401800012588501,0.0031766010136492747,0.2116633544603646
AAPL270617P00210000,2026-10-02 17:25:08+00:00,210.0,1.43,1.33,1.67,0.0,0.0,6.0,4992.0,0.3409489733886719,False,REGULAR,USD,Put,2027-06-17,AAPL,2026-10-06T00:29:07.449491+00:00,332.89,0.0401800012588501,0.0031766010136492747,0.2116633544603646
AAPL270617P00220000,2026-10-05 16:16:22+00:00,220.0,1.75,1.75,1.95,-0.14999998,-7.894736,2.0,11293.0,0.32245550598144523,False,REGULAR,USD,Put,2027-06-17,AAPL,2026-10-06T00:29:07.449491+00:00,332.89,0.0401800012588501,0.0031766010136492747,0.2116633544603646
AAPL270617P00230000,2026-10-05 19:45:26+00:00,230.0,2.45,2.33,2.59,-0.049999952,-1.9999981,22.0,5678.0,0.3138496350097656,False,REGULAR,USD,Put,2027-06-17,AAPL,2026-10-06T00:29:07.449491+00:00,332.89,0.0401800012588501,0.0031766010136492747,0.2116633544603646
AAPL270617P00240000,2026-10-05 19:43:08+00:00,240.0,3.15,3.05,3.3,0.05000019,1.6129094,36.0,5885.0,0.3031075549316406,False,REGULAR,USD,Put,2027-06-17,AAPL,2026-10-06T00:29:07.449491+00:00,332.89,0.0401800012588501,0.0031766010136492747,0.2116633544603646
AAPL270617P00250000,2026-10-05 17:23:37+00:00,250.0,3.96,3.9,4.25,-0.28999996,-6.8235283,2.0,8527.0,0.29410495941162107,False,REGULAR,USD,Put,2027-06-17,AAPL,2026-10-06T00:29:07.449491+00:00,332.89,0.0401800012588501,0.0031766010136492747,0.2116633544603646
AAPL270617P00260000,2026-10-05 19:40:32+00:00,260.0,5.25,5.1,5.4,-0.05000019,-0.9433998,58.0,9030.0,0.284888742980957,False,REGULAR,USD,Put,2027-06-17,AAPL,2026-10-06T00:29:07.449491+00:00,332.89,0.0401800012588501,0.0031766010136492747,0.2116633544603646
AAPL270617P00270000,2026-10-05 19:10:19+00:00,270.0,6.6,6.5,6.85,-0.3000002,-4.347829,39.0,6672.0,0.27649649291992184,False,REGULAR,USD,Put,2027-06-17,AAPL,2026-10-06T00:29:07.449491+00:00,332.89,0.0401800012588501,0.0031766010136492747,0.2116633544603646
AAPL270617P00280000,2026-10-05 19:39:44+00:00,280.0,8.45,8.3,8.75,-0.25,-2.8735633,78.0,9232.0,0.27010312423706057,False,REGULAR,USD,Put,2027-06-17,AAPL,2026-10-06T00:29:07.449491+00:00,332.89,0.0401800012588501,0.0031766010136492747,0.2116633544603646
AAPL270617P00290000,2026-10-05 19:10:55+00:00,290.0,10.35,10.3,10.8,-0.13999939,-1.3345985,119.0,12931.0,0.2609632009887696,False,REGULAR,USD,Put,2027-06-17,AAPL,2026-10-06T00:29:07.449491+00:00,332.89,0.0401800012588501,0.0031766010136492747,0.2116633544603646
AAPL270617P00300000,2026-10-05 19:37:30+00:00,300.0,13.0,12.95,13.45,-0.3000002,-2.2556405,84.0,8401.0,0.25418836639404296,False,REGULAR,USD,Put,2027-06-17,AAPL,2026-10-06T00:29:07.449491+00:00,332.89,0.0401800012588501,0.0031766010136492747,0.2116633544603646
AAPL270617P00310000,2026-10-05 19:53:10+00:00,310.0,16.12,16.05,16.45,-0.1799984,-1.1042846,160.0,4642.0,0.24623861679077147,False,REGULAR,USD,Put,2027-06-17,AAPL,2026-10-06T00:29:07.449491+00:00,332.89,0.0401800012588501,0.0031766010136492747,0.2116633544603646
AAPL270617P00320000,2026-10-05 19:36:35+00:00,320.0,19.5,19.45,20.1,-0.5,-2.5,243.0,3955.0,0.23973843765258784,False,REGULAR,USD,Put,2027-06-17,AAPL,2026-10-06T00:29:07.449491+00:00,332.89,0.0401800012588501,0.0031766010136492747,0.2116633544603646
AAPL270617P00330000,2026-10-05 19:42:21+00:00,330.0,23.7,23.55,24.2,-0.29999924,-1.2499968,69.0,2028.0,0.23227696441650392,False,REGULAR,USD,Put,2027-06-17,AAPL,2026-10-06T00:29:07.449491+00:00,332.89,0.0401800012588501,0.0031766010136492747,0.2116633544603646
AAPL270617P00340000,2026-10-05 19:33:08+00:00,340.0,28.11,28.15,28.95,-0.02999878,-0.10660547,53.0,1671.0,0.22541057800292968,True,REGULAR,USD,Put,2027-06-17,AAPL,2026-10-06T00:29:07.449491+00:00,332.89,0.0401800012588501,0.0031766010136492747,0.2116633544603646
AAPL270617P00350000,2026-10-05 19:31:30+00:00,350.0,33.27,33.15,34.3,-2.7999992,-7.762682,11.0,715.0,0.21842212249755855,True,REGULAR,USD,Put,2027-06-17,AAPL,2026-10-06T00:29:07.449491+00:00,332.89,0.0401800012588501,0.0031766010136492747,0.2116633544603646
AAPL270617P00360000,2026-10-02 14:30:53+00:00,360.0,39.3,38.85,40.55,0.0,0.0,4.0,466.0,0.2140276351928711,True,REGULAR,USD,Put,2027-06-17,AAPL,2026-10-06T00:29:07.449491+00:00,332.89,0.0401800012588501,0.0031766010136492747,0.2116633544603646
AAPL270617P00370000,2026-10-05 17:08:07+00:00,370.0,45.3,45.25,47.15,-3.75,-7.64526,2.0,260.0,0.20717650741577143,True,REGULAR,USD,Put,2027-06-17,AAPL,2026-10-06T00:29:07.449491+00:00,332.89,0.0401800012588501,0.0031766010136492747,0.2116633544603646
AAPL270617P00380000,2026-10-05 17:53:00+00:00,380.0,53.19,52.1,54.2,0.48999786,0.9297872,2.0,149.0,0.19855537780761717,True,REGULAR,USD,Put,2027-06-17,AAPL,2026-10-06T00:29:07.449491+00:00,332.89,0.0401800012588501,0.0031766010136492747,0.2116633544603646
AAPL270617P00390000,2026-09-30 16:59:24+00:00,390.0,58.85,59.85,62.35,0.0,0.0,4.0,248.0,0.1964496859741211,True,REGULAR,USD,Put,2027-06-17,AAPL,2026-10-06T00:29:07.449491+00:00,332.89,0.0401800012588501,0.0031766010136492747,0.2116633544603646
AAPL270617P00400000,2026-10-01 14:55:43+00:00,400.0,71.75,68.15,70.3,0.0,0.0,2.0,225.0,0.18457846679687498,True,REGULAR,USD,Put,2027-06-17,AAPL,2026-10-06T00:29:07.449491+00:00,332.89,0.0401800012588501,0.0031766010136492747,0.2116633544603646
AAPL270617P00410000,2026-09-29 19:44:16+00:00,410.0,81.8,76.95,79.4,0.0,0.0,1.0,11.0,0.18442588043212887,True,REGULAR,USD,Put,2027-06-17,AAPL,2026-10-06T00:29:07.449491+00:00,332.89,0.0401800012588501,0.0031766010136492747,0.2116633544603646
AAPL270617P00420000,2026-09-28 17:11:28+00:00,420.0,80.6,85.95,88.9,0.0,0.0,26.0,51.0,0.18839312591552732,True,REGULAR,USD,Put,2027-06-17,AAPL,2026-10-06T00:29:07.449491+00:00,332.89,0.0401800012588501,0.0031766010136492747,0.2116633544603646
AAPL270617P00430000,2026-10-05 13:36:53+00:00,430.0,94.97,95.55,98.6,1.8700027,2.008596,1.0,0.0,0.19464916687011719,True,REGULAR,USD,Put,2027-06-17,AAPL,2026-10-06T00:29:07.449491+00:00,332.89,0.0401800012588501,0.0031766010136492747,0.2116633544603646
AAPL270617P00440000,2026-09-21 14:34:29+00:00,440.0,102.41,105.55,108.65,0.0,0.0,1.0,0.0,0.2092364233398437,True,REGULAR,USD,Put,2027-06-17,AAPL,2026-10-06T00:29:07.449491+00:00,332.89,0.0401800012588501,0.0031766010136492747,0.2116633544603646
AAPL270617P00450000,2026-08-26 19:56:55+00:00,450.0,136.34,115.55,118.7,0.0,0.0,2.0,0.0,0.22345747253417966,True,REGULAR,USD,Put,2027-06-17,AAPL,2026-10-06T00:29:07.449491+00:00,332.89,0.0401800012588501,0.0031766010136492747,0.2116633544603646
AAPL270617P00460000,2025-12-15 20:39:13+00:00,460.0,186.3,201.6,202.05,0.0,0.0,,0.0,1.008916088256836,True,REGULAR,USD,Put,2027-06-17,AAPL,2026-10-06T00:29:07.449491+00:00,332.89,0.0401800012588501,0.0031766010136492747,0.2116633544603646
AAPL270617P00470000,2026-06-04 15:52:53+00:00,470.0,159.85,0.0,0.0,0.0,0.0,,0.0,1.0000000000000003e-05,True,REGULAR,USD,Put,2027-06-17,AAPL,2026-10-06T00:29:07.449491+00:00,332.89,0.0401800012588501,0.0031766010136492747,0.2116633544603646
AAPL270617P00480000,2026-07-20 13:50:10+00:00,480.0,150.0,167.65,171.4,0.0,0.0,7.0,0.0,0.5557295404052736,True,REGULAR,USD,Put,2027-06-17,AAPL,2026-10-06T00:29:07.449491+00:00,332.89,0.0401800012588501,0.0031766010136492747,0.2116633544603646
AAPL270917C00100000,2026-09-25 19:49:24+00:00,100.0,245.66,235.45,238.7,0.0,0.0,5.0,8.0,0.8283708569335937,True,REGULAR,USD,Call,2027-09-17,AAPL,2026-10-06T00:29:07.449491+00:00,332.89,0.0401800012588501,0.0031766010136492747,0.2116633544603646
AAPL270917C00105000,2026-08-10 17:41:49+00:00,105.0,206.35,0.0,0.0,0.0,0.0,40.0,0.0,1.0000000000000003e-05,True,REGULAR,USD,Call,2027-09-17,AAPL,2026-10-06T00:29:07.449491+00:00,332.89,0.0401800012588501,0.0031766010136492747,0.2116633544603646
AAPL270917C00110000,2026-09-29 19:05:04+00:00,110.0,225.7,225.95,229.5,0.0,0.0,3.0,12.0,0.7944356494140624,True,REGULAR,USD,Call,2027-09-17,AAPL,2026-10-06T00:29:07.449491+00:00,332.89,0.0401800012588501,0.0031766010136492747,0.2116633544603646
AAPL270917C00115000,2026-09-28 18:18:08+00:00,115.0,229.75,221.2,224.45,0.0,0.0,10.0,10.0,0.769106312866211,True,REGULAR,USD,Call,2027-09-17,AAPL,2026-10-06T00:29:07.449491+00:00,332.89,0.0401800012588501,0.0031766010136492747,0.2116633544603646
AAPL270917C00125000,2026-09-21 16:59:17+00:00,125.0,219.15,211.75,215.0,0.0,0.0,48.0,157.0,0.7337673107910156,True,REGULAR,USD,Call,2027-09-17,AAPL,2026-10-06T00:29:07.449491+00:00,332.89,0.0401800012588501,0.0031766010136492747,0.2116633544603646
AAPL270917C00130000,2026-10-05 19:54:31+00:00,130.0,208.63,207.0,210.25,-2.8899994,-1.3663007,1.0,12.0,0.7158231542968749,True,REGULAR,USD,Call,2027-09-17,AAPL,2026-10-06T00:29:07.449491+00:00,332.89,0.0401800012588501,0.0031766010136492747,0.2116633544603646
AAPL270917C00135000,2026-08-10 17:56:28+00:00,135.0,178.45,0.0,0.0,0.0,0.0,6.0,0.0,1.0000000000000003e-05,True,REGULAR,USD,Call,2027-09-17,AAPL,2026-10-06T00:29:07.449491+00:00,332.89,0.0401800012588501,0.0031766010136492747,0.2116633544603646
AAPL270917C00140000,2026-09-10 15:50:20+00:00,140.0,187.01,197.55,200.8,0.0,0.0,8.0,9.0,0.6824982922363283,True,REGULAR,USD,Call,2027-09-17,AAPL,2026-10-06T00:29:07.449491+00:00,332.89,0.0401800012588501,0.0031766010136492747,0.2116633544603646
AAPL270917C00145000,2026-09-21 16:59:00+00:00,145.0,200.35,192.85,196.0,0.0,0.0,24.0,23.0,0.6655917230224611,True,REGULAR,USD,Call,2027-09-17,AAPL,2026-10-06T00:29:07.449491+00:00,332.89,0.0401800012588501,0.0031766010136492747,0.2116633544603646
AAPL270917C00150000,2026-10-01 19:39:37+00:00,150.0,186.1,188.1,191.4,0.0,0.0,1.0,72.0,0.6510044665527344,True,REGULAR,USD,Call,2027-09-17,AAPL,2026-10-06T00:29:07.449491+00:00,332.89,0.0401800012588501,0.0031766010136492747,0.2116633544603646
AAPL270917C00155000,2026-09-04 17:45:42+00:00,155.0,173.98,183.4,186.7,0.0,0.0,10.0,44.0,0.6359289337158205,True,REGULAR,USD,Call,2027-09-17,AAPL,2026-10-06T00:29:07.449491+00:00,332.89,0.0401800012588501,0.0031766010136492747,0.2116633544603646
AAPL270917C00160000,2026-09-03 18:22:30+00:00,160.0,174.95,178.75,182.0,0.0,0.0,1.0,9.0,0.6216468499755861,True,REGULAR,USD,Call,2027-09-17,AAPL,2026-10-06T00:29:07.449491+00:00,332.89,0.0401800012588501,0.0031766010136492747,0.2116633544603646
AAPL270917C00165000,2026-09-10 19:21:14+00:00,165.0,168.68,174.05,177.0,0.0,0.0,1.0,24.0,0.6033975207519533,True,REGULAR,USD,Call,2027-09-17,AAPL,2026-10-06T00:29:07.449491+00:00,332.89,0.0401800012588501,0.0031766010136492747,0.2116633544603646
AAPL270917C00170000,2026-09-16 19:16:44+00:00,170.0,169.59,169.4,172.65,0.0,0.0,1.0,10.0,0.5933878552246095,True,REGULAR,USD,Call,2027-09-17,AAPL,2026-10-06T00:29:07.449491+00:00,332.89,0.0401800012588501,0.0031766010136492747,0.2116633544603646
AAPL270917C00175000,2026-09-21 16:59:07+00:00,175.0,172.25,164.75,168.0,0.0,0.0,2.0,63.0,0.5799602551269532,True,REGULAR,USD,Call,2027-09-17,AAPL,2026-10-06T00:29:07.449491+00:00,332.89,0.0401800012588501,0.0031766010136492747,0.2116633544603646
AAPL270917C00180000,2026-09-10 14:31:03+00:00,180.0,148.98,160.1,163.35,0.0,0.0,1.0,6.0,0.5666242068481445,True,REGULAR,USD,Call,2027-09-17,AAPL,2026-10-06T00:29:07.449491+00:00,332.89,0.0401800012588501,0.0031766010136492747,0.2116633544603646
AAPL270917C00185000,2026-08-03 14:01:38+00:00,185.0,130.08,143.5,146.8,0.0,0.0,10.0,23.0,1.0000000000000003e-05,True,REGULAR,USD,Call,2027-09-17,AAPL,2026-10-06T00:29:07.449491+00:00,332.89,0.0401800012588501,0.0031766010136492747,0.2116633544603646
AAPL270917C00190000,2026-09-14 18:04:18+00:00,190.0,154.17,150.85,154.1,0.0,0.0,26.0,265.0,0.5410202148437502,True,REGULAR,USD,Call,2027-09-17,AAPL,2026-10-06T00:29:07.449491+00:00,332.89,0.0401800012588501,0.0031766010136492747,0.2116633544603646
AAPL270917C00195000,2026-09-24 14:29:00+00:00,195.0,152.73,146.25,149.5,0.0,0.0,2.0,39.0,0.528721753845215,True,REGULAR,USD,Call,2027-09-17,AAPL,2026-10-06T00:29:07.449491+00:00,332.89,0.0401800012588501,0.0031766010136492747,0.2116633544603646
AAPL270917C00200000,2026-10-05 16:50:00+00:00,200.0,145.0,141.7,144.95,5.279999,3.7789857,1.0,102.0,0.5172777764892578,True,REGULAR,USD,Call,2027-09-17,AAPL,2026-10-06T00:29:07.449491+00:00,332.89,0.0401800012588501,0.0031766010136492747,0.2116633544603646
AAPL270917C00205000,2026-09-22 18:50:28+00:00,205.0,138.39,137.15,140.4,-8.430008,-5.7417297,1.0,491.0,0.5057117300415038,True,REGULAR,USD,Call,2027-09-17,AAPL,2026-10-06T00:29:07.449491+00:00,332.89,0.0401800012588501,0.0031766010136492747,0.2116633544603646
AAPL270917C00210000,2026-09-24 14:29:09+00:00,210.0,139.19,132.65,135.9,0.0,0.0,60.0,86.0,0.5200548483276367,True,REGULAR,USD,Call,2027-09-17,AAPL,2026-10-06T00:29:07.449491+00:00,332.89,0.0401800012588501,0.0031766010136492747,0.2116633544603646
AAPL270917C00215000,2026-09-28 13:35:13+00:00,215.0,138.43,128.65,131.4,0.0,0.0,1.0,14.0,0.5081531118774415,True,REGULAR,USD,Call,2027-09-17,AAPL,2026-10-06T00:29:07.449491+00:00,332.89,0.0401800012588501,0.0031766010136492747,0.2116633544603646
AAPL270917C00220000,2026-09-29 15:55:07+00:00,220.0,124.0,123.9,126.95,0.0,0.0,7.0,67.0,0.49692275543212894,True,REGULAR,USD,Call,2027-09-17,AAPL,2026-10-06T00:29:07.449491+00:00,332.89,0.0401800012588501,0.0031766010136492747,0.2116633544603646
AAPL270917C00225000,2026-10-05 16:28:16+00:00,225.0,122.04,119.65,122.55,-3.4799957,-2.7724633,1.0,139.0,0.48627222717285157,True,REGULAR,USD,Call,2027-09-17,AAPL,2026-10-06T00:29:07.449491+00:00,332.89,0.0401800012588501,0.0031766010136492747,0.2116633544603646
AAPL270917C00230000,2026-10-02 19:01:12+00:00,230.0,117.07,115.35,118.2,0.0,0.0,1.0,97.0,0.4761252339172363,True,REGULAR,USD,Call,2027-09-17,AAPL,2026-10-06T00:29:07.449491+00:00,332.89,0.0401800012588501,0.0031766010136492747,0.2116633544603646
AAPL270917C00235000,2026-09-23 17:37:05+00:00,235.0,117.12,111.4,113.85,0.0,0.0,1.0,70.0,0.46579513702392583,True,REGULAR,USD,Call,2027-09-17,AAPL,2026-10-06T00:29:07.449491+00:00,332.89,0.0401800012588501,0.0031766010136492747,0.2116633544603646
AAPL270917C00240000,2026-09-29 16:46:09+00:00,240.0,108.81,107.1,109.15,2.0099945,1.8820173,1.0,689.0,0.45099425964355466,True,REGULAR,USD,Call,2027-09-17,AAPL,2026-10-06T00:29:07.449491+00:00,332.89,0.0401800012588501,0.0031766010136492747,0.2116633544603646
AAPL270917C00245000,2026-10-05 14:36:08+00:00,245.0,104.64,102.15,105.35,-4.510002,-4.1319304,1.0,32.0,0.44696597961425777,True,REGULAR,USD,Call,2027-09-17,AAPL,2026-10-06T00:29:07.449491+00:00,332.89,0.0401800012588501,0.0031766010136492747,0.2116633544603646
AAPL270917C00250000,2026-10-02 18:42:06+00:00,250.0,99.9,99.1,100.85,0.0,0.0,1.0,287.0,0.4343318286132813,True,REGULAR,USD,Call,2027-09-17,AAPL,2026-10-06T00:29:07.449491+00:00,332.89,0.0401800012588501,0.0031766010136492747,0.2116633544603646
AAPL270917C00255000,2026-09-30 18:51:42+00:00,255.0,99.53,94.0,96.8,0.0,0.0,1.0,55.0,0.42661095855712894,True,REGULAR,USD,Call,2027-09-17,AAPL,2026-10-06T00:29:07.449491+00:00,332.89,0.0401800012588501,0.0031766010136492747,0.2116633544603646
AAPL270917C00260000,2026-10-05 18:44:28+00:00,260.0,91.92,90.4,92.7,-0.3600006,-0.3901177,7.0,2344.0,0.4180050875854492,True,REGULAR,USD,Call,2027-09-17,AAPL,2026-10-06T00:29:07.449491+00:00,332.89,0.0401800012588501,0.0031766010136492747,0.2116633544603646
AAPL270917C00265000,2026-10-05 18:35:56+00:00,265.0,87.35,86.6,88.9,1.659996,1.9372109,25.0,181.0,0.412191547088623,True,REGULAR,USD,Call,2027-09-17,AAPL,2026-10-06T00:29:07.449491+00:00,332.89,0.0401800012588501,0.0031766010136492747,0.2116633544603646
AAPL270917C00270000,2026-10-02 17:44:12+00:00,270.0,84.3,82.6,84.75,-0.69999695,-0.82352585,8.0,2322.0,0.4023497265625,True,REGULAR,USD,Call,2027-09-17,AAPL,2026-10-06T00:29:07.449491+00:00,332.89,0.0401800012588501,0.0031766010136492747,0.2116633544603646
AAPL270917C00275000,2026-10-05 17:45:19+00:00,275.0,80.04,78.15,81.15,-0.3899994,-0.48489293,1.0,108.0,0.39763480789184574,True,REGULAR,USD,Call,2027-09-17,AAPL,2026-10-06T00:29:07.449491+00:00,332.89,0.0401800012588501,0.0031766010136492747,0.2116633544603646
AAPL270917C00280000,2026-10-05 18:23:06+00:00,280.0,75.7,74.95,77.2,2.2199936,3.0212214,3.0,310.0,0.3890136782836914,True,REGULAR,USD,Call,2027-09-17,AAPL,2026-10-06T00:29:07.449491+00:00,332.89,0.0401800012588501,0.0031766010136492747,0.2116633544603646
AAPL270917C00285000,2026-10-05 15:27:32+00:00,285.0,72.5,71.35,73.55,-4.0599976,-5.303027,45.0,468.0,0.38281867187499996,True,REGULAR,USD,Call,2027-09-17,AAPL,2026-10-06T00:29:07.449491+00:00,332.89,0.0401800012588501,0.0031766010136492747,0.2116633544603646
AAPL270917C00290000,2026-10-05 18:42:38+00:00,290.0,68.63,67.35,70.4,2.1800003,3.2806628,9.0,202.0,0.38065194549560544,True,REGULAR,USD,Call,2027-09-17,AAPL,2026-10-06T00:29:07.449491+00:00,332.89,0.0401800012588501,0.0031766010136492747,0.2116633544603646
AAPL270917C00295000,2026-10-05 16:08:43+00:00,295.0,65.6,63.55,66.4,-0.05000305,-0.07616611,2.0,323.0,0.3702760726928711,True,REGULAR,USD,Call,2027-09-17,AAPL,2026-10-06T00:29:07.449491+00:00,332.89,0.0401800012588501,0.0031766010136492747,0.2116633544603646
AAPL270917C00300000,2026-10-05 18:42:47+00:00,300.0,61.8,61.0,63.05,-1.2000008,-1.9047631,4.0,1048.0,0.36519494674682623,True,REGULAR,USD,Call,2027-09-17,AAPL,2026-10-06T00:29:07.449491+00:00,332.89,0.0401800012588501,0.0031766010136492747,0.2116633544603646
AAPL270917C00305000,2026-10-05 15:13:09+00:00,305.0,59.0,57.85,59.75,-0.27000046,-0.4555432,1.0,505.0,0.35997649307250973,True,REGULAR,USD,Call,2027-09-17,AAPL,2026-10-06T00:29:07.449491+00:00,332.89,0.0401800012588501,0.0031766010136492747,0.2116633544603646
AAPL270917C00310000,2026-10-05 14:55:37+00:00,310.0,56.33,54.35,56.8,0.42000198,0.75121087,3.0,527.0,0.357077352142334,True,REGULAR,USD,Call,2027-09-17,AAPL,2026-10-06T00:29:07.449491+00:00,332.89,0.0401800012588501,0.0031766010136492747,0.2116633544603646
AAPL270917C00315000,2026-10-05 14:40:22+00:00,315.0,53.2,50.6,53.85,0.10000229,0.18832824,4.0,627.0,0.35352208984374994,True,REGULAR,USD,Call,2027-09-17,AAPL,2026-10-06T00:29:07.449491+00:00,332.89,0.0401800012588501,0.0031766010136492747,0.2116633544603646
AAPL270917C00320000,2026-10-05 17:59:48+00:00,320.0,49.0,47.95,50.3,-1.1800003,-2.351535,1.0,2295.0,0.3445194943237304,True,REGULAR,USD,Call,2027-09-17,AAPL,2026-10-06T00:29:07.449491+00:00,332.89,0.0401800012588501,0.0031766010136492747,0.2116633544603646
AAPL270917C00325000,2026-10-05 14:30:28+00:00,325.0,46.7,45.7,47.85,0.0,0.0,1.0,649.0,0.3437565625,True,REGULAR,USD,Call,2027-09-17,AAPL,2026-10-06T00:29:07.449491+00:00,332.89,0.0401800012588501,0.0031766010136492747,0.2116633544603646
AAPL270917C00330000,2026-10-05 18:24:01+00:00,330.0,43.5,43.2,44.05,-0.6500015,-1.4722571,16.0,1007.0,0.3316717224121094,True,REGULAR,USD,Call,2027-09-17,AAPL,2026-10-06T00:29:07.449491+00:00,332.89,0.0401800012588501,0.0031766010136492747,0.2116633544603646
AAPL270917C00335000,2026-10-05 18:10:35+00:00,335.0,40.9,39.8,42.1,-0.94999695,-2.2700047,20.0,2981.0,0.33351801742553716,False,REGULAR,USD,Call,2027-09-17,AAPL,2026-10-06T00:29:07.449491+00:00,332.89,0.0401800012588501,0.0031766010136492747,0.2116633544603646
AAPL270917C00340000,2026-10-05 17:54:20+00:00,340.0,38.55,37.65,39.1,-0.59000015,-1.5074097,17.0,1356.0,0.32649904464721674,False,REGULAR,USD,Call,2027-09-17,AAPL,2026-10-06T00:29:07.449491+00:00,332.89,0.0401800012588501,0.0031766010136492747,0.2116633544603646
AAPL270917C00345000,2026-10-02 17:58:52+00:00,345.0,37.05,35.45,36.45,0.0,0.0,23.0,1106.0,0.3215399877929687,False,REGULAR,USD,Call,2027-09-17,AAPL,2026-10-06T00:29:07.449491+00:00,332.89,0.0401800012588501,0.0031766010136492747,0.2116633544603646
AAPL270917C00350000,2026-10-02 19:58:19+00:00,350.0,34.0,33.4,34.35,-0.16999817,-0.4975071,1.0,12340.0,0.3201819691467284,False,REGULAR,USD,Call,2027-09-17,AAPL,2026-10-06T00:29:07.449491+00:00,332.89,0.0401800012588501,0.0031766010136492747,0.2116633544603646
AAPL270917C00355000,2026-10-02 18:32:02+00:00,355.0,32.0,31.2,31.75,0.0,0.0,10.0,1113.0,0.31427687683105465,False,REGULAR,USD,Call,2027-09-17,AAPL,2026-10-06T00:29:07.449491+00:00,332.89,0.0401800012588501,0.0031766010136492747,0.2116633544603646
AAPL270917C00360000,2026-10-05 18:52:34+00:00,360.0,29.3,29.05,29.95,-0.40000153,-1.3468064,13.0,3422.0,0.3138801522827148,False,REGULAR,USD,Call,2027-09-17,AAPL,2026-10-06T00:29:07.449491+00:00,332.89,0.0401800012588501,0.0031766010136492747,0.2116633544603646
AAPL270917C00365000,2026-10-05 18:15:39+00:00,365.0,27.15,27.1,27.65,-1.3500004,-4.736843,51.0,1985.0,0.30892109542846674,False,REGULAR,USD,Call,2027-09-17,AAPL,2026-10-06T00:29:07.449491+00:00,332.89,0.0401800012588501,0.0031766010136492747,0.2116633544603646
AAPL270917C00370000,2026-10-05 18:14:45+00:00,370.0,25.3,25.2,25.75,-0.7200012,-2.7671068,34.0,1039.0,0.3064034204101562,False,REGULAR,USD,Call,2027-09-17,AAPL,2026-10-06T00:29:07.449491+00:00,332.89,0.0401800012588501,0.0031766010136492747,0.2116633544603646
AAPL270917C00375000,2026-10-05 19:07:10+00:00,375.0,24.0,23.4,23.95,0.44000053,1.8675745,14.0,2423.0,0.3039925558471679,False,REGULAR,USD,Call,2027-09-17,AAPL,2026-10-06T00:29:07.449491+00:00,332.89,0.0401800012588501,0.0031766010136492747,0.2116633544603646
AAPL270917C00380000,2026-10-05 19:02:12+00:00,380.0,22.35,21.7,22.25,-0.049999237,-0.22321089,19.0,2014.0,0.3017190190124512,False,REGULAR,USD,Call,2027-09-17,AAPL,2026-10-06T00:29:07.449491+00:00,332.89,0.0401800012588501,0.0031766010136492747,0.2116633544603646
AAPL270917C00385000,2026-10-05 19:02:12+00:00,385.0,20.75,20.1,20.7,0.049999237,0.2415422,22.0,1108.0,0.29999479309082033,False,REGULAR,USD,Call,2027-09-17,AAPL,2026-10-06T00:29:07.449491+00:00,332.89,0.0401800012588501,0.0031766010136492747,0.2116633544603646
AAPL270917C00390000,2026-10-05 19:02:17+00:00,390.0,19.25,18.6,19.2,1.3999996,7.8431354,13.0,561.0,0.29802642898559567,False,REGULAR,USD,Call,2027-09-17,AAPL,2026-10-06T00:29:07.449491+00:00,332.89,0.0401800012588501,0.0031766010136492747,0.2116633544603646
AAPL270917C00395000,2026-10-02 15:29:07+00:00,395.0,17.5,17.25,17.8,0.0,0.0,2.0,590.0,0.296256427154541,False,REGULAR,USD,Call,2027-09-17,AAPL,2026-10-06T00:29:07.449491+00:00,332.89,0.0401800012588501,0.0031766010136492747,0.2116633544603646
AAPL270917C00400000,2026-10-05 19:28:27+00:00,400.0,16.6,15.95,16.45,0.0,0.0,62.0,3375.0,0.2942575457763671,False,REGULAR,USD,Call,2027-09-17,AAPL,2026-10-06T00:29:07.449491+00:00,332.89,0.0401800012588501,0.0031766010136492747,0.2116633544603646
AAPL270917C00410000,2026-10-05 14:08:24+00:00,410.0,14.15,13.55,14.15,0.67999935,5.0482507,7.0,914.0,0.2918924571228026,False,REGULAR,USD,Call,2027-09-17,AAPL,2026-10-06T00:29:07.449491+00:00,332.89,0.0401800012588501,0.0031766010136492747,0.2116633544603646
AAPL270917C00420000,2026-10-05 17:46:40+00:00,420.0,11.75,11.5,12.05,-0.3800001,-3.1327298,4.0,1799.0,0.28896279891967763,False,REGULAR,USD,Call,2027-09-17,AAPL,2026-10-06T00:29:07.449491+00:00,332.89,0.0401800012588501,0.0031766010136492747,0.2116633544603646
AAPL270917C00430000,2026-10-05 18:28:01+00:00,430.0,9.95,9.6,10.4,-0.40000057,-3.8647397,1.0,494.0,0.2881235739135741,False,REGULAR,USD,Call,2027-09-17,AAPL,2026-10-06T00:29:07.449491+00:00,332.89,0.0401800012588501,0.0031766010136492747,0.2116633544603646
AAPL270917C00440000,2026-09-30 18:32:37+00:00,440.0,9.61,8.2,8.75,0.0,0.0,2.0,199.0,0.28504132934570303,False,REGULAR,USD,Call,2027-09-17,AAPL,2026-10-06T00:29:07.449491+00:00,332.89,0.0401800012588501,0.0031766010136492747,0.2116633544603646
AAPL270917C00450000,2026-10-05 17:39:04+00:00,450.0,7.2,6.9,7.45,-0.2800002,-3.7433183,1.0,517.0,0.28363753479003895,False,REGULAR,USD,Call,2027-09-17,AAPL,2026-10-06T00:29:07.449491+00:00,332.89,0.0401800012588501,0.0031766010136492747,0.2116633544603646
AAPL270917C00460000,2026-09-29 18:57:55+00:00,460.0,6.0,5.85,6.3,0.0,0.0,12.0,141.0,0.2819896020507812,False,REGULAR,USD,Call,2027-09-17,AAPL,2026-10-06T00:29:07.449491+00:00,332.89,0.0401800012588501,0.0031766010136492747,0.2116633544603646
AAPL270917C00470000,2026-10-02 17:35:06+00:00,470.0,5.35,4.85,5.4,0.0,0.0,9.0,365.0,0.28171494659423824,False,REGULAR,USD,Call,2027-09-17,AAPL,2026-10-06T00:29:07.449491+00:00,332.89,0.0401800012588501,0.0031766010136492747,0.2116633544603646
AAPL270917C00480000,2026-10-02 17:24:12+00:00,480.0,4.6,4.1,4.6,0.0,0.0,2.0,179.0,0.28113511840820304,False,REGULAR,USD,Call,2027-09-17,AAPL,2026-10-06T00:29:07.449491+00:00,332.89,0.0401800012588501,0.0031766010136492747,0.2116633544603646
AAPL270917C00490000,2026-10-02 18:27:12+00:00,490.0,3.74,3.45,3.9,0.0,0.0,4.0,70.0,0.2803721865844726,False,REGULAR,USD,Call,2027-09-17,AAPL,2026-10-06T00:29:07.449491+00:00,332.89,0.0401800012588501,0.0031766010136492747,0.2116633544603646
AAPL270917C00500000,2026-10-05 15:39:55+00:00,500.0,3.05,2.99,3.2,-0.10000014,-3.1746075,1.0,396.0,0.27768666656494134,False,REGULAR,USD,Call,2027-09-17,AAPL,2026-10-06T00:29:07.449491+00:00,332.89,0.0401800012588501,0.0031766010136492747,0.2116633544603646
AAPL270917C00510000,2026-09-23 14:11:38+00:00,510.0,3.68,2.44,2.72,0.0,0.0,2.0,97.0,0.27747304565429687,False,REGULAR,USD,Call,2027-09-17,AAPL,2026-10-06T00:29:07.449491+00:00,332.89,0.0401800012588501,0.0031766010136492747,0.2116633544603646
AAPL270917C00520000,2026-09-23 14:15:08+00:00,520.0,3.1,2.09,2.3,0.0,0.0,1.0,120.0,0.2770458038330078,False,REGULAR,USD,Call,2027-09-17,AAPL,2026-10-06T00:29:07.449491+00:00,332.89,0.0401800012588501,0.0031766010136492747,0.2116633544603646
AAPL270917C00530000,2026-09-30 19:37:39+00:00,530.0,2.19,1.64,2.11,0.0,0.0,1.0,90.0,0.28113511840820304,False,REGULAR,USD,Call,2027-09-17,AAPL,2026-10-06T00:29:07.449491+00:00,332.89,0.0401800012588501,0.0031766010136492747,0.2116633544603646
AAPL270917C00540000,2026-10-02 17:17:12+00:00,540.0,1.68,1.49,1.66,0.0,0.0,2.0,70.0,0.27698476928710936,False,REGULAR,USD,Call,2027-09-17,AAPL,2026-10-06T00:29:07.449491+00:00,332.89,0.0401800012588501,0.0031766010136492747,0.2116633544603646
AAPL270917C00550000,2026-09-30 14:17:03+00:00,550.0,1.58,1.14,1.43,0.0,0.0,6.0,1226.0,0.2776561492919921,False,REGULAR,USD,Call,2027-09-17,AAPL,2026-10-06T00:29:07.449491+00:00,332.89,0.0401800012588501,0.0031766010136492747,0.2116633544603646
AAPL270917C00560000,2026-09-30 14:21:07+00:00,560.0,1.4,1.06,1.35,0.0,0.0,50.0,452.0,0.2825999475097656,False,REGULAR,USD,Call,2027-09-17,AAPL,2026-10-06T00:29:07.449491+00:00,332.89,0.0401800012588501,0.0031766010136492747,0.2116633544603646
AAPL270917C00570000,2026-10-01 15:39:12+00:00,570.0,0.97,0.91,1.05,0.0,0.0,1.0,41.0,0.2784495983886719,False,REGULAR,USD,Call,2027-09-17,AAPL,2026-10-06T00:29:07.449491+00:00,332.89,0.0401800012588501,0.0031766010136492747,0.2116633544603646
AAPL270917C00580000,2026-09-30 19:23:13+00:00,580.0,0.98,0.7,0.9,0.0,0.0,5.0,83.0,0.2788158056640625,False,REGULAR,USD,Call,2027-09-17,AAPL,2026-10-06T00:29:07.449491+00:00,332.89,0.0401800012588501,0.0031766010136492747,0.2116633544603646
AAPL270917C00590000,2026-10-01 15:24:36+00:00,590.0,0.73,0.62,0.76,0.0,0.0,25.0,81.0,0.2786937365722656,False,REGULAR,USD,Call,2027-09-17,AAPL,2026-10-06T00:29:07.449491+00:00,332.89,0.0401800012588501,0.0031766010136492747,0.2116633544603646
AAPL270917C00600000,2026-10-05 18:58:00+00:00,600.0,0.61,0.54,0.66,-0.03999996,-6.1538405,59.0,2214.0,0.2795482202148437,False,REGULAR,USD,Call,2027-09-17,AAPL,2026-10-06T00:29:07.449491+00:00,332.89,0.0401800012588501,0.0031766010136492747,0.2116633544603646
AAPL270917P00100000,2026-10-02 16:06:18+00:00,100.0,0.12,0.03,0.23,0.0,0.0,2.0,411.0,0.5107470800781251,False,REGULAR,USD,Put,2027-09-17,AAPL,2026-10-06T00:29:07.449491+00:00,332.89,0.0401800012588501,0.0031766010136492747,0.2116633544603646
AAPL270917P00105000,2026-10-01 15:35:21+00:00,105.0,0.09,0.03,0.27,0.0,0.0,2.0,94.0,0.5004932763671875,False,REGULAR,USD,Put,2027-09-17,AAPL,2026-10-06T00:29:07.449491+00:00,332.89,0.0401800012588501,0.0031766010136492747,0.2116633544603646
AAPL270917P00110000,2026-10-01 16:57:26+00:00,110.0,0.18,0.04,0.3,0.0,0.0,168.0,195.0,0.48779809082031256,False,REGULAR,USD,Put,2027-09-17,AAPL,2026-10-06T00:29:07.449491+00:00,332.89,0.0401800012588501,0.0031766010136492747,0.2116633544603646
AAPL270917P00115000,2026-09-29 15:52:43+00:00,115.0,0.17,0.1,0.34,0.0,0.0,1.0,6.0,0.4770560107421875,False,REGULAR,USD,Put,2027-09-17,AAPL,2026-10-06T00:29:07.449491+00:00,332.89,0.0401800012588501,0.0031766010136492747,0.2116633544603646
AAPL270917P00120000,2026-08-31 14:29:40+00:00,120.0,0.37,0.1,0.25,0.0,0.0,1.0,151.0,0.4414118359375,False,REGULAR,USD,Put,2027-09-17,AAPL,2026-10-06T00:29:07.449491+00:00,332.89,0.0401800012588501,0.0031766010136492747,0.2116633544603646
AAPL270917P00125000,2026-09-21 16:46:40+00:00,125.0,0.32,0.12,0.42,0.0,0.0,1.0,15.0,0.4545952978515625,False,REGULAR,USD,Put,2027-09-17,AAPL,2026-10-06T00:29:07.449491+00:00,332.89,0.0401800012588501,0.0031766010136492747,0.2116633544603646
AAPL270917P00130000,2026-09-30 16:14:50+00:00,130.0,0.29,0.16,0.48,0.0,0.0,9.0,38.0,0.4458063232421875,False,REGULAR,USD,Put,2027-09-17,AAPL,2026-10-06T00:29:07.449491+00:00,332.89,0.0401800012588501,0.0031766010136492747,0.2116633544603646
AAPL270917P00135000,2026-09-30 18:37:05+00:00,135.0,0.38,0.19,0.53,0.0,0.0,1.0,63.0,0.43530838134765626,False,REGULAR,USD,Put,2027-09-17,AAPL,2026-10-06T00:29:07.449491+00:00,332.89,0.0401800012588501,0.0031766010136492747,0.2116633544603646
AAPL270917P00140000,2026-09-21 13:42:59+00:00,140.0,0.49,0.24,0.45,0.0,0.0,1.0,36.0,0.40918559570312496,False,REGULAR,USD,Put,2027-09-17,AAPL,2026-10-06T00:29:07.449491+00:00,332.89,0.0401800012588501,0.0031766010136492747,0.2116633544603646
AAPL270917P00145000,2026-09-29 18:17:14+00:00,145.0,0.49,0.28,0.49,0.0,0.0,32.0,43.0,0.3986876538085938,False,REGULAR,USD,Put,2027-09-17,AAPL,2026-10-06T00:29:07.449491+00:00,332.89,0.0401800012588501,0.0031766010136492747,0.2116633544603646
AAPL270917P00150000,2026-09-29 17:56:25+00:00,150.0,0.56,0.42,0.61,0.0,0.0,12.0,78.0,0.39649041015625003,False,REGULAR,USD,Put,2027-09-17,AAPL,2026-10-06T00:29:07.449491+00:00,332.89,0.0401800012588501,0.0031766010136492747,0.2116633544603646
AAPL270917P00155000,2026-09-29 19:49:00+00:00,155.0,0.6,0.45,0.63,0.0,0.0,26.0,122.0,0.3834290173339844,False,REGULAR,USD,Put,2027-09-17,AAPL,2026-10-06T00:29:07.449491+00:00,332.89,0.0401800012588501,0.0031766010136492747,0.2116633544603646
AAPL270917P00160000,2026-10-01 15:49:16+00:00,160.0,0.75,0.59,0.72,0.0,0.0,1.0,64.0,0.3767152172851562,False,REGULAR,USD,Put,2027-09-17,AAPL,2026-10-06T00:29:07.449491+00:00,332.89,0.0401800012588501,0.0031766010136492747,0.2116633544603646
AAPL270917P00165000,2026-10-05 15:35:25+00:00,165.0,0.74,0.7,1.0,-0.00999999,-1.3333321,1.0,76.0,0.3825745336914062,False,REGULAR,USD,Put,2027-09-17,AAPL,2026-10-06T00:29:07.449491+00:00,332.89,0.0401800012588501,0.0031766010136492747,0.2116633544603646
AAPL270917P00170000,2026-10-02 18:43:16+00:00,170.0,0.87,0.8,1.1,0.0,0.0,1.0,63.0,0.3742738354492187,False,REGULAR,USD,Put,2027-09-17,AAPL,2026-10-06T00:29:07.449491+00:00,332.89,0.0401800012588501,0.0031766010136492747,0.2116633544603646
AAPL270917P00175000,2026-09-23 18:15:16+00:00,175.0,1.05,0.91,1.05,0.0,0.0,20.0,96.0,0.3569400244140625,False,REGULAR,USD,Put,2027-09-17,AAPL,2026-10-06T00:29:07.449491+00:00,332.89,0.0401800012588501,0.0031766010136492747,0.2116633544603646
AAPL270917P00180000,2026-10-01 15:53:44+00:00,180.0,1.28,0.96,1.37,0.0,0.0,2.0,143.0,0.3601138208007812,False,REGULAR,USD,Put,2027-09-17,AAPL,2026-10-06T00:29:07.449491+00:00,332.89,0.0401800012588501,0.0031766010136492747,0.2116633544603646
AAPL270917P00185000,2026-09-28 13:49:31+00:00,185.0,1.22,1.14,1.5,0.0,0.0,6.0,54.0,0.35217932983398437,False,REGULAR,USD,Put,2027-09-17,AAPL,2026-10-06T00:29:07.449491+00:00,332.89,0.0401800012588501,0.0031766010136492747,0.2116633544603646
AAPL270917P00190000,2026-09-23 13:41:09+00:00,190.0,1.47,1.41,1.72,0.0,0.0,1.0,43.0,0.3476017388916015,False,REGULAR,USD,Put,2027-09-17,AAPL,2026-10-06T00:29:07.449491+00:00,332.89,0.0401800012588501,0.0031766010136492747,0.2116633544603646
AAPL270917P00195000,2026-09-30 14:25:32+00:00,195.0,1.56,1.51,1.89,0.0,0.0,6.0,104.0,0.3403386279296875,False,REGULAR,USD,Put,2027-09-17,AAPL,2026-10-06T00:29:07.449491+00:00,332.89,0.0401800012588501,0.0031766010136492747,0.2116633544603646
AAPL270917P00200000,2026-10-05 19:30:10+00:00,200.0,1.85,1.78,1.95,-0.18999994,-9.313723,52.0,524.0,0.32874206420898433,False,REGULAR,USD,Put,2027-09-17,AAPL,2026-10-06T00:29:07.449491+00:00,332.89,0.0401800012588501,0.0031766010136492747,0.2116633544603646
AAPL270917P00205000,2026-09-25 16:15:02+00:00,205.0,2.03,1.97,2.16,0.0,0.0,2.0,486.0,0.32227240234374993,False,REGULAR,USD,Put,2027-09-17,AAPL,2026-10-06T00:29:07.449491+00:00,332.89,0.0401800012588501,0.0031766010136492747,0.2116633544603646
AAPL270917P00210000,2026-09-22 17:20:53+00:00,210.0,2.4,2.28,2.44,0.0,0.0,11.0,171.0,0.3174506732177734,False,REGULAR,USD,Put,2027-09-17,AAPL,2026-10-06T00:29:07.449491+00:00,332.89,0.0401800012588501,0.0031766010136492747,0.2116633544603646
AAPL270917P00215000,2026-09-25 19:45:13+00:00,215.0,2.5,2.59,2.75,0.0,0.0,3.0,203.0,0.3126899786376953,False,REGULAR,USD,Put,2027-09-17,AAPL,2026-10-06T00:29:07.449491+00:00,332.89,0.0401800012588501,0.0031766010136492747,0.2116633544603646
AAPL270917P00220000,2026-09-30 15:26:09+00:00,220.0,2.95,2.88,3.1,0.06999993,2.4305532,2.0,958.0,0.3081734222412109,False,REGULAR,USD,Put,2027-09-17,AAPL,2026-10-06T00:29:07.449491+00:00,332.89,0.0401800012588501,0.0031766010136492747,0.2116633544603646
AAPL270917P00225000,2026-10-05 19:02:06+00:00,225.0,3.3,3.25,3.5,-0.03999996,-1.1976037,10.0,279.0,0.3040230731201171,False,REGULAR,USD,Put,2027-09-17,AAPL,2026-10-06T00:29:07.449491+00:00,332.89,0.0401800012588501,0.0031766010136492747,0.2116633544603646
AAPL270917P00230000,2026-10-02 19:53:56+00:00,230.0,3.82,3.7,3.9,0.0,0.0,5.0,393.0,0.2990792749023437,False,REGULAR,USD,Put,2027-09-17,AAPL,2026-10-06T00:29:07.449491+00:00,332.89,0.0401800012588501,0.0031766010136492747,0.2116633544603646
AAPL270917P00235000,2026-10-05 19:02:14+00:00,235.0,4.2,4.1,4.4,-0.09000015,-2.0979056,102.0,341.0,0.295356167602539,False,REGULAR,USD,Put,2027-09-17,AAPL,2026-10-06T00:29:07.449491+00:00,332.89,0.0401800012588501,0.0031766010136492747,0.2116633544603646
AAPL270917P00240000,2026-10-05 19:02:02+00:00,240.0,4.7,4.55,4.95,-0.20000029,-4.0816383,91.0,1032.0,0.2916635775756835,False,REGULAR,USD,Put,2027-09-17,AAPL,2026-10-06T00:29:07.449491+00:00,332.89,0.0401800012588501,0.0031766010136492747,0.2116633544603646
AAPL270917P00245000,2026-10-05 19:02:02+00:00,245.0,5.25,5.15,5.5,-0.25,-4.5454545,88.0,351.0,0.28711650390624993,False,REGULAR,USD,Put,2027-09-17,AAPL,2026-10-06T00:29:07.449491+00:00,332.89,0.0401800012588501,0.0031766010136492747,0.2116633544603646
AAPL270917P00250000,2026-10-05 19:08:18+00:00,250.0,5.9,5.75,6.15,-0.059999943,-1.0067104,36.0,1402.0,0.283362879333496,False,REGULAR,USD,Put,2027-09-17,AAPL,2026-10-06T00:29:07.449491+00:00,332.89,0.0401800012588501,0.0031766010136492747,0.2116633544603646
AAPL270917P00255000,2026-10-05 19:02:02+00:00,255.0,6.55,6.45,6.85,-0.6999998,-9.65517,63.0,287.0,0.27948718566894526,False,REGULAR,USD,Put,2027-09-17,AAPL,2026-10-06T00:29:07.449491+00:00,332.89,0.0401800012588501,0.0031766010136492747,0.2116633544603646
AAPL270917P00260000,2026-10-05 19:02:02+00:00,260.0,7.3,7.2,7.75,-0.1699996,-2.2757645,55.0,328.0,0.27747304565429687,False,REGULAR,USD,Put,2027-09-17,AAPL,2026-10-06T00:29:07.449491+00:00,332.89,0.0401800012588501,0.0031766010136492747,0.2116633544603646
AAPL270917P00265000,2026-10-05 19:02:02+00:00,265.0,8.1,8.0,8.45,-0.119999886,-1.4598526,50.0,846.0,0.271918901977539,False,REGULAR,USD,Put,2027-09-17,AAPL,2026-10-06T00:29:07.449491+00:00,332.89,0.0401800012588501,0.0031766010136492747,0.2116633544603646
AAPL270917P00270000,2026-10-05 14:27:38+00:00,270.0,9.05,8.95,9.35,-0.27999973,-3.001069,10.0,1110.0,0.2681042428588867,False,REGULAR,USD,Put,2027-09-17,AAPL,2026-10-06T00:29:07.449491+00:00,332.89,0.0401800012588501,0.0031766010136492747,0.2116633544603646
AAPL270917P00275000,2026-10-05 19:52:02+00:00,275.0,10.1,9.85,10.35,-0.6999998,-6.48148,26.0,1847.0,0.2645947564697265,False,REGULAR,USD,Put,2027-09-17,AAPL,2026-10-06T00:29:07.449491+00:00,332.89,0.0401800012588501,0.0031766010136492747,0.2116633544603646
AAPL270917P00280000,2026-10-05 18:30:36+00:00,280.0,11.0,10.9,11.45,-0.25,-2.2222223,68.0,2270.0,0.2612683737182617,False,REGULAR,USD,Put,2027-09-17,AAPL,2026-10-06T00:29:07.449491+00:00,332.89,0.0401800012588501,0.0031766010136492747,0.2116633544603646
AAPL270917P00285000,2026-10-05 18:43:32+00:00,285.0,12.35,12.05,12.6,-0.10999966,-0.8828223,70.0,733.0,0.2575910423278809,False,REGULAR,USD,Put,2027-09-17,AAPL,2026-10-06T00:29:07.449491+00:00,332.89,0.0401800012588501,0.0031766010136492747,0.2116633544603646
AAPL270917P00290000,2026-10-05 19:07:13+00:00,290.0,13.5,13.3,14.0,-0.22999954,-1.6751606,6.0,733.0,0.2555006091308594,False,REGULAR,USD,Put,2027-09-17,AAPL,2026-10-06T00:29:07.449491+00:00,332.89,0.0401800012588501,0.0031766010136492747,0.2116633544603646
AAPL270917P00295000,2026-10-05 18:29:03+00:00,295.0,14.85,14.6,15.45,-0.09999943,-0.6688925,48.0,1419.0,0.25287612365722656,False,REGULAR,USD,Put,2027-09-17,AAPL,2026-10-06T00:29:07.449491+00:00,332.89,0.0401800012588501,0.0031766010136492747,0.2116633544603646
AAPL270917P00300000,2026-10-05 19:43:03+00:00,300.0,16.39,16.15,16.85,-0.35000038,-2.0908027,13.0,2276.0,0.2488478436279297,False,REGULAR,USD,Put,2027-09-17,AAPL,2026-10-06T00:29:07.449491+00:00,332.89,0.0401800012588501,0.0031766010136492747,0.2116633544603646
AAPL270917P00305000,2026-10-05 19:38:44+00:00,305.0,17.8,17.65,18.3,-0.20000076,-1.1111153,50.0,1181.0,0.24440758041381838,False,REGULAR,USD,Put,2027-09-17,AAPL,2026-10-06T00:29:07.449491+00:00,332.89,0.0401800012588501,0.0031766010136492747,0.2116633544603646
AAPL270917P00310000,2026-10-05 18:50:47+00:00,310.0,19.45,19.35,20.15,-1.5499992,-7.3809485,95.0,10285.0,0.24251550949096679,False,REGULAR,USD,Put,2027-09-17,AAPL,2026-10-06T00:29:07.449491+00:00,332.89,0.0401800012588501,0.0031766010136492747,0.2116633544603646
AAPL270917P00315000,2026-10-05 18:10:25+00:00,315.0,21.35,21.05,21.95,-0.049999237,-0.2336413,105.0,676.0,0.23920438537597655,False,REGULAR,USD,Put,2027-09-17,AAPL,2026-10-06T00:29:07.449491+00:00,332.89,0.0401800012588501,0.0031766010136492747,0.2116633544603646
AAPL270917P00320000,2026-10-05 17:26:03+00:00,320.0,22.95,22.95,23.7,-0.6099987,-2.5891287,12.0,1265.0,0.2345657598876953,False,REGULAR,USD,Put,2027-09-17,AAPL,2026-10-06T00:29:07.449491+00:00,332.89,0.0401800012588501,0.0031766010136492747,0.2116633544603646
AAPL270917P00325000,2026-10-05 19:05:03+00:00,325.0,25.1,25.05,25.9,0.39999962,1.6194316,13.0,605.0,0.23258213714599607,False,REGULAR,USD,Put,2027-09-17,AAPL,2026-10-06T00:29:07.449491+00:00,332.89,0.0401800012588501,0.0031766010136492747,0.2116633544603646
AAPL270917P00330000,2026-10-05 18:27:35+00:00,330.0,27.3,27.2,28.1,-0.6400013,-2.2906275,55.0,1250.0,0.22959144439697265,False,REGULAR,USD,Put,2027-09-17,AAPL,2026-10-06T00:29:07.449491+00:00,332.89,0.0401800012588501,0.0031766010136492747,0.2116633544603646
AAPL270917P00335000,2026-10-05 18:49:40+00:00,335.0,29.6,29.45,30.4,-2.999998,-9.202449,20.0,895.0,0.22641764801025388,True,REGULAR,USD,Put,2027-09-17,AAPL,2026-10-06T00:29:07.449491+00:00,332.89,0.0401800012588501,0.0031766010136492747,0.2116633544603646
AAPL270917P00340000,2026-10-05 19:23:49+00:00,340.0,31.75,31.85,32.65,-0.25,-0.78125,68.0,457.0,0.22184005706787108,True,REGULAR,USD,Put,2027-09-17,AAPL,2026-10-06T00:29:07.449491+00:00,332.89,0.0401800012588501,0.0031766010136492747,0.2116633544603646
AAPL270917P00345000,2026-10-05 18:50:32+00:00,345.0,34.45,34.3,35.3,-2.0999985,-5.74555,17.0,252.0,0.2193528993225098,True,REGULAR,USD,Put,2027-09-17,AAPL,2026-10-06T00:29:07.449491+00:00,332.89,0.0401800012588501,0.0031766010136492747,0.2116633544603646
AAPL270917P00350000,2026-10-05 19:34:12+00:00,350.0,36.9,37.05,38.05,-0.3899994,-1.0458552,7.0,393.0,0.21660634475708007,True,REGULAR,USD,Put,2027-09-17,AAPL,2026-10-06T00:29:07.449491+00:00,332.89,0.0401800012588501,0.0031766010136492747,0.2116633544603646
AAPL270917P00355000,2026-09-30 16:18:57+00:00,355.0,38.93,39.8,40.85,0.0,0.0,57.0,692.0,0.2131884101867676,True,REGULAR,USD,Put,2027-09-17,AAPL,2026-10-06T00:29:07.449491+00:00,332.89,0.0401800012588501,0.0031766010136492747,0.2116633544603646
AAPL270917P00360000,2026-10-02 13:42:04+00:00,360.0,44.37,42.5,44.05,0.0,0.0,2.0,44.0,0.21189142608642575,True,REGULAR,USD,Put,2027-09-17,AAPL,2026-10-06T00:29:07.449491+00:00,332.89,0.0401800012588501,0.0031766010136492747,0.2116633544603646
AAPL270917P00365000,2026-09-30 19:02:56+00:00,365.0,44.7,44.95,47.7,0.0,0.0,3.0,63.0,0.21326470336914063,True,REGULAR,USD,Put,2027-09-17,AAPL,2026-10-06T00:29:07.449491+00:00,332.89,0.0401800012588501,0.0031766010136492747,0.2116633544603646
AAPL270917P00370000,2026-10-01 13:42:21+00:00,370.0,50.2,48.0,50.6,0.0,0.0,2.0,100.0,0.2074359042358398,True,REGULAR,USD,Put,2027-09-17,AAPL,2026-10-06T00:29:07.449491+00:00,332.89,0.0401800012588501,0.0031766010136492747,0.2116633544603646
AAPL270917P00375000,2026-09-29 15:59:55+00:00,375.0,53.99,51.05,54.4,0.0,0.0,4.0,30.0,0.20812254287719723,True,REGULAR,USD,Put,2027-09-17,AAPL,2026-10-06T00:29:07.449491+00:00,332.89,0.0401800012588501,0.0031766010136492747,0.2116633544603646
AAPL270917P00380000,2026-09-29 13:58:48+00:00,380.0,56.65,54.55,57.1,0.0,0.0,10.0,68.0,0.1979297737121582,True,REGULAR,USD,Put,2027-09-17,AAPL,2026-10-06T00:29:07.449491+00:00,332.89,0.0401800012588501,0.0031766010136492747,0.2116633544603646
AAPL270917P00385000,2026-09-29 15:13:27+00:00,385.0,60.48,58.15,61.1,0.0,0.0,27.0,138.0,0.1982807223510742,True,REGULAR,USD,Put,2027-09-17,AAPL,2026-10-06T00:29:07.449491+00:00,332.89,0.0401800012588501,0.0031766010136492747,0.2116633544603646
AAPL270917P00390000,2026-09-29 14:27:25+00:00,390.0,63.95,61.85,65.35,0.0,0.0,7.0,12.0,0.20023382781982418,True,REGULAR,USD,Put,2027-09-17,AAPL,2026-10-06T00:29:07.449491+00:00,332.89,0.0401800012588501,0.0031766010136492747,0.2116633544603646
AAPL270917P00395000,2026-09-29 18:12:29+00:00,395.0,68.45,65.7,68.9,0.0,0.0,2.0,5.0,0.19406933868408205,True,REGULAR,USD,Put,2027-09-17,AAPL,2026-10-06T00:29:07.449491+00:00,332.89,0.0401800012588501,0.0031766010136492747,0.2116633544603646
AAPL270917P00400000,2026-09-30 13:54:38+00:00,400.0,70.0,69.7,73.1,0.0,0.0,21.0,133.0,0.19358106231689454,True,REGULAR,USD,Put,2027-09-17,AAPL,2026-10-06T00:29:07.449491+00:00,332.89,0.0401800012588501,0.0031766010136492747,0.2116633544603646
AAPL270917P00410000,2026-09-29 14:27:25+00:00,410.0,80.05,78.35,80.7,0.0,0.0,2.0,197.0,0.1785665640258789,True,REGULAR,USD,Put,2027-09-17,AAPL,2026-10-06T00:29:07.449491+00:00,332.89,0.0401800012588501,0.0031766010136492747,0.2116633544603646
AAPL270917P00420000,2026-09-28 18:55:15+00:00,420.0,82.5,86.75,89.25,0.0,0.0,2.0,1.0,0.168526381225586,True,REGULAR,USD,Put,2027-09-17,AAPL,2026-10-06T00:29:07.449491+00:00,332.89,0.0401800012588501,0.0031766010136492747,0.2116633544603646
AAPL270917P00430000,2026-09-02 16:09:07+00:00,430.0,104.8,95.95,98.9,0.0,0.0,10.0,10.0,0.17377535217285156,True,REGULAR,USD,Put,2027-09-17,AAPL,2026-10-06T00:29:07.449491+00:00,332.89,0.0401800012588501,0.0031766010136492747,0.2116633544603646
AAPL270917P00440000,2026-07-16 13:45:28+00:00,440.0,112.8,127.65,131.55,0.0,0.0,,0.0,0.43399613861083985,True,REGULAR,USD,Put,2027-09-17,AAPL,2026-10-06T00:29:07.449491+00:00,332.89,0.0401800012588501,0.0031766010136492747,0.2116633544603646
AAPL270917P00450000,2026-08-10 16:46:36+00:00,450.0,144.45,0.0,0.0,0.0,0.0,,0.0,1.0000000000000003e-05,True,REGULAR,USD,Put,2027-09-17,AAPL,2026-10-06T00:29:07.449491+00:00,332.89,0.0401800012588501,0.0031766010136492747,0.2116633544603646
AAPL270917P00480000,2026-09-29 15:13:27+00:00,480.0,148.21,145.5,148.8,0.0,0.0,,0.0,0.22522747436523435,True,REGULAR,USD,Put,2027-09-17,AAPL,2026-10-06T00:29:07.449491+00:00,332.89,0.0401800012588501,0.0031766010136492747,0.2116633544603646
AAPL270917P00530000,2026-08-11 14:55:54+00:00,530.0,223.26,0.0,0.0,0.0,0.0,,0.0,1.0000000000000003e-05,True,REGULAR,USD,Put,2027-09-17,AAPL,2026-10-06T00:29:07.449491+00:00,332.89,0.0401800012588501,0.0031766010136492747,0.2116633544603646
AAPL271217C00005000,2026-08-06 13:52:35+00:00,5.0,310.06,0.0,0.0,0.0,0.0,1.0,0.0,1.0000000000000003e-05,True,REGULAR,USD,Call,2027-12-17,AAPL,2026-10-06T00:29:07.449491+00:00,332.89,0.0401800012588501,0.0031766010136492747,0.2116633544603646
AAPL271217C00010000,2026-08-11 19:21:41+00:00,10.0,295.0,0.0,0.0,0.0,0.0,2.0,0.0,1.0000000000000003e-05,True,REGULAR,USD,Call,2027-12-17,AAPL,2026-10-06T00:29:07.449491+00:00,332.89,0.0401800012588501,0.0031766010136492747,0.2116633544603646
AAPL271217C00015000,2026-09-29 18:22:21+00:00,15.0,316.48,316.7,320.5,0.0,0.0,2.0,25.0,1.40625296875,True,REGULAR,USD,Call,2027-12-17,AAPL,2026-10-06T00:29:07.449491+00:00,332.89,0.0401800012588501,0.0031766010136492747,0.2116633544603646
AAPL271217C00020000,2026-04-07 14:46:03+00:00,20.0,227.46,278.0,283.0,0.0,0.0,,1.0,1.0000000000000003e-05,True,REGULAR,USD,Call,2027-12-17,AAPL,2026-10-06T00:29:07.449491+00:00,332.89,0.0401800012588501,0.0031766010136492747,0.2116633544603646
AAPL271217C00025000,2026-04-07 14:46:39+00:00,25.0,223.24,273.5,278.5,0.0,0.0,,1.0,1.0000000000000003e-05,True,REGULAR,USD,Call,2027-12-17,AAPL,2026-10-06T00:29:07.449491+00:00,332.89,0.0401800012588501,0.0031766010136492747,0.2116633544603646
AAPL271217C00030000,2026-09-29 16:24:25+00:00,30.0,301.55,302.5,306.4,0.0,0.0,2.0,9.0,1.2128945605468748,True,REGULAR,USD,Call,2027-12-17,AAPL,2026-10-06T00:29:07.449491+00:00,332.89,0.0401800012588501,0.0031766010136492747,0.2116633544603646
AAPL271217C00040000,2026-03-16 16:49:21+00:00,40.0,214.49,229.0,234.0,0.0,0.0,1.0,8.0,1.0000000000000003e-05,True,REGULAR,USD,Call,2027-12-17,AAPL,2026-10-06T00:29:07.449491+00:00,332.89,0.0401800012588501,0.0031766010136492747,0.2116633544603646
AAPL271217C00045000,2026-04-07 14:47:27+00:00,45.0,204.68,255.0,259.5,0.0,0.0,1.0,17.0,1.0000000000000003e-05,True,REGULAR,USD,Call,2027-12-17,AAPL,2026-10-06T00:29:07.449491+00:00,332.89,0.0401800012588501,0.0031766010136492747,0.2116633544603646
AAPL271217C00050000,2026-09-11 19:57:08+00:00,50.0,284.25,283.6,287.5,0.0,0.0,4.0,820.0,1.0446825109863282,True,REGULAR,USD,Call,2027-12-17,AAPL,2026-10-06T00:29:07.449491+00:00,332.89,0.0401800012588501,0.0031766010136492747,0.2116633544603646
AAPL271217C00055000,2026-07-31 17:40:55+00:00,55.0,249.56,266.35,269.5,0.0,0.0,2.0,411.0,1.0000000000000003e-05,True,REGULAR,USD,Call,2027-12-17,AAPL,2026-10-06T00:29:07.449491+00:00,332.89,0.0401800012588501,0.0031766010136492747,0.2116633544603646
AAPL271217C00060000,2026-09-18 14:11:52+00:00,60.0,277.0,274.2,277.65,0.0,0.0,10.0,297.0,0.9682620361328125,True,REGULAR,USD,Call,2027-12-17,AAPL,2026-10-06T00:29:07.449491+00:00,332.89,0.0401800012588501,0.0031766010136492747,0.2116633544603646
AAPL271217C00065000,2026-08-21 19:14:24+00:00,65.0,246.9,266.45,270.4,0.0,0.0,12.0,0.0,0.681887946777344,True,REGULAR,USD,Call,2027-12-17,AAPL,2026-10-06T00:29:07.449491+00:00,332.89,0.0401800012588501,0.0031766010136492747,0.2116633544603646
AAPL271217C00070000,2026-07-31 14:58:55+00:00,70.0,235.95,252.25,255.5,0.0,0.0,4.0,168.0,1.0000000000000003e-05,True,REGULAR,USD,Call,2027-12-17,AAPL,2026-10-06T00:29:07.449491+00:00,332.89,0.0401800012588501,0.0031766010136492747,0.2116633544603646
AAPL271217C00075000,2026-09-28 18:16:30+00:00,75.0,268.55,260.1,263.5,0.0,0.0,60.0,167.0,0.8912364392089842,True,REGULAR,USD,Call,2027-12-17,AAPL,2026-10-06T00:29:07.449491+00:00,332.89,0.0401800012588501,0.0031766010136492747,0.2116633544603646
AAPL271217C00080000,2026-08-10 16:33:53+00:00,80.0,229.45,0.0,0.0,0.0,0.0,2.0,0.0,1.0000000000000003e-05,True,REGULAR,USD,Call,2027-12-17,AAPL,2026-10-06T00:29:07.449491+00:00,332.89,0.0401800012588501,0.0031766010136492747,0.2116633544603646
AAPL271217C00085000,2026-09-23 14:09:15+00:00,85.0,257.2,250.7,254.15,0.0,0.0,26.0,435.0,0.8472915661621092,True,REGULAR,USD,Call,2027-12-17,AAPL,2026-10-06T00:29:07.449491+00:00,332.89,0.0401800012588501,0.0031766010136492747,0.2116633544603646
AAPL271217C00090000,2026-09-21 16:58:28+00:00,90.0,252.85,246.0,249.9,0.0,0.0,30.0,157.0,0.8353287951660155,True,REGULAR,USD,Call,2027-12-17,AAPL,2026-10-06T00:29:07.449491+00:00,332.89,0.0401800012588501,0.0031766010136492747,0.2116633544603646
AAPL271217C00095000,2026-09-29 19:38:13+00:00,95.0,240.72,241.35,244.8,0.0,0.0,8.0,156.0,0.8074360076904297,True,REGULAR,USD,Call,2027-12-17,AAPL,2026-10-06T00:29:07.449491+00:00,332.89,0.0401800012588501,0.0031766010136492747,0.2116633544603646
AAPL271217C00100000,2026-10-02 15:21:58+00:00,100.0,236.0,236.65,239.9,0.0,0.0,1.0,383.0,0.7838156384277344,True,REGULAR,USD,Call,2027-12-17,AAPL,2026-10-06T00:29:07.449491+00:00,332.89,0.0401800012588501,0.0031766010136492747,0.2116633544603646
AAPL271217C00105000,2026-09-21 17:02:39+00:00,105.0,238.95,232.0,235.85,0.0,0.0,2.0,102.0,0.7766745965576172,True,REGULAR,USD,Call,2027-12-17,AAPL,2026-10-06T00:29:07.449491+00:00,332.89,0.0401800012588501,0.0031766010136492747,0.2116633544603646
AAPL271217C00110000,2026-10-01 14:44:42+00:00,110.0,227.17,227.3,230.5,0.0,0.0,26.0,237.0,0.7470118072509766,True,REGULAR,USD,Call,2027-12-17,AAPL,2026-10-06T00:29:07.449491+00:00,332.89,0.0401800012588501,0.0031766010136492747,0.2116633544603646
AAPL271217C00115000,2026-09-22 13:57:23+00:00,115.0,232.15,222.65,225.9,0.0,0.0,4.0,385.0,0.7312648944091795,True,REGULAR,USD,Call,2027-12-17,AAPL,2026-10-06T00:29:07.449491+00:00,332.89,0.0401800012588501,0.0031766010136492747,0.2116633544603646
AAPL271217C00120000,2026-08-11 14:42:30+00:00,120.0,193.6,0.0,0.0,0.0,0.0,4.0,0.0,1.0000000000000003e-05,True,REGULAR,USD,Call,2027-12-17,AAPL,2026-10-06T00:29:07.449491+00:00,332.89,0.0401800012588501,0.0031766010136492747,0.2116633544603646
AAPL271217C00125000,2026-10-01 18:18:33+00:00,125.0,211.7,213.3,217.2,0.0,0.0,2.0,437.0,0.706606937866211,True,REGULAR,USD,Call,2027-12-17,AAPL,2026-10-06T00:29:07.449491+00:00,332.89,0.0401800012588501,0.0031766010136492747,0.2116633544603646
AAPL271217C00130000,2026-09-24 13:46:01+00:00,130.0,212.23,208.65,212.5,0.0,0.0,1.0,1054.0,0.690005541381836,True,REGULAR,USD,Call,2027-12-17,AAPL,2026-10-06T00:29:07.449491+00:00,332.89,0.0401800012588501,0.0031766010136492747,0.2116633544603646
AAPL271217C00135000,2026-09-28 18:15:19+00:00,135.0,212.95,204.0,207.9,0.0,0.0,126.0,172.0,0.6749605258178714,True,REGULAR,USD,Call,2027-12-17,AAPL,2026-10-06T00:29:07.449491+00:00,332.89,0.0401800012588501,0.0031766010136492747,0.2116633544603646
AAPL271217C00140000,2026-09-30 13:58:15+00:00,140.0,203.0,199.4,202.65,0.0,0.0,2.0,346.0,0.6531406756591798,True,REGULAR,USD,Call,2027-12-17,AAPL,2026-10-06T00:29:07.449491+00:00,332.89,0.0401800012588501,0.0031766010136492747,0.2116633544603646
AAPL271217C00145000,2026-09-22 13:57:29+00:00,145.0,204.5,194.75,198.0,0.0,0.0,4.0,579.0,0.6383703155517577,True,REGULAR,USD,Call,2027-12-17,AAPL,2026-10-06T00:29:07.449491+00:00,332.89,0.0401800012588501,0.0031766010136492747,0.2116633544603646
AAPL271217C00150000,2026-10-05 19:54:31+00:00,150.0,191.67,190.15,193.35,-3.5800018,-1.8335477,1.0,638.0,0.6243323699951173,True,REGULAR,USD,Call,2027-12-17,AAPL,2026-10-06T00:29:07.449491+00:00,332.89,0.0401800012588501,0.0031766010136492747,0.2116633544603646
AAPL271217C00155000,2026-08-26 17:48:41+00:00,155.0,167.6,185.5,188.75,0.0,0.0,12.0,100.0,0.6104775280761721,True,REGULAR,USD,Call,2027-12-17,AAPL,2026-10-06T00:29:07.449491+00:00,332.89,0.0401800012588501,0.0031766010136492747,0.2116633544603646
AAPL271217C00160000,2026-09-25 15:31:56+00:00,160.0,187.0,180.9,184.15,0.0,0.0,5.0,410.0,0.5972940661621093,True,REGULAR,USD,Call,2027-12-17,AAPL,2026-10-06T00:29:07.449491+00:00,332.89,0.0401800012588501,0.0031766010136492747,0.2116633544603646
AAPL271217C00165000,2026-10-02 18:02:25+00:00,165.0,178.0,176.35,179.6,0.0,0.0,25.0,239.0,0.5851787088012695,True,REGULAR,USD,Call,2027-12-17,AAPL,2026-10-06T00:29:07.449491+00:00,332.89,0.0401800012588501,0.0031766010136492747,0.2116633544603646
AAPL271217C00170000,2026-09-28 13:37:38+00:00,170.0,182.7,171.75,175.0,0.0,0.0,1.0,496.0,0.5721783505249024,True,REGULAR,USD,Call,2027-12-17,AAPL,2026-10-06T00:29:07.449491+00:00,332.89,0.0401800012588501,0.0031766010136492747,0.2116633544603646
AAPL271217C00175000,2026-09-15 17:35:31+00:00,175.0,166.79,167.2,170.45,0.0,0.0,4.0,341.0,0.5601545449829101,True,REGULAR,USD,Call,2027-12-17,AAPL,2026-10-06T00:29:07.449491+00:00,332.89,0.0401800012588501,0.0031766010136492747,0.2116633544603646
AAPL271217C00180000,2026-10-01 16:31:12+00:00,180.0,159.76,162.7,165.95,0.0,0.0,7.0,832.0,0.5490157403564455,True,REGULAR,USD,Call,2027-12-17,AAPL,2026-10-06T00:29:07.449491+00:00,332.89,0.0401800012588501,0.0031766010136492747,0.2116633544603646
AAPL271217C00185000,2026-10-01 16:55:34+00:00,185.0,155.25,158.15,161.4,0.0,0.0,3.0,1144.0,0.5370529693603516,True,REGULAR,USD,Call,2027-12-17,AAPL,2026-10-06T00:29:07.449491+00:00,332.89,0.0401800012588501,0.0031766010136492747,0.2116633544603646
AAPL271217C00190000,2026-09-25 18:30:13+00:00,190.0,162.5,153.65,156.95,0.0,0.0,1.0,572.0,0.5262803720092774,True,REGULAR,USD,Call,2027-12-17,AAPL,2026-10-06T00:29:07.449491+00:00,332.89,0.0401800012588501,0.0031766010136492747,0.2116633544603646
AAPL271217C00195000,2026-09-28 14:07:03+00:00,195.0,160.26,149.2,152.45,0.0,0.0,2.0,360.0,0.5154467401123046,True,REGULAR,USD,Call,2027-12-17,AAPL,2026-10-06T00:29:07.449491+00:00,332.89,0.0401800012588501,0.0031766010136492747,0.2116633544603646
AAPL271217C00200000,2026-10-05 16:52:12+00:00,200.0,148.0,144.75,147.8,0.6499939,0.4411224,5.0,3863.0,0.5035450036621094,True,REGULAR,USD,Call,2027-12-17,AAPL,2026-10-06T00:29:07.449491+00:00,332.89,0.0401800012588501,0.0031766010136492747,0.2116633544603646
AAPL271217C00205000,2026-09-25 18:59:48+00:00,205.0,149.35,140.35,143.6,0.0,0.0,4.0,858.0,0.5167589828491211,True,REGULAR,USD,Call,2027-12-17,AAPL,2026-10-06T00:29:07.449491+00:00,332.89,0.0401800012588501,0.0031766010136492747,0.2116633544603646
AAPL271217C00210000,2026-09-29 13:58:32+00:00,210.0,138.0,136.5,138.9,0.0,0.0,1.0,752.0,0.5021717263793947,True,REGULAR,USD,Call,2027-12-17,AAPL,2026-10-06T00:29:07.449491+00:00,332.89,0.0401800012588501,0.0031766010136492747,0.2116633544603646
AAPL271217C00215000,2026-10-01 18:15:05+00:00,215.0,129.74,131.65,134.9,0.0,0.0,14.0,821.0,0.4964039617919922,True,REGULAR,USD,Call,2027-12-17,AAPL,2026-10-06T00:29:07.449491+00:00,332.89,0.0401800012588501,0.0031766010136492747,0.2116633544603646
AAPL271217C00220000,2026-10-05 19:38:47+00:00,220.0,129.41,127.35,130.6,-0.11999512,-0.092638865,1.0,986.0,0.4866994689941406,True,REGULAR,USD,Call,2027-12-17,AAPL,2026-10-06T00:29:07.449491+00:00,332.89,0.0401800012588501,0.0031766010136492747,0.2116633544603646
AAPL271217C00225000,2026-09-25 16:46:20+00:00,225.0,131.25,123.05,126.35,0.0,0.0,42.0,2013.0,0.47743747665405273,True,REGULAR,USD,Call,2027-12-17,AAPL,2026-10-06T00:29:07.449491+00:00,332.89,0.0401800012588501,0.0031766010136492747,0.2116633544603646
AAPL271217C00230000,2026-10-02 19:02:09+00:00,230.0,120.93,119.55,122.1,0.0,0.0,3.0,1550.0,0.46802289794921875,True,REGULAR,USD,Call,2027-12-17,AAPL,2026-10-06T00:29:07.449491+00:00,332.89,0.0401800012588501,0.0031766010136492747,0.2116633544603646
AAPL271217C00235000,2026-10-05 16:56:23+00:00,235.0,118.19,114.65,117.95,-3.040001,-2.5076308,1.0,543.0,0.4595543547058106,True,REGULAR,USD,Call,2027-12-17,AAPL,2026-10-06T00:29:07.449491+00:00,332.89,0.0401800012588501,0.0031766010136492747,0.2116633544603646
AAPL271217C00240000,2026-10-05 19:04:35+00:00,240.0,113.53,110.65,113.85,0.5299988,0.46902546,4.0,742.0,0.4513909841918946,True,REGULAR,USD,Call,2027-12-17,AAPL,2026-10-06T00:29:07.449491+00:00,332.89,0.0401800012588501,0.0031766010136492747,0.2116633544603646
AAPL271217C00245000,2026-09-28 18:53:03+00:00,245.0,115.0,107.35,109.75,0.0,0.0,2.0,581.0,0.4429987341308594,True,REGULAR,USD,Call,2027-12-17,AAPL,2026-10-06T00:29:07.449491+00:00,332.89,0.0401800012588501,0.0031766010136492747,0.2116633544603646
AAPL271217C00250000,2026-10-02 16:39:19+00:00,250.0,105.0,102.5,105.65,0.0,0.0,7.0,3387.0,0.4344081217956543,True,REGULAR,USD,Call,2027-12-17,AAPL,2026-10-06T00:29:07.449491+00:00,332.89,0.0401800012588501,0.0031766010136492747,0.2116633544603646
AAPL271217C00255000,2026-10-05 17:48:04+00:00,255.0,100.5,99.8,101.6,-0.8499985,-0.83867633,1.0,534.0,0.4260769062805176,True,REGULAR,USD,Call,2027-12-17,AAPL,2026-10-06T00:29:07.449491+00:00,332.89,0.0401800012588501,0.0031766010136492747,0.2116633544603646
AAPL271217C00260000,2026-10-02 16:04:02+00:00,260.0,95.75,95.35,97.8,0.0,0.0,1.0,2228.0,0.4198208653259277,True,REGULAR,USD,Call,2027-12-17,AAPL,2026-10-06T00:29:07.449491+00:00,332.89,0.0401800012588501,0.0031766010136492747,0.2116633544603646
AAPL271217C00265000,2026-10-02 19:58:30+00:00,265.0,93.31,91.55,93.9,0.30999756,0.33333072,1.0,589.0,0.4123288748168945,True,REGULAR,USD,Call,2027-12-17,AAPL,2026-10-06T00:29:07.449491+00:00,332.89,0.0401800012588501,0.0031766010136492747,0.2116633544603646
AAPL271217C00270000,2026-10-02 15:03:33+00:00,270.0,89.7,87.5,90.2,1.3199997,1.4935503,8.0,2434.0,0.40630171340942384,True,REGULAR,USD,Call,2027-12-17,AAPL,2026-10-06T00:29:07.449491+00:00,332.89,0.0401800012588501,0.0031766010136492747,0.2116633544603646
AAPL271217C00275000,2026-10-02 14:43:45+00:00,275.0,86.8,83.6,86.7,0.0,0.0,6.0,373.0,0.40161731201171874,True,REGULAR,USD,Call,2027-12-17,AAPL,2026-10-06T00:29:07.449491+00:00,332.89,0.0401800012588501,0.0031766010136492747,0.2116633544603646
AAPL271217C00280000,2026-10-02 15:31:37+00:00,280.0,80.94,80.7,82.85,0.0,0.0,2.0,2156.0,0.39360652786254885,True,REGULAR,USD,Call,2027-12-17,AAPL,2026-10-06T00:29:07.449491+00:00,332.89,0.0401800012588501,0.0031766010136492747,0.2116633544603646
AAPL271217C00285000,2026-10-05 19:23:31+00:00,285.0,78.8,77.15,79.25,3.1500015,4.1639147,2.0,448.0,0.38733522827148437,True,REGULAR,USD,Call,2027-12-17,AAPL,2026-10-06T00:29:07.449491+00:00,332.89,0.0401800012588501,0.0031766010136492747,0.2116633544603646
AAPL271217C00290000,2026-10-05 15:16:32+00:00,290.0,75.48,73.75,76.0,0.98000336,1.3154408,1.0,1580.0,0.38349005187988283,True,REGULAR,USD,Call,2027-12-17,AAPL,2026-10-06T00:29:07.449491+00:00,332.89,0.0401800012588501,0.0031766010136492747,0.2116633544603646
AAPL271217C00295000,2026-10-02 14:10:39+00:00,295.0,71.48,69.75,72.8,0.0,0.0,3.0,440.0,0.3795533236694336,True,REGULAR,USD,Call,2027-12-17,AAPL,2026-10-06T00:29:07.449491+00:00,332.89,0.0401800012588501,0.0031766010136492747,0.2116633544603646
AAPL271217C00300000,2026-10-05 19:27:56+00:00,300.0,68.7,67.25,69.05,0.3600006,0.5267788,12.0,8554.0,0.3709627113342285,True,REGULAR,USD,Call,2027-12-17,AAPL,2026-10-06T00:29:07.449491+00:00,332.89,0.0401800012588501,0.0031766010136492747,0.2116633544603646
AAPL271217C00305000,2026-10-05 18:58:24+00:00,305.0,64.2,63.8,65.95,-0.30000305,-0.465121,2.0,753.0,0.36694968994140625,True,REGULAR,USD,Call,2027-12-17,AAPL,2026-10-06T00:29:07.449491+00:00,332.89,0.0401800012588501,0.0031766010136492747,0.2116633544603646
AAPL271217C00310000,2026-10-05 19:11:14+00:00,310.0,62.3,59.9,62.6,0.34999847,0.5649693,1.0,6422.0,0.3606173558044433,True,REGULAR,USD,Call,2027-12-17,AAPL,2026-10-06T00:29:07.449491+00:00,332.89,0.0401800012588501,0.0031766010136492747,0.2116633544603646
AAPL271217C00315000,2026-10-05 18:30:55+00:00,315.0,58.55,57.95,59.65,-0.45000076,-0.76271313,3.0,728.0,0.35680269668579095,True,REGULAR,USD,Call,2027-12-17,AAPL,2026-10-06T00:29:07.449491+00:00,332.89,0.0401800012588501,0.0031766010136492747,0.2116633544603646
AAPL271217C00320000,2026-10-02 14:55:44+00:00,320.0,56.75,54.8,57.05,0.0,0.0,5.0,4119.0,0.35501743621826165,True,REGULAR,USD,Call,2027-12-17,AAPL,2026-10-06T00:29:07.449491+00:00,332.89,0.0401800012588501,0.0031766010136492747,0.2116633544603646
AAPL271217C00325000,2026-10-05 15:09:01+00:00,325.0,53.5,52.45,54.25,0.34999847,0.65851074,1.0,595.0,0.351294328918457,True,REGULAR,USD,Call,2027-12-17,AAPL,2026-10-06T00:29:07.449491+00:00,332.89,0.0401800012588501,0.0031766010136492747,0.2116633544603646
AAPL271217C00330000,2026-10-05 17:14:07+00:00,330.0,50.75,49.3,51.15,0.049999237,0.09861782,3.0,1437.0,0.34499251205444337,True,REGULAR,USD,Call,2027-12-17,AAPL,2026-10-06T00:29:07.449491+00:00,332.89,0.0401800012588501,0.0031766010136492747,0.2116633544603646
AAPL271217C00335000,2026-10-05 16:56:52+00:00,335.0,48.6,47.25,49.0,0.75,1.5673982,2.0,2410.0,0.3448551843261719,False,REGULAR,USD,Call,2027-12-17,AAPL,2026-10-06T00:29:07.449491+00:00,332.89,0.0401800012588501,0.0031766010136492747,0.2116633544603646
AAPL271217C00340000,2026-10-05 17:04:25+00:00,340.0,45.9,44.55,46.3,-0.0099983215,-0.021778092,10.0,1973.0,0.34038440383911134,False,REGULAR,USD,Call,2027-12-17,AAPL,2026-10-06T00:29:07.449491+00:00,332.89,0.0401800012588501,0.0031766010136492747,0.2116633544603646
AAPL271217C00345000,2026-10-05 16:01:17+00:00,345.0,43.25,41.75,43.85,0.36999893,0.86287063,4.0,770.0,0.3371648315429688,False,REGULAR,USD,Call,2027-12-17,AAPL,2026-10-06T00:29:07.449491+00:00,332.89,0.0401800012588501,0.0031766010136492747,0.2116633544603646
AAPL271217C00350000,2026-10-05 15:31:11+00:00,350.0,40.46,39.65,40.9,-0.5400009,-1.3170754,30.0,2218.0,0.3299932723999023,False,REGULAR,USD,Call,2027-12-17,AAPL,2026-10-06T00:29:07.449491+00:00,332.89,0.0401800012588501,0.0031766010136492747,0.2116633544603646
AAPL271217C00355000,2026-10-02 14:12:21+00:00,355.0,38.7,37.55,38.35,0.0,0.0,3.0,2388.0,0.32509525009155266,False,REGULAR,USD,Call,2027-12-17,AAPL,2026-10-06T00:29:07.449491+00:00,332.89,0.0401800012588501,0.0031766010136492747,0.2116633544603646
AAPL271217C00360000,2026-10-05 14:09:26+00:00,360.0,36.37,35.5,36.2,0.77000046,2.1629226,3.0,1368.0,0.3224402473449706,False,REGULAR,USD,Call,2027-12-17,AAPL,2026-10-06T00:29:07.449491+00:00,332.89,0.0401800012588501,0.0031766010136492747,0.2116633544603646
AAPL271217C00365000,2026-09-30 15:55:55+00:00,365.0,36.95,33.45,34.15,0.0,0.0,2.0,1607.0,0.31995308959960933,False,REGULAR,USD,Call,2027-12-17,AAPL,2026-10-06T00:29:07.449491+00:00,332.89,0.0401800012588501,0.0031766010136492747,0.2116633544603646
AAPL271217C00370000,2026-10-02 16:51:31+00:00,370.0,32.42,31.45,32.15,0.0,0.0,2.0,1275.0,0.3173133454895019,False,REGULAR,USD,Call,2027-12-17,AAPL,2026-10-06T00:29:07.449491+00:00,332.89,0.0401800012588501,0.0031766010136492747,0.2116633544603646
AAPL271217C00375000,2026-10-05 18:16:04+00:00,375.0,29.83,29.6,30.3,-0.37000084,-1.2251683,11.0,1304.0,0.3152076536560058,False,REGULAR,USD,Call,2027-12-17,AAPL,2026-10-06T00:29:07.449491+00:00,332.89,0.0401800012588501,0.0031766010136492747,0.2116633544603646
AAPL271217C00380000,2026-10-02 15:15:35+00:00,380.0,27.7,27.8,28.5,0.0,0.0,1.0,852.0,0.31294937545776363,False,REGULAR,USD,Call,2027-12-17,AAPL,2026-10-06T00:29:07.449491+00:00,332.89,0.0401800012588501,0.0031766010136492747,0.2116633544603646
AAPL271217C00385000,2026-10-02 14:02:38+00:00,385.0,26.54,26.1,26.8,0.0,0.0,224.0,751.0,0.31090471817016596,False,REGULAR,USD,Call,2027-12-17,AAPL,2026-10-06T00:29:07.449491+00:00,332.89,0.0401800012588501,0.0031766010136492747,0.2116633544603646
AAPL271217C00390000,2026-10-05 19:50:26+00:00,390.0,24.7,24.45,25.15,-0.44999886,-1.7892599,12.0,1099.0,0.30870747451782227,False,REGULAR,USD,Call,2027-12-17,AAPL,2026-10-06T00:29:07.449491+00:00,332.89,0.0401800012588501,0.0031766010136492747,0.2116633544603646
AAPL271217C00395000,2026-10-05 16:58:18+00:00,395.0,23.95,22.95,23.65,-1.5999985,-6.262225,1.0,971.0,0.3071053176879882,False,REGULAR,USD,Call,2027-12-17,AAPL,2026-10-06T00:29:07.449491+00:00,332.89,0.0401800012588501,0.0031766010136492747,0.2116633544603646
AAPL271217C00400000,2026-10-05 19:04:13+00:00,400.0,22.19,21.6,22.45,-0.02999878,-0.135008,10.0,5804.0,0.3072273867797851,False,REGULAR,USD,Call,2027-12-17,AAPL,2026-10-06T00:29:07.449491+00:00,332.89,0.0401800012588501,0.0031766010136492747,0.2116633544603646
AAPL271217C00405000,2026-10-01 15:20:21+00:00,405.0,19.74,20.1,20.8,0.0,0.0,4.0,523.0,0.3035500553894042,False,REGULAR,USD,Call,2027-12-17,AAPL,2026-10-06T00:29:07.449491+00:00,332.89,0.0401800012588501,0.0031766010136492747,0.2116633544603646
AAPL271217C00410000,2026-10-01 15:23:16+00:00,410.0,18.38,18.85,19.8,0.0,0.0,3.0,268.0,0.30429772857666015,False,REGULAR,USD,Call,2027-12-17,AAPL,2026-10-06T00:29:07.449491+00:00,332.89,0.0401800012588501,0.0031766010136492747,0.2116633544603646
AAPL271217C00415000,2026-10-01 15:32:45+00:00,415.0,17.0,17.6,18.6,0.0,0.0,2.0,177.0,0.303092296295166,False,REGULAR,USD,Call,2027-12-17,AAPL,2026-10-06T00:29:07.449491+00:00,332.89,0.0401800012588501,0.0031766010136492747,0.2116633544603646
AAPL271217C00420000,2026-10-05 18:06:10+00:00,420.0,16.7,16.45,17.4,-1.7999992,-9.729726,2.0,1063.0,0.30144436355590826,False,REGULAR,USD,Call,2027-12-17,AAPL,2026-10-06T00:29:07.449491+00:00,332.89,0.0401800012588501,0.0031766010136492747,0.2116633544603646
AAPL271217C00425000,2026-10-05 19:02:26+00:00,425.0,15.95,15.35,16.05,0.8699999,5.76923,3.0,397.0,0.29808746353149407,False,REGULAR,USD,Call,2027-12-17,AAPL,2026-10-06T00:29:07.449491+00:00,332.89,0.0401800012588501,0.0031766010136492747,0.2116633544603646
AAPL271217C00430000,2026-10-01 17:06:08+00:00,430.0,13.85,14.35,15.05,0.0,0.0,20.0,697.0,0.2971109107971191,False,REGULAR,USD,Call,2027-12-17,AAPL,2026-10-06T00:29:07.449491+00:00,332.89,0.0401800012588501,0.0031766010136492747,0.2116633544603646
AAPL271217C00435000,2026-09-29 19:39:48+00:00,435.0,13.2,13.4,14.15,0.0,0.0,5.0,355.0,0.2965463412475585,False,REGULAR,USD,Call,2027-12-17,AAPL,2026-10-06T00:29:07.449491+00:00,332.89,0.0401800012588501,0.0031766010136492747,0.2116633544603646
AAPL271217C00440000,2026-10-02 14:13:27+00:00,440.0,13.3,12.5,13.2,0.0,0.0,1.0,7488.0,0.29514254669189455,False,REGULAR,USD,Call,2027-12-17,AAPL,2026-10-06T00:29:07.449491+00:00,332.89,0.0401800012588501,0.0031766010136492747,0.2116633544603646
AAPL271217C00450000,2026-10-01 15:40:12+00:00,450.0,10.5,10.85,11.7,0.0,0.0,1.0,2974.0,0.29465427032470703,False,REGULAR,USD,Call,2027-12-17,AAPL,2026-10-06T00:29:07.449491+00:00,332.89,0.0401800012588501,0.0031766010136492747,0.2116633544603646
AAPL271217C00460000,2026-09-30 14:54:22+00:00,460.0,11.85,9.4,10.1,0.0,0.0,8.0,596.0,0.2916635775756835,False,REGULAR,USD,Call,2027-12-17,AAPL,2026-10-06T00:29:07.449491+00:00,332.89,0.0401800012588501,0.0031766010136492747,0.2116633544603646
AAPL271217C00470000,2026-09-28 13:30:14+00:00,470.0,11.0,8.05,9.0,0.0,0.0,1.0,134.0,0.29209081939697257,False,REGULAR,USD,Call,2027-12-17,AAPL,2026-10-06T00:29:07.449491+00:00,332.89,0.0401800012588501,0.0031766010136492747,0.2116633544603646
AAPL271217C00480000,2026-09-30 19:54:40+00:00,480.0,8.0,7.1,7.85,0.0,0.0,2.0,123.0,0.29062599029541014,False,REGULAR,USD,Call,2027-12-17,AAPL,2026-10-06T00:29:07.449491+00:00,332.89,0.0401800012588501,0.0031766010136492747,0.2116633544603646
AAPL271217C00490000,2026-09-28 17:00:15+00:00,490.0,8.23,6.1,6.7,0.0,0.0,1.0,296.0,0.2876047802734374,False,REGULAR,USD,Call,2027-12-17,AAPL,2026-10-06T00:29:07.449491+00:00,332.89,0.0401800012588501,0.0031766010136492747,0.2116633544603646
AAPL271217C00500000,2026-10-05 16:20:18+00:00,500.0,5.58,5.35,5.95,-0.23000002,-3.9586923,5.0,847.0,0.28804728073120106,False,REGULAR,USD,Call,2027-12-17,AAPL,2026-10-06T00:29:07.449491+00:00,332.89,0.0401800012588501,0.0031766010136492747,0.2116633544603646
AAPL271217C00510000,2026-10-05 19:35:40+00:00,510.0,4.9,4.65,5.1,0.5,11.363636,25.0,431.0,0.2858958129882812,False,REGULAR,USD,Call,2027-12-17,AAPL,2026-10-06T00:29:07.449491+00:00,332.89,0.0401800012588501,0.0031766010136492747,0.2116633544603646
AAPL271217C00520000,2026-09-29 14:59:19+00:00,520.0,4.55,3.9,4.55,0.0,0.0,10.0,83.0,0.2867502966308593,False,REGULAR,USD,Call,2027-12-17,AAPL,2026-10-06T00:29:07.449491+00:00,332.89,0.0401800012588501,0.0031766010136492747,0.2116633544603646
AAPL271217C00530000,2026-10-01 18:39:10+00:00,530.0,4.1,3.5,3.85,0.53,14.845938,1.0,345.0,0.28409529388427723,False,REGULAR,USD,Call,2027-12-17,AAPL,2026-10-06T00:29:07.449491+00:00,332.89,0.0401800012588501,0.0031766010136492747,0.2116633544603646
AAPL271217C00540000,2026-10-01 16:53:14+00:00,540.0,2.89,2.92,3.55,0.0,0.0,3.0,168.0,0.28708598663330076,False,REGULAR,USD,Call,2027-12-17,AAPL,2026-10-06T00:29:07.449491+00:00,332.89,0.0401800012588501,0.0031766010136492747,0.2116633544603646
AAPL271217C00550000,2026-10-05 18:42:41+00:00,550.0,2.8,2.55,2.9,-0.25,-8.196721,2.0,777.0,0.2825999475097656,False,REGULAR,USD,Call,2027-12-17,AAPL,2026-10-06T00:29:07.449491+00:00,332.89,0.0401800012588501,0.0031766010136492747,0.2116633544603646
AAPL271217C00560000,2026-09-29 19:53:44+00:00,560.0,2.45,2.31,2.53,0.0,0.0,1.0,32.0,0.2822947747802734,False,REGULAR,USD,Call,2027-12-17,AAPL,2026-10-06T00:29:07.449491+00:00,332.89,0.0401800012588501,0.0031766010136492747,0.2116633544603646
AAPL271217C00570000,2026-09-28 14:04:17+00:00,570.0,3.15,1.89,2.4,0.0,0.0,6.0,67.0,0.286567192993164,False,REGULAR,USD,Call,2027-12-17,AAPL,2026-10-06T00:29:07.449491+00:00,332.89,0.0401800012588501,0.0031766010136492747,0.2116633544603646
AAPL271217C00580000,2026-09-29 16:39:18+00:00,580.0,2.0,1.6,1.96,0.0,0.0,1.0,21.0,0.28266098205566403,False,REGULAR,USD,Call,2027-12-17,AAPL,2026-10-06T00:29:07.449491+00:00,332.89,0.0401800012588501,0.0031766010136492747,0.2116633544603646
AAPL271217C00590000,2026-10-02 14:52:18+00:00,590.0,1.65,1.52,1.7,0.0,0.0,2.0,77.0,0.28211167114257807,False,REGULAR,USD,Call,2027-12-17,AAPL,2026-10-06T00:29:07.449491+00:00,332.89,0.0401800012588501,0.0031766010136492747,0.2116633544603646
AAPL271217C00600000,2026-10-05 16:55:41+00:00,600.0,1.5,1.33,1.5,0.03999996,2.7397234,8.0,584.0,0.28241684387207033,False,REGULAR,USD,Call,2027-12-17,AAPL,2026-10-06T00:29:07.449491+00:00,332.89,0.0401800012588501,0.0031766010136492747,0.2116633544603646
AAPL271217P00005000,2026-07-09 13:30:07+00:00,5.0,0.01,0.0,1.01,0.0,0.0,10.0,41.0,1.9384768701171877,False,REGULAR,USD,Put,2027-12-17,AAPL,2026-10-06T00:29:07.449491+00:00,332.89,0.0401800012588501,0.0031766010136492747,0.2116633544603646
AAPL271217P00020000,2026-06-04 16:43:23+00:00,20.0,0.03,0.0,0.0,0.0,0.0,19.0,0.0,0.500005,False,REGULAR,USD,Put,2027-12-17,AAPL,2026-10-06T00:29:07.449491+00:00,332.89,0.0401800012588501,0.0031766010136492747,0.2116633544603646
AAPL271217P00025000,2026-05-19 17:12:41+00:00,25.0,0.06,0.0,0.0,0.0,0.0,230.0,0.0,0.500005,False,REGULAR,USD,Put,2027-12-17,AAPL,2026-10-06T00:29:07.449491+00:00,332.89,0.0401800012588501,0.0031766010136492747,0.2116633544603646
AAPL271217P00030000,2026-09-03 18:34:56+00:00,30.0,0.01,0.0,0.37,0.0,0.0,1.0,174.0,0.88476677734375,False,REGULAR,USD,Put,2027-12-17,AAPL,2026-10-06T00:29:07.449491+00:00,332.89,0.0401800012588501,0.0031766010136492747,0.2116633544603646
AAPL271217P00035000,2026-10-01 13:30:08+00:00,35.0,0.02,0.0,0.25,0.0,0.0,148.0,996.0,0.790041162109375,False,REGULAR,USD,Put,2027-12-17,AAPL,2026-10-06T00:29:07.449491+00:00,332.89,0.0401800012588501,0.0031766010136492747,0.2116633544603646
AAPL271217P00040000,2026-09-30 16:19:58+00:00,40.0,0.04,0.0,0.26,0.0,0.0,1.0,13.0,0.745119736328125,False,REGULAR,USD,Put,2027-12-17,AAPL,2026-10-06T00:29:07.449491+00:00,332.89,0.0401800012588501,0.0031766010136492747,0.2116633544603646
AAPL271217P00045000,2026-08-05 19:18:02+00:00,45.0,0.13,0.0,0.27,0.0,0.0,5.0,6.0,0.7060576269531251,False,REGULAR,USD,Put,2027-12-17,AAPL,2026-10-06T00:29:07.449491+00:00,332.89,0.0401800012588501,0.0031766010136492747,0.2116633544603646
AAPL271217P00050000,2026-09-28 13:37:28+00:00,50.0,0.05,0.0,0.08,-0.02,-28.571428,1.0,1242.0,0.5918009570312501,False,REGULAR,USD,Put,2027-12-17,AAPL,2026-10-06T00:29:07.449491+00:00,332.89,0.0401800012588501,0.0031766010136492747,0.2116633544603646
AAPL271217P00055000,2026-09-28 14:15:11+00:00,55.0,0.15,0.06,0.17,0.0,0.0,1.0,43.0,0.624027197265625,False,REGULAR,USD,Put,2027-12-17,AAPL,2026-10-06T00:29:07.449491+00:00,332.89,0.0401800012588501,0.0031766010136492747,0.2116633544603646
AAPL271217P00060000,2026-09-28 14:15:23+00:00,60.0,0.1,0.0,0.18,0.0,0.0,1.0,94.0,0.57812921875,False,REGULAR,USD,Put,2027-12-17,AAPL,2026-10-06T00:29:07.449491+00:00,332.89,0.0401800012588501,0.0031766010136492747,0.2116633544603646
AAPL271217P00065000,2026-09-14 13:30:02+00:00,65.0,0.14,0.05,0.19,0.0,0.0,2.0,537.0,0.56836369140625,False,REGULAR,USD,Put,2027-12-17,AAPL,2026-10-06T00:29:07.449491+00:00,332.89,0.0401800012588501,0.0031766010136492747,0.2116633544603646
AAPL271217P00070000,2026-09-22 14:25:17+00:00,70.0,0.1,0.05,0.2,0.0,0.0,5.0,213.0,0.5459029785156251,False,REGULAR,USD,Put,2027-12-17,AAPL,2026-10-06T00:29:07.449491+00:00,332.89,0.0401800012588501,0.0031766010136492747,0.2116633544603646
AAPL271217P00075000,2026-09-24 15:07:17+00:00,75.0,0.1,0.0,0.22,0.0,0.0,1.0,90.0,0.514653291015625,False,REGULAR,USD,Put,2027-12-17,AAPL,2026-10-06T00:29:07.449491+00:00,332.89,0.0401800012588501,0.0031766010136492747,0.2116633544603646
AAPL271217P00080000,2026-09-22 19:33:32+00:00,80.0,0.17,0.1,0.24,0.0,0.0,10.0,298.0,0.5170946728515625,False,REGULAR,USD,Put,2027-12-17,AAPL,2026-10-06T00:29:07.449491+00:00,332.89,0.0401800012588501,0.0031766010136492747,0.2116633544603646
AAPL271217P00085000,2026-10-02 13:30:14+00:00,85.0,0.17,0.1,0.27,0.0,0.0,27.0,98.0,0.5004932763671875,False,REGULAR,USD,Put,2027-12-17,AAPL,2026-10-06T00:29:07.449491+00:00,332.89,0.0401800012588501,0.0031766010136492747,0.2116633544603646
AAPL271217P00090000,2026-09-10 19:07:44+00:00,90.0,0.22,0.1,0.31,0.0,0.0,4.0,105.0,0.5112353564453125,False,REGULAR,USD,Put,2027-12-17,AAPL,2026-10-06T00:29:07.449491+00:00,332.89,0.0401800012588501,0.0031766010136492747,0.2116633544603646
AAPL271217P00095000,2026-09-17 14:39:01+00:00,95.0,0.2,0.1,0.34,0.0,0.0,1.0,54.0,0.49707534179687507,False,REGULAR,USD,Put,2027-12-17,AAPL,2026-10-06T00:29:07.449491+00:00,332.89,0.0401800012588501,0.0031766010136492747,0.2116633544603646
AAPL271217P00100000,2026-09-28 19:56:39+00:00,100.0,0.21,0.1,0.36,0.0,0.0,125.0,1301.0,0.4809622216796875,False,REGULAR,USD,Put,2027-12-17,AAPL,2026-10-06T00:29:07.449491+00:00,332.89,0.0401800012588501,0.0031766010136492747,0.2116633544603646
AAPL271217P00105000,2026-08-06 18:35:26+00:00,105.0,0.48,0.0,0.0,0.0,0.0,1.0,0.0,0.2500075,False,REGULAR,USD,Put,2027-12-17,AAPL,2026-10-06T00:29:07.449491+00:00,332.89,0.0401800012588501,0.0031766010136492747,0.2116633544603646
AAPL271217P00110000,2026-09-11 18:21:55+00:00,110.0,0.33,0.12,0.36,0.0,0.0,18.0,869.0,0.44482977050781247,False,REGULAR,USD,Put,2027-12-17,AAPL,2026-10-06T00:29:07.449491+00:00,332.89,0.0401800012588501,0.0031766010136492747,0.2116633544603646
AAPL271217P00115000,2026-09-30 17:53:41+00:00,115.0,0.32,0.16,0.52,0.0,0.0,11.0,880.0,0.44995667236328124,False,REGULAR,USD,Put,2027-12-17,AAPL,2026-10-06T00:29:07.449491+00:00,332.89,0.0401800012588501,0.0031766010136492747,0.2116633544603646
AAPL271217P00120000,2026-10-02 13:30:14+00:00,120.0,0.49,0.33,0.44,0.0,0.0,9.0,1263.0,0.422857333984375,False,REGULAR,USD,Put,2027-12-17,AAPL,2026-10-06T00:29:07.449491+00:00,332.89,0.0401800012588501,0.0031766010136492747,0.2116633544603646
AAPL271217P00125000,2026-09-22 16:33:15+00:00,125.0,0.42,0.36,0.49,0.0,0.0,5.0,834.0,0.4133359448242187,False,REGULAR,USD,Put,2027-12-17,AAPL,2026-10-06T00:29:07.449491+00:00,332.89,0.0401800012588501,0.0031766010136492747,0.2116633544603646
AAPL271217P00130000,2026-10-01 17:30:44+00:00,130.0,0.53,0.42,0.59,0.0,0.0,1.0,499.0,0.40869731933593745,False,REGULAR,USD,Put,2027-12-17,AAPL,2026-10-06T00:29:07.449491+00:00,332.89,0.0401800012588501,0.0031766010136492747,0.2116633544603646
AAPL271217P00135000,2026-10-01 17:30:45+00:00,135.0,0.61,0.35,0.67,0.0,0.0,6.0,2947.0,0.40112903564453123,False,REGULAR,USD,Put,2027-12-17,AAPL,2026-10-06T00:29:07.449491+00:00,332.89,0.0401800012588501,0.0031766010136492747,0.2116633544603646
AAPL271217P00140000,2026-10-01 17:52:59+00:00,140.0,0.64,0.56,0.69,0.0,0.0,3.0,3722.0,0.38794557373046873,False,REGULAR,USD,Put,2027-12-17,AAPL,2026-10-06T00:29:07.449491+00:00,332.89,0.0401800012588501,0.0031766010136492747,0.2116633544603646
AAPL271217P00145000,2026-10-01 17:53:00+00:00,145.0,0.74,0.65,0.79,0.0,0.0,6.0,614.0,0.3815979809570312,False,REGULAR,USD,Put,2027-12-17,AAPL,2026-10-06T00:29:07.449491+00:00,332.89,0.0401800012588501,0.0031766010136492747,0.2116633544603646
AAPL271217P00150000,2026-10-05 15:37:59+00:00,150.0,0.75,0.74,0.87,-0.04000002,-5.0632935,1.0,923.0,0.37317521362304684,False,REGULAR,USD,Put,2027-12-17,AAPL,2026-10-06T00:29:07.449491+00:00,332.89,0.0401800012588501,0.0031766010136492747,0.2116633544603646
AAPL271217P00155000,2026-10-02 16:23:51+00:00,155.0,0.96,0.84,0.99,0.0,0.0,1.0,1080.0,0.3670717590332031,False,REGULAR,USD,Put,2027-12-17,AAPL,2026-10-06T00:29:07.449491+00:00,332.89,0.0401800012588501,0.0031766010136492747,0.2116633544603646
AAPL271217P00160000,2026-10-01 14:30:03+00:00,160.0,1.13,0.91,1.18,0.0,0.0,1.0,1058.0,0.36426416992187505,False,REGULAR,USD,Put,2027-12-17,AAPL,2026-10-06T00:29:07.449491+00:00,332.89,0.0401800012588501,0.0031766010136492747,0.2116633544603646
AAPL271217P00165000,2026-10-02 16:55:56+00:00,165.0,1.11,1.06,1.24,0.0,0.0,1.0,1033.0,0.3536441589355468,False,REGULAR,USD,Put,2027-12-17,AAPL,2026-10-06T00:29:07.449491+00:00,332.89,0.0401800012588501,0.0031766010136492747,0.2116633544603646
AAPL271217P00170000,2026-09-29 17:56:21+00:00,170.0,1.39,1.22,1.47,0.0,0.0,38.0,1036.0,0.35120277709960934,False,REGULAR,USD,Put,2027-12-17,AAPL,2026-10-06T00:29:07.449491+00:00,332.89,0.0401800012588501,0.0031766010136492747,0.2116633544603646
AAPL271217P00175000,2026-10-05 19:28:34+00:00,175.0,1.52,1.24,1.57,0.07999992,5.55555,11.0,1870.0,0.3421696643066406,False,REGULAR,USD,Put,2027-12-17,AAPL,2026-10-06T00:29:07.449491+00:00,332.89,0.0401800012588501,0.0031766010136492747,0.2116633544603646
AAPL271217P00180000,2026-10-05 19:42:42+00:00,180.0,1.7,1.55,1.94,0.060000062,3.6585405,15.0,3475.0,0.343207251586914,False,REGULAR,USD,Put,2027-12-17,AAPL,2026-10-06T00:29:07.449491+00:00,332.89,0.0401800012588501,0.0031766010136492747,0.2116633544603646
AAPL271217P00185000,2026-09-30 13:58:31+00:00,185.0,1.86,1.77,2.1,0.0,0.0,1.0,1012.0,0.33551689880371094,False,REGULAR,USD,Put,2027-12-17,AAPL,2026-10-06T00:29:07.449491+00:00,332.89,0.0401800012588501,0.0031766010136492747,0.2116633544603646
AAPL271217P00190000,2026-09-29 16:35:27+00:00,190.0,2.13,1.94,2.36,0.0,0.0,7.0,1426.0,0.3306951696777344,False,REGULAR,USD,Put,2027-12-17,AAPL,2026-10-06T00:29:07.449491+00:00,332.89,0.0401800012588501,0.0031766010136492747,0.2116633544603646
AAPL271217P00195000,2026-09-22 15:34:39+00:00,195.0,2.3,2.24,2.46,0.0,0.0,1.0,1828.0,0.3206244696044921,False,REGULAR,USD,Put,2027-12-17,AAPL,2026-10-06T00:29:07.449491+00:00,332.89,0.0401800012588501,0.0031766010136492747,0.2116633544603646
AAPL271217P00200000,2026-10-05 19:53:22+00:00,200.0,2.63,2.55,2.73,-0.23999977,-8.362362,65.0,5648.0,0.31525342956542957,False,REGULAR,USD,Put,2027-12-17,AAPL,2026-10-06T00:29:07.449491+00:00,332.89,0.0401800012588501,0.0031766010136492747,0.2116633544603646
AAPL271217P00205000,2026-09-23 16:42:44+00:00,205.0,3.02,2.8,3.1,0.0,0.0,1.0,613.0,0.31180497772216786,False,REGULAR,USD,Put,2027-12-17,AAPL,2026-10-06T00:29:07.449491+00:00,332.89,0.0401800012588501,0.0031766010136492747,0.2116633544603646
AAPL271217P00210000,2026-10-05 18:53:14+00:00,210.0,3.27,3.2,3.4,-0.099999905,-2.9673562,1.0,1225.0,0.30597617858886716,False,REGULAR,USD,Put,2027-12-17,AAPL,2026-10-06T00:29:07.449491+00:00,332.89,0.0401800012588501,0.0031766010136492747,0.2116633544603646
AAPL271217P00215000,2026-09-28 14:44:27+00:00,215.0,3.35,3.4,3.8,0.0,0.0,15.0,943.0,0.30179531219482425,False,REGULAR,USD,Put,2027-12-17,AAPL,2026-10-06T00:29:07.449491+00:00,332.89,0.0401800012588501,0.0031766010136492747,0.2116633544603646
AAPL271217P00220000,2026-10-01 15:09:59+00:00,220.0,4.4,3.85,4.25,0.0,0.0,1.0,1363.0,0.2979196185302734,False,REGULAR,USD,Put,2027-12-17,AAPL,2026-10-06T00:29:07.449491+00:00,332.89,0.0401800012588501,0.0031766010136492747,0.2116633544603646
AAPL271217P00225000,2026-10-05 18:42:57+00:00,225.0,4.5,4.4,4.7,-0.9899998,-18.032784,24.0,686.0,0.2933420275878905,False,REGULAR,USD,Put,2027-12-17,AAPL,2026-10-06T00:29:07.449491+00:00,332.89,0.0401800012588501,0.0031766010136492747,0.2116633544603646
AAPL271217P00230000,2026-10-05 19:46:33+00:00,230.0,5.07,4.95,5.25,-0.119999886,-2.3121364,22.0,2688.0,0.28983254119873036,False,REGULAR,USD,Put,2027-12-17,AAPL,2026-10-06T00:29:07.449491+00:00,332.89,0.0401800012588501,0.0031766010136492747,0.2116633544603646
AAPL271217P00235000,2026-09-29 14:17:41+00:00,235.0,5.63,5.4,5.8,0.0,0.0,2.0,680.0,0.285590640258789,False,REGULAR,USD,Put,2027-12-17,AAPL,2026-10-06T00:29:07.449491+00:00,332.89,0.0401800012588501,0.0031766010136492747,0.2116633544603646
AAPL271217P00240000,2026-10-05 14:00:17+00:00,240.0,6.25,5.95,6.45,-0.099999905,-1.5748017,1.0,1706.0,0.2821727056884765,False,REGULAR,USD,Put,2027-12-17,AAPL,2026-10-06T00:29:07.449491+00:00,332.89,0.0401800012588501,0.0031766010136492747,0.2116633544603646
AAPL271217P00245000,2026-09-29 19:33:17+00:00,245.0,7.1,6.6,7.35,0.0,0.0,4.0,840.0,0.28137925659179686,False,REGULAR,USD,Put,2027-12-17,AAPL,2026-10-06T00:29:07.449491+00:00,332.89,0.0401800012588501,0.0031766010136492747,0.2116633544603646
AAPL271217P00250000,2026-10-05 15:17:21+00:00,250.0,7.56,7.35,7.85,-0.13999987,-1.8181801,13.0,12937.0,0.2745433874511719,False,REGULAR,USD,Put,2027-12-17,AAPL,2026-10-06T00:29:07.449491+00:00,332.89,0.0401800012588501,0.0031766010136492747,0.2116633544603646
AAPL271217P00255000,2026-10-02 14:50:00+00:00,255.0,8.45,8.15,8.65,0.0,0.0,1.0,720.0,0.27094234924316407,False,REGULAR,USD,Put,2027-12-17,AAPL,2026-10-06T00:29:07.449491+00:00,332.89,0.0401800012588501,0.0031766010136492747,0.2116633544603646
AAPL271217P00260000,2026-10-02 17:17:17+00:00,260.0,9.35,9.0,9.4,0.0,0.0,1.0,1489.0,0.2660901028442383,False,REGULAR,USD,Put,2027-12-17,AAPL,2026-10-06T00:29:07.449491+00:00,332.89,0.0401800012588501,0.0031766010136492747,0.2116633544603646
AAPL271217P00265000,2026-10-05 19:41:58+00:00,265.0,10.15,10.1,10.7,-0.1600008,-1.5518991,1.0,2396.0,0.26654786193847657,False,REGULAR,USD,Put,2027-12-17,AAPL,2026-10-06T00:29:07.449491+00:00,332.89,0.0401800012588501,0.0031766010136492747,0.2116633544603646
AAPL271217P00270000,2026-10-05 19:45:04+00:00,270.0,11.3,10.95,11.55,0.25,2.2624433,3.0,1072.0,0.261375184173584,False,REGULAR,USD,Put,2027-12-17,AAPL,2026-10-06T00:29:07.449491+00:00,332.89,0.0401800012588501,0.0031766010136492747,0.2116633544603646
AAPL271217P00275000,2026-10-05 19:45:04+00:00,275.0,12.4,12.0,12.7,0.65999985,5.6218047,2.0,1122.0,0.2585523364257813,False,REGULAR,USD,Put,2027-12-17,AAPL,2026-10-06T00:29:07.449491+00:00,332.89,0.0401800012588501,0.0031766010136492747,0.2116633544603646
AAPL271217P00280000,2026-10-05 15:21:21+00:00,280.0,13.4,13.4,13.8,-0.3000002,-2.1897824,2.0,3158.0,0.25452405639648445,False,REGULAR,USD,Put,2027-12-17,AAPL,2026-10-06T00:29:07.449491+00:00,332.89,0.0401800012588501,0.0031766010136492747,0.2116633544603646
AAPL271217P00285000,2026-10-05 16:15:09+00:00,285.0,14.6,14.4,15.3,0.70000076,5.035977,14.0,478.0,0.25336440002441407,False,REGULAR,USD,Put,2027-12-17,AAPL,2026-10-06T00:29:07.449491+00:00,332.89,0.0401800012588501,0.0031766010136492747,0.2116633544603646
AAPL271217P00290000,2026-10-05 19:02:26+00:00,290.0,15.9,16.0,16.7,-0.94000053,-5.5819507,2.0,1599.0,0.25048051773071284,False,REGULAR,USD,Put,2027-12-17,AAPL,2026-10-06T00:29:07.449491+00:00,332.89,0.0401800012588501,0.0031766010136492747,0.2116633544603646
AAPL271217P00295000,2026-10-02 14:02:38+00:00,295.0,18.01,17.2,18.2,0.0,0.0,166.0,1276.0,0.24768818725585937,False,REGULAR,USD,Put,2027-12-17,AAPL,2026-10-06T00:29:07.449491+00:00,332.89,0.0401800012588501,0.0031766010136492747,0.2116633544603646
AAPL271217P00300000,2026-10-05 16:44:19+00:00,300.0,18.47,18.8,19.65,-0.73000145,-3.8020906,3.0,2172.0,0.24373620040893557,False,REGULAR,USD,Put,2027-12-17,AAPL,2026-10-06T00:29:07.449491+00:00,332.89,0.0401800012588501,0.0031766010136492747,0.2116633544603646
AAPL271217P00305000,2026-10-05 17:18:48+00:00,305.0,20.5,20.35,21.1,-0.27000046,-1.299954,30.0,717.0,0.23912809219360348,False,REGULAR,USD,Put,2027-12-17,AAPL,2026-10-06T00:29:07.449491+00:00,332.89,0.0401800012588501,0.0031766010136492747,0.2116633544603646
AAPL271217P00310000,2026-10-02 15:10:38+00:00,310.0,23.0,22.1,22.85,0.0,0.0,8.0,4103.0,0.2360763648986816,False,REGULAR,USD,Put,2027-12-17,AAPL,2026-10-06T00:29:07.449491+00:00,332.89,0.0401800012588501,0.0031766010136492747,0.2116633544603646
AAPL271217P00315000,2026-10-02 14:31:37+00:00,315.0,24.2,23.95,24.75,0.0,0.0,15.0,346.0,0.2333908448791504,False,REGULAR,USD,Put,2027-12-17,AAPL,2026-10-06T00:29:07.449491+00:00,332.89,0.0401800012588501,0.0031766010136492747,0.2116633544603646
AAPL271217P00320000,2026-10-05 16:58:18+00:00,320.0,25.63,25.9,26.65,-0.47000122,-1.8007709,1.0,4530.0,0.22992713439941403,False,REGULAR,USD,Put,2027-12-17,AAPL,2026-10-06T00:29:07.449491+00:00,332.89,0.0401800012588501,0.0031766010136492747,0.2116633544603646
AAPL271217P00325000,2026-10-05 19:58:32+00:00,325.0,28.4,27.7,28.75,-0.13000107,-0.45566443,252.0,819.0,0.22711191596984862,False,REGULAR,USD,Put,2027-12-17,AAPL,2026-10-06T00:29:07.449491+00:00,332.89,0.0401800012588501,0.0031766010136492747,0.2116633544603646
AAPL271217P00330000,2026-10-01 19:50:06+00:00,330.0,32.0,30.1,31.35,0.0,0.0,5.0,269.0,0.22699747619628902,False,REGULAR,USD,Put,2027-12-17,AAPL,2026-10-06T00:29:07.449491+00:00,332.89,0.0401800012588501,0.0031766010136492747,0.2116633544603646
AAPL271217P00335000,2026-10-05 15:24:04+00:00,335.0,32.55,32.5,33.65,0.049999237,0.1538438,6.0,72.0,0.223991524810791,True,REGULAR,USD,Put,2027-12-17,AAPL,2026-10-06T00:29:07.449491+00:00,332.89,0.0401800012588501,0.0031766010136492747,0.2116633544603646
AAPL271217P00340000,2026-10-05 19:51:56+00:00,340.0,35.18,34.65,35.7,-0.15000153,-0.42457265,37.0,2792.0,0.21846026908874508,True,REGULAR,USD,Put,2027-12-17,AAPL,2026-10-06T00:29:07.449491+00:00,332.89,0.0401800012588501,0.0031766010136492747,0.2116633544603646
AAPL271217P00345000,2026-09-17 18:18:26+00:00,345.0,38.18,37.0,38.7,0.0,0.0,10.0,61.0,0.2186662606811523,True,REGULAR,USD,Put,2027-12-17,AAPL,2026-10-06T00:29:07.449491+00:00,332.89,0.0401800012588501,0.0031766010136492747,0.2116633544603646
AAPL271217P00350000,2026-10-05 14:49:14+00:00,350.0,39.8,39.8,40.9,-1.6199989,-3.9111516,11.0,423.0,0.21254754745483395,True,REGULAR,USD,Put,2027-12-17,AAPL,2026-10-06T00:29:07.449491+00:00,332.89,0.0401800012588501,0.0031766010136492747,0.2116633544603646
AAPL271217P00355000,2026-09-11 19:04:44+00:00,355.0,45.75,42.3,44.05,0.0,0.0,20.0,63.0,0.21216608154296873,True,REGULAR,USD,Put,2027-12-17,AAPL,2026-10-06T00:29:07.449491+00:00,332.89,0.0401800012588501,0.0031766010136492747,0.2116633544603646
AAPL271217P00360000,2026-10-05 16:51:05+00:00,360.0,45.14,45.35,46.6,-1.0100021,-2.1885202,4.0,273.0,0.20674926559448237,True,REGULAR,USD,Put,2027-12-17,AAPL,2026-10-06T00:29:07.449491+00:00,332.89,0.0401800012588501,0.0031766010136492747,0.2116633544603646
AAPL271217P00365000,2026-09-28 14:43:16+00:00,365.0,45.2,47.85,50.35,0.0,0.0,20.0,100.0,0.20899228515624996,True,REGULAR,USD,Put,2027-12-17,AAPL,2026-10-06T00:29:07.449491+00:00,332.89,0.0401800012588501,0.0031766010136492747,0.2116633544603646
AAPL271217P00370000,2026-09-28 19:52:40+00:00,370.0,49.16,50.8,53.1,0.0,0.0,7.0,101.0,0.20322452056884766,True,REGULAR,USD,Put,2027-12-17,AAPL,2026-10-06T00:29:07.449491+00:00,332.89,0.0401800012588501,0.0031766010136492747,0.2116633544603646
AAPL271217P00375000,2026-09-29 14:17:41+00:00,375.0,55.22,53.8,56.75,0.0,0.0,2.0,123.0,0.20319400329589843,True,REGULAR,USD,Put,2027-12-17,AAPL,2026-10-06T00:29:07.449491+00:00,332.89,0.0401800012588501,0.0031766010136492747,0.2116633544603646
AAPL271217P00380000,2026-10-01 16:55:51+00:00,380.0,62.37,57.0,60.05,0.0,0.0,1.0,46.0,0.1996997755432129,True,REGULAR,USD,Put,2027-12-17,AAPL,2026-10-06T00:29:07.449491+00:00,332.89,0.0401800012588501,0.0031766010136492747,0.2116633544603646
AAPL271217P00385000,2026-09-23 17:33:31+00:00,385.0,60.15,60.45,63.45,0.0,0.0,2.0,33.0,0.19602244415283204,True,REGULAR,USD,Put,2027-12-17,AAPL,2026-10-06T00:29:07.449491+00:00,332.89,0.0401800012588501,0.0031766010136492747,0.2116633544603646
AAPL271217P00390000,2026-09-29 15:58:15+00:00,390.0,66.6,64.0,67.2,0.0,0.0,2.0,36.0,0.19425244232177735,True,REGULAR,USD,Put,2027-12-17,AAPL,2026-10-06T00:29:07.449491+00:00,332.89,0.0401800012588501,0.0031766010136492747,0.2116633544603646
AAPL271217P00395000,2026-09-28 19:13:55+00:00,395.0,65.55,68.05,70.45,0.0,0.0,17.0,89.0,0.1871419177246094,True,REGULAR,USD,Put,2027-12-17,AAPL,2026-10-06T00:29:07.449491+00:00,332.89,0.0401800012588501,0.0031766010136492747,0.2116633544603646
AAPL271217P00400000,2026-09-29 13:45:31+00:00,400.0,73.3,71.7,74.05,0.0,0.0,4.0,118.0,0.18175561904907228,True,REGULAR,USD,Put,2027-12-17,AAPL,2026-10-06T00:29:07.449491+00:00,332.89,0.0401800012588501,0.0031766010136492747,0.2116633544603646
AAPL271217P00405000,2026-09-28 19:53:28+00:00,405.0,73.0,75.55,78.7,0.0,0.0,4.0,72.0,0.18560079544067382,True,REGULAR,USD,Put,2027-12-17,AAPL,2026-10-06T00:29:07.449491+00:00,332.89,0.0401800012588501,0.0031766010136492747,0.2116633544603646
AAPL271217P00410000,2026-09-29 14:27:53+00:00,410.0,81.65,79.85,82.55,0.0,0.0,2.0,105.0,0.18062647994995118,True,REGULAR,USD,Put,2027-12-17,AAPL,2026-10-06T00:29:07.449491+00:00,332.89,0.0401800012588501,0.0031766010136492747,0.2116633544603646
AAPL271217P00415000,2026-09-22 18:05:07+00:00,415.0,79.85,84.1,86.1,0.0,0.0,2.0,1.0,0.17041845214843754,True,REGULAR,USD,Put,2027-12-17,AAPL,2026-10-06T00:29:07.449491+00:00,332.89,0.0401800012588501,0.0031766010136492747,0.2116633544603646
AAPL271217P00420000,2026-09-28 19:03:04+00:00,420.0,84.35,88.4,90.5,0.0,0.0,8.0,16.0,0.16880103668212892,True,REGULAR,USD,Put,2027-12-17,AAPL,2026-10-06T00:29:07.449491+00:00,332.89,0.0401800012588501,0.0031766010136492747,0.2116633544603646
AAPL271217P00425000,2026-09-28 13:46:51+00:00,425.0,86.25,92.2,95.5,0.0,0.0,4.0,8.0,0.17473664627075197,True,REGULAR,USD,Put,2027-12-17,AAPL,2026-10-06T00:29:07.449491+00:00,332.89,0.0401800012588501,0.0031766010136492747,0.2116633544603646
AAPL271217P00430000,2026-09-25 16:23:34+00:00,430.0,92.9,96.65,99.9,0.0,0.0,4.0,6.0,0.17176121215820314,True,REGULAR,USD,Put,2027-12-17,AAPL,2026-10-06T00:29:07.449491+00:00,332.89,0.0401800012588501,0.0031766010136492747,0.2116633544603646
AAPL271217P00435000,2026-09-29 14:18:52+00:00,435.0,102.86,101.25,104.55,0.0,0.0,2.0,4.0,0.1716696603393555,True,REGULAR,USD,Put,2027-12-17,AAPL,2026-10-06T00:29:07.449491+00:00,332.89,0.0401800012588501,0.0031766010136492747,0.2116633544603646
AAPL271217P00440000,2026-09-28 18:43:35+00:00,440.0,101.64,105.9,108.45,0.0,0.0,4.0,5.0,0.15570912658691405,True,REGULAR,USD,Put,2027-12-17,AAPL,2026-10-06T00:29:07.449491+00:00,332.89,0.0401800012588501,0.0031766010136492747,0.2116633544603646
AAPL271217P00450000,2026-10-02 14:33:07+00:00,450.0,115.95,115.55,118.45,0.0,0.0,15.0,15.0,0.16529155029296877,True,REGULAR,USD,Put,2027-12-17,AAPL,2026-10-06T00:29:07.449491+00:00,332.89,0.0401800012588501,0.0031766010136492747,0.2116633544603646
AAPL271217P00460000,2026-10-01 16:11:38+00:00,460.0,132.1,125.5,128.8,0.0,0.0,2.0,0.0,0.18262536132812499,True,REGULAR,USD,Put,2027-12-17,AAPL,2026-10-06T00:29:07.449491+00:00,332.89,0.0401800012588501,0.0031766010136492747,0.2116633544603646
AAPL271217P00470000,2026-09-28 18:43:35+00:00,470.0,130.51,135.5,138.8,0.0,0.0,,0.0,0.19184157775878907,True,REGULAR,USD,Put,2027-12-17,AAPL,2026-10-06T00:29:07.449491+00:00,332.89,0.0401800012588501,0.0031766010136492747,0.2116633544603646
AAPL280121C00005000,2026-09-15 16:27:19+00:00,5.0,325.76,326.35,330.25,0.0,0.0,2.0,58.0,1.798829130859375,True,REGULAR,USD,Call,2028-01-21,AAPL,2026-10-06T00:29:07.449491+00:00,332.89,0.0401800012588501,0.0031766010136492747,0.2116633544603646
AAPL280121C00010000,2026-08-07 17:47:58+00:00,10.0,303.35,0.0,0.0,0.0,0.0,50.0,0.0,1.0000000000000003e-05,True,REGULAR,USD,Call,2028-01-21,AAPL,2026-10-06T00:29:07.449491+00:00,332.89,0.0401800012588501,0.0031766010136492747,0.2116633544603646
AAPL280121C00015000,2026-02-19 20:28:14+00:00,15.0,245.12,0.0,0.0,0.0,0.0,1.0,0.0,1.0000000000000003e-05,True,REGULAR,USD,Call,2028-01-21,AAPL,2026-10-06T00:29:07.449491+00:00,332.89,0.0401800012588501,0.0031766010136492747,0.2116633544603646
AAPL280121C00020000,2026-07-21 15:25:38+00:00,20.0,308.2,289.4,293.3,0.0,0.0,2.0,8.0,1.0000000000000003e-05,True,REGULAR,USD,Call,2028-01-21,AAPL,2026-10-06T00:29:07.449491+00:00,332.89,0.0401800012588501,0.0031766010136492747,0.2116633544603646
AAPL280121C00025000,2026-09-28 18:17:21+00:00,25.0,315.35,307.4,311.0,0.0,0.0,2.0,10.0,1.2251015307617186,True,REGULAR,USD,Call,2028-01-21,AAPL,2026-10-06T00:29:07.449491+00:00,332.89,0.0401800012588501,0.0031766010136492747,0.2116633544603646
AAPL280121C00030000,2026-04-09 15:52:31+00:00,30.0,229.09,269.0,274.0,0.0,0.0,10.0,12.0,1.0000000000000003e-05,True,REGULAR,USD,Call,2028-01-21,AAPL,2026-10-06T00:29:07.449491+00:00,332.89,0.0401800012588501,0.0031766010136492747,0.2116633544603646
AAPL280121C00035000,2026-02-11 14:45:54+00:00,35.0,241.75,0.0,0.0,0.0,0.0,3.0,0.0,1.0000000000000003e-05,True,REGULAR,USD,Call,2028-01-21,AAPL,2026-10-06T00:29:07.449491+00:00,332.89,0.0401800012588501,0.0031766010136492747,0.2116633544603646
AAPL280121C00040000,2026-05-08 16:46:39+00:00,40.0,252.2,261.8,265.75,0.0,0.0,2.0,15.0,1.0000000000000003e-05,True,REGULAR,USD,Call,2028-01-21,AAPL,2026-10-06T00:29:07.449491+00:00,332.89,0.0401800012588501,0.0031766010136492747,0.2116633544603646
AAPL280121C00045000,2026-09-30 15:25:47+00:00,45.0,293.95,288.65,292.5,0.0,0.0,2.0,4.0,1.0659226391601564,True,REGULAR,USD,Call,2028-01-21,AAPL,2026-10-06T00:29:07.449491+00:00,332.89,0.0401800012588501,0.0031766010136492747,0.2116633544603646
AAPL280121C00050000,2026-09-30 16:52:45+00:00,50.0,289.0,284.0,287.45,0.0,0.0,10.0,129.0,1.0188037341308593,True,REGULAR,USD,Call,2028-01-21,AAPL,2026-10-06T00:29:07.449491+00:00,332.89,0.0401800012588501,0.0031766010136492747,0.2116633544603646
AAPL280121C00060000,2026-08-10 14:25:23+00:00,60.0,249.74,0.0,0.0,0.0,0.0,3.0,0.0,1.0000000000000003e-05,True,REGULAR,USD,Call,2028-01-21,AAPL,2026-10-06T00:29:07.449491+00:00,332.89,0.0401800012588501,0.0031766010136492747,0.2116633544603646
AAPL280121C00070000,2026-10-05 16:37:43+00:00,70.0,268.46,265.3,268.75,3.4700012,1.3094839,282.0,220.0,0.9084481811523437,True,REGULAR,USD,Call,2028-01-21,AAPL,2026-10-06T00:29:07.449491+00:00,332.89,0.0401800012588501,0.0031766010136492747,0.2116633544603646
AAPL280121C00080000,2026-10-05 16:40:43+00:00,80.0,258.83,255.95,259.4,2.7099915,1.0580945,30.0,320.0,0.861451580810547,True,REGULAR,USD,Call,2028-01-21,AAPL,2026-10-06T00:29:07.449491+00:00,332.89,0.0401800012588501,0.0031766010136492747,0.2116633544603646
AAPL280121C00090000,2026-10-05 16:42:02+00:00,90.0,249.53,246.6,249.85,2.1699982,0.8772632,202.0,184.0,0.81445498046875,True,REGULAR,USD,Call,2028-01-21,AAPL,2026-10-06T00:29:07.449491+00:00,332.89,0.0401800012588501,0.0031766010136492747,0.2116633544603646
AAPL280121C00100000,2026-10-05 16:36:19+00:00,100.0,240.41,237.3,240.5,2.230011,0.9362713,192.0,1107.0,0.7757590783691408,True,REGULAR,USD,Call,2028-01-21,AAPL,2026-10-06T00:29:07.449491+00:00,332.89,0.0401800012588501,0.0031766010136492747,0.2116633544603646
AAPL280121C00110000,2026-10-05 16:36:19+00:00,110.0,231.19,228.0,231.25,2.619995,1.146255,92.0,316.0,0.7409083526611326,True,REGULAR,USD,Call,2028-01-21,AAPL,2026-10-06T00:29:07.449491+00:00,332.89,0.0401800012588501,0.0031766010136492747,0.2116633544603646
AAPL280121C00115000,2026-10-05 16:30:25+00:00,115.0,226.28,223.4,226.5,2.199997,0.98179084,2.0,117.0,0.723086265258789,True,REGULAR,USD,Call,2028-01-21,AAPL,2026-10-06T00:29:07.449491+00:00,332.89,0.0401800012588501,0.0031766010136492747,0.2116633544603646
AAPL280121C00120000,2026-09-29 17:51:36+00:00,120.0,219.32,218.75,222.0,0.0,0.0,594.0,332.0,0.7084379742431641,True,REGULAR,USD,Call,2028-01-21,AAPL,2026-10-06T00:29:07.449491+00:00,332.89,0.0401800012588501,0.0031766010136492747,0.2116633544603646
AAPL280121C00125000,2026-09-29 17:49:13+00:00,125.0,214.37,214.15,217.4,0.0,0.0,396.0,222.0,0.69336244140625,True,REGULAR,USD,Call,2028-01-21,AAPL,2026-10-06T00:29:07.449491+00:00,332.89,0.0401800012588501,0.0031766010136492747,0.2116633544603646
AAPL280121C00130000,2026-09-29 17:47:52+00:00,130.0,210.5,209.5,212.75,0.0,0.0,496.0,369.0,0.6773103558349609,True,REGULAR,USD,Call,2028-01-21,AAPL,2026-10-06T00:29:07.449491+00:00,332.89,0.0401800012588501,0.0031766010136492747,0.2116633544603646
AAPL280121C00135000,2026-09-29 17:46:08+00:00,135.0,205.78,204.9,208.0,0.0,0.0,208.0,223.0,0.6610751666259767,True,REGULAR,USD,Call,2028-01-21,AAPL,2026-10-06T00:29:07.449491+00:00,332.89,0.0401800012588501,0.0031766010136492747,0.2116633544603646
AAPL280121C00140000,2026-10-02 14:37:01+00:00,140.0,202.93,200.3,203.5,0.0,0.0,2.0,71.0,0.6479222219848633,True,REGULAR,USD,Call,2028-01-21,AAPL,2026-10-06T00:29:07.449491+00:00,332.89,0.0401800012588501,0.0031766010136492747,0.2116633544603646
AAPL280121C00145000,2026-09-29 17:43:36+00:00,145.0,196.64,195.7,198.95,0.0,0.0,198.0,118.0,0.6343725527954102,True,REGULAR,USD,Call,2028-01-21,AAPL,2026-10-06T00:29:07.449491+00:00,332.89,0.0401800012588501,0.0031766010136492747,0.2116633544603646
AAPL280121C00150000,2026-10-02 17:38:30+00:00,150.0,193.34,191.1,194.5,0.0,0.0,10.0,484.0,0.6219520227050781,True,REGULAR,USD,Call,2028-01-21,AAPL,2026-10-06T00:29:07.449491+00:00,332.89,0.0401800012588501,0.0031766010136492747,0.2116633544603646
AAPL280121C00155000,2026-09-29 17:41:19+00:00,155.0,188.04,186.5,189.75,0.0,0.0,120.0,133.0,0.6067849380493165,True,REGULAR,USD,Call,2028-01-21,AAPL,2026-10-06T00:29:07.449491+00:00,332.89,0.0401800012588501,0.0031766010136492747,0.2116633544603646
AAPL280121C00160000,2026-10-05 17:07:19+00:00,160.0,184.95,181.95,185.85,2.199997,1.2038287,4.0,1252.0,0.6000406207275393,True,REGULAR,USD,Call,2028-01-21,AAPL,2026-10-06T00:29:07.449491+00:00,332.89,0.0401800012588501,0.0031766010136492747,0.2116633544603646
AAPL280121C00165000,2026-09-23 19:22:24+00:00,165.0,182.87,177.4,180.65,0.0,0.0,2.0,806.0,0.5816692224121094,True,REGULAR,USD,Call,2028-01-21,AAPL,2026-10-06T00:29:07.449491+00:00,332.89,0.0401800012588501,0.0031766010136492747,0.2116633544603646
AAPL280121C00170000,2026-09-29 13:30:00+00:00,170.0,179.1,172.9,176.15,0.0,0.0,1.0,220.0,0.5701031759643554,True,REGULAR,USD,Call,2028-01-21,AAPL,2026-10-06T00:29:07.449491+00:00,332.89,0.0401800012588501,0.0031766010136492747,0.2116633544603646
AAPL280121C00175000,2026-09-25 17:31:13+00:00,175.0,175.35,168.35,171.6,0.0,0.0,1.0,109.0,0.5577436804199221,True,REGULAR,USD,Call,2028-01-21,AAPL,2026-10-06T00:29:07.449491+00:00,332.89,0.0401800012588501,0.0031766010136492747,0.2116633544603646
AAPL280121C00180000,2026-10-05 17:04:33+00:00,180.0,167.15,163.85,167.1,0.7999878,0.48090637,53.0,510.0,0.5462691857910158,True,REGULAR,USD,Call,2028-01-21,AAPL,2026-10-06T00:29:07.449491+00:00,332.89,0.0401800012588501,0.0031766010136492747,0.2116633544603646
AAPL280121C00185000,2026-10-01 19:45:36+00:00,185.0,157.65,159.4,162.65,0.0,0.0,23.0,423.0,0.53555762298584,True,REGULAR,USD,Call,2028-01-21,AAPL,2026-10-06T00:29:07.449491+00:00,332.89,0.0401800012588501,0.0031766010136492747,0.2116633544603646
AAPL280121C00190000,2026-09-30 19:10:06+00:00,190.0,160.46,154.95,158.2,0.0,0.0,158.0,179.0,0.5248155429077149,True,REGULAR,USD,Call,2028-01-21,AAPL,2026-10-06T00:29:07.449491+00:00,332.89,0.0401800012588501,0.0031766010136492747,0.2116633544603646
AAPL280121C00195000,2026-09-30 19:09:45+00:00,195.0,156.05,150.5,153.75,0.0,0.0,4.0,370.0,0.5140582041931152,True,REGULAR,USD,Call,2028-01-21,AAPL,2026-10-06T00:29:07.449491+00:00,332.89,0.0401800012588501,0.0031766010136492747,0.2116633544603646
AAPL280121C00200000,2026-10-05 17:06:42+00:00,200.0,149.13,146.1,149.2,3.930008,2.706617,1.0,1079.0,0.5029499168395997,True,REGULAR,USD,Call,2028-01-21,AAPL,2026-10-06T00:29:07.449491+00:00,332.89,0.0401800012588501,0.0031766010136492747,0.2116633544603646
AAPL280121C00210000,2026-10-05 17:28:22+00:00,210.0,139.6,137.4,140.15,-0.33999634,-0.24295865,1.0,255.0,0.49841810180664065,True,REGULAR,USD,Call,2028-01-21,AAPL,2026-10-06T00:29:07.449491+00:00,332.89,0.0401800012588501,0.0031766010136492747,0.2116633544603646
AAPL280121C00220000,2026-09-28 14:10:15+00:00,220.0,140.85,129.45,131.8,0.0,0.0,13.0,844.0,0.4819082571411133,True,REGULAR,USD,Call,2028-01-21,AAPL,2026-10-06T00:29:07.449491+00:00,332.89,0.0401800012588501,0.0031766010136492747,0.2116633544603646
AAPL280121C00230000,2026-10-05 19:06:03+00:00,230.0,122.95,121.35,123.4,0.3600006,0.2936623,27.0,3217.0,0.46414720428466794,True,REGULAR,USD,Call,2028-01-21,AAPL,2026-10-06T00:29:07.449491+00:00,332.89,0.0401800012588501,0.0031766010136492747,0.2116633544603646
AAPL280121C00240000,2026-10-05 19:53:22+00:00,240.0,113.95,112.55,115.25,-0.55000305,-0.480352,1.0,2990.0,0.4482782223510742,True,REGULAR,USD,Call,2028-01-21,AAPL,2026-10-06T00:29:07.449491+00:00,332.89,0.0401800012588501,0.0031766010136492747,0.2116633544603646
AAPL280121C00250000,2026-10-05 19:53:58+00:00,250.0,106.4,104.25,107.2,-0.18999481,-0.17824826,5.0,1888.0,0.4325313095092773,True,REGULAR,USD,Call,2028-01-21,AAPL,2026-10-06T00:29:07.449491+00:00,332.89,0.0401800012588501,0.0031766010136492747,0.2116633544603646
AAPL280121C00260000,2026-10-02 19:57:17+00:00,260.0,98.5,96.55,99.5,0.0,0.0,9.0,2235.0,0.41901215759277344,True,REGULAR,USD,Call,2028-01-21,AAPL,2026-10-06T00:29:07.449491+00:00,332.89,0.0401800012588501,0.0031766010136492747,0.2116633544603646
AAPL280121C00270000,2026-10-05 19:33:32+00:00,270.0,91.95,89.8,92.05,0.1499939,0.16339204,4.0,3791.0,0.40648481704711914,True,REGULAR,USD,Call,2028-01-21,AAPL,2026-10-06T00:29:07.449491+00:00,332.89,0.0401800012588501,0.0031766010136492747,0.2116633544603646
AAPL280121C00280000,2026-10-05 19:23:31+00:00,280.0,84.48,82.75,84.55,-0.18999481,-0.22439449,12.0,2349.0,0.3923248023986816,True,REGULAR,USD,Call,2028-01-21,AAPL,2026-10-06T00:29:07.449491+00:00,332.89,0.0401800012588501,0.0031766010136492747,0.2116633544603646
AAPL280121C00290000,2026-10-05 19:29:22+00:00,290.0,77.55,75.55,78.1,-0.019996643,-0.025778836,18.0,5449.0,0.38504643280029294,True,REGULAR,USD,Call,2028-01-21,AAPL,2026-10-06T00:29:07.449491+00:00,332.89,0.0401800012588501,0.0031766010136492747,0.2116633544603646
AAPL280121C00300000,2026-10-05 17:59:04+00:00,300.0,69.93,68.9,71.2,-0.5699997,-0.8085102,50.0,21692.0,0.3727632304382324,True,REGULAR,USD,Call,2028-01-21,AAPL,2026-10-06T00:29:07.449491+00:00,332.89,0.0401800012588501,0.0031766010136492747,0.2116633544603646
AAPL280121C00310000,2026-10-05 17:17:54+00:00,310.0,64.58,62.95,64.55,0.099998474,0.15508448,6.0,2404.0,0.3608614939880371,True,REGULAR,USD,Call,2028-01-21,AAPL,2026-10-06T00:29:07.449491+00:00,332.89,0.0401800012588501,0.0031766010136492747,0.2116633544603646
AAPL280121C00320000,2026-10-05 17:58:09+00:00,320.0,57.96,56.9,59.35,-1.0900002,-1.8458936,103.0,4049.0,0.3575351112365723,True,REGULAR,USD,Call,2028-01-21,AAPL,2026-10-06T00:29:07.449491+00:00,332.89,0.0401800012588501,0.0031766010136492747,0.2116633544603646
AAPL280121C00330000,2026-10-05 19:42:50+00:00,330.0,52.53,51.4,53.75,-0.5699997,-1.0734458,9.0,3853.0,0.34957010299682617,True,REGULAR,USD,Call,2028-01-21,AAPL,2026-10-06T00:29:07.449491+00:00,332.89,0.0401800012588501,0.0031766010136492747,0.2116633544603646
AAPL280121C00340000,2026-10-05 19:11:47+00:00,340.0,47.77,46.35,48.7,0.17000198,0.35714704,38.0,3877.0,0.34355820022583,False,REGULAR,USD,Call,2028-01-21,AAPL,2026-10-06T00:29:07.449491+00:00,332.89,0.0401800012588501,0.0031766010136492747,0.2116633544603646
AAPL280121C00350000,2026-10-05 19:47:51+00:00,350.0,42.36,41.65,43.0,-1.0099983,-2.328795,29.0,11101.0,0.33145047218322754,False,REGULAR,USD,Call,2028-01-21,AAPL,2026-10-06T00:29:07.449491+00:00,332.89,0.0401800012588501,0.0031766010136492747,0.2116633544603646
AAPL280121C00360000,2026-10-05 17:04:35+00:00,360.0,38.95,37.7,38.9,0.3500023,0.90674174,17.0,3302.0,0.32813171874999997,False,REGULAR,USD,Call,2028-01-21,AAPL,2026-10-06T00:29:07.449491+00:00,332.89,0.0401800012588501,0.0031766010136492747,0.2116633544603646
AAPL280121C00370000,2026-10-05 15:00:56+00:00,370.0,34.3,33.6,34.8,-0.20000076,-0.57971233,2.0,1297.0,0.32298955825805653,False,REGULAR,USD,Call,2028-01-21,AAPL,2026-10-06T00:29:07.449491+00:00,332.89,0.0401800012588501,0.0031766010136492747,0.2116633544603646
AAPL280121C00380000,2026-10-05 15:12:54+00:00,380.0,30.75,29.85,31.1,1.5599995,5.3442936,10.0,4929.0,0.31868662277221677,False,REGULAR,USD,Call,2028-01-21,AAPL,2026-10-06T00:29:07.449491+00:00,332.89,0.0401800012588501,0.0031766010136492747,0.2116633544603646
AAPL280121C00390000,2026-10-05 14:38:01+00:00,390.0,27.6,26.45,27.35,0.30000114,1.0989053,1.0,1557.0,0.3122017022705078,False,REGULAR,USD,Call,2028-01-21,AAPL,2026-10-06T00:29:07.449491+00:00,332.89,0.0401800012588501,0.0031766010136492747,0.2116633544603646
AAPL280121C00400000,2026-10-05 18:27:11+00:00,400.0,23.45,23.5,24.5,-1.0,-4.0899796,90.0,4692.0,0.31011126907348635,False,REGULAR,USD,Call,2028-01-21,AAPL,2026-10-06T00:29:07.449491+00:00,332.89,0.0401800012588501,0.0031766010136492747,0.2116633544603646
AAPL280121C00410000,2026-10-02 18:20:01+00:00,410.0,21.3,20.65,21.8,-0.15000153,-0.6993078,35.0,1030.0,0.3073799731445312,False,REGULAR,USD,Call,2028-01-21,AAPL,2026-10-06T00:29:07.449491+00:00,332.89,0.0401800012588501,0.0031766010136492747,0.2116633544603646
AAPL280121C00420000,2026-10-05 19:41:21+00:00,420.0,18.7,18.15,19.0,-0.099998474,-0.5319068,1.0,3579.0,0.3021920367431641,False,REGULAR,USD,Call,2028-01-21,AAPL,2026-10-06T00:29:07.449491+00:00,332.89,0.0401800012588501,0.0031766010136492747,0.2116633544603646
AAPL280121C00430000,2026-10-05 13:32:53+00:00,430.0,17.1,15.95,16.8,0.5,3.012048,1.0,730.0,0.29976591354370113,False,REGULAR,USD,Call,2028-01-21,AAPL,2026-10-06T00:29:07.449491+00:00,332.89,0.0401800012588501,0.0031766010136492747,0.2116633544603646
AAPL280121C00440000,2026-10-02 19:58:26+00:00,440.0,14.65,14.0,14.8,0.0,0.0,62.0,1331.0,0.2973245317077636,False,REGULAR,USD,Call,2028-01-21,AAPL,2026-10-06T00:29:07.449491+00:00,332.89,0.0401800012588501,0.0031766010136492747,0.2116633544603646
AAPL280121C00450000,2026-10-05 19:41:56+00:00,450.0,12.6,12.25,13.25,-0.5999994,-4.54545,6.0,7876.0,0.2970956521606445,False,REGULAR,USD,Call,2028-01-21,AAPL,2026-10-06T00:29:07.449491+00:00,332.89,0.0401800012588501,0.0031766010136492747,0.2116633544603646
AAPL280121C00460000,2026-10-05 18:24:13+00:00,460.0,11.05,10.85,11.5,-0.19999981,-1.7777761,17.0,960.0,0.293677717590332,False,REGULAR,USD,Call,2028-01-21,AAPL,2026-10-06T00:29:07.449491+00:00,332.89,0.0401800012588501,0.0031766010136492747,0.2116633544603646
AAPL280121C00470000,2026-09-24 14:46:51+00:00,470.0,11.6,9.35,10.1,0.0,0.0,39.0,633.0,0.2919229743957518,False,REGULAR,USD,Call,2028-01-21,AAPL,2026-10-06T00:29:07.449491+00:00,332.89,0.0401800012588501,0.0031766010136492747,0.2116633544603646
AAPL280121C00480000,2026-10-05 18:56:35+00:00,480.0,8.65,8.15,9.0,0.14999962,1.7647014,125.0,269.0,0.29175512939453113,False,REGULAR,USD,Call,2028-01-21,AAPL,2026-10-06T00:29:07.449491+00:00,332.89,0.0401800012588501,0.0031766010136492747,0.2116633544603646
AAPL280121C00490000,2026-10-05 15:25:28+00:00,490.0,7.5,7.25,7.9,-1.1999998,-13.793102,2.0,333.0,0.2903360762023925,False,REGULAR,USD,Call,2028-01-21,AAPL,2026-10-06T00:29:07.449491+00:00,332.89,0.0401800012588501,0.0031766010136492747,0.2116633544603646
AAPL280121C00500000,2026-10-05 19:45:38+00:00,500.0,6.5,6.45,6.7,-0.3000002,-4.4117675,13.0,5436.0,0.28635357208251955,False,REGULAR,USD,Call,2028-01-21,AAPL,2026-10-06T00:29:07.449491+00:00,332.89,0.0401800012588501,0.0031766010136492747,0.2116633544603646
AAPL280121C00510000,2026-10-05 19:32:00+00:00,510.0,5.85,5.45,6.1,0.25,4.464286,5.0,1259.0,0.2882151257324218,False,REGULAR,USD,Call,2028-01-21,AAPL,2026-10-06T00:29:07.449491+00:00,332.89,0.0401800012588501,0.0031766010136492747,0.2116633544603646
AAPL280121C00520000,2026-10-02 17:03:07+00:00,520.0,5.25,4.8,5.5,0.0,0.0,2.0,561.0,0.2892527130126953,False,REGULAR,USD,Call,2028-01-21,AAPL,2026-10-06T00:29:07.449491+00:00,332.89,0.0401800012588501,0.0031766010136492747,0.2116633544603646
AAPL280121C00530000,2026-10-02 19:02:48+00:00,530.0,4.51,4.05,4.75,0.0,0.0,18.0,2810.0,0.28720805572509756,False,REGULAR,USD,Call,2028-01-21,AAPL,2026-10-06T00:29:07.449491+00:00,332.89,0.0401800012588501,0.0031766010136492747,0.2116633544603646
AAPL280121C00540000,2026-10-01 14:03:16+00:00,540.0,3.98,3.55,4.3,0.0,0.0,1.0,175.0,0.28848978118896473,False,REGULAR,USD,Call,2028-01-21,AAPL,2026-10-06T00:29:07.449491+00:00,332.89,0.0401800012588501,0.0031766010136492747,0.2116633544603646
AAPL280121C00550000,2026-10-05 19:52:06+00:00,550.0,3.4,3.1,3.5,-0.099999905,-2.85714,11.0,438.0,0.2829966720581054,False,REGULAR,USD,Call,2028-01-21,AAPL,2026-10-06T00:29:07.449491+00:00,332.89,0.0401800012588501,0.0031766010136492747,0.2116633544603646
AAPL280121C00560000,2026-10-02 16:51:12+00:00,560.0,3.1,2.69,3.1,0.0,0.0,1.0,99.0,0.28305770660400387,False,REGULAR,USD,Call,2028-01-21,AAPL,2026-10-06T00:29:07.449491+00:00,332.89,0.0401800012588501,0.0031766010136492747,0.2116633544603646
AAPL280121C00570000,2026-10-01 15:42:18+00:00,570.0,2.55,2.33,2.94,0.0,0.0,2.0,126.0,0.28705546936035153,False,REGULAR,USD,Call,2028-01-21,AAPL,2026-10-06T00:29:07.449491+00:00,332.89,0.0401800012588501,0.0031766010136492747,0.2116633544603646
AAPL280121C00580000,2026-10-02 14:54:23+00:00,580.0,2.36,2.05,2.42,0.0,0.0,1.0,25.0,0.28293563751220696,False,REGULAR,USD,Call,2028-01-21,AAPL,2026-10-06T00:29:07.449491+00:00,332.89,0.0401800012588501,0.0031766010136492747,0.2116633544603646
AAPL280121C00590000,2026-10-01 17:32:07+00:00,590.0,2.01,1.75,2.13,0.0,0.0,5.0,347.0,0.28269149932861326,False,REGULAR,USD,Call,2028-01-21,AAPL,2026-10-06T00:29:07.449491+00:00,332.89,0.0401800012588501,0.0031766010136492747,0.2116633544603646
AAPL280121C00600000,2026-10-05 18:04:14+00:00,600.0,1.76,1.57,1.88,-0.09000003,-4.8648667,15.0,2267.0,0.2825999475097656,False,REGULAR,USD,Call,2028-01-21,AAPL,2026-10-06T00:29:07.449491+00:00,332.89,0.0401800012588501,0.0031766010136492747,0.2116633544603646
AAPL280121P00005000,2026-08-26 15:49:14+00:00,5.0,0.01,0.0,0.48,0.0,0.0,9.0,274.0,1.65234548828125,False,REGULAR,USD,Put,2028-01-21,AAPL,2026-10-06T00:29:07.449491+00:00,332.89,0.0401800012588501,0.0031766010136492747,0.2116633544603646
AAPL280121P00010000,2026-06-10 15:17:12+00:00,10.0,0.03,0.0,0.05,0.0,0.0,12.0,34.0,1.0390673046875003,False,REGULAR,USD,Put,2028-01-21,AAPL,2026-10-06T00:29:07.449491+00:00,332.89,0.0401800012588501,0.0031766010136492747,0.2116633544603646
AAPL280121P00015000,2026-06-01 18:22:00+00:00,15.0,0.03,0.0,0.0,0.0,0.0,80.0,0.0,0.500005,False,REGULAR,USD,Put,2028-01-21,AAPL,2026-10-06T00:29:07.449491+00:00,332.89,0.0401800012588501,0.0031766010136492747,0.2116633544603646
AAPL280121P00020000,2026-06-10 15:01:07+00:00,20.0,0.05,0.0,0.16,0.0,0.0,10.0,316.0,0.914063359375,False,REGULAR,USD,Put,2028-01-21,AAPL,2026-10-06T00:29:07.449491+00:00,332.89,0.0401800012588501,0.0031766010136492747,0.2116633544603646
AAPL280121P00025000,2026-05-04 19:15:59+00:00,25.0,0.07,0.0,1.21,0.0,0.0,330.0,580.0,1.0776413305664065,False,REGULAR,USD,Put,2028-01-21,AAPL,2026-10-06T00:29:07.449491+00:00,332.89,0.0401800012588501,0.0031766010136492747,0.2116633544603646
AAPL280121P00030000,2026-09-10 18:31:49+00:00,30.0,0.02,0.0,0.29,0.0,0.0,3.0,397.0,0.8281267187499999,False,REGULAR,USD,Put,2028-01-21,AAPL,2026-10-06T00:29:07.449491+00:00,332.89,0.0401800012588501,0.0031766010136492747,0.2116633544603646
AAPL280121P00035000,2026-06-17 17:33:59+00:00,35.0,0.05,0.0,0.44,0.0,0.0,4.0,75.0,0.8110370458984374,False,REGULAR,USD,Put,2028-01-21,AAPL,2026-10-06T00:29:07.449491+00:00,332.89,0.0401800012588501,0.0031766010136492747,0.2116633544603646
AAPL280121P00040000,2026-09-09 19:24:05+00:00,40.0,0.01,0.0,0.19,0.0,0.0,1.0,86.0,0.69336244140625,False,REGULAR,USD,Put,2028-01-21,AAPL,2026-10-06T00:29:07.449491+00:00,332.89,0.0401800012588501,0.0031766010136492747,0.2116633544603646
AAPL280121P00045000,2026-08-18 16:27:41+00:00,45.0,0.1,0.0,0.0,0.0,0.0,1.0,0.0,0.2500075,False,REGULAR,USD,Put,2028-01-21,AAPL,2026-10-06T00:29:07.449491+00:00,332.89,0.0401800012588501,0.0031766010136492747,0.2116633544603646
AAPL280121P00050000,2026-09-29 19:44:43+00:00,50.0,0.06,0.04,0.11,0.0,0.0,12.0,2628.0,0.6054726953125001,False,REGULAR,USD,Put,2028-01-21,AAPL,2026-10-06T00:29:07.449491+00:00,332.89,0.0401800012588501,0.0031766010136492747,0.2116633544603646
AAPL280121P00060000,2026-08-10 14:12:40+00:00,60.0,0.17,0.0,0.0,0.0,0.0,4.0,0.0,0.2500075,False,REGULAR,USD,Put,2028-01-21,AAPL,2026-10-06T00:29:07.449491+00:00,332.89,0.0401800012588501,0.0031766010136492747,0.2116633544603646
AAPL280121P00070000,2026-09-25 14:27:37+00:00,70.0,0.14,0.0,0.19,0.0,0.0,2.0,70.0,0.5097705273437501,False,REGULAR,USD,Put,2028-01-21,AAPL,2026-10-06T00:29:07.449491+00:00,332.89,0.0401800012588501,0.0031766010136492747,0.2116633544603646
AAPL280121P00080000,2026-09-10 19:07:42+00:00,80.0,0.18,0.1,0.21,0.0,0.0,1.0,44.0,0.5097705273437501,False,REGULAR,USD,Put,2028-01-21,AAPL,2026-10-06T00:29:07.449491+00:00,332.89,0.0401800012588501,0.0031766010136492747,0.2116633544603646
AAPL280121P00090000,2026-09-21 17:30:57+00:00,90.0,0.2,0.1,0.25,0.0,0.0,1.0,119.0,0.47900911621093745,False,REGULAR,USD,Put,2028-01-21,AAPL,2026-10-06T00:29:07.449491+00:00,332.89,0.0401800012588501,0.0031766010136492747,0.2116633544603646
AAPL280121P00100000,2026-09-28 19:52:10+00:00,100.0,0.24,0.2,0.39,0.0,0.0,190.0,1736.0,0.467778759765625,False,REGULAR,USD,Put,2028-01-21,AAPL,2026-10-06T00:29:07.449491+00:00,332.89,0.0401800012588501,0.0031766010136492747,0.2116633544603646
AAPL280121P00110000,2026-09-28 16:57:32+00:00,110.0,0.33,0.16,0.36,0.0,0.0,1.0,440.0,0.4279842358398438,False,REGULAR,USD,Put,2028-01-21,AAPL,2026-10-06T00:29:07.449491+00:00,332.89,0.0401800012588501,0.0031766010136492747,0.2116633544603646
AAPL280121P00115000,2026-09-02 13:59:25+00:00,115.0,0.5,0.18,0.61,0.0,0.0,1.0,12.0,0.44312080322265623,False,REGULAR,USD,Put,2028-01-21,AAPL,2026-10-06T00:29:07.449491+00:00,332.89,0.0401800012588501,0.0031766010136492747,0.2116633544603646
AAPL280121P00120000,2026-09-29 19:43:02+00:00,120.0,0.47,0.3,0.49,0.0,0.0,769.0,1524.0,0.41309180664062495,False,REGULAR,USD,Put,2028-01-21,AAPL,2026-10-06T00:29:07.449491+00:00,332.89,0.0401800012588501,0.0031766010136492747,0.2116633544603646
AAPL280121P00125000,2026-09-11 18:36:35+00:00,125.0,0.61,0.42,0.56,0.0,0.0,1.0,305.0,0.40552352294921873,False,REGULAR,USD,Put,2028-01-21,AAPL,2026-10-06T00:29:07.449491+00:00,332.89,0.0401800012588501,0.0031766010136492747,0.2116633544603646
AAPL280121P00130000,2026-10-02 14:47:32+00:00,130.0,0.52,0.47,0.7,0.0,0.0,4.0,250.0,0.4035704174804688,False,REGULAR,USD,Put,2028-01-21,AAPL,2026-10-06T00:29:07.449491+00:00,332.89,0.0401800012588501,0.0031766010136492747,0.2116633544603646
AAPL280121P00135000,2026-09-29 17:55:34+00:00,135.0,0.66,0.4,0.9,0.0,0.0,53.0,2880.0,0.40430283203125,False,REGULAR,USD,Put,2028-01-21,AAPL,2026-10-06T00:29:07.449491+00:00,332.89,0.0401800012588501,0.0031766010136492747,0.2116633544603646
AAPL280121P00140000,2026-09-15 19:34:19+00:00,140.0,0.85,0.6,0.95,0.0,0.0,1.0,1569.0,0.39282833740234374,False,REGULAR,USD,Put,2028-01-21,AAPL,2026-10-06T00:29:07.449491+00:00,332.89,0.0401800012588501,0.0031766010136492747,0.2116633544603646
AAPL280121P00145000,2026-10-05 15:40:38+00:00,145.0,0.79,0.74,0.94,0.01000005,1.2820578,1.0,495.0,0.3776917700195312,False,REGULAR,USD,Put,2028-01-21,AAPL,2026-10-06T00:29:07.449491+00:00,332.89,0.0401800012588501,0.0031766010136492747,0.2116633544603646
AAPL280121P00150000,2026-10-05 19:47:39+00:00,150.0,0.91,0.82,0.91,-0.060000002,-6.185567,123.0,1847.0,0.3617007189941406,False,REGULAR,USD,Put,2028-01-21,AAPL,2026-10-06T00:29:07.449491+00:00,332.89,0.0401800012588501,0.0031766010136492747,0.2116633544603646
AAPL280121P00155000,2026-09-29 19:59:11+00:00,155.0,1.12,0.96,1.16,0.0,0.0,26.0,512.0,0.3629214099121094,False,REGULAR,USD,Put,2028-01-21,AAPL,2026-10-06T00:29:07.449491+00:00,332.89,0.0401800012588501,0.0031766010136492747,0.2116633544603646
AAPL280121P00160000,2026-09-29 18:05:27+00:00,160.0,1.25,1.09,1.42,0.0,0.0,5.0,1028.0,0.3624331335449219,False,REGULAR,USD,Put,2028-01-21,AAPL,2026-10-06T00:29:07.449491+00:00,332.89,0.0401800012588501,0.0031766010136492747,0.2116633544603646
AAPL280121P00165000,2026-10-05 19:04:55+00:00,165.0,1.28,1.24,1.58,-0.23000002,-15.23179,6.0,456.0,0.35596347167968745,False,REGULAR,USD,Put,2028-01-21,AAPL,2026-10-06T00:29:07.449491+00:00,332.89,0.0401800012588501,0.0031766010136492747,0.2116633544603646
AAPL280121P00170000,2026-10-01 15:39:25+00:00,170.0,1.58,1.37,1.74,0.0,0.0,1.0,1279.0,0.3491276025390625,False,REGULAR,USD,Put,2028-01-21,AAPL,2026-10-06T00:29:07.449491+00:00,332.89,0.0401800012588501,0.0031766010136492747,0.2116633544603646
AAPL280121P00175000,2026-09-29 16:34:13+00:00,175.0,1.68,1.37,1.92,0.0,0.0,8.0,572.0,0.3425969061279296,False,REGULAR,USD,Put,2028-01-21,AAPL,2026-10-06T00:29:07.449491+00:00,332.89,0.0401800012588501,0.0031766010136492747,0.2116633544603646
AAPL280121P00180000,2026-09-24 19:59:28+00:00,180.0,1.9,1.57,1.98,0.0,0.0,3.0,2016.0,0.3316717224121094,False,REGULAR,USD,Put,2028-01-21,AAPL,2026-10-06T00:29:07.449491+00:00,332.89,0.0401800012588501,0.0031766010136492747,0.2116633544603646
AAPL280121P00185000,2026-10-02 13:56:00+00:00,185.0,2.05,1.95,2.34,0.0,0.0,2.0,904.0,0.3303899969482421,False,REGULAR,USD,Put,2028-01-21,AAPL,2026-10-06T00:29:07.449491+00:00,332.89,0.0401800012588501,0.0031766010136492747,0.2116633544603646
AAPL280121P00190000,2026-10-01 13:56:54+00:00,190.0,2.4,2.14,2.56,0.0,0.0,27.0,1219.0,0.32398136962890617,False,REGULAR,USD,Put,2028-01-21,AAPL,2026-10-06T00:29:07.449491+00:00,332.89,0.0401800012588501,0.0031766010136492747,0.2116633544603646
AAPL280121P00195000,2026-09-28 19:15:49+00:00,195.0,2.44,2.46,2.83,0.0,0.0,286.0,1420.0,0.31854929504394525,False,REGULAR,USD,Put,2028-01-21,AAPL,2026-10-06T00:29:07.449491+00:00,332.89,0.0401800012588501,0.0031766010136492747,0.2116633544603646
AAPL280121P00200000,2026-10-05 15:41:36+00:00,200.0,2.86,2.77,3.15,-0.09000015,-3.0508525,24.0,3153.0,0.31378860046386714,False,REGULAR,USD,Put,2028-01-21,AAPL,2026-10-06T00:29:07.449491+00:00,332.89,0.0401800012588501,0.0031766010136492747,0.2116633544603646
AAPL280121P00210000,2026-10-02 14:52:18+00:00,210.0,3.65,3.4,3.75,0.0,0.0,18.0,2395.0,0.30188686401367193,False,REGULAR,USD,Put,2028-01-21,AAPL,2026-10-06T00:29:07.449491+00:00,332.89,0.0401800012588501,0.0031766010136492747,0.2116633544603646
AAPL280121P00220000,2026-10-05 18:15:50+00:00,220.0,4.4,4.2,4.65,-0.23000002,-4.9676027,20.0,5558.0,0.29395237304687494,False,REGULAR,USD,Put,2028-01-21,AAPL,2026-10-06T00:29:07.449491+00:00,332.89,0.0401800012588501,0.0031766010136492747,0.2116633544603646
AAPL280121P00230000,2026-10-05 19:47:14+00:00,230.0,5.47,5.35,5.65,-0.13000011,-2.3214307,3.0,4242.0,0.28516339843749994,False,REGULAR,USD,Put,2028-01-21,AAPL,2026-10-06T00:29:07.449491+00:00,332.89,0.0401800012588501,0.0031766010136492747,0.2116633544603646
AAPL280121P00240000,2026-10-05 17:56:46+00:00,240.0,6.44,6.35,7.05,-0.30999994,-4.592592,4.0,4511.0,0.27970080657958973,False,REGULAR,USD,Put,2028-01-21,AAPL,2026-10-06T00:29:07.449491+00:00,332.89,0.0401800012588501,0.0031766010136492747,0.2116633544603646
AAPL280121P00250000,2026-10-05 17:47:13+00:00,250.0,8.25,7.9,8.5,-0.10000038,-1.1976093,24.0,11165.0,0.27199519515991205,False,REGULAR,USD,Put,2028-01-21,AAPL,2026-10-06T00:29:07.449491+00:00,332.89,0.0401800012588501,0.0031766010136492747,0.2116633544603646
AAPL280121P00260000,2026-10-05 18:56:28+00:00,260.0,9.8,9.5,10.0,-0.34999943,-3.4482703,235.0,3229.0,0.2625195819091797,False,REGULAR,USD,Put,2028-01-21,AAPL,2026-10-06T00:29:07.449491+00:00,332.89,0.0401800012588501,0.0031766010136492747,0.2116633544603646
AAPL280121P00270000,2026-10-05 19:40:17+00:00,270.0,11.83,11.7,12.35,-0.35000038,-2.8735664,10.0,2008.0,0.2592237164306641,False,REGULAR,USD,Put,2028-01-21,AAPL,2026-10-06T00:29:07.449491+00:00,332.89,0.0401800012588501,0.0031766010136492747,0.2116633544603646
AAPL280121P00280000,2026-10-05 19:39:17+00:00,280.0,14.15,13.85,14.8,-1.0500002,-6.907896,24.0,5501.0,0.25370009002685545,False,REGULAR,USD,Put,2028-01-21,AAPL,2026-10-06T00:29:07.449491+00:00,332.89,0.0401800012588501,0.0031766010136492747,0.2116633544603646
AAPL280121P00290000,2026-10-02 19:54:40+00:00,290.0,17.0,16.4,17.5,0.0,0.0,701.0,4342.0,0.24752034225463865,False,REGULAR,USD,Put,2028-01-21,AAPL,2026-10-06T00:29:07.449491+00:00,332.89,0.0401800012588501,0.0031766010136492747,0.2116633544603646
AAPL280121P00300000,2026-10-05 18:28:53+00:00,300.0,19.7,19.55,20.35,-0.29999924,-1.4999962,136.0,2885.0,0.23986050674438475,False,REGULAR,USD,Put,2028-01-21,AAPL,2026-10-06T00:29:07.449491+00:00,332.89,0.0401800012588501,0.0031766010136492747,0.2116633544603646
AAPL280121P00310000,2026-10-05 15:32:06+00:00,310.0,23.22,22.85,23.75,-0.1800003,-0.7692321,30.0,4665.0,0.23365024169921872,False,REGULAR,USD,Put,2028-01-21,AAPL,2026-10-06T00:29:07.449491+00:00,332.89,0.0401800012588501,0.0031766010136492747,0.2116633544603646
AAPL280121P00320000,2026-10-02 19:58:06+00:00,320.0,27.2,26.65,27.9,0.0,0.0,7.0,1858.0,0.2298660998535156,False,REGULAR,USD,Put,2028-01-21,AAPL,2026-10-06T00:29:07.449491+00:00,332.89,0.0401800012588501,0.0031766010136492747,0.2116633544603646
AAPL280121P00330000,2026-10-05 19:35:42+00:00,330.0,31.08,30.8,31.9,-0.29000092,-0.924453,2.0,6519.0,0.22213760047912592,False,REGULAR,USD,Put,2028-01-21,AAPL,2026-10-06T00:29:07.449491+00:00,332.89,0.0401800012588501,0.0031766010136492747,0.2116633544603646
AAPL280121P00340000,2026-10-05 17:26:10+00:00,340.0,35.7,35.5,36.65,-0.45999908,-1.2721213,13.0,1234.0,0.2165224222564697,True,REGULAR,USD,Put,2028-01-21,AAPL,2026-10-06T00:29:07.449491+00:00,332.89,0.0401800012588501,0.0031766010136492747,0.2116633544603646
AAPL280121P00350000,2026-10-02 19:37:41+00:00,350.0,41.15,40.6,42.15,0.0,0.0,502.0,1040.0,0.21285272018432616,True,REGULAR,USD,Put,2028-01-21,AAPL,2026-10-06T00:29:07.449491+00:00,332.89,0.0401800012588501,0.0031766010136492747,0.2116633544603646
AAPL280121P00360000,2026-09-29 16:20:43+00:00,360.0,47.6,46.1,47.4,0.0,0.0,152.0,430.0,0.20439943557739254,True,REGULAR,USD,Put,2028-01-21,AAPL,2026-10-06T00:29:07.449491+00:00,332.89,0.0401800012588501,0.0031766010136492747,0.2116633544603646
AAPL280121P00370000,2026-10-05 16:51:05+00:00,370.0,51.72,51.75,53.65,-2.079998,-3.8661673,6.0,472.0,0.19945563735961913,True,REGULAR,USD,Put,2028-01-21,AAPL,2026-10-06T00:29:07.449491+00:00,332.89,0.0401800012588501,0.0031766010136492747,0.2116633544603646
AAPL280121P00380000,2026-10-05 15:57:20+00:00,380.0,58.77,57.7,60.65,-0.43999863,-0.7431154,3.0,570.0,0.1966633068847656,True,REGULAR,USD,Put,2028-01-21,AAPL,2026-10-06T00:29:07.449491+00:00,332.89,0.0401800012588501,0.0031766010136492747,0.2116633544603646
AAPL280121P00390000,2026-10-05 17:56:46+00:00,390.0,66.0,64.95,67.2,-0.5,-0.7518797,13.0,338.0,0.18695881408691406,True,REGULAR,USD,Put,2028-01-21,AAPL,2026-10-06T00:29:07.449491+00:00,332.89,0.0401800012588501,0.0031766010136492747,0.2116633544603646
AAPL280121P00400000,2026-10-05 14:40:32+00:00,400.0,72.65,72.1,75.15,-1.1500015,-1.5582676,1.0,390.0,0.18489889816284177,True,REGULAR,USD,Put,2028-01-21,AAPL,2026-10-06T00:29:07.449491+00:00,332.89,0.0401800012588501,0.0031766010136492747,0.2116633544603646
AAPL280121P00410000,2026-09-29 13:45:30+00:00,410.0,81.8,79.95,83.25,0.0,0.0,2.0,46.0,0.18097742858886717,True,REGULAR,USD,Put,2028-01-21,AAPL,2026-10-06T00:29:07.449491+00:00,332.89,0.0401800012588501,0.0031766010136492747,0.2116633544603646
AAPL280121P00420000,2026-10-05 14:40:32+00:00,420.0,88.5,88.25,91.2,-1.5,-1.6666666,1.0,8.0,0.17122715988159182,True,REGULAR,USD,Put,2028-01-21,AAPL,2026-10-06T00:29:07.449491+00:00,332.89,0.0401800012588501,0.0031766010136492747,0.2116633544603646
AAPL280121P00430000,2026-09-28 14:23:43+00:00,430.0,91.1,96.95,100.3,0.0,0.0,2.0,15.0,0.17105931488037113,True,REGULAR,USD,Put,2028-01-21,AAPL,2026-10-06T00:29:07.449491+00:00,332.89,0.0401800012588501,0.0031766010136492747,0.2116633544603646
AAPL280121P00440000,2026-09-29 15:37:52+00:00,440.0,108.18,106.05,108.8,0.0,0.0,4.0,63.0,0.15714343841552736,True,REGULAR,USD,Put,2028-01-21,AAPL,2026-10-06T00:29:07.449491+00:00,332.89,0.0401800012588501,0.0031766010136492747,0.2116633544603646
AAPL280121P00450000,2026-09-28 17:12:22+00:00,450.0,110.0,115.55,118.85,0.0,0.0,2.0,1.0,0.1676413803100586,True,REGULAR,USD,Put,2028-01-21,AAPL,2026-10-06T00:29:07.449491+00:00,332.89,0.0401800012588501,0.0031766010136492747,0.2116633544603646
AAPL280121P00460000,2026-09-21 19:43:38+00:00,460.0,120.97,125.5,128.8,0.0,0.0,12.0,0.0,0.17582000946044923,True,REGULAR,USD,Put,2028-01-21,AAPL,2026-10-06T00:29:07.449491+00:00,332.89,0.0401800012588501,0.0031766010136492747,0.2116633544603646
AAPL280121P00470000,2026-07-16 14:38:22+00:00,470.0,139.6,157.65,161.55,0.0,0.0,,0.0,0.4114591325378418,True,REGULAR,USD,Put,2028-01-21,AAPL,2026-10-06T00:29:07.449491+00:00,332.89,0.0401800012588501,0.0031766010136492747,0.2116633544603646
AAPL280121P00500000,2026-09-11 18:27:55+00:00,500.0,167.23,165.55,168.75,0.0,0.0,4.0,0.0,0.20850400878906244,True,REGULAR,USD,Put,2028-01-21,AAPL,2026-10-06T00:29:07.449491+00:00,332.89,0.0401800012588501,0.0031766010136492747,0.2116633544603646
AAPL280121P00530000,2025-11-25 14:30:10+00:00,530.0,253.67,265.0,270.0,0.0,0.0,10.0,0.0,0.7991047921752931,True,REGULAR,USD,Put,2028-01-21,AAPL,2026-10-06T00:29:07.449491+00:00,332.89,0.0401800012588501,0.0031766010136492747,0.2116633544603646
AAPL280121P00590000,2026-07-28 18:00:38+00:00,590.0,250.37,268.35,271.4,0.0,0.0,1.0,5.0,0.4464014100646973,True,REGULAR,USD,Put,2028-01-21,AAPL,2026-10-06T00:29:07.449491+00:00,332.89,0.0401800012588501,0.0031766010136492747,0.2116633544603646
AAPL280121P00600000,2026-07-27 13:42:03+00:00,600.0,264.41,278.4,281.4,0.0,0.0,,0.0,0.45441219421386714,True,REGULAR,USD,Put,2028-01-21,AAPL,2026-10-06T00:29:07.449491+00:00,332.89,0.0401800012588501,0.0031766010136492747,0.2116633544603646
AAPL280317C00100000,2026-10-02 18:28:00+00:00,100.0,239.2,237.0,241.3,0.0,0.0,8.0,796.0,0.7413966290283203,True,REGULAR,USD,Call,2028-03-17,AAPL,2026-10-06T00:29:07.449491+00:00,332.89,0.0401800012588501,0.0031766010136492747,0.2116633544603646
AAPL280317C00105000,2026-09-15 15:48:01+00:00,105.0,231.1,232.0,237.0,0.0,0.0,2.0,23.0,0.7238797143554687,True,REGULAR,USD,Call,2028-03-17,AAPL,2026-10-06T00:29:07.449491+00:00,332.89,0.0401800012588501,0.0031766010136492747,0.2116633544603646
AAPL280317C00110000,2026-09-29 19:24:06+00:00,110.0,228.21,227.5,232.5,0.0,0.0,13.0,38.0,0.7110014251708985,True,REGULAR,USD,Call,2028-03-17,AAPL,2026-10-06T00:29:07.449491+00:00,332.89,0.0401800012588501,0.0031766010136492747,0.2116633544603646
AAPL280317C00115000,2026-09-21 17:01:19+00:00,115.0,231.0,223.0,228.0,0.0,0.0,2.0,18.0,0.6981841705322267,True,REGULAR,USD,Call,2028-03-17,AAPL,2026-10-06T00:29:07.449491+00:00,332.89,0.0401800012588501,0.0031766010136492747,0.2116633544603646
AAPL280317C00120000,2026-09-08 16:22:29+00:00,120.0,203.75,218.5,223.0,0.0,0.0,2.0,35.0,0.6792024267578126,True,REGULAR,USD,Call,2028-03-17,AAPL,2026-10-06T00:29:07.449491+00:00,332.89,0.0401800012588501,0.0031766010136492747,0.2116633544603646
AAPL280317C00125000,2026-09-22 13:33:32+00:00,125.0,227.95,214.0,218.5,0.0,0.0,1.0,22.0,0.6668124139404299,True,REGULAR,USD,Call,2028-03-17,AAPL,2026-10-06T00:29:07.449491+00:00,332.89,0.0401800012588501,0.0031766010136492747,0.2116633544603646
AAPL280317C00130000,2026-09-09 17:42:02+00:00,130.0,190.95,209.5,213.9,0.0,0.0,2.0,75.0,0.6533237792968751,True,REGULAR,USD,Call,2028-03-17,AAPL,2026-10-06T00:29:07.449491+00:00,332.89,0.0401800012588501,0.0031766010136492747,0.2116633544603646
AAPL280317C00135000,2026-10-01 14:20:56+00:00,135.0,204.32,205.0,209.0,0.0,0.0,2.0,191.0,0.6368444519042968,True,REGULAR,USD,Call,2028-03-17,AAPL,2026-10-06T00:29:07.449491+00:00,332.89,0.0401800012588501,0.0031766010136492747,0.2116633544603646
AAPL280317C00140000,2026-09-28 19:29:12+00:00,140.0,208.94,200.5,204.5,0.0,0.0,80.0,54.0,0.6248206463623047,True,REGULAR,USD,Call,2028-03-17,AAPL,2026-10-06T00:29:07.449491+00:00,332.89,0.0401800012588501,0.0031766010136492747,0.2116633544603646
AAPL280317C00145000,2026-09-08 16:26:33+00:00,145.0,181.05,196.0,200.5,0.0,0.0,12.0,127.0,0.6176490872192384,True,REGULAR,USD,Call,2028-03-17,AAPL,2026-10-06T00:29:07.449491+00:00,332.89,0.0401800012588501,0.0031766010136492747,0.2116633544603646
AAPL280317C00150000,2026-10-01 19:49:48+00:00,150.0,190.6,191.5,196.0,0.0,0.0,1.0,268.0,0.6055642471313477,True,REGULAR,USD,Call,2028-03-17,AAPL,2026-10-06T00:29:07.449491+00:00,332.89,0.0401800012588501,0.0031766010136492747,0.2116633544603646
AAPL280317C00155000,2026-09-14 18:13:12+00:00,155.0,190.65,187.0,192.0,0.0,0.0,1.0,27.0,0.5978738943481446,True,REGULAR,USD,Call,2028-03-17,AAPL,2026-10-06T00:29:07.449491+00:00,332.89,0.0401800012588501,0.0031766010136492747,0.2116633544603646
AAPL280317C00160000,2026-09-29 17:12:32+00:00,160.0,185.3,182.5,186.5,0.0,0.0,1.0,238.0,0.5774883560180665,True,REGULAR,USD,Call,2028-03-17,AAPL,2026-10-06T00:29:07.449491+00:00,332.89,0.0401800012588501,0.0031766010136492747,0.2116633544603646
AAPL280317C00165000,2026-10-02 18:21:26+00:00,165.0,180.42,178.0,182.0,0.0,0.0,6.0,1188.0,0.5658307577514649,True,REGULAR,USD,Call,2028-03-17,AAPL,2026-10-06T00:29:07.449491+00:00,332.89,0.0401800012588501,0.0031766010136492747,0.2116633544603646
AAPL280317C00170000,2026-09-28 19:29:53+00:00,170.0,181.43,173.5,178.0,0.0,0.0,84.0,61.0,0.5580488531494141,True,REGULAR,USD,Call,2028-03-17,AAPL,2026-10-06T00:29:07.449491+00:00,332.89,0.0401800012588501,0.0031766010136492747,0.2116633544603646
AAPL280317C00175000,2026-09-28 19:28:08+00:00,175.0,177.67,169.0,173.5,0.0,0.0,2.0,98.0,0.5463912548828126,True,REGULAR,USD,Call,2028-03-17,AAPL,2026-10-06T00:29:07.449491+00:00,332.89,0.0401800012588501,0.0031766010136492747,0.2116633544603646
AAPL280317C00180000,2026-09-28 19:28:42+00:00,180.0,173.1,164.5,169.0,0.0,0.0,80.0,63.0,0.5347946911621093,True,REGULAR,USD,Call,2028-03-17,AAPL,2026-10-06T00:29:07.449491+00:00,332.89,0.0401800012588501,0.0031766010136492747,0.2116633544603646
AAPL280317C00185000,2026-09-28 14:19:47+00:00,185.0,171.79,160.0,164.5,0.0,0.0,16.0,10.0,0.5232896792602538,True,REGULAR,USD,Call,2028-03-17,AAPL,2026-10-06T00:29:07.449491+00:00,332.89,0.0401800012588501,0.0031766010136492747,0.2116633544603646
AAPL280317C00190000,2026-09-30 14:31:32+00:00,190.0,163.55,156.0,160.0,0.0,0.0,102.0,557.0,0.5151415673828125,True,REGULAR,USD,Call,2028-03-17,AAPL,2026-10-06T00:29:07.449491+00:00,332.89,0.0401800012588501,0.0031766010136492747,0.2116633544603646
AAPL280317C00195000,2026-10-05 19:21:06+00:00,195.0,155.0,151.5,156.0,-1.9100037,-1.2172606,2.0,57.0,0.5067950932312011,True,REGULAR,USD,Call,2028-03-17,AAPL,2026-10-06T00:29:07.449491+00:00,332.89,0.0401800012588501,0.0031766010136492747,0.2116633544603646
AAPL280317C00200000,2026-09-30 19:32:24+00:00,200.0,152.5,148.45,151.5,0.0,0.0,4.0,206.0,0.5040332800292968,True,REGULAR,USD,Call,2028-03-17,AAPL,2026-10-06T00:29:07.449491+00:00,332.89,0.0401800012588501,0.0031766010136492747,0.2116633544603646
AAPL280317C00210000,2026-10-01 14:30:25+00:00,210.0,139.25,139.65,143.0,0.0,0.0,5.0,143.0,0.5031940550231935,True,REGULAR,USD,Call,2028-03-17,AAPL,2026-10-06T00:29:07.449491+00:00,332.89,0.0401800012588501,0.0031766010136492747,0.2116633544603646
AAPL280317C00220000,2026-10-05 19:06:30+00:00,220.0,133.68,131.2,134.85,0.42999268,0.32269618,31.0,283.0,0.4875539526367188,True,REGULAR,USD,Call,2028-03-17,AAPL,2026-10-06T00:29:07.449491+00:00,332.89,0.0401800012588501,0.0031766010136492747,0.2116633544603646
AAPL280317C00230000,2026-10-05 19:06:56+00:00,230.0,125.59,122.6,125.25,-0.8800049,-0.69582105,21.0,585.0,0.45712823150634774,True,REGULAR,USD,Call,2028-03-17,AAPL,2026-10-06T00:29:07.449491+00:00,332.89,0.0401800012588501,0.0031766010136492747,0.2116633544603646
AAPL280317C00240000,2026-10-02 19:02:59+00:00,240.0,116.92,115.6,117.7,0.0,0.0,7.0,481.0,0.44656925506591794,True,REGULAR,USD,Call,2028-03-17,AAPL,2026-10-06T00:29:07.449491+00:00,332.89,0.0401800012588501,0.0031766010136492747,0.2116633544603646
AAPL280317C00250000,2026-10-05 15:51:19+00:00,250.0,109.2,107.2,110.0,-0.09000397,-0.08235334,3.0,650.0,0.4334620863342285,True,REGULAR,USD,Call,2028-03-17,AAPL,2026-10-06T00:29:07.449491+00:00,332.89,0.0401800012588501,0.0031766010136492747,0.2116633544603646
AAPL280317C00260000,2026-10-05 19:33:32+00:00,260.0,101.21,100.2,102.45,1.7699966,1.7799644,4.0,713.0,0.4206143144226075,True,REGULAR,USD,Call,2028-03-17,AAPL,2026-10-06T00:29:07.449491+00:00,332.89,0.0401800012588501,0.0031766010136492747,0.2116633544603646
AAPL280317C00270000,2026-10-01 15:32:43+00:00,270.0,90.15,92.75,95.05,0.0,0.0,1.0,712.0,0.40796490478515623,True,REGULAR,USD,Call,2028-03-17,AAPL,2026-10-06T00:29:07.449491+00:00,332.89,0.0401800012588501,0.0031766010136492747,0.2116633544603646
AAPL280317C00280000,2026-10-02 19:57:05+00:00,280.0,87.23,85.95,88.1,0.0,0.0,13.0,1178.0,0.39763480789184574,True,REGULAR,USD,Call,2028-03-17,AAPL,2026-10-06T00:29:07.449491+00:00,332.89,0.0401800012588501,0.0031766010136492747,0.2116633544603646
AAPL280317C00290000,2026-10-01 19:18:47+00:00,290.0,77.5,78.4,81.3,0.0,0.0,3.0,655.0,0.3871368659973144,True,REGULAR,USD,Call,2028-03-17,AAPL,2026-10-06T00:29:07.449491+00:00,332.89,0.0401800012588501,0.0031766010136492747,0.2116633544603646
AAPL280317C00300000,2026-10-05 19:10:08+00:00,300.0,74.2,71.8,74.85,-0.15000153,-0.20175055,1.0,2144.0,0.37779858047485343,True,REGULAR,USD,Call,2028-03-17,AAPL,2026-10-06T00:29:07.449491+00:00,332.89,0.0401800012588501,0.0031766010136492747,0.2116633544603646
AAPL280317C00310000,2026-10-02 17:10:39+00:00,310.0,68.17,66.95,68.75,0.0,0.0,4.0,832.0,0.3694673649597168,True,REGULAR,USD,Call,2028-03-17,AAPL,2026-10-06T00:29:07.449491+00:00,332.89,0.0401800012588501,0.0031766010136492747,0.2116633544603646
AAPL280317C00320000,2026-10-05 15:35:42+00:00,320.0,62.0,60.75,63.0,-0.49000168,-0.7841281,9.0,819.0,0.3619753744506836,True,REGULAR,USD,Call,2028-03-17,AAPL,2026-10-06T00:29:07.449491+00:00,332.89,0.0401800012588501,0.0031766010136492747,0.2116633544603646
AAPL280317C00330000,2026-10-05 18:01:25+00:00,330.0,55.84,54.9,57.9,-0.9399986,-1.6555101,6.0,691.0,0.35718416259765623,True,REGULAR,USD,Call,2028-03-17,AAPL,2026-10-06T00:29:07.449491+00:00,332.89,0.0401800012588501,0.0031766010136492747,0.2116633544603646
AAPL280317C00340000,2026-10-05 18:01:25+00:00,340.0,50.78,50.55,52.35,-1.2700005,-2.4399624,5.0,1110.0,0.3479526875305175,False,REGULAR,USD,Call,2028-03-17,AAPL,2026-10-06T00:29:07.449491+00:00,332.89,0.0401800012588501,0.0031766010136492747,0.2116633544603646
AAPL280317C00350000,2026-10-05 17:30:49+00:00,350.0,46.62,45.35,47.85,-0.51000214,-1.0821178,38.0,4330.0,0.3438175970458984,False,REGULAR,USD,Call,2028-03-17,AAPL,2026-10-06T00:29:07.449491+00:00,332.89,0.0401800012588501,0.0031766010136492747,0.2116633544603646
AAPL280317C00360000,2026-10-05 16:48:42+00:00,360.0,42.92,40.8,42.95,0.55999756,1.3219961,6.0,775.0,0.3356084506225586,False,REGULAR,USD,Call,2028-03-17,AAPL,2026-10-06T00:29:07.449491+00:00,332.89,0.0401800012588501,0.0031766010136492747,0.2116633544603646
AAPL280317C00370000,2026-10-05 17:32:32+00:00,370.0,38.0,37.2,39.1,-0.41999817,-1.0931759,1.0,758.0,0.332388878326416,False,REGULAR,USD,Call,2028-03-17,AAPL,2026-10-06T00:29:07.449491+00:00,332.89,0.0401800012588501,0.0031766010136492747,0.2116633544603646
AAPL280317C00380000,2026-10-01 13:30:01+00:00,380.0,33.26,33.55,35.35,0.0,0.0,8.0,647.0,0.3282537878417968,False,REGULAR,USD,Call,2028-03-17,AAPL,2026-10-06T00:29:07.449491+00:00,332.89,0.0401800012588501,0.0031766010136492747,0.2116633544603646
AAPL280317C00390000,2026-10-02 16:41:32+00:00,390.0,30.85,30.1,31.85,0.0,0.0,1.0,313.0,0.32416447326660147,False,REGULAR,USD,Call,2028-03-17,AAPL,2026-10-06T00:29:07.449491+00:00,332.89,0.0401800012588501,0.0031766010136492747,0.2116633544603646
AAPL280317C00400000,2026-10-05 18:52:06+00:00,400.0,27.5,26.75,28.6,-1.9599991,-6.653086,1.0,949.0,0.3201514518737792,False,REGULAR,USD,Call,2028-03-17,AAPL,2026-10-06T00:29:07.449491+00:00,332.89,0.0401800012588501,0.0031766010136492747,0.2116633544603646
AAPL280317C00410000,2026-09-29 19:51:33+00:00,410.0,23.82,23.4,25.25,0.0,0.0,2.0,1126.0,0.3139411868286133,False,REGULAR,USD,Call,2028-03-17,AAPL,2026-10-06T00:29:07.449491+00:00,332.89,0.0401800012588501,0.0031766010136492747,0.2116633544603646
AAPL280317C00420000,2026-10-02 14:52:25+00:00,420.0,22.4,20.9,22.85,0.0,0.0,2.0,682.0,0.31258316818237303,False,REGULAR,USD,Call,2028-03-17,AAPL,2026-10-06T00:29:07.449491+00:00,332.89,0.0401800012588501,0.0031766010136492747,0.2116633544603646
AAPL280317C00430000,2026-09-29 15:36:24+00:00,430.0,19.8,18.5,20.45,0.0,0.0,2.0,494.0,0.30984424293518065,False,REGULAR,USD,Call,2028-03-17,AAPL,2026-10-06T00:29:07.449491+00:00,332.89,0.0401800012588501,0.0031766010136492747,0.2116633544603646
AAPL280317C00440000,2026-09-22 17:27:04+00:00,440.0,21.63,16.15,18.5,0.0,0.0,10.0,352.0,0.3089821299743652,False,REGULAR,USD,Call,2028-03-17,AAPL,2026-10-06T00:29:07.449491+00:00,332.89,0.0401800012588501,0.0031766010136492747,0.2116633544603646
AAPL280317C00450000,2026-09-30 14:39:59+00:00,450.0,17.6,14.5,16.15,0.0,0.0,36.0,810.0,0.30379419357299803,False,REGULAR,USD,Call,2028-03-17,AAPL,2026-10-06T00:29:07.449491+00:00,332.89,0.0401800012588501,0.0031766010136492747,0.2116633544603646
AAPL280317C00460000,2026-10-01 19:50:47+00:00,460.0,13.18,12.25,14.4,0.0,0.0,6.0,140.0,0.30178005355834964,False,REGULAR,USD,Call,2028-03-17,AAPL,2026-10-06T00:29:07.449491+00:00,332.89,0.0401800012588501,0.0031766010136492747,0.2116633544603646
AAPL280317C00470000,2026-10-05 14:01:07+00:00,470.0,12.5,11.8,12.55,-1.0,-7.4074073,20.0,237.0,0.297583928527832,False,REGULAR,USD,Call,2028-03-17,AAPL,2026-10-06T00:29:07.449491+00:00,332.89,0.0401800012588501,0.0031766010136492747,0.2116633544603646
AAPL280317C00480000,2026-10-05 17:39:04+00:00,480.0,10.94,9.85,11.15,-0.010000229,-0.0913263,6.0,67.0,0.29587496124267576,False,REGULAR,USD,Call,2028-03-17,AAPL,2026-10-06T00:29:07.449491+00:00,332.89,0.0401800012588501,0.0031766010136492747,0.2116633544603646
AAPL280317C00490000,2026-09-17 15:59:29+00:00,490.0,11.15,8.95,10.0,0.0,0.0,2.0,96.0,0.29526461578369134,False,REGULAR,USD,Call,2028-03-17,AAPL,2026-10-06T00:29:07.449491+00:00,332.89,0.0401800012588501,0.0031766010136492747,0.2116633544603646
AAPL280317C00500000,2026-10-02 19:22:25+00:00,500.0,8.65,7.85,8.8,0.0,0.0,101.0,421.0,0.2930673721313476,False,REGULAR,USD,Call,2028-03-17,AAPL,2026-10-06T00:29:07.449491+00:00,332.89,0.0401800012588501,0.0031766010136492747,0.2116633544603646
AAPL280317C00510000,2026-09-28 14:19:03+00:00,510.0,9.87,7.15,7.95,0.0,0.0,50.0,293.0,0.2933115103149413,False,REGULAR,USD,Call,2028-03-17,AAPL,2026-10-06T00:29:07.449491+00:00,332.89,0.0401800012588501,0.0031766010136492747,0.2116633544603646
AAPL280317C00520000,2026-09-28 15:51:04+00:00,520.0,8.5,6.4,7.1,0.0,0.0,1.0,168.0,0.29264013031005853,False,REGULAR,USD,Call,2028-03-17,AAPL,2026-10-06T00:29:07.449491+00:00,332.89,0.0401800012588501,0.0031766010136492747,0.2116633544603646
AAPL280317C00530000,2026-10-02 19:29:52+00:00,530.0,5.95,5.6,6.2,0.0,0.0,6.0,245.0,0.2903208175659179,False,REGULAR,USD,Call,2028-03-17,AAPL,2026-10-06T00:29:07.449491+00:00,332.89,0.0401800012588501,0.0031766010136492747,0.2116633544603646
AAPL280317C00540000,2026-09-29 19:23:24+00:00,540.0,5.47,5.0,6.0,0.0,0.0,5.0,102.0,0.2957834094238281,False,REGULAR,USD,Call,2028-03-17,AAPL,2026-10-06T00:29:07.449491+00:00,332.89,0.0401800012588501,0.0031766010136492747,0.2116633544603646
AAPL280317C00550000,2026-10-02 16:27:02+00:00,550.0,4.89,3.75,4.95,0.0,0.0,5.0,1564.0,0.2895426271057128,False,REGULAR,USD,Call,2028-03-17,AAPL,2026-10-06T00:29:07.449491+00:00,332.89,0.0401800012588501,0.0031766010136492747,0.2116633544603646
AAPL280317C00560000,2026-09-28 16:21:41+00:00,560.0,5.48,3.9,4.35,0.0,0.0,2.0,149.0,0.2881235739135741,False,REGULAR,USD,Call,2028-03-17,AAPL,2026-10-06T00:29:07.449491+00:00,332.89,0.0401800012588501,0.0031766010136492747,0.2116633544603646
AAPL280317C00570000,2026-10-05 14:43:41+00:00,570.0,3.85,3.45,3.85,0.19999981,5.479447,1.0,35.0,0.287269090270996,False,REGULAR,USD,Call,2028-03-17,AAPL,2026-10-06T00:29:07.449491+00:00,332.89,0.0401800012588501,0.0031766010136492747,0.2116633544603646
AAPL280317C00580000,2026-09-24 14:18:14+00:00,580.0,4.25,3.1,3.45,0.0,0.0,117.0,186.0,0.2872385729980468,False,REGULAR,USD,Call,2028-03-17,AAPL,2026-10-06T00:29:07.449491+00:00,332.89,0.0401800012588501,0.0031766010136492747,0.2116633544603646
AAPL280317C00590000,2026-10-01 14:30:05+00:00,590.0,3.2,2.77,3.1,0.0,0.0,5.0,212.0,0.2873606420898437,False,REGULAR,USD,Call,2028-03-17,AAPL,2026-10-06T00:29:07.449491+00:00,332.89,0.0401800012588501,0.0031766010136492747,0.2116633544603646
AAPL280317C00600000,2026-10-01 14:50:47+00:00,600.0,2.75,2.51,2.78,0.00999999,0.36496314,10.0,719.0,0.2873911593627929,False,REGULAR,USD,Call,2028-03-17,AAPL,2026-10-06T00:29:07.449491+00:00,332.89,0.0401800012588501,0.0031766010136492747,0.2116633544603646
AAPL280317P00100000,2026-09-24 18:45:14+00:00,100.0,0.24,0.1,0.53,0.0,0.0,210.0,681.0,0.46143116699218756,False,REGULAR,USD,Put,2028-03-17,AAPL,2026-10-06T00:29:07.449491+00:00,332.89,0.0401800012588501,0.0031766010136492747,0.2116633544603646
AAPL280317P00105000,2026-08-28 18:05:25+00:00,105.0,0.45,0.11,0.58,0.0,0.0,30.0,123.0,0.44946839599609373,False,REGULAR,USD,Put,2028-03-17,AAPL,2026-10-06T00:29:07.449491+00:00,332.89,0.0401800012588501,0.0031766010136492747,0.2116633544603646
AAPL280317P00110000,2026-09-10 14:16:16+00:00,110.0,0.48,0.1,0.65,0.0,0.0,1.0,18.0,0.43958079956054685,False,REGULAR,USD,Put,2028-03-17,AAPL,2026-10-06T00:29:07.449491+00:00,332.89,0.0401800012588501,0.0031766010136492747,0.2116633544603646
AAPL280317P00115000,2026-08-20 18:59:42+00:00,115.0,0.82,0.0,0.0,0.0,0.0,400.0,0.0,0.12500875,False,REGULAR,USD,Put,2028-03-17,AAPL,2026-10-06T00:29:07.449491+00:00,332.89,0.0401800012588501,0.0031766010136492747,0.2116633544603646
AAPL280317P00120000,2026-09-18 13:32:12+00:00,120.0,0.5,0.43,0.58,0.0,0.0,2.0,132.0,0.40039662109375,False,REGULAR,USD,Put,2028-03-17,AAPL,2026-10-06T00:29:07.449491+00:00,332.89,0.0401800012588501,0.0031766010136492747,0.2116633544603646
AAPL280317P00125000,2026-09-23 13:32:31+00:00,125.0,0.55,0.44,0.84,0.0,0.0,1.0,17.0,0.40772076660156253,False,REGULAR,USD,Put,2028-03-17,AAPL,2026-10-06T00:29:07.449491+00:00,332.89,0.0401800012588501,0.0031766010136492747,0.2116633544603646
AAPL280317P00130000,2026-09-23 18:41:33+00:00,130.0,0.61,0.38,0.74,0.0,0.0,1.0,119.0,0.3848938464355468,False,REGULAR,USD,Put,2028-03-17,AAPL,2026-10-06T00:29:07.449491+00:00,332.89,0.0401800012588501,0.0031766010136492747,0.2116633544603646
AAPL280317P00135000,2026-10-05 15:36:42+00:00,135.0,0.68,0.48,1.02,-0.120000005,-15.0,1.0,128.0,0.3902648864746094,False,REGULAR,USD,Put,2028-03-17,AAPL,2026-10-06T00:29:07.449491+00:00,332.89,0.0401800012588501,0.0031766010136492747,0.2116633544603646
AAPL280317P00140000,2026-10-01 15:07:53+00:00,140.0,0.89,0.59,0.94,0.0,0.0,1.0,237.0,0.37085590087890624,False,REGULAR,USD,Put,2028-03-17,AAPL,2026-10-06T00:29:07.449491+00:00,332.89,0.0401800012588501,0.0031766010136492747,0.2116633544603646
AAPL280317P00145000,2026-10-01 17:52:59+00:00,145.0,1.06,0.7,1.55,0.0,0.0,3.0,125.0,0.3898986791992188,False,REGULAR,USD,Put,2028-03-17,AAPL,2026-10-06T00:29:07.449491+00:00,332.89,0.0401800012588501,0.0031766010136492747,0.2116633544603646
AAPL280317P00150000,2026-10-02 19:25:55+00:00,150.0,1.07,1.02,1.2,0.0,0.0,1.0,718.0,0.3585269226074219,False,REGULAR,USD,Put,2028-03-17,AAPL,2026-10-06T00:29:07.449491+00:00,332.89,0.0401800012588501,0.0031766010136492747,0.2116633544603646
AAPL280317P00155000,2026-10-02 19:35:14+00:00,155.0,1.24,0.95,1.34,0.0,0.0,1.0,136.0,0.35217932983398437,False,REGULAR,USD,Put,2028-03-17,AAPL,2026-10-06T00:29:07.449491+00:00,332.89,0.0401800012588501,0.0031766010136492747,0.2116633544603646
AAPL280317P00160000,2026-09-23 14:14:06+00:00,160.0,1.55,1.09,1.68,0.0,0.0,4.0,127.0,0.3537662280273437,False,REGULAR,USD,Put,2028-03-17,AAPL,2026-10-06T00:29:07.449491+00:00,332.89,0.0401800012588501,0.0031766010136492747,0.2116633544603646
AAPL280317P00165000,2026-09-14 18:29:45+00:00,165.0,1.85,1.29,2.03,0.0,0.0,2.0,599.0,0.3536441589355468,False,REGULAR,USD,Put,2028-03-17,AAPL,2026-10-06T00:29:07.449491+00:00,332.89,0.0401800012588501,0.0031766010136492747,0.2116633544603646
AAPL280317P00170000,2026-09-17 17:48:14+00:00,170.0,1.94,1.47,2.06,0.0,0.0,2.0,220.0,0.34149828430175777,False,REGULAR,USD,Put,2028-03-17,AAPL,2026-10-06T00:29:07.449491+00:00,332.89,0.0401800012588501,0.0031766010136492747,0.2116633544603646
AAPL280317P00175000,2026-10-05 18:58:53+00:00,175.0,1.96,1.68,2.24,-0.00999999,-0.5076137,1.0,888.0,0.33447931152343746,False,REGULAR,USD,Put,2028-03-17,AAPL,2026-10-06T00:29:07.449491+00:00,332.89,0.0401800012588501,0.0031766010136492747,0.2116633544603646
AAPL280317P00180000,2026-10-05 18:53:14+00:00,180.0,2.11,2.13,2.23,-0.36000013,-14.574904,2.0,224.0,0.3215399877929687,False,REGULAR,USD,Put,2028-03-17,AAPL,2026-10-06T00:29:07.449491+00:00,332.89,0.0401800012588501,0.0031766010136492747,0.2116633544603646
AAPL280317P00185000,2026-09-29 15:59:42+00:00,185.0,2.34,2.32,2.62,0.0,0.0,2.0,148.0,0.32031929687499994,False,REGULAR,USD,Put,2028-03-17,AAPL,2026-10-06T00:29:07.449491+00:00,332.89,0.0401800012588501,0.0031766010136492747,0.2116633544603646
AAPL280317P00190000,2026-10-05 19:29:44+00:00,190.0,2.71,2.67,2.9,-0.13999987,-4.9122763,1.0,248.0,0.31519239501953117,False,REGULAR,USD,Put,2028-03-17,AAPL,2026-10-06T00:29:07.449491+00:00,332.89,0.0401800012588501,0.0031766010136492747,0.2116633544603646
AAPL280317P00195000,2026-09-21 14:12:40+00:00,195.0,3.5,2.94,3.35,0.0,0.0,1.0,314.0,0.313483427734375,False,REGULAR,USD,Put,2028-03-17,AAPL,2026-10-06T00:29:07.449491+00:00,332.89,0.0401800012588501,0.0031766010136492747,0.2116633544603646
AAPL280317P00200000,2026-10-05 16:06:20+00:00,200.0,3.35,3.25,3.6,-0.1500001,-4.285717,16.0,2214.0,0.3066170413208008,False,REGULAR,USD,Put,2028-03-17,AAPL,2026-10-06T00:29:07.449491+00:00,332.89,0.0401800012588501,0.0031766010136492747,0.2116633544603646
AAPL280317P00210000,2026-10-01 18:27:22+00:00,210.0,4.5,3.9,4.75,0.0,0.0,10.0,1231.0,0.30405359039306634,False,REGULAR,USD,Put,2028-03-17,AAPL,2026-10-06T00:29:07.449491+00:00,332.89,0.0401800012588501,0.0031766010136492747,0.2116633544603646
AAPL280317P00220000,2026-09-29 18:58:54+00:00,220.0,5.25,4.9,5.35,0.0,0.0,2.0,598.0,0.2893747821044921,False,REGULAR,USD,Put,2028-03-17,AAPL,2026-10-06T00:29:07.449491+00:00,332.89,0.0401800012588501,0.0031766010136492747,0.2116633544603646
AAPL280317P00230000,2026-10-01 13:33:21+00:00,230.0,6.45,6.0,6.6,0.0,0.0,1.0,807.0,0.2831187411499023,False,REGULAR,USD,Put,2028-03-17,AAPL,2026-10-06T00:29:07.449491+00:00,332.89,0.0401800012588501,0.0031766010136492747,0.2116633544603646
AAPL280317P00240000,2026-10-01 19:40:01+00:00,240.0,8.03,7.3,8.15,0.0,0.0,2.0,595.0,0.2780681324768066,False,REGULAR,USD,Put,2028-03-17,AAPL,2026-10-06T00:29:07.449491+00:00,332.89,0.0401800012588501,0.0031766010136492747,0.2116633544603646
AAPL280317P00250000,2026-10-05 16:25:16+00:00,250.0,9.0,9.0,9.7,-0.8999996,-9.090905,3.0,776.0,0.2703930383300781,False,REGULAR,USD,Put,2028-03-17,AAPL,2026-10-06T00:29:07.449491+00:00,332.89,0.0401800012588501,0.0031766010136492747,0.2116633544603646
AAPL280317P00260000,2026-10-05 17:03:12+00:00,260.0,10.72,10.9,11.75,-0.60999966,-5.3839335,12.0,631.0,0.2655102746582031,False,REGULAR,USD,Put,2028-03-17,AAPL,2026-10-06T00:29:07.449491+00:00,332.89,0.0401800012588501,0.0031766010136492747,0.2116633544603646
AAPL280317P00270000,2026-10-05 19:46:19+00:00,270.0,13.25,12.95,13.5,0.05000019,0.37878934,11.0,535.0,0.2554243159484864,False,REGULAR,USD,Put,2028-03-17,AAPL,2026-10-06T00:29:07.449491+00:00,332.89,0.0401800012588501,0.0031766010136492747,0.2116633544603646
AAPL280317P00280000,2026-10-02 16:41:32+00:00,280.0,15.8,15.1,16.15,0.0,0.0,1.0,769.0,0.25096879409790035,False,REGULAR,USD,Put,2028-03-17,AAPL,2026-10-06T00:29:07.449491+00:00,332.89,0.0401800012588501,0.0031766010136492747,0.2116633544603646
AAPL280317P00290000,2026-09-30 14:26:04+00:00,290.0,17.4,18.15,19.0,0.0,0.0,1.0,661.0,0.24546042633056642,False,REGULAR,USD,Put,2028-03-17,AAPL,2026-10-06T00:29:07.449491+00:00,332.89,0.0401800012588501,0.0031766010136492747,0.2116633544603646
AAPL280317P00300000,2026-10-02 18:49:05+00:00,300.0,21.4,21.05,21.85,0.0,0.0,561.0,1662.0,0.23752593536376948,False,REGULAR,USD,Put,2028-03-17,AAPL,2026-10-06T00:29:07.449491+00:00,332.89,0.0401800012588501,0.0031766010136492747,0.2116633544603646
AAPL280317P00310000,2026-09-29 15:59:42+00:00,310.0,25.37,24.0,25.65,0.0,0.0,2.0,252.0,0.2338104573822021,False,REGULAR,USD,Put,2028-03-17,AAPL,2026-10-06T00:29:07.449491+00:00,332.89,0.0401800012588501,0.0031766010136492747,0.2116633544603646
AAPL280317P00320000,2026-10-05 16:32:31+00:00,320.0,28.3,28.2,29.3,-1.0700016,-3.6431787,11.0,365.0,0.22648631187438964,False,REGULAR,USD,Put,2028-03-17,AAPL,2026-10-06T00:29:07.449491+00:00,332.89,0.0401800012588501,0.0031766010136492747,0.2116633544603646
AAPL280317P00330000,2026-09-30 19:54:00+00:00,330.0,33.0,32.4,33.95,0.0,0.0,2.0,137.0,0.2230607479858398,False,REGULAR,USD,Put,2028-03-17,AAPL,2026-10-06T00:29:07.449491+00:00,332.89,0.0401800012588501,0.0031766010136492747,0.2116633544603646
AAPL280317P00340000,2026-09-22 14:53:49+00:00,340.0,35.6,36.55,38.65,0.0,0.0,1.0,40.0,0.2172777247619629,True,REGULAR,USD,Put,2028-03-17,AAPL,2026-10-06T00:29:07.449491+00:00,332.89,0.0401800012588501,0.0031766010136492747,0.2116633544603646
AAPL280317P00350000,2026-10-05 19:00:07+00:00,350.0,42.45,42.05,44.15,-1.2799988,-2.9270496,10.0,266.0,0.2138369022369385,True,REGULAR,USD,Put,2028-03-17,AAPL,2026-10-06T00:29:07.449491+00:00,332.89,0.0401800012588501,0.0031766010136492747,0.2116633544603646
AAPL280317P00360000,2026-10-05 18:59:49+00:00,360.0,47.95,47.25,49.7,-0.36999893,-0.76572627,24.0,305.0,0.20798521514892576,True,REGULAR,USD,Put,2028-03-17,AAPL,2026-10-06T00:29:07.449491+00:00,332.89,0.0401800012588501,0.0031766010136492747,0.2116633544603646
AAPL280317P00370000,2026-09-29 13:45:30+00:00,370.0,54.75,53.4,55.35,0.0,0.0,2.0,24.0,0.1998828791809082,True,REGULAR,USD,Put,2028-03-17,AAPL,2026-10-06T00:29:07.449491+00:00,332.89,0.0401800012588501,0.0031766010136492747,0.2116633544603646
AAPL280317P00380000,2026-09-29 15:59:42+00:00,380.0,61.74,59.8,61.5,0.0,0.0,4.0,64.0,0.19191787094116214,True,REGULAR,USD,Put,2028-03-17,AAPL,2026-10-06T00:29:07.449491+00:00,332.89,0.0401800012588501,0.0031766010136492747,0.2116633544603646
AAPL280317P00390000,2026-09-30 15:29:24+00:00,390.0,65.0,66.55,69.15,0.0,0.0,2.0,97.0,0.19144485321044924,True,REGULAR,USD,Put,2028-03-17,AAPL,2026-10-06T00:29:07.449491+00:00,332.89,0.0401800012588501,0.0031766010136492747,0.2116633544603646
AAPL280317P00400000,2026-09-29 13:45:32+00:00,400.0,74.85,73.75,76.4,0.0,0.0,4.0,12.0,0.18515829498291014,True,REGULAR,USD,Put,2028-03-17,AAPL,2026-10-06T00:29:07.449491+00:00,332.89,0.0401800012588501,0.0031766010136492747,0.2116633544603646
AAPL280317P00410000,2026-09-28 13:35:18+00:00,410.0,76.75,81.25,83.4,0.0,0.0,3.0,6.0,0.17260043716430667,True,REGULAR,USD,Put,2028-03-17,AAPL,2026-10-06T00:29:07.449491+00:00,332.89,0.0401800012588501,0.0031766010136492747,0.2116633544603646
AAPL280317P00420000,2026-09-28 18:25:08+00:00,420.0,85.4,88.5,92.35,0.0,0.0,4.0,65.0,0.1744162149047852,True,REGULAR,USD,Put,2028-03-17,AAPL,2026-10-06T00:29:07.449491+00:00,332.89,0.0401800012588501,0.0031766010136492747,0.2116633544603646
AAPL280317P00430000,2026-09-30 15:27:49+00:00,430.0,95.78,97.65,101.5,0.0,0.0,18.0,59.0,0.17646087219238282,True,REGULAR,USD,Put,2028-03-17,AAPL,2026-10-06T00:29:07.449491+00:00,332.89,0.0401800012588501,0.0031766010136492747,0.2116633544603646
AAPL280317P00440000,2026-09-22 15:22:03+00:00,440.0,100.14,106.0,109.25,0.0,0.0,3.0,3.0,0.15647205841064454,True,REGULAR,USD,Put,2028-03-17,AAPL,2026-10-06T00:29:07.449491+00:00,332.89,0.0401800012588501,0.0031766010136492747,0.2116633544603646
AAPL280317P00450000,2026-09-28 16:06:49+00:00,450.0,110.55,115.0,118.8,0.0,0.0,2.0,3.0,0.1577232666015625,True,REGULAR,USD,Put,2028-03-17,AAPL,2026-10-06T00:29:07.449491+00:00,332.89,0.0401800012588501,0.0031766010136492747,0.2116633544603646
AAPL280317P00460000,2026-09-30 15:30:13+00:00,460.0,122.7,125.0,129.5,0.0,0.0,2.0,0.0,0.1789327713012695,True,REGULAR,USD,Put,2028-03-17,AAPL,2026-10-06T00:29:07.449491+00:00,332.89,0.0401800012588501,0.0031766010136492747,0.2116633544603646
AAPL280317P00480000,2026-07-24 17:13:07+00:00,480.0,148.0,167.0,172.0,0.0,0.0,10.0,0.0,0.4039061074829102,True,REGULAR,USD,Put,2028-03-17,AAPL,2026-10-06T00:29:07.449491+00:00,332.89,0.0401800012588501,0.0031766010136492747,0.2116633544603646
AAPL280317P00490000,2026-02-06 14:52:18+00:00,490.0,209.65,237.5,242.5,0.0,0.0,1.0,0.0,0.7893316355133058,True,REGULAR,USD,Put,2028-03-17,AAPL,2026-10-06T00:29:07.449491+00:00,332.89,0.0401800012588501,0.0031766010136492747,0.2116633544603646
AAPL280317P00550000,2025-12-31 17:39:46+00:00,550.0,277.5,289.0,294.0,0.0,0.0,,0.0,0.8010731562805176,True,REGULAR,USD,Put,2028-03-17,AAPL,2026-10-06T00:29:07.449491+00:00,332.89,0.0401800012588501,0.0031766010136492747,0.2116633544603646
AAPL280317P00600000,2026-09-28 19:36:02+00:00,600.0,261.35,265.0,269.1,0.0,0.0,,0.0,0.2720409710693359,True,REGULAR,USD,Put,2028-03-17,AAPL,2026-10-06T00:29:07.449491+00:00,332.89,0.0401800012588501,0.0031766010136492747,0.2116633544603646
AAPL280616C00070000,2026-09-21 18:19:42+00:00,70.0,272.45,265.0,270.0,0.0,0.0,,1.0,0.8142108422851562,True,REGULAR,USD,Call,2028-06-16,AAPL,2026-10-06T00:29:07.449491+00:00,332.89,0.0401800012588501,0.0031766010136492747,0.2116633544603646
AAPL280616C00085000,2026-09-25 16:20:03+00:00,85.0,260.8,251.5,256.5,0.0,0.0,15.0,15.0,0.7672142419433594,True,REGULAR,USD,Call,2028-06-16,AAPL,2026-10-06T00:29:07.449491+00:00,332.89,0.0401800012588501,0.0031766010136492747,0.2116633544603646
AAPL280616C00090000,2026-09-22 15:36:03+00:00,90.0,259.25,247.0,252.0,0.0,0.0,,7.0,0.75195560546875,True,REGULAR,USD,Call,2028-06-16,AAPL,2026-10-06T00:29:07.449491+00:00,332.89,0.0401800012588501,0.0031766010136492747,0.2116633544603646
AAPL280616C00095000,2026-09-22 15:36:03+00:00,95.0,254.75,242.5,247.5,0.0,0.0,,3.0,0.7369411071777343,True,REGULAR,USD,Call,2028-06-16,AAPL,2026-10-06T00:29:07.449491+00:00,332.89,0.0401800012588501,0.0031766010136492747,0.2116633544603646
AAPL280616C00100000,2026-09-22 15:36:03+00:00,100.0,250.1,238.15,243.0,0.0,0.0,,11.0,0.7241848870849608,True,REGULAR,USD,Call,2028-06-16,AAPL,2026-10-06T00:29:07.449491+00:00,332.89,0.0401800012588501,0.0031766010136492747,0.2116633544603646
AAPL280616C00105000,2026-09-30 14:16:13+00:00,105.0,240.56,233.5,238.5,0.0,0.0,2.0,8.0,0.7076445251464845,True,REGULAR,USD,Call,2028-06-16,AAPL,2026-10-06T00:29:07.449491+00:00,332.89,0.0401800012588501,0.0031766010136492747,0.2116633544603646
AAPL280616C00110000,2026-09-29 19:11:51+00:00,110.0,229.62,229.0,233.5,0.0,0.0,,52.0,0.6875031250000001,True,REGULAR,USD,Call,2028-06-16,AAPL,2026-10-06T00:29:07.449491+00:00,332.89,0.0401800012588501,0.0031766010136492747,0.2116633544603646
AAPL280616C00115000,2026-09-30 14:12:06+00:00,115.0,232.23,224.5,229.0,0.0,0.0,,1.0,0.6738313867187502,True,REGULAR,USD,Call,2028-06-16,AAPL,2026-10-06T00:29:07.449491+00:00,332.89,0.0401800012588501,0.0031766010136492747,0.2116633544603646
AAPL280616C00120000,2026-09-29 16:14:54+00:00,120.0,220.95,220.0,225.0,0.0,0.0,,1.0,0.6656832748413087,True,REGULAR,USD,Call,2028-06-16,AAPL,2026-10-06T00:29:07.449491+00:00,332.89,0.0401800012588501,0.0031766010136492747,0.2116633544603646
AAPL280616C00125000,2026-09-30 14:10:22+00:00,125.0,224.17,215.5,220.0,0.0,0.0,,6.0,0.6471287728881835,True,REGULAR,USD,Call,2028-06-16,AAPL,2026-10-06T00:29:07.449491+00:00,332.89,0.0401800012588501,0.0031766010136492747,0.2116633544603646
AAPL280616C00135000,2026-09-29 13:35:58+00:00,135.0,210.8,206.5,211.5,0.0,0.0,2.0,47.0,0.625827716369629,True,REGULAR,USD,Call,2028-06-16,AAPL,2026-10-06T00:29:07.449491+00:00,332.89,0.0401800012588501,0.0031766010136492747,0.2116633544603646
AAPL280616C00140000,2026-09-30 14:08:55+00:00,140.0,210.97,202.0,207.0,0.0,0.0,80.0,89.0,0.612979944458008,True,REGULAR,USD,Call,2028-06-16,AAPL,2026-10-06T00:29:07.449491+00:00,332.89,0.0401800012588501,0.0031766010136492747,0.2116633544603646
AAPL280616C00145000,2026-09-30 14:08:12+00:00,145.0,206.37,197.5,202.5,0.0,0.0,,61.0,0.6003152761840821,True,REGULAR,USD,Call,2028-06-16,AAPL,2026-10-06T00:29:07.449491+00:00,332.89,0.0401800012588501,0.0031766010136492747,0.2116633544603646
AAPL280616C00150000,2026-10-01 19:49:48+00:00,150.0,192.7,193.5,197.5,0.0,0.0,1.0,88.0,0.5878642288208008,True,REGULAR,USD,Call,2028-06-16,AAPL,2026-10-06T00:29:07.449491+00:00,332.89,0.0401800012588501,0.0031766010136492747,0.2116633544603646
AAPL280616C00155000,2026-09-30 13:58:58+00:00,155.0,193.67,189.0,194.0,0.0,0.0,,1.0,0.583164568786621,True,REGULAR,USD,Call,2028-06-16,AAPL,2026-10-06T00:29:07.449491+00:00,332.89,0.0401800012588501,0.0031766010136492747,0.2116633544603646
AAPL280616C00160000,2026-10-01 14:16:16+00:00,160.0,183.91,184.5,189.0,0.0,0.0,,68.0,0.5670819659423829,True,REGULAR,USD,Call,2028-06-16,AAPL,2026-10-06T00:29:07.449491+00:00,332.89,0.0401800012588501,0.0031766010136492747,0.2116633544603646
AAPL280616C00170000,2026-09-29 16:15:31+00:00,170.0,176.88,175.5,180.5,0.0,0.0,,164.0,0.5464065135192873,True,REGULAR,USD,Call,2028-06-16,AAPL,2026-10-06T00:29:07.449491+00:00,332.89,0.0401800012588501,0.0031766010136492747,0.2116633544603646
AAPL280616C00175000,2026-09-30 17:07:45+00:00,175.0,177.43,171.5,176.0,0.0,0.0,2.0,3.0,0.5377243493652344,True,REGULAR,USD,Call,2028-06-16,AAPL,2026-10-06T00:29:07.449491+00:00,332.89,0.0401800012588501,0.0031766010136492747,0.2116633544603646
AAPL280616C00180000,2026-09-30 16:59:40+00:00,180.0,173.4,167.0,172.0,0.0,0.0,,137.0,0.5289353747558594,True,REGULAR,USD,Call,2028-06-16,AAPL,2026-10-06T00:29:07.449491+00:00,332.89,0.0401800012588501,0.0031766010136492747,0.2116633544603646
AAPL280616C00185000,2026-09-28 19:17:05+00:00,185.0,171.52,163.0,167.0,0.0,0.0,,46.0,0.5170794142150879,True,REGULAR,USD,Call,2028-06-16,AAPL,2026-10-06T00:29:07.449491+00:00,332.89,0.0401800012588501,0.0031766010136492747,0.2116633544603646
AAPL280616C00190000,2026-10-02 17:32:55+00:00,190.0,161.76,158.5,163.0,0.0,0.0,2.0,120.0,0.5082599223327637,True,REGULAR,USD,Call,2028-06-16,AAPL,2026-10-06T00:29:07.449491+00:00,332.89,0.0401800012588501,0.0031766010136492747,0.2116633544603646
AAPL280616C00195000,2026-09-28 19:37:52+00:00,195.0,162.69,154.5,159.0,0.0,0.0,,82.0,0.50215646774292,True,REGULAR,USD,Call,2028-06-16,AAPL,2026-10-06T00:29:07.449491+00:00,332.89,0.0401800012588501,0.0031766010136492747,0.2116633544603646
AAPL280616C00200000,2026-09-30 16:05:16+00:00,200.0,157.4,150.0,155.0,0.0,0.0,2.0,94.0,0.5196276065063475,True,REGULAR,USD,Call,2028-06-16,AAPL,2026-10-06T00:29:07.449491+00:00,332.89,0.0401800012588501,0.0031766010136492747,0.2116633544603646
AAPL280616C00210000,2026-09-30 14:04:46+00:00,210.0,149.15,142.0,146.5,0.0,0.0,1.0,14.0,0.4997761204528809,True,REGULAR,USD,Call,2028-06-16,AAPL,2026-10-06T00:29:07.449491+00:00,332.89,0.0401800012588501,0.0031766010136492747,0.2116633544603646
AAPL280616C00220000,2026-09-28 19:41:30+00:00,220.0,141.88,134.0,138.0,0.0,0.0,82.0,49.0,0.47993989303588863,True,REGULAR,USD,Call,2028-06-16,AAPL,2026-10-06T00:29:07.449491+00:00,332.89,0.0401800012588501,0.0031766010136492747,0.2116633544603646
AAPL280616C00230000,2026-10-02 17:32:48+00:00,230.0,128.95,126.0,130.0,0.0,0.0,1.0,50.0,0.46449815292358404,True,REGULAR,USD,Call,2028-06-16,AAPL,2026-10-06T00:29:07.449491+00:00,332.89,0.0401800012588501,0.0031766010136492747,0.2116633544603646
AAPL280616C00240000,2026-10-01 17:52:05+00:00,240.0,117.16,118.0,122.5,0.0,0.0,7.0,10.0,0.452703226928711,True,REGULAR,USD,Call,2028-06-16,AAPL,2026-10-06T00:29:07.449491+00:00,332.89,0.0401800012588501,0.0031766010136492747,0.2116633544603646
AAPL280616C00250000,2026-09-30 16:03:29+00:00,250.0,117.43,110.5,115.0,0.0,0.0,364.0,184.0,0.44005381729125975,True,REGULAR,USD,Call,2028-06-16,AAPL,2026-10-06T00:29:07.449491+00:00,332.89,0.0401800012588501,0.0031766010136492747,0.2116633544603646
AAPL280616C00260000,2026-10-02 14:18:48+00:00,260.0,106.22,103.5,107.5,0.0,0.0,16.0,20.0,0.42662621719360355,True,REGULAR,USD,Call,2028-06-16,AAPL,2026-10-06T00:29:07.449491+00:00,332.89,0.0401800012588501,0.0031766010136492747,0.2116633544603646
AAPL280616C00270000,2026-10-05 13:48:32+00:00,270.0,100.55,96.0,100.5,5.5699997,5.8643923,5.0,14.0,0.41606724075317375,True,REGULAR,USD,Call,2028-06-16,AAPL,2026-10-06T00:29:07.449491+00:00,332.89,0.0401800012588501,0.0031766010136492747,0.2116633544603646
AAPL280616C00280000,2026-10-05 17:32:26+00:00,280.0,92.0,89.5,93.5,0.5,0.5464481,1.0,17.0,0.40453171157836915,True,REGULAR,USD,Call,2028-06-16,AAPL,2026-10-06T00:29:07.449491+00:00,332.89,0.0401800012588501,0.0031766010136492747,0.2116633544603646
AAPL280616C00290000,2026-10-01 19:28:16+00:00,290.0,82.82,82.5,87.0,0.0,0.0,1.0,8.0,0.39540704696655277,True,REGULAR,USD,Call,2028-06-16,AAPL,2026-10-06T00:29:07.449491+00:00,332.89,0.0401800012588501,0.0031766010136492747,0.2116633544603646
AAPL280616C00300000,2026-09-30 15:38:17+00:00,300.0,83.35,76.5,81.0,0.0,0.0,10.0,55.0,0.38840333282470707,True,REGULAR,USD,Call,2028-06-16,AAPL,2026-10-06T00:29:07.449491+00:00,332.89,0.0401800012588501,0.0031766010136492747,0.2116633544603646
AAPL280616C00310000,2026-10-02 16:15:10+00:00,310.0,72.56,70.5,74.85,0.0,0.0,1.0,9.0,0.37923289230346674,True,REGULAR,USD,Call,2028-06-16,AAPL,2026-10-06T00:29:07.449491+00:00,332.89,0.0401800012588501,0.0031766010136492747,0.2116633544603646
AAPL280616C00320000,2026-10-05 13:30:00+00:00,320.0,67.67,65.0,68.85,0.8699951,1.3023878,1.0,22.0,0.3698640895080566,True,REGULAR,USD,Call,2028-06-16,AAPL,2026-10-06T00:29:07.449491+00:00,332.89,0.0401800012588501,0.0031766010136492747,0.2116633544603646
AAPL280616C00330000,2026-10-05 18:29:28+00:00,330.0,63.85,59.5,64.0,1.6399994,2.6362312,2.0,41.0,0.36624016334533693,True,REGULAR,USD,Call,2028-06-16,AAPL,2026-10-06T00:29:07.449491+00:00,332.89,0.0401800012588501,0.0031766010136492747,0.2116633544603646
AAPL280616C00340000,2026-10-01 19:57:07+00:00,340.0,55.11,54.95,58.25,0.0,0.0,75.0,91.0,0.35597873031616206,False,REGULAR,USD,Call,2028-06-16,AAPL,2026-10-06T00:29:07.449491+00:00,332.89,0.0401800012588501,0.0031766010136492747,0.2116633544603646
AAPL280616C00350000,2026-10-01 17:26:55+00:00,350.0,49.71,49.5,54.5,0.0,0.0,24.0,367.0,0.3562076098632812,False,REGULAR,USD,Call,2028-06-16,AAPL,2026-10-06T00:29:07.449491+00:00,332.89,0.0401800012588501,0.0031766010136492747,0.2116633544603646
AAPL280616C00360000,2026-10-01 18:32:15+00:00,360.0,45.85,46.65,49.0,0.0,0.0,2.0,66.0,0.34495436546325686,False,REGULAR,USD,Call,2028-06-16,AAPL,2026-10-06T00:29:07.449491+00:00,332.89,0.0401800012588501,0.0031766010136492747,0.2116633544603646
AAPL280616C00370000,2026-10-05 17:08:07+00:00,370.0,45.0,42.45,44.7,1.2000008,2.7397277,2.0,39.0,0.339400221786499,False,REGULAR,USD,Call,2028-06-16,AAPL,2026-10-06T00:29:07.449491+00:00,332.89,0.0401800012588501,0.0031766010136492747,0.2116633544603646
AAPL280616C00380000,2026-10-02 17:25:11+00:00,380.0,40.14,38.45,41.05,0.0,0.0,2.0,8.0,0.3363256065368652,False,REGULAR,USD,Call,2028-06-16,AAPL,2026-10-06T00:29:07.449491+00:00,332.89,0.0401800012588501,0.0031766010136492747,0.2116633544603646
AAPL280616C00390000,2026-10-02 17:20:01+00:00,390.0,36.68,34.85,37.45,0.0,0.0,10.0,124.0,0.3322973265075684,False,REGULAR,USD,Call,2028-06-16,AAPL,2026-10-06T00:29:07.449491+00:00,332.89,0.0401800012588501,0.0031766010136492747,0.2116633544603646
AAPL280616C00400000,2026-10-05 18:54:03+00:00,400.0,32.68,31.8,33.7,0.3899994,1.2078023,3.0,51.0,0.3261252080535888,False,REGULAR,USD,Call,2028-06-16,AAPL,2026-10-06T00:29:07.449491+00:00,332.89,0.0401800012588501,0.0031766010136492747,0.2116633544603646
AAPL280616C00410000,2026-10-05 19:07:14+00:00,410.0,29.93,28.3,30.45,0.020000458,0.0668688,191.0,182.0,0.32163153961181634,False,REGULAR,USD,Call,2028-06-16,AAPL,2026-10-06T00:29:07.449491+00:00,332.89,0.0401800012588501,0.0031766010136492747,0.2116633544603646
AAPL280616C00420000,2026-09-28 17:17:24+00:00,420.0,31.05,25.95,28.2,0.0,0.0,73.0,107.0,0.32201300552368156,False,REGULAR,USD,Call,2028-06-16,AAPL,2026-10-06T00:29:07.449491+00:00,332.89,0.0401800012588501,0.0031766010136492747,0.2116633544603646
AAPL280616C00440000,2026-10-01 17:52:31+00:00,440.0,20.68,21.05,22.65,0.0,0.0,,6.0,0.31285782363891596,False,REGULAR,USD,Call,2028-06-16,AAPL,2026-10-06T00:29:07.449491+00:00,332.89,0.0401800012588501,0.0031766010136492747,0.2116633544603646
AAPL280616C00450000,2026-10-01 13:40:19+00:00,450.0,20.08,18.45,20.75,0.0,0.0,,1.0,0.3121864436340332,False,REGULAR,USD,Call,2028-06-16,AAPL,2026-10-06T00:29:07.449491+00:00,332.89,0.0401800012588501,0.0031766010136492747,0.2116633544603646
AAPL280616C00470000,2026-09-28 15:13:56+00:00,470.0,19.15,15.45,16.7,0.0,0.0,,112.0,0.3060066958618164,False,REGULAR,USD,Call,2028-06-16,AAPL,2026-10-06T00:29:07.449491+00:00,332.89,0.0401800012588501,0.0031766010136492747,0.2116633544603646
AAPL280616C00480000,2026-10-01 14:29:17+00:00,480.0,13.99,13.9,15.15,0.0,0.0,5.0,127.0,0.3047249703979492,False,REGULAR,USD,Call,2028-06-16,AAPL,2026-10-06T00:29:07.449491+00:00,332.89,0.0401800012588501,0.0031766010136492747,0.2116633544603646
AAPL280616C00490000,2026-10-05 14:08:07+00:00,490.0,13.25,12.55,13.6,-0.35000038,-2.573532,25.0,262.0,0.3024514335632324,False,REGULAR,USD,Call,2028-06-16,AAPL,2026-10-06T00:29:07.449491+00:00,332.89,0.0401800012588501,0.0031766010136492747,0.2116633544603646
AAPL280616C00500000,2026-09-29 14:46:14+00:00,500.0,12.2,10.95,12.3,0.0,0.0,2.0,32.0,0.3011697080993652,False,REGULAR,USD,Call,2028-06-16,AAPL,2026-10-06T00:29:07.449491+00:00,332.89,0.0401800012588501,0.0031766010136492747,0.2116633544603646
AAPL280616C00510000,2026-09-28 15:00:36+00:00,510.0,12.4,8.5,11.5,0.0,0.0,85.0,106.0,0.30324488265991206,False,REGULAR,USD,Call,2028-06-16,AAPL,2026-10-06T00:29:07.449491+00:00,332.89,0.0401800012588501,0.0031766010136492747,0.2116633544603646
AAPL280616C00520000,2026-09-28 15:06:32+00:00,520.0,11.25,9.1,9.95,0.0,0.0,16.0,192.0,0.29799591171264644,False,REGULAR,USD,Call,2028-06-16,AAPL,2026-10-06T00:29:07.449491+00:00,332.89,0.0401800012588501,0.0031766010136492747,0.2116633544603646
AAPL280616C00530000,2026-09-29 15:19:16+00:00,530.0,10.9,7.8,9.9,0.0,0.0,64.0,41.0,0.30557945404052733,False,REGULAR,USD,Call,2028-06-16,AAPL,2026-10-06T00:29:07.449491+00:00,332.89,0.0401800012588501,0.0031766010136492747,0.2116633544603646
AAPL280616C00540000,2026-09-30 13:58:02+00:00,540.0,8.05,7.0,8.2,0.0,0.0,2.0,182.0,0.2969125485229491,False,REGULAR,USD,Call,2028-06-16,AAPL,2026-10-06T00:29:07.449491+00:00,332.89,0.0401800012588501,0.0031766010136492747,0.2116633544603646
AAPL280616C00550000,2026-09-21 17:12:21+00:00,550.0,8.6,6.6,7.3,0.0,0.0,,1.0,0.29491366714477535,False,REGULAR,USD,Call,2028-06-16,AAPL,2026-10-06T00:29:07.449491+00:00,332.89,0.0401800012588501,0.0031766010136492747,0.2116633544603646
AAPL280616C00570000,2026-09-24 14:18:39+00:00,570.0,6.78,4.95,6.15,0.0,0.0,,1.0,0.2958139266967773,False,REGULAR,USD,Call,2028-06-16,AAPL,2026-10-06T00:29:07.449491+00:00,332.89,0.0401800012588501,0.0031766010136492747,0.2116633544603646
AAPL280616C00580000,2026-09-28 13:59:44+00:00,580.0,6.63,4.4,7.5,0.0,0.0,,1.0,0.3178931736755371,False,REGULAR,USD,Call,2028-06-16,AAPL,2026-10-06T00:29:07.449491+00:00,332.89,0.0401800012588501,0.0031766010136492747,0.2116633544603646
AAPL280616C00590000,2026-10-02 16:21:40+00:00,590.0,4.64,3.9,5.3,0.0,0.0,1.0,1.0,0.29813323944091785,False,REGULAR,USD,Call,2028-06-16,AAPL,2026-10-06T00:29:07.449491+00:00,332.89,0.0401800012588501,0.0031766010136492747,0.2116633544603646
AAPL280616C00600000,2026-10-02 13:42:21+00:00,600.0,4.09,3.75,4.65,0.0,0.0,10.0,11.0,0.2954477194213867,False,REGULAR,USD,Call,2028-06-16,AAPL,2026-10-06T00:29:07.449491+00:00,332.89,0.0401800012588501,0.0031766010136492747,0.2116633544603646
AAPL280616C00620000,2026-09-29 19:30:58+00:00,620.0,3.45,2.95,4.0,0.0,0.0,1.0,2.0,0.29743134216308587,False,REGULAR,USD,Call,2028-06-16,AAPL,2026-10-06T00:29:07.449491+00:00,332.89,0.0401800012588501,0.0031766010136492747,0.2116633544603646
AAPL280616C00650000,2026-09-30 14:16:46+00:00,650.0,2.96,2.12,2.97,0.0,0.0,20.0,30.0,0.29587496124267576,False,REGULAR,USD,Call,2028-06-16,AAPL,2026-10-06T00:29:07.449491+00:00,332.89,0.0401800012588501,0.0031766010136492747,0.2116633544603646
AAPL280616C00660000,2026-10-02 14:58:03+00:00,660.0,2.41,2.09,2.53,0.0,0.0,2.0,26.0,0.2921213366699218,False,REGULAR,USD,Call,2028-06-16,AAPL,2026-10-06T00:29:07.449491+00:00,332.89,0.0401800012588501,0.0031766010136492747,0.2116633544603646
AAPL280616C00670000,2026-09-29 17:51:21+00:00,670.0,2.29,2.0,2.47,0.0,0.0,8.0,6.0,0.29572237487792963,False,REGULAR,USD,Call,2028-06-16,AAPL,2026-10-06T00:29:07.449491+00:00,332.89,0.0401800012588501,0.0031766010136492747,0.2116633544603646
AAPL280616P00095000,2026-09-21 14:42:21+00:00,95.0,0.32,0.01,0.55,0.0,0.0,,80.0,0.4459283923339844,False,REGULAR,USD,Put,2028-06-16,AAPL,2026-10-06T00:29:07.449491+00:00,332.89,0.0401800012588501,0.0031766010136492747,0.2116633544603646
AAPL280616P00115000,2026-10-02 19:46:03+00:00,115.0,0.51,0.38,0.9,0.0,0.0,4.0,4.0,0.41089456298828125,False,REGULAR,USD,Put,2028-06-16,AAPL,2026-10-06T00:29:07.449491+00:00,332.89,0.0401800012588501,0.0031766010136492747,0.2116633544603646
AAPL280616P00120000,2026-10-05 19:22:39+00:00,120.0,0.62,0.35,0.89,0.030000031,5.084751,2.0,4.0,0.3947814428710938,False,REGULAR,USD,Put,2028-06-16,AAPL,2026-10-06T00:29:07.449491+00:00,332.89,0.0401800012588501,0.0031766010136492747,0.2116633544603646
AAPL280616P00130000,2026-09-30 14:34:30+00:00,130.0,0.76,0.58,0.93,0.0,0.0,,1.0,0.36865865722656255,False,REGULAR,USD,Put,2028-06-16,AAPL,2026-10-06T00:29:07.449491+00:00,332.89,0.0401800012588501,0.0031766010136492747,0.2116633544603646
AAPL280616P00135000,2026-10-02 19:37:19+00:00,135.0,0.94,0.66,1.11,0.0,0.0,2.0,2.0,0.3657289990234375,False,REGULAR,USD,Put,2028-06-16,AAPL,2026-10-06T00:29:07.449491+00:00,332.89,0.0401800012588501,0.0031766010136492747,0.2116633544603646
AAPL280616P00140000,2026-10-01 14:38:06+00:00,140.0,1.13,0.7,1.62,0.0,0.0,1.0,604.0,0.3768983209228516,False,REGULAR,USD,Put,2028-06-16,AAPL,2026-10-06T00:29:07.449491+00:00,332.89,0.0401800012588501,0.0031766010136492747,0.2116633544603646
AAPL280616P00155000,2026-10-05 18:36:54+00:00,155.0,1.37,1.2,1.88,-0.18999994,-12.179484,2.0,560.0,0.34680828979492184,False,REGULAR,USD,Put,2028-06-16,AAPL,2026-10-06T00:29:07.449491+00:00,332.89,0.0401800012588501,0.0031766010136492747,0.2116633544603646
AAPL280616P00170000,2026-09-28 18:47:45+00:00,170.0,2.1,1.8,2.52,0.0,0.0,,1.0,0.3291693060302734,False,REGULAR,USD,Put,2028-06-16,AAPL,2026-10-06T00:29:07.449491+00:00,332.89,0.0401800012588501,0.0031766010136492747,0.2116633544603646
AAPL280616P00180000,2026-09-28 17:18:56+00:00,180.0,2.53,2.52,2.91,0.0,0.0,,1.0,0.3149177395629882,False,REGULAR,USD,Put,2028-06-16,AAPL,2026-10-06T00:29:07.449491+00:00,332.89,0.0401800012588501,0.0031766010136492747,0.2116633544603646
AAPL280616P00185000,2026-09-29 19:58:05+00:00,185.0,3.18,2.8,5.5,0.0,0.0,,1.0,0.3555667471313476,False,REGULAR,USD,Put,2028-06-16,AAPL,2026-10-06T00:29:07.449491+00:00,332.89,0.0401800012588501,0.0031766010136492747,0.2116633544603646
AAPL280616P00200000,2026-09-29 15:43:41+00:00,200.0,3.95,3.85,4.45,0.0,0.0,,10.0,0.2991403094482421,False,REGULAR,USD,Put,2028-06-16,AAPL,2026-10-06T00:29:07.449491+00:00,332.89,0.0401800012588501,0.0031766010136492747,0.2116633544603646
AAPL280616P00210000,2026-09-29 19:37:38+00:00,210.0,5.25,4.8,6.35,0.0,0.0,2.0,24.0,0.30542686767578126,False,REGULAR,USD,Put,2028-06-16,AAPL,2026-10-06T00:29:07.449491+00:00,332.89,0.0401800012588501,0.0031766010136492747,0.2116633544603646
AAPL280616P00220000,2026-09-29 15:41:36+00:00,220.0,6.13,5.9,6.95,0.0,0.0,,1.0,0.289496851196289,False,REGULAR,USD,Put,2028-06-16,AAPL,2026-10-06T00:29:07.449491+00:00,332.89,0.0401800012588501,0.0031766010136492747,0.2116633544603646
AAPL280616P00230000,2026-10-05 17:55:15+00:00,230.0,7.4,7.1,8.7,-0.25,-3.267974,2.0,22.0,0.2869028829956054,False,REGULAR,USD,Put,2028-06-16,AAPL,2026-10-06T00:29:07.449491+00:00,332.89,0.0401800012588501,0.0031766010136492747,0.2116633544603646
AAPL280616P00240000,2026-10-01 17:16:37+00:00,240.0,9.55,8.15,10.3,0.0,0.0,,18.0,0.2798991688537597,False,REGULAR,USD,Put,2028-06-16,AAPL,2026-10-06T00:29:07.449491+00:00,332.89,0.0401800012588501,0.0031766010136492747,0.2116633544603646
AAPL280616P00250000,2026-10-05 16:15:30+00:00,250.0,10.57,10.1,12.0,-0.1800003,-1.6744214,3.0,16.0,0.27197993652343744,False,REGULAR,USD,Put,2028-06-16,AAPL,2026-10-06T00:29:07.449491+00:00,332.89,0.0401800012588501,0.0031766010136492747,0.2116633544603646
AAPL280616P00260000,2026-10-01 16:56:24+00:00,260.0,13.6,12.05,14.0,0.0,0.0,6.0,7.0,0.2649304464721679,False,REGULAR,USD,Put,2028-06-16,AAPL,2026-10-06T00:29:07.449491+00:00,332.89,0.0401800012588501,0.0031766010136492747,0.2116633544603646
AAPL280616P00270000,2026-10-05 16:15:30+00:00,270.0,14.88,14.35,15.6,0.1800003,1.2244918,1.0,139.0,0.2528913822937012,False,REGULAR,USD,Put,2028-06-16,AAPL,2026-10-06T00:29:07.449491+00:00,332.89,0.0401800012588501,0.0031766010136492747,0.2116633544603646
AAPL280616P00280000,2026-10-05 17:03:12+00:00,280.0,17.05,16.25,18.05,0.18999863,1.1269195,1.0,521.0,0.24597921997070313,False,REGULAR,USD,Put,2028-06-16,AAPL,2026-10-06T00:29:07.449491+00:00,332.89,0.0401800012588501,0.0031766010136492747,0.2116633544603646
AAPL280616P00290000,2026-10-05 19:07:14+00:00,290.0,20.31,19.65,20.85,-0.69000053,-3.2857168,194.0,6.0,0.23960110992431638,False,REGULAR,USD,Put,2028-06-16,AAPL,2026-10-06T00:29:07.449491+00:00,332.89,0.0401800012588501,0.0031766010136492747,0.2116633544603646
AAPL280616P00300000,2026-09-29 19:47:20+00:00,300.0,24.41,22.8,24.3,0.0,0.0,1.0,324.0,0.23546601943969725,False,REGULAR,USD,Put,2028-06-16,AAPL,2026-10-06T00:29:07.449491+00:00,332.89,0.0401800012588501,0.0031766010136492747,0.2116633544603646
AAPL280616P00310000,2026-09-29 18:29:35+00:00,310.0,27.4,26.6,27.9,0.0,0.0,4.0,97.0,0.23002631553649902,False,REGULAR,USD,Put,2028-06-16,AAPL,2026-10-06T00:29:07.449491+00:00,332.89,0.0401800012588501,0.0031766010136492747,0.2116633544603646
AAPL280616P00320000,2026-10-05 17:56:37+00:00,320.0,30.97,30.3,31.7,-1.1100025,-3.4601073,3.0,8.0,0.22365583480834955,False,REGULAR,USD,Put,2028-06-16,AAPL,2026-10-06T00:29:07.449491+00:00,332.89,0.0401800012588501,0.0031766010136492747,0.2116633544603646
AAPL280616P00330000,2026-10-02 16:35:32+00:00,330.0,35.35,34.0,36.2,0.0,0.0,2.0,4.0,0.2192613475036621,False,REGULAR,USD,Put,2028-06-16,AAPL,2026-10-06T00:29:07.449491+00:00,332.89,0.0401800012588501,0.0031766010136492747,0.2116633544603646
AAPL280616P00340000,2026-09-28 17:47:23+00:00,340.0,37.6,38.75,40.95,0.0,0.0,4.0,10.0,0.21404289382934572,True,REGULAR,USD,Put,2028-06-16,AAPL,2026-10-06T00:29:07.449491+00:00,332.89,0.0401800012588501,0.0031766010136492747,0.2116633544603646
AAPL280616P00350000,2026-10-05 16:43:56+00:00,350.0,44.3,44.05,46.3,-3.0499992,-6.441393,6.0,72.0,0.2099917258453369,True,REGULAR,USD,Put,2028-06-16,AAPL,2026-10-06T00:29:07.449491+00:00,332.89,0.0401800012588501,0.0031766010136492747,0.2116633544603646
AAPL280616P00360000,2026-10-02 18:57:44+00:00,360.0,50.48,49.45,52.65,0.0,0.0,2.0,526.0,0.20943478561401363,True,REGULAR,USD,Put,2028-06-16,AAPL,2026-10-06T00:29:07.449491+00:00,332.89,0.0401800012588501,0.0031766010136492747,0.2116633544603646
AAPL280616P00370000,2026-09-30 14:24:54+00:00,370.0,54.0,55.05,57.75,0.0,0.0,1.0,42.0,0.19916572326660154,True,REGULAR,USD,Put,2028-06-16,AAPL,2026-10-06T00:29:07.449491+00:00,332.89,0.0401800012588501,0.0031766010136492747,0.2116633544603646
AAPL280616P00380000,2026-09-30 16:08:36+00:00,380.0,60.4,60.75,64.3,0.0,0.0,4.0,182.0,0.1950230034637451,True,REGULAR,USD,Put,2028-06-16,AAPL,2026-10-06T00:29:07.449491+00:00,332.89,0.0401800012588501,0.0031766010136492747,0.2116633544603646
AAPL280616P00400000,2026-09-28 17:18:25+00:00,400.0,71.66,75.15,78.0,0.0,0.0,,1.0,0.18274743041992186,True,REGULAR,USD,Put,2028-06-16,AAPL,2026-10-06T00:29:07.449491+00:00,332.89,0.0401800012588501,0.0031766010136492747,0.2116633544603646
AAPL280616P00410000,2026-09-28 18:50:57+00:00,410.0,78.95,82.65,86.5,0.0,0.0,,1.0,0.18454794952392578,True,REGULAR,USD,Put,2028-06-16,AAPL,2026-10-06T00:29:07.449491+00:00,332.89,0.0401800012588501,0.0031766010136492747,0.2116633544603646
AAPL280616P00430000,2026-09-30 16:06:46+00:00,430.0,96.7,98.0,102.5,0.0,0.0,,6.0,0.17321078262329104,True,REGULAR,USD,Put,2028-06-16,AAPL,2026-10-06T00:29:07.449491+00:00,332.89,0.0401800012588501,0.0031766010136492747,0.2116633544603646
AAPL280616P00440000,2026-09-21 17:01:26+00:00,440.0,104.15,106.5,111.0,0.0,0.0,,1.0,0.16736672485351564,True,REGULAR,USD,Put,2028-06-16,AAPL,2026-10-06T00:29:07.449491+00:00,332.89,0.0401800012588501,0.0031766010136492747,0.2116633544603646
AAPL281215C00005000,2026-09-24 14:07:21+00:00,5.0,333.0,323.55,332.1,0.0,0.0,1.0,57.0,2.9755884985351564,True,REGULAR,USD,Call,2028-12-15,AAPL,2026-10-06T00:29:07.449491+00:00,332.89,0.0401800012588501,0.0031766010136492747,0.2116633544603646
AAPL281215C00010000,2026-09-22 17:53:57+00:00,10.0,331.65,318.75,327.3,0.0,0.0,28.0,48.0,0.94726615234375,True,REGULAR,USD,Call,2028-12-15,AAPL,2026-10-06T00:29:07.449491+00:00,332.89,0.0401800012588501,0.0031766010136492747,0.2116633544603646
AAPL281215C00015000,2026-07-16 18:55:37+00:00,15.0,318.15,293.0,298.0,0.0,0.0,21.0,74.0,1.0000000000000003e-05,True,REGULAR,USD,Call,2028-12-15,AAPL,2026-10-06T00:29:07.449491+00:00,332.89,0.0401800012588501,0.0031766010136492747,0.2116633544603646
AAPL281215C00020000,2026-03-03 20:33:09+00:00,20.0,242.96,0.0,0.0,0.0,0.0,,0.0,1.0000000000000003e-05,True,REGULAR,USD,Call,2028-12-15,AAPL,2026-10-06T00:29:07.449491+00:00,332.89,0.0401800012588501,0.0031766010136492747,0.2116633544603646
AAPL281215C00025000,2026-09-28 15:56:28+00:00,25.0,316.5,306.5,311.5,0.0,0.0,2.0,17.0,0.913086806640625,True,REGULAR,USD,Call,2028-12-15,AAPL,2026-10-06T00:29:07.449491+00:00,332.89,0.0401800012588501,0.0031766010136492747,0.2116633544603646
AAPL281215C00030000,2026-09-22 17:52:33+00:00,30.0,312.07,302.0,307.0,0.0,0.0,29.0,101.0,0.901368173828125,True,REGULAR,USD,Call,2028-12-15,AAPL,2026-10-06T00:29:07.449491+00:00,332.89,0.0401800012588501,0.0031766010136492747,0.2116633544603646
AAPL281215C00035000,2026-01-26 16:18:50+00:00,35.0,221.31,224.5,229.5,0.0,0.0,,1.0,1.0000000000000003e-05,True,REGULAR,USD,Call,2028-12-15,AAPL,2026-10-06T00:29:07.449491+00:00,332.89,0.0401800012588501,0.0031766010136492747,0.2116633544603646
AAPL281215C00040000,2026-06-29 18:27:41+00:00,40.0,244.55,270.5,275.5,0.0,0.0,1.0,9.0,1.0000000000000003e-05,True,REGULAR,USD,Call,2028-12-15,AAPL,2026-10-06T00:29:07.449491+00:00,332.89,0.0401800012588501,0.0031766010136492747,0.2116633544603646
AAPL281215C00045000,2026-08-10 13:30:01+00:00,45.0,267.35,0.0,0.0,0.0,0.0,6.0,0.0,1.0000000000000003e-05,True,REGULAR,USD,Call,2028-12-15,AAPL,2026-10-06T00:29:07.449491+00:00,332.89,0.0401800012588501,0.0031766010136492747,0.2116633544603646
AAPL281215C00050000,2026-10-02 15:03:19+00:00,50.0,286.55,284.5,289.5,0.0,0.0,11.0,1369.0,0.8507095007324219,True,REGULAR,USD,Call,2028-12-15,AAPL,2026-10-06T00:29:07.449491+00:00,332.89,0.0401800012588501,0.0031766010136492747,0.2116633544603646
AAPL281215C00060000,2026-10-02 14:20:58+00:00,60.0,279.94,275.5,280.5,0.0,0.0,1.0,200.0,0.8076801458740235,True,REGULAR,USD,Call,2028-12-15,AAPL,2026-10-06T00:29:07.449491+00:00,332.89,0.0401800012588501,0.0031766010136492747,0.2116633544603646
AAPL281215C00070000,2026-09-21 19:12:59+00:00,70.0,274.2,266.5,271.5,0.0,0.0,14.0,256.0,0.7686180364990236,True,REGULAR,USD,Call,2028-12-15,AAPL,2026-10-06T00:29:07.449491+00:00,332.89,0.0401800012588501,0.0031766010136492747,0.2116633544603646
AAPL281215C00080000,2026-09-24 18:54:19+00:00,80.0,264.4,258.0,262.5,0.0,0.0,2.0,263.0,0.7398707653808592,True,REGULAR,USD,Call,2028-12-15,AAPL,2026-10-06T00:29:07.449491+00:00,332.89,0.0401800012588501,0.0031766010136492747,0.2116633544603646
AAPL281215C00090000,2026-09-16 15:42:30+00:00,90.0,251.56,249.0,254.0,0.0,0.0,1.0,193.0,0.711916943359375,True,REGULAR,USD,Call,2028-12-15,AAPL,2026-10-06T00:29:07.449491+00:00,332.89,0.0401800012588501,0.0031766010136492747,0.2116633544603646
AAPL281215C00100000,2026-10-05 16:35:04+00:00,100.0,244.0,240.0,245.0,-2.550003,-1.0342742,2.0,3112.0,0.6796296685791017,True,REGULAR,USD,Call,2028-12-15,AAPL,2026-10-06T00:29:07.449491+00:00,332.89,0.0401800012588501,0.0031766010136492747,0.2116633544603646
AAPL281215C00110000,2026-09-29 19:24:06+00:00,110.0,231.96,231.5,236.5,0.0,0.0,3.0,1274.0,0.6589999920654297,True,REGULAR,USD,Call,2028-12-15,AAPL,2026-10-06T00:29:07.449491+00:00,332.89,0.0401800012588501,0.0031766010136492747,0.2116633544603646
AAPL281215C00120000,2026-09-30 19:49:19+00:00,120.0,227.5,223.0,227.5,0.0,0.0,2.0,194.0,0.6340063455200197,True,REGULAR,USD,Call,2028-12-15,AAPL,2026-10-06T00:29:07.449491+00:00,332.89,0.0401800012588501,0.0031766010136492747,0.2116633544603646
AAPL281215C00125000,2026-10-01 18:34:24+00:00,125.0,217.37,218.5,223.5,0.0,0.0,3.0,71.0,0.6238440936279297,True,REGULAR,USD,Call,2028-12-15,AAPL,2026-10-06T00:29:07.449491+00:00,332.89,0.0401800012588501,0.0031766010136492747,0.2116633544603646
AAPL281215C00130000,2026-09-30 19:42:02+00:00,130.0,219.09,214.0,219.0,0.0,0.0,2.0,108.0,0.6098671826171876,True,REGULAR,USD,Call,2028-12-15,AAPL,2026-10-06T00:29:07.449491+00:00,332.89,0.0401800012588501,0.0031766010136492747,0.2116633544603646
AAPL281215C00135000,2026-09-29 16:22:21+00:00,135.0,210.65,210.0,214.5,0.0,0.0,2.0,52.0,0.5999490689086916,True,REGULAR,USD,Call,2028-12-15,AAPL,2026-10-06T00:29:07.449491+00:00,332.89,0.0401800012588501,0.0031766010136492747,0.2116633544603646
AAPL281215C00140000,2026-10-01 19:08:40+00:00,140.0,205.27,205.5,210.5,0.0,0.0,10.0,152.0,0.5900614724731447,True,REGULAR,USD,Call,2028-12-15,AAPL,2026-10-06T00:29:07.449491+00:00,332.89,0.0401800012588501,0.0031766010136492747,0.2116633544603646
AAPL281215C00145000,2026-09-28 18:33:44+00:00,145.0,210.8,201.5,206.0,0.0,0.0,2.0,207.0,0.5802349105834962,True,REGULAR,USD,Call,2028-12-15,AAPL,2026-10-06T00:29:07.449491+00:00,332.89,0.0401800012588501,0.0031766010136492747,0.2116633544603646
AAPL281215C00150000,2026-10-02 13:57:40+00:00,150.0,198.75,197.0,201.5,0.0,0.0,1.0,586.0,0.5671735177612305,True,REGULAR,USD,Call,2028-12-15,AAPL,2026-10-06T00:29:07.449491+00:00,332.89,0.0401800012588501,0.0031766010136492747,0.2116633544603646
AAPL281215C00155000,2026-10-02 13:58:33+00:00,155.0,194.45,193.0,197.05,0.0,0.0,1.0,131.0,0.5578657495117189,True,REGULAR,USD,Call,2028-12-15,AAPL,2026-10-06T00:29:07.449491+00:00,332.89,0.0401800012588501,0.0031766010136492747,0.2116633544603646
AAPL281215C00160000,2026-09-14 18:44:16+00:00,160.0,192.36,189.0,193.5,0.0,0.0,98.0,293.0,0.5539290213012696,True,REGULAR,USD,Call,2028-12-15,AAPL,2026-10-06T00:29:07.449491+00:00,332.89,0.0401800012588501,0.0031766010136492747,0.2116633544603646
AAPL281215C00165000,2026-10-01 19:47:07+00:00,165.0,183.4,184.5,189.0,0.0,0.0,12.0,293.0,0.5412948703002932,True,REGULAR,USD,Call,2028-12-15,AAPL,2026-10-06T00:29:07.449491+00:00,332.89,0.0401800012588501,0.0031766010136492747,0.2116633544603646
AAPL281215C00170000,2026-09-30 17:19:14+00:00,170.0,185.8,180.5,185.5,0.0,0.0,2.0,123.0,0.5371902970886231,True,REGULAR,USD,Call,2028-12-15,AAPL,2026-10-06T00:29:07.449491+00:00,332.89,0.0401800012588501,0.0031766010136492747,0.2116633544603646
AAPL281215C00175000,2026-09-23 18:01:26+00:00,175.0,183.0,176.5,180.65,0.0,0.0,3.0,561.0,0.5255937333679199,True,REGULAR,USD,Call,2028-12-15,AAPL,2026-10-06T00:29:07.449491+00:00,332.89,0.0401800012588501,0.0031766010136492747,0.2116633544603646
AAPL281215C00180000,2026-09-30 15:20:30+00:00,180.0,179.08,172.0,176.5,0.0,0.0,53.0,403.0,0.5152026019287108,True,REGULAR,USD,Call,2028-12-15,AAPL,2026-10-06T00:29:07.449491+00:00,332.89,0.0401800012588501,0.0031766010136492747,0.2116633544603646
AAPL281215C00185000,2026-09-28 14:22:30+00:00,185.0,179.31,168.0,172.5,0.0,0.0,50.0,132.0,0.5081531118774415,True,REGULAR,USD,Call,2028-12-15,AAPL,2026-10-06T00:29:07.449491+00:00,332.89,0.0401800012588501,0.0031766010136492747,0.2116633544603646
AAPL281215C00190000,2026-10-02 17:31:55+00:00,190.0,166.87,165.1,168.5,0.0,0.0,4.0,1175.0,0.5062457823181152,True,REGULAR,USD,Call,2028-12-15,AAPL,2026-10-06T00:29:07.449491+00:00,332.89,0.0401800012588501,0.0031766010136492747,0.2116633544603646
AAPL281215C00195000,2026-09-29 16:57:55+00:00,195.0,161.25,161.0,164.25,0.0,0.0,1.0,2000.0,0.5121356159973145,True,REGULAR,USD,Call,2028-12-15,AAPL,2026-10-06T00:29:07.449491+00:00,332.89,0.0401800012588501,0.0031766010136492747,0.2116633544603646
AAPL281215C00200000,2026-10-02 19:38:44+00:00,200.0,159.28,157.2,160.45,0.0,0.0,113.0,2853.0,0.5059863854980469,True,REGULAR,USD,Call,2028-12-15,AAPL,2026-10-06T00:29:07.449491+00:00,332.89,0.0401800012588501,0.0031766010136492747,0.2116633544603646
AAPL281215C00210000,2026-10-02 17:30:51+00:00,210.0,151.12,148.75,152.1,0.0,0.0,51.0,560.0,0.4869893830871583,True,REGULAR,USD,Call,2028-12-15,AAPL,2026-10-06T00:29:07.449491+00:00,332.89,0.0401800012588501,0.0031766010136492747,0.2116633544603646
AAPL281215C00220000,2026-10-02 17:30:06+00:00,220.0,143.59,141.5,144.9,0.0,0.0,3.0,1885.0,0.4772696316528321,True,REGULAR,USD,Call,2028-12-15,AAPL,2026-10-06T00:29:07.449491+00:00,332.89,0.0401800012588501,0.0031766010136492747,0.2116633544603646
AAPL281215C00230000,2026-10-05 19:50:37+00:00,230.0,135.45,134.05,136.75,0.039993286,0.029534956,33.0,881.0,0.45963064788818364,True,REGULAR,USD,Call,2028-12-15,AAPL,2026-10-06T00:29:07.449491+00:00,332.89,0.0401800012588501,0.0031766010136492747,0.2116633544603646
AAPL281215C00240000,2026-10-05 19:06:56+00:00,240.0,128.37,126.8,129.75,-0.30000305,-0.23315695,22.0,1733.0,0.4502160691833496,True,REGULAR,USD,Call,2028-12-15,AAPL,2026-10-06T00:29:07.449491+00:00,332.89,0.0401800012588501,0.0031766010136492747,0.2116633544603646
AAPL281215C00250000,2026-10-05 19:06:03+00:00,250.0,121.5,119.3,122.25,-0.30000305,-0.24630792,22.0,2557.0,0.43660536544799805,True,REGULAR,USD,Call,2028-12-15,AAPL,2026-10-06T00:29:07.449491+00:00,332.89,0.0401800012588501,0.0031766010136492747,0.2116633544603646
AAPL281215C00260000,2026-10-05 14:37:02+00:00,260.0,114.5,113.0,115.3,3.6100006,3.2554789,2.0,1467.0,0.4261837167358399,True,REGULAR,USD,Call,2028-12-15,AAPL,2026-10-06T00:29:07.449491+00:00,332.89,0.0401800012588501,0.0031766010136492747,0.2116633544603646
AAPL281215C00270000,2026-10-05 18:48:36+00:00,270.0,107.25,106.3,108.6,-0.19999695,-0.18613026,12.0,2280.0,0.41666232757568356,True,REGULAR,USD,Call,2028-12-15,AAPL,2026-10-06T00:29:07.449491+00:00,332.89,0.0401800012588501,0.0031766010136492747,0.2116633544603646
AAPL281215C00280000,2026-10-02 16:04:02+00:00,280.0,100.05,99.7,102.65,0.0,0.0,2.0,1963.0,0.41094033889770504,True,REGULAR,USD,Call,2028-12-15,AAPL,2026-10-06T00:29:07.449491+00:00,332.89,0.0401800012588501,0.0031766010136492747,0.2116633544603646
AAPL281215C00290000,2026-10-02 19:54:01+00:00,290.0,96.25,93.45,96.3,0.0,0.0,2.0,1901.0,0.4018919674682617,True,REGULAR,USD,Call,2028-12-15,AAPL,2026-10-06T00:29:07.449491+00:00,332.89,0.0401800012588501,0.0031766010136492747,0.2116633544603646
AAPL281215C00300000,2026-10-05 19:13:32+00:00,300.0,89.35,87.55,90.15,0.3199997,0.35942906,8.0,3793.0,0.39322506195068363,True,REGULAR,USD,Call,2028-12-15,AAPL,2026-10-06T00:29:07.449491+00:00,332.89,0.0401800012588501,0.0031766010136492747,0.2116633544603646
AAPL281215C00310000,2026-10-05 16:27:04+00:00,310.0,84.0,81.45,84.1,0.16999817,0.20278917,1.0,2624.0,0.3843140182495117,True,REGULAR,USD,Call,2028-12-15,AAPL,2026-10-06T00:29:07.449491+00:00,332.89,0.0401800012588501,0.0031766010136492747,0.2116633544603646
AAPL281215C00320000,2026-10-05 16:27:04+00:00,320.0,78.5,76.6,79.05,0.34999847,0.44785473,5.0,3508.0,0.3800187120819092,True,REGULAR,USD,Call,2028-12-15,AAPL,2026-10-06T00:29:07.449491+00:00,332.89,0.0401800012588501,0.0031766010136492747,0.2116633544603646
AAPL281215C00330000,2026-10-05 19:02:06+00:00,330.0,73.11,71.45,73.5,-0.040000916,-0.05468341,15.0,3039.0,0.37209185043334964,True,REGULAR,USD,Call,2028-12-15,AAPL,2026-10-06T00:29:07.449491+00:00,332.89,0.0401800012588501,0.0031766010136492747,0.2116633544603646
AAPL281215C00340000,2026-10-05 14:09:26+00:00,340.0,67.95,65.7,68.6,0.94999695,1.4179059,11.0,8244.0,0.3667208103942871,False,REGULAR,USD,Call,2028-12-15,AAPL,2026-10-06T00:29:07.449491+00:00,332.89,0.0401800012588501,0.0031766010136492747,0.2116633544603646
AAPL281215C00350000,2026-10-05 19:48:06+00:00,350.0,63.08,62.0,64.2,0.060001373,0.095210046,11.0,4282.0,0.3629977030944825,False,REGULAR,USD,Call,2028-12-15,AAPL,2026-10-06T00:29:07.449491+00:00,332.89,0.0401800012588501,0.0031766010136492747,0.2116633544603646
AAPL281215C00360000,2026-10-05 13:30:01+00:00,360.0,61.05,56.85,59.5,2.5099983,4.2876635,5.0,1706.0,0.35680269668579095,False,REGULAR,USD,Call,2028-12-15,AAPL,2026-10-06T00:29:07.449491+00:00,332.89,0.0401800012588501,0.0031766010136492747,0.2116633544603646
AAPL281215C00370000,2026-10-05 18:10:23+00:00,370.0,54.4,53.05,55.15,-3.0299988,-5.275986,13.0,2775.0,0.3514926911926269,False,REGULAR,USD,Call,2028-12-15,AAPL,2026-10-06T00:29:07.449491+00:00,332.89,0.0401800012588501,0.0031766010136492747,0.2116633544603646
AAPL281215C00380000,2026-09-30 17:16:43+00:00,380.0,51.92,48.75,51.4,0.0,0.0,3.0,1779.0,0.3483188948059082,False,REGULAR,USD,Call,2028-12-15,AAPL,2026-10-06T00:29:07.449491+00:00,332.89,0.0401800012588501,0.0031766010136492747,0.2116633544603646
AAPL281215C00390000,2026-10-02 14:22:43+00:00,390.0,46.83,45.3,47.55,0.0,0.0,1.0,2864.0,0.34372604522705075,False,REGULAR,USD,Call,2028-12-15,AAPL,2026-10-06T00:29:07.449491+00:00,332.89,0.0401800012588501,0.0031766010136492747,0.2116633544603646
AAPL281215C00400000,2026-10-05 17:56:44+00:00,400.0,42.8,42.1,43.9,-0.3500023,-0.8111293,15.0,4964.0,0.3392552647399902,False,REGULAR,USD,Call,2028-12-15,AAPL,2026-10-06T00:29:07.449491+00:00,332.89,0.0401800012588501,0.0031766010136492747,0.2116633544603646
AAPL281215C00410000,2026-10-01 14:07:15+00:00,410.0,38.59,38.6,41.0,0.0,0.0,1.0,1140.0,0.3377522890472412,False,REGULAR,USD,Call,2028-12-15,AAPL,2026-10-06T00:29:07.449491+00:00,332.89,0.0401800012588501,0.0031766010136492747,0.2116633544603646
AAPL281215C00420000,2026-10-02 15:10:27+00:00,420.0,36.98,34.0,37.5,0.5099983,1.398405,8.0,909.0,0.3322896971893311,False,REGULAR,USD,Call,2028-12-15,AAPL,2026-10-06T00:29:07.449491+00:00,332.89,0.0401800012588501,0.0031766010136492747,0.2116633544603646
AAPL281215C00430000,2026-10-01 14:32:47+00:00,430.0,33.31,32.8,34.75,0.0,0.0,2.0,1514.0,0.3298712033081054,False,REGULAR,USD,Call,2028-12-15,AAPL,2026-10-06T00:29:07.449491+00:00,332.89,0.0401800012588501,0.0031766010136492747,0.2116633544603646
AAPL281215C00440000,2026-10-05 14:23:57+00:00,440.0,30.94,30.45,31.85,-0.059999466,-0.19354667,1.0,1490.0,0.32581240600585937,False,REGULAR,USD,Call,2028-12-15,AAPL,2026-10-06T00:29:07.449491+00:00,332.89,0.0401800012588501,0.0031766010136492747,0.2116633544603646
AAPL281215C00450000,2026-10-05 19:42:09+00:00,450.0,28.53,27.45,29.45,0.030000687,0.105265565,1.0,5970.0,0.3236151623535155,False,REGULAR,USD,Call,2028-12-15,AAPL,2026-10-06T00:29:07.449491+00:00,332.89,0.0401800012588501,0.0031766010136492747,0.2116633544603646
AAPL281215C00460000,2026-09-30 14:17:32+00:00,460.0,27.9,25.4,27.5,0.0,0.0,1.0,604.0,0.3231421446228026,False,REGULAR,USD,Call,2028-12-15,AAPL,2026-10-06T00:29:07.449491+00:00,332.89,0.0401800012588501,0.0031766010136492747,0.2116633544603646
AAPL281215C00470000,2026-10-05 14:35:24+00:00,470.0,24.35,23.35,25.05,-0.75,-2.9880478,1.0,485.0,0.3191062352752685,False,REGULAR,USD,Call,2028-12-15,AAPL,2026-10-06T00:29:07.449491+00:00,332.89,0.0401800012588501,0.0031766010136492747,0.2116633544603646
AAPL281215C00480000,2026-10-05 15:30:24+00:00,480.0,22.43,21.75,22.75,0.4300003,1.9545468,6.0,442.0,0.31508558456420893,False,REGULAR,USD,Call,2028-12-15,AAPL,2026-10-06T00:29:07.449491+00:00,332.89,0.0401800012588501,0.0031766010136492747,0.2116633544603646
AAPL281215C00490000,2026-09-30 17:19:42+00:00,490.0,21.7,19.55,21.15,0.0,0.0,2.0,322.0,0.31444472183227534,False,REGULAR,USD,Call,2028-12-15,AAPL,2026-10-06T00:29:07.449491+00:00,332.89,0.0401800012588501,0.0031766010136492747,0.2116633544603646
AAPL281215C00500000,2026-10-05 17:07:07+00:00,500.0,19.2,17.8,19.55,0.47000122,2.5093498,13.0,2431.0,0.3131477377319336,False,REGULAR,USD,Call,2028-12-15,AAPL,2026-10-06T00:29:07.449491+00:00,332.89,0.0401800012588501,0.0031766010136492747,0.2116633544603646
AAPL281215C00510000,2026-09-30 17:17:57+00:00,510.0,18.4,16.75,17.75,0.0,0.0,22.0,325.0,0.30988238952636715,False,REGULAR,USD,Call,2028-12-15,AAPL,2026-10-06T00:29:07.449491+00:00,332.89,0.0401800012588501,0.0031766010136492747,0.2116633544603646
AAPL281215C00520000,2026-10-01 18:35:11+00:00,520.0,14.9,15.25,16.3,0.0,0.0,21.0,2331.0,0.3081429049682617,False,REGULAR,USD,Call,2028-12-15,AAPL,2026-10-06T00:29:07.449491+00:00,332.89,0.0401800012588501,0.0031766010136492747,0.2116633544603646
AAPL281215C00530000,2026-09-24 13:53:32+00:00,530.0,16.25,12.0,17.0,0.0,0.0,10.0,172.0,0.3204108486938476,False,REGULAR,USD,Call,2028-12-15,AAPL,2026-10-06T00:29:07.449491+00:00,332.89,0.0401800012588501,0.0031766010136492747,0.2116633544603646
AAPL281215C00540000,2026-09-30 14:21:00+00:00,540.0,14.86,11.0,13.95,0.0,0.0,2.0,80.0,0.30655600677490236,False,REGULAR,USD,Call,2028-12-15,AAPL,2026-10-06T00:29:07.449491+00:00,332.89,0.0401800012588501,0.0031766010136492747,0.2116633544603646
AAPL281215C00550000,2026-10-05 17:11:48+00:00,550.0,12.5,11.65,12.75,0.25,2.0408163,38.0,375.0,0.3046791944885254,False,REGULAR,USD,Call,2028-12-15,AAPL,2026-10-06T00:29:07.449491+00:00,332.89,0.0401800012588501,0.0031766010136492747,0.2116633544603646
AAPL281215C00560000,2026-09-30 14:21:00+00:00,560.0,12.55,10.85,11.6,0.0,0.0,2.0,132.0,0.30251246810913085,False,REGULAR,USD,Call,2028-12-15,AAPL,2026-10-06T00:29:07.449491+00:00,332.89,0.0401800012588501,0.0031766010136492747,0.2116633544603646
AAPL281215C00570000,2026-09-29 15:11:50+00:00,570.0,10.55,10.0,10.55,0.0,0.0,1.0,62.0,0.30048306945800785,False,REGULAR,USD,Call,2028-12-15,AAPL,2026-10-06T00:29:07.449491+00:00,332.89,0.0401800012588501,0.0031766010136492747,0.2116633544603646
AAPL281215C00580000,2026-09-29 14:27:11+00:00,580.0,9.88,9.15,10.9,0.0,0.0,10.0,184.0,0.3095924754333496,False,REGULAR,USD,Call,2028-12-15,AAPL,2026-10-06T00:29:07.449491+00:00,332.89,0.0401800012588501,0.0031766010136492747,0.2116633544603646
AAPL281215C00590000,2026-09-30 14:10:17+00:00,590.0,9.75,7.9,9.5,0.0,0.0,3.0,197.0,0.3037484176635742,False,REGULAR,USD,Call,2028-12-15,AAPL,2026-10-06T00:29:07.449491+00:00,332.89,0.0401800012588501,0.0031766010136492747,0.2116633544603646
AAPL281215C00600000,2026-10-05 19:11:31+00:00,600.0,8.0,7.75,8.25,-0.10000038,-1.2345725,7.0,4419.0,0.2981790153503417,False,REGULAR,USD,Call,2028-12-15,AAPL,2026-10-06T00:29:07.449491+00:00,332.89,0.0401800012588501,0.0031766010136492747,0.2116633544603646
AAPL281215P00005000,2026-08-28 16:19:50+00:00,5.0,0.01,0.0,0.03,0.0,0.0,1.0,855.0,0.929688203125,False,REGULAR,USD,Put,2028-12-15,AAPL,2026-10-06T00:29:07.449491+00:00,332.89,0.0401800012588501,0.0031766010136492747,0.2116633544603646
AAPL281215P00010000,2026-09-03 14:22:37+00:00,10.0,0.02,0.0,0.48,0.0,0.0,1.0,26.0,1.0205127099609377,False,REGULAR,USD,Put,2028-12-15,AAPL,2026-10-06T00:29:07.449491+00:00,332.89,0.0401800012588501,0.0031766010136492747,0.2116633544603646
AAPL281215P00015000,2026-03-20 18:44:02+00:00,15.0,0.04,0.0,2.74,0.0,0.0,28.0,6.0,1.171879140625,False,REGULAR,USD,Put,2028-12-15,AAPL,2026-10-06T00:29:07.449491+00:00,332.89,0.0401800012588501,0.0031766010136492747,0.2116633544603646
AAPL281215P00020000,2026-09-25 17:52:27+00:00,20.0,0.06,0.0,0.25,0.0,0.0,10.0,64.0,0.737307314453125,False,REGULAR,USD,Put,2028-12-15,AAPL,2026-10-06T00:29:07.449491+00:00,332.89,0.0401800012588501,0.0031766010136492747,0.2116633544603646
AAPL281215P00025000,2026-10-05 15:43:28+00:00,25.0,0.06,0.0,0.06,0.009999998,19.999994,1.0,92.0,0.585941640625,False,REGULAR,USD,Put,2028-12-15,AAPL,2026-10-06T00:29:07.449491+00:00,332.89,0.0401800012588501,0.0031766010136492747,0.2116633544603646
AAPL281215P00030000,2026-07-27 13:47:41+00:00,30.0,0.39,0.0,1.0,0.0,0.0,1.0,76.0,0.7436549072265625,False,REGULAR,USD,Put,2028-12-15,AAPL,2026-10-06T00:29:07.449491+00:00,332.89,0.0401800012588501,0.0031766010136492747,0.2116633544603646
AAPL281215P00035000,2026-08-12 15:18:24+00:00,35.0,0.07,0.0,0.0,0.0,0.0,10.0,0.0,0.2500075,False,REGULAR,USD,Put,2028-12-15,AAPL,2026-10-06T00:29:07.449491+00:00,332.89,0.0401800012588501,0.0031766010136492747,0.2116633544603646
AAPL281215P00040000,2026-08-10 16:45:08+00:00,40.0,0.1,0.0,0.0,0.0,0.0,2.0,0.0,0.2500075,False,REGULAR,USD,Put,2028-12-15,AAPL,2026-10-06T00:29:07.449491+00:00,332.89,0.0401800012588501,0.0031766010136492747,0.2116633544603646
AAPL281215P00045000,2026-09-08 18:23:31+00:00,45.0,0.11,0.0,0.54,0.0,0.0,50.0,74.0,0.5654340332031251,False,REGULAR,USD,Put,2028-12-15,AAPL,2026-10-06T00:29:07.449491+00:00,332.89,0.0401800012588501,0.0031766010136492747,0.2116633544603646
AAPL281215P00050000,2026-09-14 16:25:21+00:00,50.0,0.14,0.0,0.35,0.0,0.0,82.0,276.0,0.508793974609375,False,REGULAR,USD,Put,2028-12-15,AAPL,2026-10-06T00:29:07.449491+00:00,332.89,0.0401800012588501,0.0031766010136492747,0.2116633544603646
AAPL281215P00060000,2026-09-21 17:01:36+00:00,60.0,0.17,0.0,0.38,0.0,0.0,8.0,557.0,0.5053760400390624,False,REGULAR,USD,Put,2028-12-15,AAPL,2026-10-06T00:29:07.449491+00:00,332.89,0.0401800012588501,0.0031766010136492747,0.2116633544603646
AAPL281215P00070000,2026-10-02 14:20:58+00:00,70.0,0.27,0.1,0.62,0.0,0.0,1.0,63.0,0.49268085449218757,False,REGULAR,USD,Put,2028-12-15,AAPL,2026-10-06T00:29:07.449491+00:00,332.89,0.0401800012588501,0.0031766010136492747,0.2116633544603646
AAPL281215P00080000,2026-08-10 17:00:19+00:00,80.0,0.54,0.0,0.0,0.0,0.0,5.0,0.0,0.2500075,False,REGULAR,USD,Put,2028-12-15,AAPL,2026-10-06T00:29:07.449491+00:00,332.89,0.0401800012588501,0.0031766010136492747,0.2116633544603646
AAPL281215P00090000,2026-09-15 14:12:27+00:00,90.0,0.49,0.1,0.64,0.0,0.0,15.0,199.0,0.41736422485351554,False,REGULAR,USD,Put,2028-12-15,AAPL,2026-10-06T00:29:07.449491+00:00,332.89,0.0401800012588501,0.0031766010136492747,0.2116633544603646
AAPL281215P00100000,2026-09-23 14:01:04+00:00,100.0,0.53,0.41,0.83,0.0,0.0,1.0,1270.0,0.40064075927734377,False,REGULAR,USD,Put,2028-12-15,AAPL,2026-10-06T00:29:07.449491+00:00,332.89,0.0401800012588501,0.0031766010136492747,0.2116633544603646
AAPL281215P00110000,2026-10-01 14:44:50+00:00,110.0,0.74,0.62,0.9,0.0,0.0,1.0,842.0,0.3753724572753906,False,REGULAR,USD,Put,2028-12-15,AAPL,2026-10-06T00:29:07.449491+00:00,332.89,0.0401800012588501,0.0031766010136492747,0.2116633544603646
AAPL281215P00120000,2026-09-21 19:49:00+00:00,120.0,0.84,0.81,1.33,0.0,0.0,3.0,173.0,0.37134417724609375,False,REGULAR,USD,Put,2028-12-15,AAPL,2026-10-06T00:29:07.449491+00:00,332.89,0.0401800012588501,0.0031766010136492747,0.2116633544603646
AAPL281215P00125000,2026-10-05 19:21:14+00:00,125.0,1.03,0.6,1.27,-0.08000004,-7.2072105,1.0,314.0,0.35474278076171867,False,REGULAR,USD,Put,2028-12-15,AAPL,2026-10-06T00:29:07.449491+00:00,332.89,0.0401800012588501,0.0031766010136492747,0.2116633544603646
AAPL281215P00130000,2026-09-29 18:09:27+00:00,130.0,1.35,1.13,1.34,0.0,0.0,1.0,323.0,0.34497725341796875,False,REGULAR,USD,Put,2028-12-15,AAPL,2026-10-06T00:29:07.449491+00:00,332.89,0.0401800012588501,0.0031766010136492747,0.2116633544603646
AAPL281215P00135000,2026-10-01 17:30:44+00:00,135.0,1.49,1.09,1.63,0.0,0.0,1.0,321.0,0.3443669079589844,False,REGULAR,USD,Put,2028-12-15,AAPL,2026-10-06T00:29:07.449491+00:00,332.89,0.0401800012588501,0.0031766010136492747,0.2116633544603646
AAPL281215P00140000,2026-10-01 17:30:45+00:00,140.0,1.68,1.28,1.85,0.0,0.0,6.0,496.0,0.3398503515625,False,REGULAR,USD,Put,2028-12-15,AAPL,2026-10-06T00:29:07.449491+00:00,332.89,0.0401800012588501,0.0031766010136492747,0.2116633544603646
AAPL281215P00145000,2026-09-21 16:31:36+00:00,145.0,1.8,1.46,2.06,0.0,0.0,14.0,461.0,0.33447931152343746,False,REGULAR,USD,Put,2028-12-15,AAPL,2026-10-06T00:29:07.449491+00:00,332.89,0.0401800012588501,0.0031766010136492747,0.2116633544603646
AAPL281215P00150000,2026-10-01 16:13:35+00:00,150.0,2.09,1.63,2.25,0.0,0.0,27.0,872.0,0.32813171874999997,False,REGULAR,USD,Put,2028-12-15,AAPL,2026-10-06T00:29:07.449491+00:00,332.89,0.0401800012588501,0.0031766010136492747,0.2116633544603646
AAPL281215P00155000,2026-10-02 13:57:40+00:00,155.0,2.23,1.89,2.51,0.0,0.0,1.0,491.0,0.32349309326171866,False,REGULAR,USD,Put,2028-12-15,AAPL,2026-10-06T00:29:07.449491+00:00,332.89,0.0401800012588501,0.0031766010136492747,0.2116633544603646
AAPL281215P00160000,2026-10-02 13:58:33+00:00,160.0,2.5,2.03,2.77,0.0,0.0,1.0,600.0,0.3183967086791991,False,REGULAR,USD,Put,2028-12-15,AAPL,2026-10-06T00:29:07.449491+00:00,332.89,0.0401800012588501,0.0031766010136492747,0.2116633544603646
AAPL281215P00165000,2026-09-29 19:30:14+00:00,165.0,2.83,2.37,3.2,0.0,0.0,5.0,566.0,0.31687084503173824,False,REGULAR,USD,Put,2028-12-15,AAPL,2026-10-06T00:29:07.449491+00:00,332.89,0.0401800012588501,0.0031766010136492747,0.2116633544603646
AAPL281215P00170000,2026-09-29 13:42:53+00:00,170.0,3.13,2.8,3.4,0.0,0.0,2.0,816.0,0.3096077340698242,False,REGULAR,USD,Put,2028-12-15,AAPL,2026-10-06T00:29:07.449491+00:00,332.89,0.0401800012588501,0.0031766010136492747,0.2116633544603646
AAPL281215P00175000,2026-09-25 13:56:33+00:00,175.0,3.53,2.98,3.75,0.0,0.0,20.0,317.0,0.3052742813110352,False,REGULAR,USD,Put,2028-12-15,AAPL,2026-10-06T00:29:07.449491+00:00,332.89,0.0401800012588501,0.0031766010136492747,0.2116633544603646
AAPL281215P00180000,2026-09-30 16:52:04+00:00,180.0,3.64,3.3,4.55,0.0,0.0,1.0,2199.0,0.3086006640625,False,REGULAR,USD,Put,2028-12-15,AAPL,2026-10-06T00:29:07.449491+00:00,332.89,0.0401800012588501,0.0031766010136492747,0.2116633544603646
AAPL281215P00185000,2026-09-30 19:57:57+00:00,185.0,4.5,3.7,4.5,0.0,0.0,6.0,428.0,0.29633272033691405,False,REGULAR,USD,Put,2028-12-15,AAPL,2026-10-06T00:29:07.449491+00:00,332.89,0.0401800012588501,0.0031766010136492747,0.2116633544603646
AAPL281215P00190000,2026-10-05 17:01:06+00:00,190.0,4.49,4.35,4.85,-0.13000011,-2.8138554,4.0,1860.0,0.2909311630249023,False,REGULAR,USD,Put,2028-12-15,AAPL,2026-10-06T00:29:07.449491+00:00,332.89,0.0401800012588501,0.0031766010136492747,0.2116633544603646
AAPL281215P00195000,2026-10-05 17:13:52+00:00,195.0,4.98,4.65,5.35,-0.19999981,-3.8610003,10.0,864.0,0.28754374572753894,False,REGULAR,USD,Put,2028-12-15,AAPL,2026-10-06T00:29:07.449491+00:00,332.89,0.0401800012588501,0.0031766010136492747,0.2116633544603646
AAPL281215P00200000,2026-10-01 15:19:44+00:00,200.0,5.45,5.1,5.9,-0.4000001,-6.8376083,2.0,4098.0,0.2844004666137695,False,REGULAR,USD,Put,2028-12-15,AAPL,2026-10-06T00:29:07.449491+00:00,332.89,0.0401800012588501,0.0031766010136492747,0.2116633544603646
AAPL281215P00210000,2026-09-30 18:43:49+00:00,210.0,6.4,6.25,7.15,0.0,0.0,2.0,2088.0,0.27854115020751957,False,REGULAR,USD,Put,2028-12-15,AAPL,2026-10-06T00:29:07.449491+00:00,332.89,0.0401800012588501,0.0031766010136492747,0.2116633544603646
AAPL281215P00220000,2026-10-05 18:16:49+00:00,220.0,8.0,7.75,8.3,-0.4499998,-5.325442,8.0,2173.0,0.2697521755981446,False,REGULAR,USD,Put,2028-12-15,AAPL,2026-10-06T00:29:07.449491+00:00,332.89,0.0401800012588501,0.0031766010136492747,0.2116633544603646
AAPL281215P00230000,2026-10-01 15:34:33+00:00,230.0,10.15,9.15,9.8,0.0,0.0,3.0,1380.0,0.2632214791870118,False,REGULAR,USD,Put,2028-12-15,AAPL,2026-10-06T00:29:07.449491+00:00,332.89,0.0401800012588501,0.0031766010136492747,0.2116633544603646
AAPL281215P00240000,2026-10-01 19:11:23+00:00,240.0,11.55,10.65,11.85,0.0,0.0,1.0,1535.0,0.2599408723449707,False,REGULAR,USD,Put,2028-12-15,AAPL,2026-10-06T00:29:07.449491+00:00,332.89,0.0401800012588501,0.0031766010136492747,0.2116633544603646
AAPL281215P00250000,2026-10-05 17:32:28+00:00,250.0,13.05,12.75,14.35,-0.21000004,-1.5837107,4.0,1775.0,0.2581250946044922,False,REGULAR,USD,Put,2028-12-15,AAPL,2026-10-06T00:29:07.449491+00:00,332.89,0.0401800012588501,0.0031766010136492747,0.2116633544603646
AAPL281215P00260000,2026-10-05 19:40:49+00:00,260.0,15.5,15.3,15.95,0.0,0.0,12.0,9974.0,0.2474745663452148,False,REGULAR,USD,Put,2028-12-15,AAPL,2026-10-06T00:29:07.449491+00:00,332.89,0.0401800012588501,0.0031766010136492747,0.2116633544603646
AAPL281215P00270000,2026-10-05 14:23:57+00:00,270.0,18.01,17.75,19.0,-0.19000053,-1.0439589,1.0,855.0,0.24576559906005857,False,REGULAR,USD,Put,2028-12-15,AAPL,2026-10-06T00:29:07.449491+00:00,332.89,0.0401800012588501,0.0031766010136492747,0.2116633544603646
AAPL281215P00280000,2026-10-02 18:33:16+00:00,280.0,20.8,20.05,21.1,0.0,0.0,7.0,2824.0,0.2358932612609863,False,REGULAR,USD,Put,2028-12-15,AAPL,2026-10-06T00:29:07.449491+00:00,332.89,0.0401800012588501,0.0031766010136492747,0.2116633544603646
AAPL281215P00290000,2026-10-05 17:38:52+00:00,290.0,23.6,23.05,24.45,0.39999962,1.7241362,4.0,883.0,0.23239903350830077,False,REGULAR,USD,Put,2028-12-15,AAPL,2026-10-06T00:29:07.449491+00:00,332.89,0.0401800012588501,0.0031766010136492747,0.2116633544603646
AAPL281215P00300000,2026-10-05 15:21:52+00:00,300.0,26.96,26.8,27.6,-0.1400013,-0.51660997,105.0,2816.0,0.22592937164306642,False,REGULAR,USD,Put,2028-12-15,AAPL,2026-10-06T00:29:07.449491+00:00,332.89,0.0401800012588501,0.0031766010136492747,0.2116633544603646
AAPL281215P00310000,2026-10-05 15:40:08+00:00,310.0,30.7,30.05,31.3,-1.5,-4.658385,1.0,1197.0,0.22088639228820797,False,REGULAR,USD,Put,2028-12-15,AAPL,2026-10-06T00:29:07.449491+00:00,332.89,0.0401800012588501,0.0031766010136492747,0.2116633544603646
AAPL281215P00320000,2026-10-05 19:48:06+00:00,320.0,34.52,33.85,35.35,-0.47999954,-1.3714273,1.0,913.0,0.2159883699798584,False,REGULAR,USD,Put,2028-12-15,AAPL,2026-10-06T00:29:07.449491+00:00,332.89,0.0401800012588501,0.0031766010136492747,0.2116633544603646
AAPL281215P00330000,2026-10-05 16:31:32+00:00,330.0,38.57,38.15,39.6,-0.84000015,-2.1314392,21.0,2041.0,0.21038082107543943,False,REGULAR,USD,Put,2028-12-15,AAPL,2026-10-06T00:29:07.449491+00:00,332.89,0.0401800012588501,0.0031766010136492747,0.2116633544603646
AAPL281215P00340000,2026-10-05 17:36:09+00:00,340.0,43.4,42.6,44.4,-0.3899994,-0.8906129,4.0,343.0,0.20581848876953124,True,REGULAR,USD,Put,2028-12-15,AAPL,2026-10-06T00:29:07.449491+00:00,332.89,0.0401800012588501,0.0031766010136492747,0.2116633544603646
AAPL281215P00350000,2026-10-02 19:30:58+00:00,350.0,48.87,47.9,49.7,0.0,0.0,264.0,848.0,0.20197331237792968,True,REGULAR,USD,Put,2028-12-15,AAPL,2026-10-06T00:29:07.449491+00:00,332.89,0.0401800012588501,0.0031766010136492747,0.2116633544603646
AAPL281215P00360000,2026-10-01 19:36:39+00:00,360.0,56.35,53.0,54.9,0.0,0.0,3.0,1849.0,0.19574778869628906,True,REGULAR,USD,Put,2028-12-15,AAPL,2026-10-06T00:29:07.449491+00:00,332.89,0.0401800012588501,0.0031766010136492747,0.2116633544603646
AAPL281215P00370000,2026-10-05 18:54:27+00:00,370.0,59.55,58.9,60.85,-2.6000023,-4.183431,2.0,290.0,0.19144485321044924,True,REGULAR,USD,Put,2028-12-15,AAPL,2026-10-06T00:29:07.449491+00:00,332.89,0.0401800012588501,0.0031766010136492747,0.2116633544603646
AAPL281215P00380000,2026-10-05 18:54:11+00:00,380.0,65.5,64.75,67.05,-2.4700012,-3.6339579,4.0,1233.0,0.18648579635620116,True,REGULAR,USD,Put,2028-12-15,AAPL,2026-10-06T00:29:07.449491+00:00,332.89,0.0401800012588501,0.0031766010136492747,0.2116633544603646
AAPL281215P00390000,2026-10-05 14:41:12+00:00,390.0,71.65,71.05,73.15,-0.37999725,-0.52755415,1.0,514.0,0.17883359016418457,True,REGULAR,USD,Put,2028-12-15,AAPL,2026-10-06T00:29:07.449491+00:00,332.89,0.0401800012588501,0.0031766010136492747,0.2116633544603646
AAPL281215P00400000,2026-10-05 14:41:12+00:00,400.0,78.35,77.5,80.75,-4.470001,-5.3972487,2.0,177.0,0.1775747526550293,True,REGULAR,USD,Put,2028-12-15,AAPL,2026-10-06T00:29:07.449491+00:00,332.89,0.0401800012588501,0.0031766010136492747,0.2116633544603646
AAPL281215P00410000,2026-10-05 18:55:33+00:00,410.0,85.9,84.65,87.35,-0.9000015,-1.0368681,162.0,13.0,0.16799995826721195,True,REGULAR,USD,Put,2028-12-15,AAPL,2026-10-06T00:29:07.449491+00:00,332.89,0.0401800012588501,0.0031766010136492747,0.2116633544603646
AAPL281215P00420000,2026-10-01 17:54:20+00:00,420.0,97.26,92.45,96.5,0.0,0.0,1.0,45.0,0.1729971617126465,True,REGULAR,USD,Put,2028-12-15,AAPL,2026-10-06T00:29:07.449491+00:00,332.89,0.0401800012588501,0.0031766010136492747,0.2116633544603646
AAPL281215P00430000,2026-09-24 19:29:35+00:00,430.0,98.7,100.4,103.6,0.0,0.0,4.0,8.0,0.1615074084472656,True,REGULAR,USD,Put,2028-12-15,AAPL,2026-10-06T00:29:07.449491+00:00,332.89,0.0401800012588501,0.0031766010136492747,0.2116633544603646
AAPL281215P00440000,2026-08-24 16:42:51+00:00,440.0,129.98,108.1,111.45,0.0,0.0,2.0,7.0,0.15177239837646483,True,REGULAR,USD,Put,2028-12-15,AAPL,2026-10-06T00:29:07.449491+00:00,332.89,0.0401800012588501,0.0031766010136492747,0.2116633544603646
AAPL281215P00450000,2026-10-02 17:14:23+00:00,450.0,118.31,117.15,119.9,0.0,0.0,21.0,29.0,0.1433496310424805,True,REGULAR,USD,Put,2028-12-15,AAPL,2026-10-06T00:29:07.449491+00:00,332.89,0.0401800012588501,0.0031766010136492747,0.2116633544603646
AAPL281215P00460000,2026-08-24 16:41:57+00:00,460.0,148.54,125.9,130.0,0.0,0.0,2.0,1.0,0.15210808837890627,True,REGULAR,USD,Put,2028-12-15,AAPL,2026-10-06T00:29:07.449491+00:00,332.89,0.0401800012588501,0.0031766010136492747,0.2116633544603646
AAPL281215P00470000,2026-08-24 16:42:51+00:00,470.0,158.23,135.3,139.45,0.0,0.0,2.0,0.0,0.15223015747070315,True,REGULAR,USD,Put,2028-12-15,AAPL,2026-10-06T00:29:07.449491+00:00,332.89,0.0401800012588501,0.0031766010136492747,0.2116633544603646
AAPL281215P00480000,2026-09-25 15:40:41+00:00,480.0,141.9,145.0,149.5,0.0,0.0,2.0,0.0,0.15979844116210937,True,REGULAR,USD,Put,2028-12-15,AAPL,2026-10-06T00:29:07.449491+00:00,332.89,0.0401800012588501,0.0031766010136492747,0.2116633544603646
AAPL281215P00490000,2026-09-16 14:42:28+00:00,490.0,156.6,154.5,159.5,0.0,0.0,1.0,0.0,0.16651224121093755,True,REGULAR,USD,Put,2028-12-15,AAPL,2026-10-06T00:29:07.449491+00:00,332.89,0.0401800012588501,0.0031766010136492747,0.2116633544603646
AAPL281215P00500000,2026-09-14 15:17:34+00:00,500.0,167.0,165.0,169.25,0.0,0.0,1.0,0.0,0.16919776123046876,True,REGULAR,USD,Put,2028-12-15,AAPL,2026-10-06T00:29:07.449491+00:00,332.89,0.0401800012588501,0.0031766010136492747,0.2116633544603646
AAPL281215P00510000,2026-09-11 13:56:11+00:00,510.0,177.95,175.0,179.0,0.0,0.0,5.0,0.0,0.17133397033691405,True,REGULAR,USD,Put,2028-12-15,AAPL,2026-10-06T00:29:07.449491+00:00,332.89,0.0401800012588501,0.0031766010136492747,0.2116633544603646
AAPL281215P00520000,2026-09-03 14:18:15+00:00,520.0,191.8,185.0,189.5,0.0,0.0,3.0,0.0,0.1854024331665039,True,REGULAR,USD,Put,2028-12-15,AAPL,2026-10-06T00:29:07.449491+00:00,332.89,0.0401800012588501,0.0031766010136492747,0.2116633544603646
AAPL281215P00530000,2026-09-01 15:23:27+00:00,530.0,205.0,195.0,199.5,0.0,0.0,2.0,0.0,0.19135330139160156,True,REGULAR,USD,Put,2028-12-15,AAPL,2026-10-06T00:29:07.449491+00:00,332.89,0.0401800012588501,0.0031766010136492747,0.2116633544603646
AAPL281215P00540000,2026-09-11 18:24:20+00:00,540.0,207.0,205.0,209.3,0.0,0.0,2.0,0.0,0.19391675231933597,True,REGULAR,USD,Put,2028-12-15,AAPL,2026-10-06T00:29:07.449491+00:00,332.89,0.0401800012588501,0.0031766010136492747,0.2116633544603646
AAPL281215P00550000,2026-09-17 16:19:00+00:00,550.0,216.5,215.0,219.25,0.0,0.0,2.0,0.0,0.1986469296264648,True,REGULAR,USD,Put,2028-12-15,AAPL,2026-10-06T00:29:07.449491+00:00,332.89,0.0401800012588501,0.0031766010136492747,0.2116633544603646
AAPL281215P00570000,2026-07-21 19:54:13+00:00,570.0,241.93,257.0,262.0,0.0,0.0,,0.0,0.400472914276123,True,REGULAR,USD,Put,2028-12-15,AAPL,2026-10-06T00:29:07.449491+00:00,332.89,0.0401800012588501,0.0031766010136492747,0.2116633544603646
AAPL281215P00580000,2026-07-21 19:53:36+00:00,580.0,252.6,267.0,272.0,0.0,0.0,6.0,0.0,0.40740033523559577,True,REGULAR,USD,Put,2028-12-15,AAPL,2026-10-06T00:29:07.449491+00:00,332.89,0.0401800012588501,0.0031766010136492747,0.2116633544603646
AAPL281215P00590000,2026-07-21 19:36:46+00:00,590.0,264.5,277.0,282.0,0.0,0.0,,0.0,0.41414465255737304,True,REGULAR,USD,Put,2028-12-15,AAPL,2026-10-06T00:29:07.449491+00:00,332.89,0.0401800012588501,0.0031766010136492747,0.2116633544603646
AAPL281215P00600000,2026-09-24 16:22:49+00:00,600.0,262.2,264.5,269.5,0.0,0.0,1.0,0.0,0.22904213348388675,True,REGULAR,USD,Put,2028-12-15,AAPL,2026-10-06T00:29:07.449491+00:00,332.89,0.0401800012588501,0.0031766010136492747,0.2116633544603646
AAPL290119C00005000,2026-09-25 13:30:16+00:00,5.0,331.22,323.7,332.25,0.0,0.0,1.0,1.0,1.08203583984375,True,REGULAR,USD,Call,2029-01-19,AAPL,2026-10-06T00:29:07.449491+00:00,332.89,0.0401800012588501,0.0031766010136492747,0.2116633544603646
AAPL290119C00010000,2026-09-28 14:09:01+00:00,10.0,332.64,318.8,327.35,0.0,0.0,,1.0,0.963867548828125,True,REGULAR,USD,Call,2029-01-19,AAPL,2026-10-06T00:29:07.449491+00:00,332.89,0.0401800012588501,0.0031766010136492747,0.2116633544603646
AAPL290119C00025000,2026-09-28 14:09:01+00:00,25.0,318.85,307.0,311.5,0.0,0.0,1.0,1.0,0.9272468212890624,True,REGULAR,USD,Call,2029-01-19,AAPL,2026-10-06T00:29:07.449491+00:00,332.89,0.0401800012588501,0.0031766010136492747,0.2116633544603646
AAPL290119C00035000,2026-09-23 19:32:22+00:00,35.0,303.7,298.0,303.0,0.0,0.0,,1.0,0.9047861083984375,True,REGULAR,USD,Call,2029-01-19,AAPL,2026-10-06T00:29:07.449491+00:00,332.89,0.0401800012588501,0.0031766010136492747,0.2116633544603646
AAPL290119C00050000,2026-09-28 18:52:49+00:00,50.0,294.2,284.5,289.5,0.0,0.0,4.0,150.0,0.8327653442382811,True,REGULAR,USD,Call,2029-01-19,AAPL,2026-10-06T00:29:07.449491+00:00,332.89,0.0401800012588501,0.0031766010136492747,0.2116633544603646
AAPL290119C00060000,2026-10-02 14:20:58+00:00,60.0,280.05,276.0,281.0,0.0,0.0,1.0,26.0,0.8096942858886718,True,REGULAR,USD,Call,2029-01-19,AAPL,2026-10-06T00:29:07.449491+00:00,332.89,0.0401800012588501,0.0031766010136492747,0.2116633544603646
AAPL290119C00070000,2026-09-24 13:33:00+00:00,70.0,269.97,267.0,272.0,-3.0899963,-1.1316181,1.0,4.0,0.7683738983154298,True,REGULAR,USD,Call,2029-01-19,AAPL,2026-10-06T00:29:07.449491+00:00,332.89,0.0401800012588501,0.0031766010136492747,0.2116633544603646
AAPL290119C00080000,2026-09-28 18:21:50+00:00,80.0,267.95,258.5,263.0,0.0,0.0,2.0,105.0,0.7377650735473632,True,REGULAR,USD,Call,2029-01-19,AAPL,2026-10-06T00:29:07.449491+00:00,332.89,0.0401800012588501,0.0031766010136492747,0.2116633544603646
AAPL290119C00100000,2026-10-02 15:04:29+00:00,100.0,243.62,241.0,245.5,1.25,0.5157404,1.0,10.0,0.6807893249511721,True,REGULAR,USD,Call,2029-01-19,AAPL,2026-10-06T00:29:07.449491+00:00,332.89,0.0401800012588501,0.0031766010136492747,0.2116633544603646
AAPL290119C00110000,2026-09-29 19:17:06+00:00,110.0,232.85,232.0,237.0,0.0,0.0,8.0,8.0,0.6542698147583009,True,REGULAR,USD,Call,2029-01-19,AAPL,2026-10-06T00:29:07.449491+00:00,332.89,0.0401800012588501,0.0031766010136492747,0.2116633544603646
AAPL290119C00115000,2026-10-01 14:44:42+00:00,115.0,228.22,228.0,232.5,0.0,0.0,26.0,26.0,0.6436192864990236,True,REGULAR,USD,Call,2029-01-19,AAPL,2026-10-06T00:29:07.449491+00:00,332.89,0.0401800012588501,0.0031766010136492747,0.2116633544603646
AAPL290119C00120000,2026-09-15 18:30:30+00:00,120.0,223.59,223.5,228.5,0.0,0.0,,10.0,0.6329992755126954,True,REGULAR,USD,Call,2029-01-19,AAPL,2026-10-06T00:29:07.449491+00:00,332.89,0.0401800012588501,0.0031766010136492747,0.2116633544603646
AAPL290119C00125000,2026-10-02 14:39:55+00:00,125.0,222.27,219.0,224.0,0.0,0.0,2.0,48.0,0.6185340881347658,True,REGULAR,USD,Call,2029-01-19,AAPL,2026-10-06T00:29:07.449491+00:00,332.89,0.0401800012588501,0.0031766010136492747,0.2116633544603646
AAPL290119C00130000,2026-09-28 13:30:02+00:00,130.0,224.74,215.0,220.0,0.0,0.0,1.0,3.0,0.6119423571777345,True,REGULAR,USD,Call,2029-01-19,AAPL,2026-10-06T00:29:07.449491+00:00,332.89,0.0401800012588501,0.0031766010136492747,0.2116633544603646
AAPL290119C00135000,2026-09-28 19:31:37+00:00,135.0,219.05,210.5,215.5,0.0,0.0,2.0,5.0,0.5980264807128908,True,REGULAR,USD,Call,2029-01-19,AAPL,2026-10-06T00:29:07.449491+00:00,332.89,0.0401800012588501,0.0031766010136492747,0.2116633544603646
AAPL290119C00140000,2026-10-02 14:48:33+00:00,140.0,209.05,206.5,211.5,0.0,0.0,2.0,14.0,0.5912516461181643,True,REGULAR,USD,Call,2029-01-19,AAPL,2026-10-06T00:29:07.449491+00:00,332.89,0.0401800012588501,0.0031766010136492747,0.2116633544603646
AAPL290119C00145000,2026-09-30 16:49:27+00:00,145.0,208.55,202.0,206.95,0.0,0.0,2.0,19.0,0.5774578387451172,True,REGULAR,USD,Call,2029-01-19,AAPL,2026-10-06T00:29:07.449491+00:00,332.89,0.0401800012588501,0.0031766010136492747,0.2116633544603646
AAPL290119C00150000,2026-10-02 13:57:40+00:00,150.0,199.49,198.0,202.5,0.0,0.0,1.0,59.0,0.5677686045837402,True,REGULAR,USD,Call,2029-01-19,AAPL,2026-10-06T00:29:07.449491+00:00,332.89,0.0401800012588501,0.0031766010136492747,0.2116633544603646
AAPL290119C00155000,2026-10-02 13:58:33+00:00,155.0,195.12,194.0,198.5,0.0,0.0,1.0,6.0,0.5608411836242677,True,REGULAR,USD,Call,2029-01-19,AAPL,2026-10-06T00:29:07.449491+00:00,332.89,0.0401800012588501,0.0031766010136492747,0.2116633544603646
AAPL290119C00160000,2026-09-30 16:48:01+00:00,160.0,195.94,189.5,194.0,0.0,0.0,4.0,17.0,0.5479934117126466,True,REGULAR,USD,Call,2029-01-19,AAPL,2026-10-06T00:29:07.449491+00:00,332.89,0.0401800012588501,0.0031766010136492747,0.2116633544603646
AAPL290119C00165000,2026-09-29 19:37:37+00:00,165.0,185.05,185.5,190.0,0.0,0.0,1.0,22.0,0.540989697570801,True,REGULAR,USD,Call,2029-01-19,AAPL,2026-10-06T00:29:07.449491+00:00,332.89,0.0401800012588501,0.0031766010136492747,0.2116633544603646
AAPL290119C00170000,2026-10-05 15:08:40+00:00,170.0,184.3,181.5,185.5,1.5,0.8205689,24.0,532.0,0.5311936529541017,True,REGULAR,USD,Call,2029-01-19,AAPL,2026-10-06T00:29:07.449491+00:00,332.89,0.0401800012588501,0.0031766010136492747,0.2116633544603646
AAPL290119C00175000,2026-09-30 17:02:06+00:00,175.0,183.23,177.0,181.5,0.0,0.0,24.0,21.0,0.5214739015197754,True,REGULAR,USD,Call,2029-01-19,AAPL,2026-10-06T00:29:07.449491+00:00,332.89,0.0401800012588501,0.0031766010136492747,0.2116633544603646
AAPL290119C00180000,2026-09-30 16:45:44+00:00,180.0,179.55,173.0,177.5,0.0,0.0,61.0,54.0,0.5143176010131835,True,REGULAR,USD,Call,2029-01-19,AAPL,2026-10-06T00:29:07.449491+00:00,332.89,0.0401800012588501,0.0031766010136492747,0.2116633544603646
AAPL290119C00185000,2026-10-05 18:42:15+00:00,185.0,171.65,169.0,173.5,-0.13999939,-0.081494495,2.0,91.0,0.5070544900512696,True,REGULAR,USD,Call,2029-01-19,AAPL,2026-10-06T00:29:07.449491+00:00,332.89,0.0401800012588501,0.0031766010136492747,0.2116633544603646
AAPL290119C00190000,2026-10-02 15:21:00+00:00,190.0,166.26,165.0,169.5,0.0,0.0,1.0,11.0,0.5205126074218749,True,REGULAR,USD,Call,2029-01-19,AAPL,2026-10-06T00:29:07.449491+00:00,332.89,0.0401800012588501,0.0031766010136492747,0.2116633544603646
AAPL290119C00195000,2026-10-02 19:38:44+00:00,195.0,164.13,161.0,165.5,0.0,0.0,7.0,107.0,0.5124407887268065,True,REGULAR,USD,Call,2029-01-19,AAPL,2026-10-06T00:29:07.449491+00:00,332.89,0.0401800012588501,0.0031766010136492747,0.2116633544603646
AAPL290119C00200000,2026-10-05 17:57:33+00:00,200.0,159.25,158.5,161.5,-0.80000305,-0.49984568,3.0,176.0,0.5043689700317383,True,REGULAR,USD,Call,2029-01-19,AAPL,2026-10-06T00:29:07.449491+00:00,332.89,0.0401800012588501,0.0031766010136492747,0.2116633544603646
AAPL290119C00210000,2026-10-05 19:38:47+00:00,210.0,152.22,150.5,153.5,-0.13999939,-0.091887236,1.0,117.0,0.48813378082275394,True,REGULAR,USD,Call,2029-01-19,AAPL,2026-10-06T00:29:07.449491+00:00,332.89,0.0401800012588501,0.0031766010136492747,0.2116633544603646
AAPL290119C00220000,2026-10-05 15:58:56+00:00,220.0,144.83,142.2,146.0,0.47999573,0.33252212,4.0,550.0,0.47566747482299804,True,REGULAR,USD,Call,2029-01-19,AAPL,2026-10-06T00:29:07.449491+00:00,332.89,0.0401800012588501,0.0031766010136492747,0.2116633544603646
AAPL290119C00230000,2026-10-05 17:42:58+00:00,230.0,136.75,134.5,138.5,-0.55999756,-0.4078345,5.0,1397.0,0.46274340972900396,True,REGULAR,USD,Call,2029-01-19,AAPL,2026-10-06T00:29:07.449491+00:00,332.89,0.0401800012588501,0.0031766010136492747,0.2116633544603646
AAPL290119C00240000,2026-10-01 19:45:36+00:00,240.0,125.54,127.0,131.5,0.0,0.0,19.0,80.0,0.45288633056640626,True,REGULAR,USD,Call,2029-01-19,AAPL,2026-10-06T00:29:07.449491+00:00,332.89,0.0401800012588501,0.0031766010136492747,0.2116633544603646
AAPL290119C00250000,2026-10-02 16:28:45+00:00,250.0,122.16,120.0,124.2,0.0,0.0,5.0,443.0,0.4403589900207519,True,REGULAR,USD,Call,2029-01-19,AAPL,2026-10-06T00:29:07.449491+00:00,332.89,0.0401800012588501,0.0031766010136492747,0.2116633544603646
AAPL290119C00260000,2026-10-01 19:49:53+00:00,260.0,112.07,113.0,117.5,0.0,0.0,1.0,159.0,0.4312038081359864,True,REGULAR,USD,Call,2029-01-19,AAPL,2026-10-06T00:29:07.449491+00:00,332.89,0.0401800012588501,0.0031766010136492747,0.2116633544603646
AAPL290119C00270000,2026-10-05 19:53:58+00:00,270.0,109.05,106.6,110.7,4.25,4.0553436,1.0,179.0,0.4207363835144043,True,REGULAR,USD,Call,2029-01-19,AAPL,2026-10-06T00:29:07.449491+00:00,332.89,0.0401800012588501,0.0031766010136492747,0.2116633544603646
AAPL290119C00280000,2026-10-05 18:08:10+00:00,280.0,102.9,100.0,104.5,-0.26999664,-0.26170075,3.0,243.0,0.41319861709594724,True,REGULAR,USD,Call,2029-01-19,AAPL,2026-10-06T00:29:07.449491+00:00,332.89,0.0401800012588501,0.0031766010136492747,0.2116633544603646
AAPL290119C00290000,2026-10-05 16:56:23+00:00,290.0,97.39,94.55,97.85,-0.3600006,-0.36828706,6.0,90.0,0.4022658040618896,True,REGULAR,USD,Call,2029-01-19,AAPL,2026-10-06T00:29:07.449491+00:00,332.89,0.0401800012588501,0.0031766010136492747,0.2116633544603646
AAPL290119C00300000,2026-10-05 19:54:54+00:00,300.0,91.0,88.0,91.45,0.22000122,0.24234548,23.0,326.0,0.3921264401245117,True,REGULAR,USD,Call,2029-01-19,AAPL,2026-10-06T00:29:07.449491+00:00,332.89,0.0401800012588501,0.0031766010136492747,0.2116633544603646
AAPL290119C00310000,2026-10-05 19:56:29+00:00,310.0,84.5,83.8,85.95,-0.48000336,-0.5648427,5.0,356.0,0.38619845985412593,True,REGULAR,USD,Call,2029-01-19,AAPL,2026-10-06T00:29:07.449491+00:00,332.89,0.0401800012588501,0.0031766010136492747,0.2116633544603646
AAPL290119C00320000,2026-10-02 19:38:50+00:00,320.0,80.07,78.45,80.8,0.0,0.0,7.0,219.0,0.3812470323181152,True,REGULAR,USD,Call,2029-01-19,AAPL,2026-10-06T00:29:07.449491+00:00,332.89,0.0401800012588501,0.0031766010136492747,0.2116633544603646
AAPL290119C00330000,2026-10-05 19:02:06+00:00,330.0,74.79,72.0,75.85,-0.20999908,-0.27999878,13.0,159.0,0.376432932510376,True,REGULAR,USD,Call,2029-01-19,AAPL,2026-10-06T00:29:07.449491+00:00,332.89,0.0401800012588501,0.0031766010136492747,0.2116633544603646
AAPL290119C00340000,2026-10-05 18:13:39+00:00,340.0,69.2,66.5,70.35,-0.5200043,-0.7458466,17.0,406.0,0.36791098403930667,False,REGULAR,USD,Call,2029-01-19,AAPL,2026-10-06T00:29:07.449491+00:00,332.89,0.0401800012588501,0.0031766010136492747,0.2116633544603646
AAPL290119C00350000,2026-10-05 17:27:14+00:00,350.0,64.6,63.0,65.95,-0.40000153,-0.61538696,56.0,697.0,0.36417261810302737,False,REGULAR,USD,Call,2029-01-19,AAPL,2026-10-06T00:29:07.449491+00:00,332.89,0.0401800012588501,0.0031766010136492747,0.2116633544603646
AAPL290119C00360000,2026-10-05 13:30:01+00:00,360.0,59.86,57.5,61.15,-0.0099983215,-0.016700054,1.0,263.0,0.35752748191833494,False,REGULAR,USD,Call,2029-01-19,AAPL,2026-10-06T00:29:07.449491+00:00,332.89,0.0401800012588501,0.0031766010136492747,0.2116633544603646
AAPL290119C00370000,2026-10-05 18:10:23+00:00,370.0,55.8,54.7,57.0,0.65999985,1.1969529,15.0,131.0,0.3532779516601562,False,REGULAR,USD,Call,2029-01-19,AAPL,2026-10-06T00:29:07.449491+00:00,332.89,0.0401800012588501,0.0031766010136492747,0.2116633544603646
AAPL290119C00380000,2026-10-01 15:09:40+00:00,380.0,49.75,50.65,53.0,0.0,0.0,11.0,63.0,0.34890635231018063,False,REGULAR,USD,Call,2029-01-19,AAPL,2026-10-06T00:29:07.449491+00:00,332.89,0.0401800012588501,0.0031766010136492747,0.2116633544603646
AAPL290119C00390000,2026-10-05 13:46:33+00:00,390.0,50.0,46.7,49.45,2.0,4.1666665,91.0,113.0,0.3459156595611572,False,REGULAR,USD,Call,2029-01-19,AAPL,2026-10-06T00:29:07.449491+00:00,332.89,0.0401800012588501,0.0031766010136492747,0.2116633544603646
AAPL290119C00400000,2026-10-05 17:57:28+00:00,400.0,44.55,43.3,46.1,0.049999237,0.11235783,1.0,687.0,0.3430851824951171,False,REGULAR,USD,Call,2029-01-19,AAPL,2026-10-06T00:29:07.449491+00:00,332.89,0.0401800012588501,0.0031766010136492747,0.2116633544603646
AAPL290119C00410000,2026-10-02 14:39:14+00:00,410.0,41.2,40.35,42.2,0.0,0.0,1.0,32.0,0.3366536672210694,False,REGULAR,USD,Call,2029-01-19,AAPL,2026-10-06T00:29:07.449491+00:00,332.89,0.0401800012588501,0.0031766010136492747,0.2116633544603646
AAPL290119C00420000,2026-10-02 15:10:27+00:00,420.0,37.72,37.0,38.65,0.0,0.0,50.0,66.0,0.33112241149902344,False,REGULAR,USD,Call,2029-01-19,AAPL,2026-10-06T00:29:07.449491+00:00,332.89,0.0401800012588501,0.0031766010136492747,0.2116633544603646
AAPL290119C00430000,2026-10-05 14:20:28+00:00,430.0,35.45,34.35,36.2,-4.549999,-11.374998,2.0,5.0,0.3303747383117675,False,REGULAR,USD,Call,2029-01-19,AAPL,2026-10-06T00:29:07.449491+00:00,332.89,0.0401800012588501,0.0031766010136492747,0.2116633544603646
AAPL290119C00440000,2026-09-29 19:55:00+00:00,440.0,31.5,31.2,33.4,0.0,0.0,62.0,68.0,0.3270483555603027,False,REGULAR,USD,Call,2029-01-19,AAPL,2026-10-06T00:29:07.449491+00:00,332.89,0.0401800012588501,0.0031766010136492747,0.2116633544603646
AAPL290119C00450000,2026-10-05 17:13:44+00:00,450.0,30.0,29.25,30.9,0.6000004,2.0408177,1.0,51.0,0.32451542190551746,False,REGULAR,USD,Call,2029-01-19,AAPL,2026-10-06T00:29:07.449491+00:00,332.89,0.0401800012588501,0.0031766010136492747,0.2116633544603646
AAPL290119C00460000,2026-10-05 19:00:20+00:00,460.0,27.65,26.7,29.0,0.62999916,2.331603,10.0,168.0,0.3244696459960937,False,REGULAR,USD,Call,2029-01-19,AAPL,2026-10-06T00:29:07.449491+00:00,332.89,0.0401800012588501,0.0031766010136492747,0.2116633544603646
AAPL290119C00470000,2026-09-28 16:18:28+00:00,470.0,29.52,24.6,26.25,0.0,0.0,13.0,32.0,0.319068088684082,False,REGULAR,USD,Call,2029-01-19,AAPL,2026-10-06T00:29:07.449491+00:00,332.89,0.0401800012588501,0.0031766010136492747,0.2116633544603646
AAPL290119C00480000,2026-09-30 16:45:25+00:00,480.0,25.0,22.85,24.3,0.0,0.0,6.0,11.0,0.3173133454895019,False,REGULAR,USD,Call,2029-01-19,AAPL,2026-10-06T00:29:07.449491+00:00,332.89,0.0401800012588501,0.0031766010136492747,0.2116633544603646
AAPL290119C00490000,2026-10-01 18:32:20+00:00,490.0,20.8,20.8,22.55,0.0,0.0,17.0,2.0,0.31604687866210934,False,REGULAR,USD,Call,2029-01-19,AAPL,2026-10-06T00:29:07.449491+00:00,332.89,0.0401800012588501,0.0031766010136492747,0.2116633544603646
AAPL290119C00500000,2026-10-05 19:19:53+00:00,500.0,20.35,19.3,20.6,0.22999954,1.1431389,2.0,643.0,0.3129035995483398,False,REGULAR,USD,Call,2029-01-19,AAPL,2026-10-06T00:29:07.449491+00:00,332.89,0.0401800012588501,0.0031766010136492747,0.2116633544603646
AAPL290119C00510000,2026-10-01 18:36:29+00:00,510.0,17.6,17.65,19.25,0.0,0.0,14.0,86.0,0.3127357545471191,False,REGULAR,USD,Call,2029-01-19,AAPL,2026-10-06T00:29:07.449491+00:00,332.89,0.0401800012588501,0.0031766010136492747,0.2116633544603646
AAPL290119C00520000,2026-10-01 16:21:10+00:00,520.0,17.15,16.35,17.65,1.1099987,6.920191,5.0,28.0,0.3104011831665039,False,REGULAR,USD,Call,2029-01-19,AAPL,2026-10-06T00:29:07.449491+00:00,332.89,0.0401800012588501,0.0031766010136492747,0.2116633544603646
AAPL290119C00530000,2026-10-02 19:58:18+00:00,530.0,15.8,14.75,16.3,0.19999981,1.28205,20.0,106.0,0.30902790588378903,False,REGULAR,USD,Call,2029-01-19,AAPL,2026-10-06T00:29:07.449491+00:00,332.89,0.0401800012588501,0.0031766010136492747,0.2116633544603646
AAPL290119C00540000,2026-09-28 15:29:25+00:00,540.0,17.15,13.15,15.05,0.0,0.0,,1.0,0.30773092178344724,False,REGULAR,USD,Call,2029-01-19,AAPL,2026-10-06T00:29:07.449491+00:00,332.89,0.0401800012588501,0.0031766010136492747,0.2116633544603646
AAPL290119C00550000,2026-10-05 16:53:38+00:00,550.0,13.68,12.45,13.8,0.8800001,6.875001,6.0,60.0,0.30583885086059576,False,REGULAR,USD,Call,2029-01-19,AAPL,2026-10-06T00:29:07.449491+00:00,332.89,0.0401800012588501,0.0031766010136492747,0.2116633544603646
AAPL290119C00560000,2026-10-05 17:11:48+00:00,560.0,12.4,11.65,12.7,0.30999947,2.5640981,37.0,88.0,0.3044350563049316,False,REGULAR,USD,Call,2029-01-19,AAPL,2026-10-06T00:29:07.449491+00:00,332.89,0.0401800012588501,0.0031766010136492747,0.2116633544603646
AAPL290119C00570000,2026-09-24 14:22:46+00:00,570.0,13.13,10.65,11.7,0.0,0.0,,2.0,0.30321436538696284,False,REGULAR,USD,Call,2029-01-19,AAPL,2026-10-06T00:29:07.449491+00:00,332.89,0.0401800012588501,0.0031766010136492747,0.2116633544603646
AAPL290119C00580000,2026-10-01 16:12:48+00:00,580.0,9.7,9.25,13.0,0.0,0.0,1.0,25.0,0.3193274855041503,False,REGULAR,USD,Call,2029-01-19,AAPL,2026-10-06T00:29:07.449491+00:00,332.89,0.0401800012588501,0.0031766010136492747,0.2116633544603646
AAPL290119C00590000,2026-09-29 15:33:18+00:00,590.0,9.6,8.6,9.9,0.0,0.0,1.0,4.0,0.30072720764160155,False,REGULAR,USD,Call,2029-01-19,AAPL,2026-10-06T00:29:07.449491+00:00,332.89,0.0401800012588501,0.0031766010136492747,0.2116633544603646
AAPL290119C00600000,2026-10-05 18:31:33+00:00,600.0,8.76,8.45,9.55,-0.43999958,-4.782604,5.0,85.0,0.3034737622070312,False,REGULAR,USD,Call,2029-01-19,AAPL,2026-10-06T00:29:07.449491+00:00,332.89,0.0401800012588501,0.0031766010136492747,0.2116633544603646
AAPL290119C00610000,2026-10-01 16:46:29+00:00,610.0,7.63,6.95,8.85,0.0,0.0,2.0,9.0,0.30284815811157223,False,REGULAR,USD,Call,2029-01-19,AAPL,2026-10-06T00:29:07.449491+00:00,332.89,0.0401800012588501,0.0031766010136492747,0.2116633544603646
AAPL290119C00620000,2026-09-29 16:13:54+00:00,620.0,7.55,6.7,10.0,0.0,0.0,26.0,25.0,0.31842722595214834,False,REGULAR,USD,Call,2029-01-19,AAPL,2026-10-06T00:29:07.449491+00:00,332.89,0.0401800012588501,0.0031766010136492747,0.2116633544603646
AAPL290119C00630000,2026-09-25 18:25:03+00:00,630.0,8.48,6.2,8.05,0.0,0.0,7.0,9.0,0.30605247177124023,False,REGULAR,USD,Call,2029-01-19,AAPL,2026-10-06T00:29:07.449491+00:00,332.89,0.0401800012588501,0.0031766010136492747,0.2116633544603646
AAPL290119C00640000,2026-09-30 14:24:35+00:00,640.0,7.0,5.6,6.85,0.0,0.0,6.0,13.0,0.2991403094482421,False,REGULAR,USD,Call,2029-01-19,AAPL,2026-10-06T00:29:07.449491+00:00,332.89,0.0401800012588501,0.0031766010136492747,0.2116633544603646
AAPL290119C00650000,2026-09-29 15:27:10+00:00,650.0,6.1,4.75,6.8,0.0,0.0,1.0,7.0,0.3035042794799804,False,REGULAR,USD,Call,2029-01-19,AAPL,2026-10-06T00:29:07.449491+00:00,332.89,0.0401800012588501,0.0031766010136492747,0.2116633544603646
AAPL290119C00660000,2026-09-29 18:26:40+00:00,660.0,5.55,4.75,5.8,0.0,0.0,1.0,6.0,0.2972634971618652,False,REGULAR,USD,Call,2029-01-19,AAPL,2026-10-06T00:29:07.449491+00:00,332.89,0.0401800012588501,0.0031766010136492747,0.2116633544603646
AAPL290119C00670000,2026-10-05 17:26:24+00:00,670.0,5.0,4.2,5.75,-0.099999905,-1.9607825,5.0,274.0,0.3012917771911621,False,REGULAR,USD,Call,2029-01-19,AAPL,2026-10-06T00:29:07.449491+00:00,332.89,0.0401800012588501,0.0031766010136492747,0.2116633544603646
AAPL290119P00005000,2026-09-30 17:03:36+00:00,5.0,0.01,0.0,0.06,0.0,0.0,16.0,25.0,0.9687503125,False,REGULAR,USD,Put,2029-01-19,AAPL,2026-10-06T00:29:07.449491+00:00,332.89,0.0401800012588501,0.0031766010136492747,0.2116633544603646
AAPL290119P00020000,2026-10-05 16:38:19+00:00,20.0,0.03,0.01,0.3,-0.11,-78.57143,5.0,1.0,0.7392604199218749,False,REGULAR,USD,Put,2029-01-19,AAPL,2026-10-06T00:29:07.449491+00:00,332.89,0.0401800012588501,0.0031766010136492747,0.2116633544603646
AAPL290119P00025000,2026-09-30 15:53:42+00:00,25.0,0.15,0.01,0.31,0.0,0.0,1.0,14.0,0.6796907031250001,False,REGULAR,USD,Put,2029-01-19,AAPL,2026-10-06T00:29:07.449491+00:00,332.89,0.0401800012588501,0.0031766010136492747,0.2116633544603646
AAPL290119P00030000,2026-09-17 16:49:58+00:00,30.0,0.09,0.01,0.52,0.0,0.0,,3.0,0.6684603466796877,False,REGULAR,USD,Put,2029-01-19,AAPL,2026-10-06T00:29:07.449491+00:00,332.89,0.0401800012588501,0.0031766010136492747,0.2116633544603646
AAPL290119P00035000,2026-09-22 19:15:28+00:00,35.0,0.15,0.0,0.72,0.0,0.0,2.0,4.0,0.6489292919921875,False,REGULAR,USD,Put,2029-01-19,AAPL,2026-10-06T00:29:07.449491+00:00,332.89,0.0401800012588501,0.0031766010136492747,0.2116633544603646
AAPL290119P00070000,2026-10-02 14:20:58+00:00,70.0,0.13,0.15,0.25,0.0,0.0,1.0,1.0,0.4272518212890626,False,REGULAR,USD,Put,2029-01-19,AAPL,2026-10-06T00:29:07.449491+00:00,332.89,0.0401800012588501,0.0031766010136492747,0.2116633544603646
AAPL290119P00080000,2026-10-01 15:27:04+00:00,80.0,0.3,0.09,0.35,0.0,0.0,,2.0,0.40845318115234375,False,REGULAR,USD,Put,2029-01-19,AAPL,2026-10-06T00:29:07.449491+00:00,332.89,0.0401800012588501,0.0031766010136492747,0.2116633544603646
AAPL290119P00090000,2026-09-29 14:31:26+00:00,90.0,0.45,0.1,0.5,0.0,0.0,,1.0,0.3942931665039063,False,REGULAR,USD,Put,2029-01-19,AAPL,2026-10-06T00:29:07.449491+00:00,332.89,0.0401800012588501,0.0031766010136492747,0.2116633544603646
AAPL290119P00100000,2026-10-01 15:25:45+00:00,100.0,0.6,0.17,0.7,0.0,0.0,1.0,19.0,0.3820862573242187,False,REGULAR,USD,Put,2029-01-19,AAPL,2026-10-06T00:29:07.449491+00:00,332.89,0.0401800012588501,0.0031766010136492747,0.2116633544603646
AAPL290119P00110000,2026-10-05 15:41:08+00:00,110.0,0.73,0.44,0.95,-0.060000002,-7.5949364,1.0,4.0,0.3707338317871094,False,REGULAR,USD,Put,2029-01-19,AAPL,2026-10-06T00:29:07.449491+00:00,332.89,0.0401800012588501,0.0031766010136492747,0.2116633544603646
AAPL290119P00115000,2026-10-02 19:27:31+00:00,115.0,0.82,0.68,1.19,0.0,0.0,1.0,2.0,0.37036762451171873,False,REGULAR,USD,Put,2029-01-19,AAPL,2026-10-06T00:29:07.449491+00:00,332.89,0.0401800012588501,0.0031766010136492747,0.2116633544603646
AAPL290119P00120000,2026-10-01 17:48:37+00:00,120.0,0.92,0.83,1.15,0.0,0.0,6.0,22.0,0.3544986425781249,False,REGULAR,USD,Put,2029-01-19,AAPL,2026-10-06T00:29:07.449491+00:00,332.89,0.0401800012588501,0.0031766010136492747,0.2116633544603646
AAPL290119P00125000,2026-09-24 19:37:42+00:00,125.0,1.05,0.75,1.4,0.0,0.0,64.0,66.0,0.3532779516601562,False,REGULAR,USD,Put,2029-01-19,AAPL,2026-10-06T00:29:07.449491+00:00,332.89,0.0401800012588501,0.0031766010136492747,0.2116633544603646
AAPL290119P00130000,2026-09-30 19:53:17+00:00,130.0,1.67,0.9,1.65,0.0,0.0,2.0,2.0,0.3506534661865234,False,REGULAR,USD,Put,2029-01-19,AAPL,2026-10-06T00:29:07.449491+00:00,332.89,0.0401800012588501,0.0031766010136492747,0.2116633544603646
AAPL290119P00135000,2026-09-21 18:27:14+00:00,135.0,1.51,1.31,1.65,0.0,0.0,,7.0,0.3378362115478516,False,REGULAR,USD,Put,2029-01-19,AAPL,2026-10-06T00:29:07.449491+00:00,332.89,0.0401800012588501,0.0031766010136492747,0.2116633544603646
AAPL290119P00140000,2026-10-01 15:43:35+00:00,140.0,1.8,1.25,2.02,0.0,0.0,5.0,1.0,0.3384465570068359,False,REGULAR,USD,Put,2029-01-19,AAPL,2026-10-06T00:29:07.449491+00:00,332.89,0.0401800012588501,0.0031766010136492747,0.2116633544603646
AAPL290119P00145000,2026-09-15 15:06:10+00:00,145.0,2.19,1.46,2.21,0.0,0.0,,18.0,0.33209896423339846,False,REGULAR,USD,Put,2029-01-19,AAPL,2026-10-06T00:29:07.449491+00:00,332.89,0.0401800012588501,0.0031766010136492747,0.2116633544603646
AAPL290119P00150000,2026-10-01 15:18:14+00:00,150.0,2.21,1.67,2.5,0.0,0.0,1.0,20.0,0.32831482238769527,False,REGULAR,USD,Put,2029-01-19,AAPL,2026-10-06T00:29:07.449491+00:00,332.89,0.0401800012588501,0.0031766010136492747,0.2116633544603646
AAPL290119P00155000,2026-10-02 13:57:40+00:00,155.0,2.36,2.12,2.53,0.0,0.0,1.0,7.0,0.3172065350341796,False,REGULAR,USD,Put,2029-01-19,AAPL,2026-10-06T00:29:07.449491+00:00,332.89,0.0401800012588501,0.0031766010136492747,0.2116633544603646
AAPL290119P00160000,2026-10-02 13:58:33+00:00,160.0,2.64,2.36,2.82,0.0,0.0,1.0,4.0,0.31287308227539057,False,REGULAR,USD,Put,2029-01-19,AAPL,2026-10-06T00:29:07.449491+00:00,332.89,0.0401800012588501,0.0031766010136492747,0.2116633544603646
AAPL290119P00165000,2026-09-29 16:34:58+00:00,165.0,3.05,2.64,3.1,0.0,0.0,3.0,7.0,0.3079292840576171,False,REGULAR,USD,Put,2029-01-19,AAPL,2026-10-06T00:29:07.449491+00:00,332.89,0.0401800012588501,0.0031766010136492747,0.2116633544603646
AAPL290119P00170000,2026-09-28 19:23:35+00:00,170.0,3.2,2.85,4.5,0.0,0.0,3.0,21.0,0.32450016326904285,False,REGULAR,USD,Put,2029-01-19,AAPL,2026-10-06T00:29:07.449491+00:00,332.89,0.0401800012588501,0.0031766010136492747,0.2116633544603646
AAPL290119P00175000,2026-09-29 13:41:45+00:00,175.0,3.53,2.99,4.0,0.0,0.0,,6.0,0.30359583129882806,False,REGULAR,USD,Put,2029-01-19,AAPL,2026-10-06T00:29:07.449491+00:00,332.89,0.0401800012588501,0.0031766010136492747,0.2116633544603646
AAPL290119P00180000,2026-10-01 15:18:14+00:00,180.0,4.1,3.35,4.55,0.0,0.0,1.0,13.0,0.3021004849243164,False,REGULAR,USD,Put,2029-01-19,AAPL,2026-10-06T00:29:07.449491+00:00,332.89,0.0401800012588501,0.0031766010136492747,0.2116633544603646
AAPL290119P00185000,2026-09-30 16:39:07+00:00,185.0,4.17,4.05,4.6,0.0,0.0,20.0,13.0,0.29175512939453113,False,REGULAR,USD,Put,2029-01-19,AAPL,2026-10-06T00:29:07.449491+00:00,332.89,0.0401800012588501,0.0031766010136492747,0.2116633544603646
AAPL290119P00190000,2026-09-30 16:38:58+00:00,190.0,4.56,4.15,5.2,0.0,0.0,22.0,20.0,0.2901987484741211,False,REGULAR,USD,Put,2029-01-19,AAPL,2026-10-06T00:29:07.449491+00:00,332.89,0.0401800012588501,0.0031766010136492747,0.2116633544603646
AAPL290119P00195000,2026-10-05 19:26:58+00:00,195.0,5.2,4.95,5.7,0.17999983,3.585654,12.0,194.0,0.2865366757202148,False,REGULAR,USD,Put,2029-01-19,AAPL,2026-10-06T00:29:07.449491+00:00,332.89,0.0401800012588501,0.0031766010136492747,0.2116633544603646
AAPL290119P00200000,2026-10-02 16:55:37+00:00,200.0,5.8,5.45,6.35,0.0,0.0,11.0,149.0,0.28443098388671867,False,REGULAR,USD,Put,2029-01-19,AAPL,2026-10-06T00:29:07.449491+00:00,332.89,0.0401800012588501,0.0031766010136492747,0.2116633544603646
AAPL290119P00210000,2026-10-05 18:58:53+00:00,210.0,6.8,6.6,7.35,-0.17999983,-2.578794,1.0,66.0,0.27503166381835936,False,REGULAR,USD,Put,2029-01-19,AAPL,2026-10-06T00:29:07.449491+00:00,332.89,0.0401800012588501,0.0031766010136492747,0.2116633544603646
AAPL290119P00220000,2026-10-01 15:39:07+00:00,220.0,8.7,7.95,8.95,0.0,0.0,1.0,84.0,0.27091183197021484,False,REGULAR,USD,Put,2029-01-19,AAPL,2026-10-06T00:29:07.449491+00:00,332.89,0.0401800012588501,0.0031766010136492747,0.2116633544603646
AAPL290119P00230000,2026-10-02 18:44:18+00:00,230.0,9.8,9.5,11.15,0.0,0.0,2.0,184.0,0.2703014865112304,False,REGULAR,USD,Put,2029-01-19,AAPL,2026-10-06T00:29:07.449491+00:00,332.89,0.0401800012588501,0.0031766010136492747,0.2116633544603646
AAPL290119P00240000,2026-10-02 16:56:15+00:00,240.0,11.55,11.05,12.3,0.0,0.0,10.0,137.0,0.2582929396057129,False,REGULAR,USD,Put,2029-01-19,AAPL,2026-10-06T00:29:07.449491+00:00,332.89,0.0401800012588501,0.0031766010136492747,0.2116633544603646
AAPL290119P00250000,2026-10-05 17:56:44+00:00,250.0,13.6,12.75,14.5,-0.019999504,-0.14683923,43.0,551.0,0.25383741775512697,False,REGULAR,USD,Put,2029-01-19,AAPL,2026-10-06T00:29:07.449491+00:00,332.89,0.0401800012588501,0.0031766010136492747,0.2116633544603646
AAPL290119P00260000,2026-10-02 13:30:00+00:00,260.0,16.0,15.5,16.55,0.0,0.0,10.0,163.0,0.24654378952026368,False,REGULAR,USD,Put,2029-01-19,AAPL,2026-10-06T00:29:07.449491+00:00,332.89,0.0401800012588501,0.0031766010136492747,0.2116633544603646
AAPL290119P00270000,2026-10-02 13:30:13+00:00,270.0,18.5,17.5,19.35,0.0,0.0,10.0,110.0,0.2428893460845947,False,REGULAR,USD,Put,2029-01-19,AAPL,2026-10-06T00:29:07.449491+00:00,332.89,0.0401800012588501,0.0031766010136492747,0.2116633544603646
AAPL290119P00280000,2026-10-01 17:53:02+00:00,280.0,22.06,20.65,21.75,0.0,0.0,3.0,227.0,0.23496248443603518,False,REGULAR,USD,Put,2029-01-19,AAPL,2026-10-06T00:29:07.449491+00:00,332.89,0.0401800012588501,0.0031766010136492747,0.2116633544603646
AAPL290119P00290000,2026-10-02 14:27:53+00:00,290.0,24.4,23.5,24.9,0.0,0.0,1.0,142.0,0.23012549667358395,False,REGULAR,USD,Put,2029-01-19,AAPL,2026-10-06T00:29:07.449491+00:00,332.89,0.0401800012588501,0.0031766010136492747,0.2116633544603646
AAPL290119P00300000,2026-10-05 19:00:20+00:00,300.0,27.55,27.15,28.35,-1.2300014,-4.273806,10.0,193.0,0.22533428482055662,False,REGULAR,USD,Put,2029-01-19,AAPL,2026-10-06T00:29:07.449491+00:00,332.89,0.0401800012588501,0.0031766010136492747,0.2116633544603646
AAPL290119P00310000,2026-10-02 18:35:17+00:00,310.0,31.3,30.8,32.1,0.0,0.0,1.0,140.0,0.22050492637634275,False,REGULAR,USD,Put,2029-01-19,AAPL,2026-10-06T00:29:07.449491+00:00,332.89,0.0401800012588501,0.0031766010136492747,0.2116633544603646
AAPL290119P00320000,2026-10-05 16:27:01+00:00,320.0,34.92,34.6,36.2,-0.33000183,-0.9361754,4.0,123.0,0.2158357836151123,False,REGULAR,USD,Put,2029-01-19,AAPL,2026-10-06T00:29:07.449491+00:00,332.89,0.0401800012588501,0.0031766010136492747,0.2116633544603646
AAPL290119P00330000,2026-10-05 18:06:02+00:00,330.0,39.6,39.3,40.45,-0.40000153,-1.0000038,8.0,719.0,0.21024349334716796,False,REGULAR,USD,Put,2029-01-19,AAPL,2026-10-06T00:29:07.449491+00:00,332.89,0.0401800012588501,0.0031766010136492747,0.2116633544603646
AAPL290119P00340000,2026-10-01 15:16:03+00:00,340.0,45.92,43.2,44.9,0.0,0.0,1.0,111.0,0.20397219375610348,True,REGULAR,USD,Put,2029-01-19,AAPL,2026-10-06T00:29:07.449491+00:00,332.89,0.0401800012588501,0.0031766010136492747,0.2116633544603646
AAPL290119P00350000,2026-10-01 13:39:44+00:00,350.0,50.0,48.4,50.5,0.0,0.0,7.0,30.0,0.20169102760314941,True,REGULAR,USD,Put,2029-01-19,AAPL,2026-10-06T00:29:07.449491+00:00,332.89,0.0401800012588501,0.0031766010136492747,0.2116633544603646
AAPL290119P00360000,2026-10-05 18:59:13+00:00,360.0,54.2,53.7,55.6,-0.07999802,-0.14738028,2.0,56.0,0.19512218460083008,True,REGULAR,USD,Put,2029-01-19,AAPL,2026-10-06T00:29:07.449491+00:00,332.89,0.0401800012588501,0.0031766010136492747,0.2116633544603646
AAPL290119P00370000,2026-10-05 13:36:38+00:00,370.0,59.5,59.35,61.3,1.7299995,2.994633,15.0,31.0,0.18970536865234378,True,REGULAR,USD,Put,2029-01-19,AAPL,2026-10-06T00:29:07.449491+00:00,332.89,0.0401800012588501,0.0031766010136492747,0.2116633544603646
AAPL290119P00380000,2026-10-02 18:48:07+00:00,380.0,66.15,64.75,67.6,0.0,0.0,10.0,454.0,0.18544820907592768,True,REGULAR,USD,Put,2029-01-19,AAPL,2026-10-06T00:29:07.449491+00:00,332.89,0.0401800012588501,0.0031766010136492747,0.2116633544603646
AAPL290119P00390000,2026-10-02 18:55:10+00:00,390.0,72.41,71.55,73.95,0.0,0.0,52.0,591.0,0.17948208221435547,True,REGULAR,USD,Put,2029-01-19,AAPL,2026-10-06T00:29:07.449491+00:00,332.89,0.0401800012588501,0.0031766010136492747,0.2116633544603646
AAPL290119P00400000,2026-10-02 17:26:26+00:00,400.0,79.25,78.05,81.15,0.0,0.0,4.0,83.0,0.17617095809936523,True,REGULAR,USD,Put,2029-01-19,AAPL,2026-10-06T00:29:07.449491+00:00,332.89,0.0401800012588501,0.0031766010136492747,0.2116633544603646
AAPL290119P00410000,2026-10-02 14:22:46+00:00,410.0,86.73,85.5,88.25,0.0,0.0,1.0,25.0,0.17016668464660648,True,REGULAR,USD,Put,2029-01-19,AAPL,2026-10-06T00:29:07.449491+00:00,332.89,0.0401800012588501,0.0031766010136492747,0.2116633544603646
AAPL290119P00420000,2026-10-05 15:21:21+00:00,420.0,94.0,92.65,95.8,-2.9000015,-2.9927776,10.0,127.0,0.16459728233337403,True,REGULAR,USD,Put,2029-01-19,AAPL,2026-10-06T00:29:07.449491+00:00,332.89,0.0401800012588501,0.0031766010136492747,0.2116633544603646
AAPL290119P00430000,2026-10-05 15:21:21+00:00,430.0,101.75,100.8,103.85,0.6100006,0.603125,10.0,283.0,0.1600578379821777,True,REGULAR,USD,Put,2029-01-19,AAPL,2026-10-06T00:29:07.449491+00:00,332.89,0.0401800012588501,0.0031766010136492747,0.2116633544603646
AAPL290119P00460000,2026-09-22 15:33:12+00:00,460.0,119.3,126.0,130.5,0.0,0.0,,1.0,0.15467153930664065,True,REGULAR,USD,Put,2029-01-19,AAPL,2026-10-06T00:29:07.449491+00:00,332.89,0.0401800012588501,0.0031766010136492747,0.2116633544603646
AAPL290119P00470000,2026-10-02 17:46:06+00:00,470.0,137.11,135.0,139.5,0.0,0.0,2.0,0.0,0.14972774108886722,True,REGULAR,USD,Put,2029-01-19,AAPL,2026-10-06T00:29:07.449491+00:00,332.89,0.0401800012588501,0.0031766010136492747,0.2116633544603646
AAPL290119P00640000,2026-09-22 15:32:58+00:00,640.0,296.95,304.5,309.5,0.0,0.0,,0.0,0.24286645812988278,True,REGULAR,USD,Put,2029-01-19,AAPL,2026-10-06T00:29:07.449491+00:00,332.89,0.0401800012588501,0.0031766010136492747,0.2116633544603646
