contractSymbol,lastTradeDate,strike,lastPrice,bid,ask,change,percentChange,volume,openInterest,impliedVolatility,inTheMoney,contractSize,currency,OptionType,ExpiryDate,ticker,snapshotTime,underlyingPrice,riskFreeRate,dividendYield,histVol
NVDA261007C00115000,2026-10-05 19:46:04+00:00,115.0,124.73,121.5,126.2,4.9000015,4.0891275,8.0,7.0,6.573243970947267,True,REGULAR,USD,Call,2026-10-07,NVDA,2026-10-06T00:29:09.099978+00:00,238.9,0.0401800012588501,0.0022226971865062345,0.3859572768879324
NVDA261007C00120000,2026-10-05 19:37:38+00:00,120.0,119.43,116.5,121.05,4.6399994,4.0421634,9.0,7.0,6.146486691894531,True,REGULAR,USD,Call,2026-10-07,NVDA,2026-10-06T00:29:09.099978+00:00,238.9,0.0401800012588501,0.0022226971865062345,0.3859572768879324
NVDA261007C00125000,2026-10-05 19:01:37+00:00,125.0,114.07,112.75,115.35,3.5,3.1654155,9.0,18.0,3.72656318359375,True,REGULAR,USD,Call,2026-10-07,NVDA,2026-10-06T00:29:09.099978+00:00,238.9,0.0401800012588501,0.0022226971865062345,0.3859572768879324
NVDA261007C00130000,2026-10-05 18:34:49+00:00,130.0,108.14,106.6,111.05,3.3600006,3.2067194,11.0,11.0,5.531253085937499,True,REGULAR,USD,Call,2026-10-07,NVDA,2026-10-06T00:29:09.099978+00:00,238.9,0.0401800012588501,0.0022226971865062345,0.3859572768879324
NVDA261007C00135000,2026-10-05 19:17:24+00:00,135.0,104.32,101.5,106.0,6.419998,6.55771,19.0,15.0,5.21191754760742,True,REGULAR,USD,Call,2026-10-07,NVDA,2026-10-06T00:29:09.099978+00:00,238.9,0.0401800012588501,0.0022226971865062345,0.3859572768879324
NVDA261007C00140000,2026-10-05 19:41:33+00:00,140.0,99.89,96.65,101.05,5.199997,5.491601,28.0,12.0,4.9599647375488285,True,REGULAR,USD,Call,2026-10-07,NVDA,2026-10-06T00:29:09.099978+00:00,238.9,0.0401800012588501,0.0022226971865062345,0.3859572768879324
NVDA261007C00145000,2026-10-05 19:38:37+00:00,145.0,94.8,91.65,96.05,5.310005,5.9336295,50.0,36.0,4.688480701904297,True,REGULAR,USD,Call,2026-10-07,NVDA,2026-10-06T00:29:09.099978+00:00,238.9,0.0401800012588501,0.0022226971865062345,0.3859572768879324
NVDA261007C00150000,2026-10-05 19:52:25+00:00,150.0,89.86,86.7,91.1,5.449997,6.4565773,70.0,38.0,0.500005,True,REGULAR,USD,Call,2026-10-07,NVDA,2026-10-06T00:29:09.099978+00:00,238.9,0.0401800012588501,0.0022226971865062345,0.3859572768879324
NVDA261007C00155000,2026-10-05 19:45:19+00:00,155.0,84.58,81.65,86.1,5.169998,6.5105124,25.0,23.0,4.1923875720214845,True,REGULAR,USD,Call,2026-10-07,NVDA,2026-10-06T00:29:09.099978+00:00,238.9,0.0401800012588501,0.0022226971865062345,0.3859572768879324
NVDA261007C00160000,2026-10-05 18:22:48+00:00,160.0,78.0,76.65,81.05,3.4300003,4.599705,30.0,29.0,3.9199220751953128,True,REGULAR,USD,Call,2026-10-07,NVDA,2026-10-06T00:29:09.099978+00:00,238.9,0.0401800012588501,0.0022226971865062345,0.3859572768879324
NVDA261007C00165000,2026-10-05 19:52:34+00:00,165.0,74.75,71.65,76.05,5.169998,7.430293,101.0,30.0,3.6767586206054688,True,REGULAR,USD,Call,2026-10-07,NVDA,2026-10-06T00:29:09.099978+00:00,238.9,0.0401800012588501,0.0022226971865062345,0.3859572768879324
NVDA261007C00170000,2026-10-05 19:49:31+00:00,170.0,70.1,66.65,71.1,5.3499985,8.262547,80.0,24.0,3.4604505676269532,True,REGULAR,USD,Call,2026-10-07,NVDA,2026-10-06T00:29:09.099978+00:00,238.9,0.0401800012588501,0.0022226971865062345,0.3859572768879324
NVDA261007C00175000,2026-10-05 19:02:56+00:00,175.0,64.12,61.65,66.05,5.1200027,8.67797,13.0,27.0,3.2080097924804685,True,REGULAR,USD,Call,2026-10-07,NVDA,2026-10-06T00:29:09.099978+00:00,238.9,0.0401800012588501,0.0022226971865062345,0.3859572768879324
NVDA261007C00180000,2026-10-05 19:46:38+00:00,180.0,60.21,56.65,61.05,6.1899986,11.458716,35.0,32.0,2.9804712988281246,True,REGULAR,USD,Call,2026-10-07,NVDA,2026-10-06T00:29:09.099978+00:00,238.9,0.0401800012588501,0.0022226971865062345,0.3859572768879324
NVDA261007C00185000,2026-10-05 19:49:09+00:00,185.0,55.12,51.7,56.1,4.7700005,9.473685,32.0,23.0,0.500005,True,REGULAR,USD,Call,2026-10-07,NVDA,2026-10-06T00:29:09.099978+00:00,238.9,0.0401800012588501,0.0022226971865062345,0.3859572768879324
NVDA261007C00190000,2026-10-05 19:52:19+00:00,190.0,49.69,46.7,51.25,6.4399986,14.890171,70.0,20.0,1.3398470507812497,True,REGULAR,USD,Call,2026-10-07,NVDA,2026-10-06T00:29:09.099978+00:00,238.9,0.0401800012588501,0.0022226971865062345,0.3859572768879324
NVDA261007C00195000,2026-10-05 19:52:34+00:00,195.0,44.8,41.7,46.1,3.3499985,8.082023,64.0,15.0,0.500005,True,REGULAR,USD,Call,2026-10-07,NVDA,2026-10-06T00:29:09.099978+00:00,238.9,0.0401800012588501,0.0022226971865062345,0.3859572768879324
NVDA261007C00197500,2026-10-05 19:32:32+00:00,197.5,42.35,39.2,43.65,5.209999,14.027999,72.0,28.0,0.992187578125,True,REGULAR,USD,Call,2026-10-07,NVDA,2026-10-06T00:29:09.099978+00:00,238.9,0.0401800012588501,0.0022226971865062345,0.3859572768879324
NVDA261007C00200000,2026-10-05 19:59:09+00:00,200.0,38.8,37.15,40.2,4.169998,12.041576,111.0,51.0,1.8251961865234374,True,REGULAR,USD,Call,2026-10-07,NVDA,2026-10-06T00:29:09.099978+00:00,238.9,0.0401800012588501,0.0022226971865062345,0.3859572768879324
NVDA261007C00202500,2026-10-05 19:20:59+00:00,202.5,37.03,34.15,38.65,4.959999,15.466165,47.0,23.0,0.500005,True,REGULAR,USD,Call,2026-10-07,NVDA,2026-10-06T00:29:09.099978+00:00,238.9,0.0401800012588501,0.0022226971865062345,0.3859572768879324
NVDA261007C00205000,2026-10-05 19:27:01+00:00,205.0,34.1,32.0,36.15,5.499998,19.230762,38.0,31.0,1.0664109179687502,True,REGULAR,USD,Call,2026-10-07,NVDA,2026-10-06T00:29:09.099978+00:00,238.9,0.0401800012588501,0.0022226971865062345,0.3859572768879324
NVDA261007C00207500,2026-10-05 19:27:29+00:00,207.5,32.25,29.45,33.65,5.629999,21.14951,23.0,34.0,0.9707034179687499,True,REGULAR,USD,Call,2026-10-07,NVDA,2026-10-06T00:29:09.099978+00:00,238.9,0.0401800012588501,0.0022226971865062345,0.3859572768879324
NVDA261007C00210000,2026-10-05 19:59:28+00:00,210.0,31.22,28.0,31.35,7.1099987,29.489832,35.0,42.0,1.2519568652343749,True,REGULAR,USD,Call,2026-10-07,NVDA,2026-10-06T00:29:09.099978+00:00,238.9,0.0401800012588501,0.0022226971865062345,0.3859572768879324
NVDA261007C00212500,2026-10-05 19:59:28+00:00,212.5,28.75,24.2,28.85,6.3500004,28.348217,141.0,94.0,0.804689453125,True,REGULAR,USD,Call,2026-10-07,NVDA,2026-10-06T00:29:09.099978+00:00,238.9,0.0401800012588501,0.0022226971865062345,0.3859572768879324
NVDA261007C00215000,2026-10-05 19:51:36+00:00,215.0,24.66,23.3,25.4,5.209999,26.786625,342.0,227.0,0.9414068359375,True,REGULAR,USD,Call,2026-10-07,NVDA,2026-10-06T00:29:09.099978+00:00,238.9,0.0401800012588501,0.0022226971865062345,0.3859572768879324
NVDA261007C00217500,2026-10-05 19:58:47+00:00,217.5,20.6,20.9,21.95,4.5,27.95031,146.0,459.0,0.5312546875,True,REGULAR,USD,Call,2026-10-07,NVDA,2026-10-06T00:29:09.099978+00:00,238.9,0.0401800012588501,0.0022226971865062345,0.3859572768879324
NVDA261007C00220000,2026-10-05 19:59:43+00:00,220.0,18.7,17.55,19.5,4.450001,31.228075,336.0,504.0,0.8349625878906248,True,REGULAR,USD,Call,2026-10-07,NVDA,2026-10-06T00:29:09.099978+00:00,238.9,0.0401800012588501,0.0022226971865062345,0.3859572768879324
NVDA261007C00222500,2026-10-05 19:48:40+00:00,222.5,17.2,14.25,17.35,5.4000006,45.76272,478.0,402.0,0.8535170898437501,True,REGULAR,USD,Call,2026-10-07,NVDA,2026-10-06T00:29:09.099978+00:00,238.9,0.0401800012588501,0.0022226971865062345,0.3859572768879324
NVDA261007C00225000,2026-10-05 19:57:04+00:00,225.0,13.91,13.65,14.4,4.41,46.42105,1461.0,508.0,0.6274451318359376,True,REGULAR,USD,Call,2026-10-07,NVDA,2026-10-06T00:29:09.099978+00:00,238.9,0.0401800012588501,0.0022226971865062345,0.3859572768879324
NVDA261007C00227500,2026-10-05 19:57:13+00:00,227.5,11.3,11.4,12.05,4.2000003,59.154934,1389.0,887.0,0.5839885351562499,True,REGULAR,USD,Call,2026-10-07,NVDA,2026-10-06T00:29:09.099978+00:00,238.9,0.0401800012588501,0.0022226971865062345,0.3859572768879324
NVDA261007C00230000,2026-10-05 19:58:29+00:00,230.0,9.0,9.15,9.35,3.6999998,69.81131,1920.0,2038.0,0.437505625,True,REGULAR,USD,Call,2026-10-07,NVDA,2026-10-06T00:29:09.099978+00:00,238.9,0.0401800012588501,0.0022226971865062345,0.3859572768879324
NVDA261007C00232500,2026-10-05 19:59:27+00:00,232.5,6.58,6.75,7.25,3.02,84.83146,1616.0,2321.0,0.43604079589843747,True,REGULAR,USD,Call,2026-10-07,NVDA,2026-10-06T00:29:09.099978+00:00,238.9,0.0401800012588501,0.0022226971865062345,0.3859572768879324
NVDA261007C00235000,2026-10-05 19:59:58+00:00,235.0,4.65,4.75,4.85,2.46,112.328766,13919.0,4649.0,0.3452213916015625,True,REGULAR,USD,Call,2026-10-07,NVDA,2026-10-06T00:29:09.099978+00:00,238.9,0.0401800012588501,0.0022226971865062345,0.3859572768879324
NVDA261007C00237500,2026-10-05 19:59:47+00:00,237.5,2.86,2.98,3.05,1.6199999,130.64514,47895.0,3475.0,0.3244696459960937,True,REGULAR,USD,Call,2026-10-07,NVDA,2026-10-06T00:29:09.099978+00:00,238.9,0.0401800012588501,0.0022226971865062345,0.3859572768879324
NVDA261007C00240000,2026-10-05 19:59:58+00:00,240.0,1.59,1.68,1.72,0.92,137.31343,73465.0,7290.0,0.3149482568359374,False,REGULAR,USD,Call,2026-10-07,NVDA,2026-10-06T00:29:09.099978+00:00,238.9,0.0401800012588501,0.0022226971865062345,0.3859572768879324
NVDA261007C00242500,2026-10-05 19:59:59+00:00,242.5,0.85,0.84,0.88,0.51,149.99998,35125.0,6548.0,0.3142158422851562,False,REGULAR,USD,Call,2026-10-07,NVDA,2026-10-06T00:29:09.099978+00:00,238.9,0.0401800012588501,0.0022226971865062345,0.3859572768879324
NVDA261007C00245000,2026-10-05 19:59:59+00:00,245.0,0.4,0.39,0.4,0.23,135.29411,32950.0,5810.0,0.31445998046874996,False,REGULAR,USD,Call,2026-10-07,NVDA,2026-10-06T00:29:09.099978+00:00,238.9,0.0401800012588501,0.0022226971865062345,0.3859572768879324
NVDA261007C00247500,2026-10-05 19:59:56+00:00,247.5,0.16,0.17,0.18,0.06999999,77.77776,12062.0,9900.0,0.3232489550781249,False,REGULAR,USD,Call,2026-10-07,NVDA,2026-10-06T00:29:09.099978+00:00,238.9,0.0401800012588501,0.0022226971865062345,0.3859572768879324
NVDA261007C00250000,2026-10-05 19:59:52+00:00,250.0,0.08,0.08,0.09,0.029999997,59.999996,31834.0,7360.0,0.34180345703125,False,REGULAR,USD,Call,2026-10-07,NVDA,2026-10-06T00:29:09.099978+00:00,238.9,0.0401800012588501,0.0022226971865062345,0.3859572768879324
NVDA261007C00252500,2026-10-05 19:59:49+00:00,252.5,0.04,0.04,0.05,0.0,0.0,16251.0,2523.0,0.36524072265625,False,REGULAR,USD,Call,2026-10-07,NVDA,2026-10-06T00:29:09.099978+00:00,238.9,0.0401800012588501,0.0022226971865062345,0.3859572768879324
NVDA261007C00255000,2026-10-05 19:59:52+00:00,255.0,0.03,0.02,0.03,0.02,200.0,5004.0,2935.0,0.39063109375,False,REGULAR,USD,Call,2026-10-07,NVDA,2026-10-06T00:29:09.099978+00:00,238.9,0.0401800012588501,0.0022226971865062345,0.3859572768879324
NVDA261007C00260000,2026-10-05 19:59:57+00:00,260.0,0.02,0.0,0.01,0.0,0.0,1044.0,639.0,0.42969320312500003,False,REGULAR,USD,Call,2026-10-07,NVDA,2026-10-06T00:29:09.099978+00:00,238.9,0.0401800012588501,0.0022226971865062345,0.3859572768879324
NVDA261007C00265000,2026-10-05 19:18:30+00:00,265.0,0.01,0.0,0.01,0.0,0.0,209.0,87.0,0.51562984375,False,REGULAR,USD,Call,2026-10-07,NVDA,2026-10-06T00:29:09.099978+00:00,238.9,0.0401800012588501,0.0022226971865062345,0.3859572768879324
NVDA261007C00270000,2026-10-01 19:09:17+00:00,270.0,0.01,0.0,0.01,0.0,0.0,1.0,64.0,0.5625043750000001,False,REGULAR,USD,Call,2026-10-07,NVDA,2026-10-06T00:29:09.099978+00:00,238.9,0.0401800012588501,0.0022226971865062345,0.3859572768879324
NVDA261007C00275000,2026-10-05 17:36:43+00:00,275.0,0.01,0.0,0.01,0.0,0.0,8.0,33.0,0.64062859375,False,REGULAR,USD,Call,2026-10-07,NVDA,2026-10-06T00:29:09.099978+00:00,238.9,0.0401800012588501,0.0022226971865062345,0.3859572768879324
NVDA261007C00280000,2026-10-02 13:57:03+00:00,280.0,0.01,0.0,0.01,0.0,0.0,103.0,133.0,0.7187528125,False,REGULAR,USD,Call,2026-10-07,NVDA,2026-10-06T00:29:09.099978+00:00,238.9,0.0401800012588501,0.0022226971865062345,0.3859572768879324
NVDA261007C00285000,2026-09-30 19:21:54+00:00,285.0,0.02,0.0,0.01,0.0,0.0,1.0,2.0,0.7812521875,False,REGULAR,USD,Call,2026-10-07,NVDA,2026-10-06T00:29:09.099978+00:00,238.9,0.0401800012588501,0.0022226971865062345,0.3859572768879324
NVDA261007C00295000,2026-10-05 17:10:23+00:00,295.0,0.01,0.0,0.01,-0.01,-50.0,2.0,1.0,0.9062509375,False,REGULAR,USD,Call,2026-10-07,NVDA,2026-10-06T00:29:09.099978+00:00,238.9,0.0401800012588501,0.0022226971865062345,0.3859572768879324
NVDA261007P00130000,2026-09-29 14:07:58+00:00,130.0,0.04,0.0,0.01,0.0,0.0,,1.0,2.50000375,False,REGULAR,USD,Put,2026-10-07,NVDA,2026-10-06T00:29:09.099978+00:00,238.9,0.0401800012588501,0.0022226971865062345,0.3859572768879324
NVDA261007P00140000,2026-09-30 16:24:19+00:00,140.0,0.02,0.0,0.01,0.0,0.0,,9.0,2.2500043749999996,False,REGULAR,USD,Put,2026-10-07,NVDA,2026-10-06T00:29:09.099978+00:00,238.9,0.0401800012588501,0.0022226971865062345,0.3859572768879324
NVDA261007P00145000,2026-10-05 18:05:08+00:00,145.0,0.01,0.0,0.01,0.0,0.0,5000.0,25.0,2.1250046874999997,False,REGULAR,USD,Put,2026-10-07,NVDA,2026-10-06T00:29:09.099978+00:00,238.9,0.0401800012588501,0.0022226971865062345,0.3859572768879324
NVDA261007P00150000,2026-10-05 18:02:50+00:00,150.0,0.01,0.0,0.01,0.0,0.0,3581.0,20.0,1.9375003125,False,REGULAR,USD,Put,2026-10-07,NVDA,2026-10-06T00:29:09.099978+00:00,238.9,0.0401800012588501,0.0022226971865062345,0.3859572768879324
NVDA261007P00155000,2026-10-05 17:52:04+00:00,155.0,0.01,0.0,0.01,0.0,0.0,246.0,62.0,1.8125009374999999,False,REGULAR,USD,Put,2026-10-07,NVDA,2026-10-06T00:29:09.099978+00:00,238.9,0.0401800012588501,0.0022226971865062345,0.3859572768879324
NVDA261007P00160000,2026-10-05 17:50:47+00:00,160.0,0.02,0.0,0.01,-0.01,-33.333336,77.0,3.0,1.6875015625,False,REGULAR,USD,Put,2026-10-07,NVDA,2026-10-06T00:29:09.099978+00:00,238.9,0.0401800012588501,0.0022226971865062345,0.3859572768879324
NVDA261007P00165000,2026-10-05 17:38:11+00:00,165.0,0.01,0.0,0.01,-0.01,-50.0,1588.0,609.0,1.5625021874999998,False,REGULAR,USD,Put,2026-10-07,NVDA,2026-10-06T00:29:09.099978+00:00,238.9,0.0401800012588501,0.0022226971865062345,0.3859572768879324
NVDA261007P00170000,2026-10-05 19:40:18+00:00,170.0,0.01,0.0,0.01,0.0,0.0,620.0,193.0,1.4375028125,False,REGULAR,USD,Put,2026-10-07,NVDA,2026-10-06T00:29:09.099978+00:00,238.9,0.0401800012588501,0.0022226971865062345,0.3859572768879324
NVDA261007P00175000,2026-10-05 19:29:22+00:00,175.0,0.01,0.0,0.01,0.0,0.0,937.0,99.0,1.3437532812499997,False,REGULAR,USD,Put,2026-10-07,NVDA,2026-10-06T00:29:09.099978+00:00,238.9,0.0401800012588501,0.0022226971865062345,0.3859572768879324
NVDA261007P00180000,2026-10-05 19:58:27+00:00,180.0,0.01,0.0,0.02,0.0,0.0,845.0,1042.0,1.3125034374999998,False,REGULAR,USD,Put,2026-10-07,NVDA,2026-10-06T00:29:09.099978+00:00,238.9,0.0401800012588501,0.0022226971865062345,0.3859572768879324
NVDA261007P00185000,2026-10-05 19:50:46+00:00,185.0,0.01,0.0,0.01,-0.01,-50.0,1064.0,1138.0,1.125004375,False,REGULAR,USD,Put,2026-10-07,NVDA,2026-10-06T00:29:09.099978+00:00,238.9,0.0401800012588501,0.0022226971865062345,0.3859572768879324
NVDA261007P00190000,2026-10-05 19:54:14+00:00,190.0,0.01,0.01,0.02,-0.02,-66.66667,1173.0,109.0,1.125004375,False,REGULAR,USD,Put,2026-10-07,NVDA,2026-10-06T00:29:09.099978+00:00,238.9,0.0401800012588501,0.0022226971865062345,0.3859572768879324
NVDA261007P00195000,2026-10-05 19:58:14+00:00,195.0,0.02,0.01,0.02,-0.030000001,-60.0,723.0,1088.0,1.000005,False,REGULAR,USD,Put,2026-10-07,NVDA,2026-10-06T00:29:09.099978+00:00,238.9,0.0401800012588501,0.0022226971865062345,0.3859572768879324
NVDA261007P00197500,2026-10-05 19:46:58+00:00,197.5,0.02,0.01,0.03,-0.01,-33.333336,1000.0,102.0,0.9687503125,False,REGULAR,USD,Put,2026-10-07,NVDA,2026-10-06T00:29:09.099978+00:00,238.9,0.0401800012588501,0.0022226971865062345,0.3859572768879324
NVDA261007P00200000,2026-10-05 19:57:12+00:00,200.0,0.03,0.01,0.03,0.01,50.0,2351.0,460.0,0.914063359375,False,REGULAR,USD,Put,2026-10-07,NVDA,2026-10-06T00:29:09.099978+00:00,238.9,0.0401800012588501,0.0022226971865062345,0.3859572768879324
NVDA261007P00202500,2026-10-05 19:57:09+00:00,202.5,0.02,0.01,0.03,0.0,0.0,8183.0,1244.0,0.85937640625,False,REGULAR,USD,Put,2026-10-07,NVDA,2026-10-06T00:29:09.099978+00:00,238.9,0.0401800012588501,0.0022226971865062345,0.3859572768879324
NVDA261007P00205000,2026-10-05 19:56:11+00:00,205.0,0.02,0.01,0.03,-0.01,-33.333336,9126.0,421.0,0.79687703125,False,REGULAR,USD,Put,2026-10-07,NVDA,2026-10-06T00:29:09.099978+00:00,238.9,0.0401800012588501,0.0022226971865062345,0.3859572768879324
NVDA261007P00207500,2026-10-05 19:53:57+00:00,207.5,0.02,0.01,0.03,-0.030000001,-60.0,9243.0,68.0,0.7421900781249999,False,REGULAR,USD,Put,2026-10-07,NVDA,2026-10-06T00:29:09.099978+00:00,238.9,0.0401800012588501,0.0022226971865062345,0.3859572768879324
NVDA261007P00210000,2026-10-05 19:42:00+00:00,210.0,0.01,0.01,0.03,-0.03,-75.0,9450.0,2438.0,0.6875031250000001,False,REGULAR,USD,Put,2026-10-07,NVDA,2026-10-06T00:29:09.099978+00:00,238.9,0.0401800012588501,0.0022226971865062345,0.3859572768879324
NVDA261007P00212500,2026-10-05 19:58:03+00:00,212.5,0.02,0.02,0.03,-0.06,-75.0,29334.0,694.0,0.6445348046875,False,REGULAR,USD,Put,2026-10-07,NVDA,2026-10-06T00:29:09.099978+00:00,238.9,0.0401800012588501,0.0022226971865062345,0.3859572768879324
NVDA261007P00215000,2026-10-05 19:58:28+00:00,215.0,0.02,0.02,0.03,-0.05,-71.42857,5355.0,1775.0,0.585941640625,False,REGULAR,USD,Put,2026-10-07,NVDA,2026-10-06T00:29:09.099978+00:00,238.9,0.0401800012588501,0.0022226971865062345,0.3859572768879324
NVDA261007P00217500,2026-10-05 19:59:55+00:00,217.5,0.03,0.03,0.04,-0.08,-72.72727,3898.0,1489.0,0.5546919531250001,False,REGULAR,USD,Put,2026-10-07,NVDA,2026-10-06T00:29:09.099978+00:00,238.9,0.0401800012588501,0.0022226971865062345,0.3859572768879324
NVDA261007P00220000,2026-10-05 19:59:36+00:00,220.0,0.05,0.04,0.05,-0.11,-68.75,3496.0,1899.0,0.5117236328125,False,REGULAR,USD,Put,2026-10-07,NVDA,2026-10-06T00:29:09.099978+00:00,238.9,0.0401800012588501,0.0022226971865062345,0.3859572768879324
NVDA261007P00222500,2026-10-05 19:59:54+00:00,222.5,0.06,0.05,0.06,-0.19,-76.0,3413.0,3774.0,0.4687553125,False,REGULAR,USD,Put,2026-10-07,NVDA,2026-10-06T00:29:09.099978+00:00,238.9,0.0401800012588501,0.0022226971865062345,0.3859572768879324
NVDA261007P00225000,2026-10-05 19:59:53+00:00,225.0,0.07,0.07,0.08,-0.34,-82.92683,6160.0,3555.0,0.42578699218750005,False,REGULAR,USD,Put,2026-10-07,NVDA,2026-10-06T00:29:09.099978+00:00,238.9,0.0401800012588501,0.0022226971865062345,0.3859572768879324
NVDA261007P00227500,2026-10-05 19:59:52+00:00,227.5,0.12,0.11,0.12,-0.56,-82.35294,5531.0,3390.0,0.38672488281249995,False,REGULAR,USD,Put,2026-10-07,NVDA,2026-10-06T00:29:09.099978+00:00,238.9,0.0401800012588501,0.0022226971865062345,0.3859572768879324
NVDA261007P00230000,2026-10-05 19:59:58+00:00,230.0,0.17,0.18,0.19,-1.0200001,-85.71429,11964.0,10164.0,0.348639326171875,False,REGULAR,USD,Put,2026-10-07,NVDA,2026-10-06T00:29:09.099978+00:00,238.9,0.0401800012588501,0.0022226971865062345,0.3859572768879324
NVDA261007P00232500,2026-10-05 19:59:59+00:00,232.5,0.35,0.33,0.35,-1.6899999,-82.84314,19197.0,1611.0,0.32031929687499994,False,REGULAR,USD,Put,2026-10-07,NVDA,2026-10-06T00:29:09.099978+00:00,238.9,0.0401800012588501,0.0022226971865062345,0.3859572768879324
NVDA261007P00235000,2026-10-05 19:59:59+00:00,235.0,0.71,0.68,0.71,-2.54,-78.15385,73178.0,2761.0,0.301764794921875,False,REGULAR,USD,Put,2026-10-07,NVDA,2026-10-06T00:29:09.099978+00:00,238.9,0.0401800012588501,0.0022226971865062345,0.3859572768879324
NVDA261007P00237500,2026-10-05 19:59:59+00:00,237.5,1.38,1.37,1.41,-3.2999997,-70.51282,42817.0,460.0,0.2890696093749999,False,REGULAR,USD,Put,2026-10-07,NVDA,2026-10-06T00:29:09.099978+00:00,238.9,0.0401800012588501,0.0022226971865062345,0.3859572768879324
NVDA261007P00240000,2026-10-05 19:59:58+00:00,240.0,2.69,2.54,2.6,-3.9099998,-59.242424,19158.0,267.0,0.28321029296874994,True,REGULAR,USD,Put,2026-10-07,NVDA,2026-10-06T00:29:09.099978+00:00,238.9,0.0401800012588501,0.0022226971865062345,0.3859572768879324
NVDA261007P00242500,2026-10-05 19:59:33+00:00,242.5,4.55,4.15,4.35,-4.2,-47.999996,2276.0,153.0,0.2915109912109374,True,REGULAR,USD,Put,2026-10-07,NVDA,2026-10-06T00:29:09.099978+00:00,238.9,0.0401800012588501,0.0022226971865062345,0.3859572768879324
NVDA261007P00245000,2026-10-05 19:59:40+00:00,245.0,6.7,6.15,6.35,-4.6000004,-40.707966,765.0,290.0,0.273444765625,True,REGULAR,USD,Put,2026-10-07,NVDA,2026-10-06T00:29:09.099978+00:00,238.9,0.0401800012588501,0.0022226971865062345,0.3859572768879324
NVDA261007P00247500,2026-10-05 19:50:54+00:00,247.5,8.2,8.25,8.85,-4.6000004,-35.9375,453.0,125.0,0.3505924316406249,True,REGULAR,USD,Put,2026-10-07,NVDA,2026-10-06T00:29:09.099978+00:00,238.9,0.0401800012588501,0.0022226971865062345,0.3859572768879324
NVDA261007P00250000,2026-10-05 19:59:53+00:00,250.0,11.35,10.7,11.05,-4.0999994,-26.537212,339.0,5.0,1.0000000000000003e-05,True,REGULAR,USD,Put,2026-10-07,NVDA,2026-10-06T00:29:09.099978+00:00,238.9,0.0401800012588501,0.0022226971865062345,0.3859572768879324
NVDA261007P00252500,2026-10-05 19:42:00+00:00,252.5,13.18,13.1,15.0,-5.0,-27.50275,82.0,1.0,0.5668988623046876,True,REGULAR,USD,Put,2026-10-07,NVDA,2026-10-06T00:29:09.099978+00:00,238.9,0.0401800012588501,0.0022226971865062345,0.3859572768879324
NVDA261007P00255000,2026-10-05 19:53:33+00:00,255.0,16.2,14.6,16.85,-5.029999,-23.692883,23.0,0.0,0.7334011035156249,True,REGULAR,USD,Put,2026-10-07,NVDA,2026-10-06T00:29:09.099978+00:00,238.9,0.0401800012588501,0.0022226971865062345,0.3859572768879324
NVDA261007P00260000,2026-10-05 19:40:10+00:00,260.0,20.6,20.0,23.1,-4.99,-19.499804,173.0,0.0,0.7778342529296876,True,REGULAR,USD,Put,2026-10-07,NVDA,2026-10-06T00:29:09.099978+00:00,238.9,0.0401800012588501,0.0022226971865062345,0.3859572768879324
NVDA261007P00265000,2026-10-05 19:04:25+00:00,265.0,25.73,24.6,28.7,-5.5600014,-17.769258,13.0,0.0,0.9501958105468749,True,REGULAR,USD,Put,2026-10-07,NVDA,2026-10-06T00:29:09.099978+00:00,238.9,0.0401800012588501,0.0022226971865062345,0.3859572768879324
NVDA261007P00270000,2026-10-05 19:37:14+00:00,270.0,29.58,29.65,32.55,-7.2300014,-19.641405,2.0,1.0,1.376956240234375,True,REGULAR,USD,Put,2026-10-07,NVDA,2026-10-06T00:29:09.099978+00:00,238.9,0.0401800012588501,0.0022226971865062345,0.3859572768879324
NVDA261007P00275000,2026-10-05 19:37:14+00:00,275.0,34.6,34.95,37.4,-6.420002,-15.650907,40.0,0.0,0.8554701953125,True,REGULAR,USD,Put,2026-10-07,NVDA,2026-10-06T00:29:09.099978+00:00,238.9,0.0401800012588501,0.0022226971865062345,0.3859572768879324
NVDA261007P00280000,2026-09-30 19:43:42+00:00,280.0,49.41,39.9,43.35,0.0,0.0,,0.0,1.3056675341796873,True,REGULAR,USD,Put,2026-10-07,NVDA,2026-10-06T00:29:09.099978+00:00,238.9,0.0401800012588501,0.0022226971865062345,0.3859572768879324
NVDA261007P00285000,2026-10-02 19:03:23+00:00,285.0,50.5,44.6,48.1,0.0,0.0,10.0,0.0,1.2402381738281247,True,REGULAR,USD,Put,2026-10-07,NVDA,2026-10-06T00:29:09.099978+00:00,238.9,0.0401800012588501,0.0022226971865062345,0.3859572768879324
NVDA261007P00290000,2026-10-02 16:43:59+00:00,290.0,54.73,49.7,52.6,0.0,0.0,32.0,0.0,1.0703171484375003,True,REGULAR,USD,Put,2026-10-07,NVDA,2026-10-06T00:29:09.099978+00:00,238.9,0.0401800012588501,0.0022226971865062345,0.3859572768879324
NVDA261007P00295000,2026-10-02 19:03:26+00:00,295.0,59.25,53.55,58.85,0.0,0.0,24.0,0.0,1.2578162109375,True,REGULAR,USD,Put,2026-10-07,NVDA,2026-10-06T00:29:09.099978+00:00,238.9,0.0401800012588501,0.0022226971865062345,0.3859572768879324
NVDA261009C00055000,2026-10-05 14:53:57+00:00,55.0,182.22,181.55,185.9,2.430008,1.3515813,4.0,4.0,8.541996848754883,True,REGULAR,USD,Call,2026-10-09,NVDA,2026-10-06T00:29:09.099978+00:00,238.9,0.0401800012588501,0.0022226971865062345,0.3859572768879324
NVDA261009C00060000,2026-10-05 19:30:44+00:00,60.0,177.3,176.55,180.9,12.800003,7.7811565,12.0,2.0,8.050786218261717,True,REGULAR,USD,Call,2026-10-09,NVDA,2026-10-06T00:29:09.099978+00:00,238.9,0.0401800012588501,0.0022226971865062345,0.3859572768879324
NVDA261009C00075000,2026-10-05 15:07:09+00:00,75.0,162.25,161.65,165.95,12.9900055,8.702938,20.0,3.0,6.8496108129882805,True,REGULAR,USD,Call,2026-10-09,NVDA,2026-10-06T00:29:09.099978+00:00,238.9,0.0401800012588501,0.0022226971865062345,0.3859572768879324
NVDA261009C00080000,2026-10-05 16:59:59+00:00,80.0,155.1,156.7,160.95,0.51000977,0.32991123,50.0,1.0,6.4951190686035165,True,REGULAR,USD,Call,2026-10-09,NVDA,2026-10-06T00:29:09.099978+00:00,238.9,0.0401800012588501,0.0022226971865062345,0.3859572768879324
NVDA261009C00085000,2026-10-05 17:10:00+00:00,85.0,152.49,151.6,155.95,2.8200073,1.88415,46.0,12.0,6.164064794921874,True,REGULAR,USD,Call,2026-10-09,NVDA,2026-10-06T00:29:09.099978+00:00,238.9,0.0401800012588501,0.0022226971865062345,0.3859572768879324
NVDA261009C00090000,2026-10-05 17:11:00+00:00,90.0,147.95,146.7,150.95,13.270004,9.852989,58.0,0.0,5.8535183081054685,True,REGULAR,USD,Call,2026-10-09,NVDA,2026-10-06T00:29:09.099978+00:00,238.9,0.0401800012588501,0.0022226971865062345,0.3859572768879324
NVDA261009C00095000,2026-10-05 19:46:23+00:00,95.0,144.74,140.75,147.35,7.2400055,5.2654586,298.0,2.0,3.6562508593750005,True,REGULAR,USD,Call,2026-10-09,NVDA,2026-10-06T00:29:09.099978+00:00,238.9,0.0401800012588501,0.0022226971865062345,0.3859572768879324
NVDA261009C00100000,2026-10-05 16:05:56+00:00,100.0,136.89,136.6,140.95,2.25,1.671123,70.0,5.0,5.283206520996093,True,REGULAR,USD,Call,2026-10-09,NVDA,2026-10-06T00:29:09.099978+00:00,238.9,0.0401800012588501,0.0022226971865062345,0.3859572768879324
NVDA261009C00105000,2026-10-05 19:48:41+00:00,105.0,134.78,131.7,135.95,5.0099945,3.8606722,96.0,15.0,5.0195349755859375,True,REGULAR,USD,Call,2026-10-09,NVDA,2026-10-06T00:29:09.099978+00:00,238.9,0.0401800012588501,0.0022226971865062345,0.3859572768879324
NVDA261009C00110000,2026-10-05 18:59:06+00:00,110.0,130.05,126.6,130.95,5.2400055,4.198386,118.0,6.0,4.76855872680664,True,REGULAR,USD,Call,2026-10-09,NVDA,2026-10-06T00:29:09.099978+00:00,238.9,0.0401800012588501,0.0022226971865062345,0.3859572768879324
NVDA261009C00115000,2026-10-05 19:24:54+00:00,115.0,124.74,121.6,125.95,6.489998,5.48837,46.0,6.0,4.529301213378906,True,REGULAR,USD,Call,2026-10-09,NVDA,2026-10-06T00:29:09.099978+00:00,238.9,0.0401800012588501,0.0022226971865062345,0.3859572768879324
NVDA261009C00120000,2026-10-05 19:45:20+00:00,120.0,119.74,116.95,121.0,14.549995,13.8321085,129.0,8.0,2.57031607421875,True,REGULAR,USD,Call,2026-10-09,NVDA,2026-10-06T00:29:09.099978+00:00,238.9,0.0401800012588501,0.0022226971865062345,0.3859572768879324
NVDA261009C00125000,2026-10-05 19:34:19+00:00,125.0,114.46,112.1,116.05,4.529999,4.120803,71.0,3.0,2.68750328125,True,REGULAR,USD,Call,2026-10-09,NVDA,2026-10-06T00:29:09.099978+00:00,238.9,0.0401800012588501,0.0022226971865062345,0.3859572768879324
NVDA261009C00130000,2026-10-05 19:01:40+00:00,130.0,110.1,106.75,111.0,5.290001,5.04723,79.0,5.0,3.8906252734375,True,REGULAR,USD,Call,2026-10-09,NVDA,2026-10-06T00:29:09.099978+00:00,238.9,0.0401800012588501,0.0022226971865062345,0.3859572768879324
NVDA261009C00135000,2026-10-05 19:48:47+00:00,135.0,105.6,102.4,106.1,5.8600006,5.8752766,94.0,6.0,2.6386752783203127,True,REGULAR,USD,Call,2026-10-09,NVDA,2026-10-06T00:29:09.099978+00:00,238.9,0.0401800012588501,0.0022226971865062345,0.3859572768879324
NVDA261009C00140000,2026-10-05 19:34:29+00:00,140.0,100.35,97.05,101.05,5.3899994,5.6760736,93.0,19.0,2.2109419726562494,True,REGULAR,USD,Call,2026-10-09,NVDA,2026-10-06T00:29:09.099978+00:00,238.9,0.0401800012588501,0.0022226971865062345,0.3859572768879324
NVDA261009C00145000,2026-10-05 19:39:03+00:00,145.0,95.08,91.8,96.0,5.5200043,6.1634707,107.0,68.0,0.500005,True,REGULAR,USD,Call,2026-10-09,NVDA,2026-10-06T00:29:09.099978+00:00,238.9,0.0401800012588501,0.0022226971865062345,0.3859572768879324
NVDA261009C00150000,2026-10-05 19:49:02+00:00,150.0,90.61,86.85,91.0,7.1100006,8.514971,142.0,68.0,1.5937520312499998,True,REGULAR,USD,Call,2026-10-09,NVDA,2026-10-06T00:29:09.099978+00:00,238.9,0.0401800012588501,0.0022226971865062345,0.3859572768879324
NVDA261009C00155000,2026-10-05 19:51:24+00:00,155.0,82.5,81.95,86.05,2.7300034,3.4223435,78.0,16.0,1.734376328125,True,REGULAR,USD,Call,2026-10-09,NVDA,2026-10-06T00:29:09.099978+00:00,238.9,0.0401800012588501,0.0022226971865062345,0.3859572768879324
NVDA261009C00160000,2026-10-05 19:43:10+00:00,160.0,79.89,77.2,81.05,7.540001,10.421564,72.0,17.0,1.8046884765624998,True,REGULAR,USD,Call,2026-10-09,NVDA,2026-10-06T00:29:09.099978+00:00,238.9,0.0401800012588501,0.0022226971865062345,0.3859572768879324
NVDA261009C00165000,2026-10-05 19:45:13+00:00,165.0,74.78,71.95,76.05,5.290001,7.612608,98.0,21.0,1.5078149609375,True,REGULAR,USD,Call,2026-10-09,NVDA,2026-10-06T00:29:09.099978+00:00,238.9,0.0401800012588501,0.0022226971865062345,0.3859572768879324
NVDA261009C00170000,2026-10-05 19:52:25+00:00,170.0,69.76,67.15,72.1,5.5699997,8.677363,164.0,52.0,1.9072270263671878,True,REGULAR,USD,Call,2026-10-09,NVDA,2026-10-06T00:29:09.099978+00:00,238.9,0.0401800012588501,0.0022226971865062345,0.3859572768879324
NVDA261009C00175000,2026-10-05 19:16:20+00:00,175.0,64.9,61.8,64.35,5.670002,9.572855,186.0,26.0,1.619142529296875,True,REGULAR,USD,Call,2026-10-09,NVDA,2026-10-06T00:29:09.099978+00:00,238.9,0.0401800012588501,0.0022226971865062345,0.3859572768879324
NVDA261009C00180000,2026-10-05 19:48:24+00:00,180.0,59.74,56.85,60.7,6.290001,11.768009,188.0,64.0,2.0112354406738278,True,REGULAR,USD,Call,2026-10-09,NVDA,2026-10-06T00:29:09.099978+00:00,238.9,0.0401800012588501,0.0022226971865062345,0.3859572768879324
NVDA261009C00185000,2026-10-05 19:43:51+00:00,185.0,54.9,51.65,56.05,5.210003,10.485013,179.0,99.0,1.949707282714844,True,REGULAR,USD,Call,2026-10-09,NVDA,2026-10-06T00:29:09.099978+00:00,238.9,0.0401800012588501,0.0022226971865062345,0.3859572768879324
NVDA261009C00190000,2026-10-05 18:57:20+00:00,190.0,49.82,47.2,50.5,5.66,12.817029,247.0,206.0,1.6552751611328125,True,REGULAR,USD,Call,2026-10-09,NVDA,2026-10-06T00:29:09.099978+00:00,238.9,0.0401800012588501,0.0022226971865062345,0.3859572768879324
NVDA261009C00195000,2026-10-05 19:44:45+00:00,195.0,44.8,41.85,46.1,5.0,12.562815,190.0,480.0,0.851563984375,True,REGULAR,USD,Call,2026-10-09,NVDA,2026-10-06T00:29:09.099978+00:00,238.9,0.0401800012588501,0.0022226971865062345,0.3859572768879324
NVDA261009C00197500,2026-10-05 19:01:59+00:00,197.5,42.11,39.65,43.65,5.0200005,13.534647,278.0,28.0,0.96289099609375,True,REGULAR,USD,Call,2026-10-09,NVDA,2026-10-06T00:29:09.099978+00:00,238.9,0.0401800012588501,0.0022226971865062345,0.3859572768879324
NVDA261009C00200000,2026-10-05 19:48:03+00:00,200.0,39.68,38.35,39.25,4.9300003,14.187051,1174.0,791.0,0.965820654296875,True,REGULAR,USD,Call,2026-10-09,NVDA,2026-10-06T00:29:09.099978+00:00,238.9,0.0401800012588501,0.0022226971865062345,0.3859572768879324
NVDA261009C00202500,2026-10-05 19:54:27+00:00,202.5,36.35,34.8,38.0,4.25,13.239876,3827.0,30.0,1.2939488427734374,True,REGULAR,USD,Call,2026-10-09,NVDA,2026-10-06T00:29:09.099978+00:00,238.9,0.0401800012588501,0.0022226971865062345,0.3859572768879324
NVDA261009C00205000,2026-10-05 19:52:34+00:00,205.0,34.75,33.55,35.55,4.8500004,16.220737,3524.0,545.0,0.9707034179687499,True,REGULAR,USD,Call,2026-10-09,NVDA,2026-10-06T00:29:09.099978+00:00,238.9,0.0401800012588501,0.0022226971865062345,0.3859572768879324
NVDA261009C00207500,2026-10-05 19:22:44+00:00,207.5,32.35,29.4,33.65,5.3499985,19.81481,11086.0,413.0,0.6660189648437502,True,REGULAR,USD,Call,2026-10-09,NVDA,2026-10-06T00:29:09.099978+00:00,238.9,0.0401800012588501,0.0022226971865062345,0.3859572768879324
NVDA261009C00210000,2026-10-05 19:43:43+00:00,210.0,29.98,28.65,29.35,5.779999,23.884293,3402.0,1105.0,0.596683720703125,True,REGULAR,USD,Call,2026-10-09,NVDA,2026-10-06T00:29:09.099978+00:00,238.9,0.0401800012588501,0.0022226971865062345,0.3859572768879324
NVDA261009C00212500,2026-10-05 19:46:36+00:00,212.5,27.31,26.15,26.85,5.199999,23.518764,1744.0,767.0,0.5488326367187502,True,REGULAR,USD,Call,2026-10-09,NVDA,2026-10-06T00:29:09.099978+00:00,238.9,0.0401800012588501,0.0022226971865062345,0.3859572768879324
NVDA261009C00215000,2026-10-05 19:38:25+00:00,215.0,24.98,23.65,25.75,5.529999,28.43187,2081.0,9532.0,0.7656273437500001,True,REGULAR,USD,Call,2026-10-09,NVDA,2026-10-06T00:29:09.099978+00:00,238.9,0.0401800012588501,0.0022226971865062345,0.3859572768879324
NVDA261009C00217500,2026-10-05 19:56:33+00:00,217.5,22.31,20.85,22.25,5.0599995,29.33333,6009.0,2975.0,0.7133817724609376,True,REGULAR,USD,Call,2026-10-09,NVDA,2026-10-06T00:29:09.099978+00:00,238.9,0.0401800012588501,0.0022226971865062345,0.3859572768879324
NVDA261009C00220000,2026-10-05 19:58:47+00:00,220.0,18.77,18.75,19.8,4.4000006,30.61935,2098.0,4864.0,0.5268602001953125,True,REGULAR,USD,Call,2026-10-09,NVDA,2026-10-06T00:29:09.099978+00:00,238.9,0.0401800012588501,0.0022226971865062345,0.3859572768879324
NVDA261009C00222500,2026-10-05 19:57:41+00:00,222.5,16.35,16.25,17.3,4.38,36.591476,4395.0,1214.0,0.5937540625000001,True,REGULAR,USD,Call,2026-10-09,NVDA,2026-10-06T00:29:09.099978+00:00,238.9,0.0401800012588501,0.0022226971865062345,0.3859572768879324
NVDA261009C00225000,2026-10-05 19:59:35+00:00,225.0,14.19,13.95,14.8,4.3899994,44.79591,1838.0,7653.0,0.5268602001953125,True,REGULAR,USD,Call,2026-10-09,NVDA,2026-10-06T00:29:09.099978+00:00,238.9,0.0401800012588501,0.0022226971865062345,0.3859572768879324
NVDA261009C00227500,2026-10-05 19:59:07+00:00,227.5,11.7,11.9,12.2,4.0099998,52.145638,555.0,4102.0,0.4409235595703125,True,REGULAR,USD,Call,2026-10-09,NVDA,2026-10-06T00:29:09.099978+00:00,238.9,0.0401800012588501,0.0022226971865062345,0.3859572768879324
NVDA261009C00230000,2026-10-05 19:59:43+00:00,230.0,9.37,9.65,9.85,3.37,56.166668,6689.0,15917.0,0.39624627197265627,True,REGULAR,USD,Call,2026-10-09,NVDA,2026-10-06T00:29:09.099978+00:00,238.9,0.0401800012588501,0.0022226971865062345,0.3859572768879324
NVDA261009C00232500,2026-10-05 19:59:48+00:00,232.5,7.2,7.45,7.6,2.8999996,67.44185,3351.0,4460.0,0.3566958862304687,True,REGULAR,USD,Call,2026-10-09,NVDA,2026-10-06T00:29:09.099978+00:00,238.9,0.0401800012588501,0.0022226971865062345,0.3859572768879324
NVDA261009C00235000,2026-10-05 19:59:59+00:00,235.0,5.6,5.55,5.65,2.6,86.666664,22750.0,31806.0,0.33789724609375,True,REGULAR,USD,Call,2026-10-09,NVDA,2026-10-06T00:29:09.099978+00:00,238.9,0.0401800012588501,0.0022226971865062345,0.3859572768879324
NVDA261009C00237500,2026-10-05 19:59:49+00:00,237.5,3.65,3.85,3.95,1.7,87.17948,31028.0,9342.0,0.3217841259765625,True,REGULAR,USD,Call,2026-10-09,NVDA,2026-10-06T00:29:09.099978+00:00,238.9,0.0401800012588501,0.0022226971865062345,0.3859572768879324
NVDA261009C00240000,2026-10-05 19:59:59+00:00,240.0,2.57,2.56,2.6,1.39,117.796616,78880.0,78334.0,0.31189652954101554,False,REGULAR,USD,Call,2026-10-09,NVDA,2026-10-06T00:29:09.099978+00:00,238.9,0.0401800012588501,0.0022226971865062345,0.3859572768879324
NVDA261009C00242500,2026-10-05 19:59:57+00:00,242.5,1.6,1.58,1.62,0.90000004,128.57143,22601.0,19670.0,0.30762411132812495,False,REGULAR,USD,Call,2026-10-09,NVDA,2026-10-06T00:29:09.099978+00:00,238.9,0.0401800012588501,0.0022226971865062345,0.3859572768879324
NVDA261009C00245000,2026-10-05 19:59:59+00:00,245.0,0.91,0.92,0.95,0.5,121.95121,44243.0,43713.0,0.305671005859375,False,REGULAR,USD,Call,2026-10-09,NVDA,2026-10-06T00:29:09.099978+00:00,238.9,0.0401800012588501,0.0022226971865062345,0.3859572768879324
NVDA261009C00247500,2026-10-05 19:59:58+00:00,247.5,0.5,0.52,0.54,0.26,108.33333,37029.0,33368.0,0.30762411132812495,False,REGULAR,USD,Call,2026-10-09,NVDA,2026-10-06T00:29:09.099978+00:00,238.9,0.0401800012588501,0.0022226971865062345,0.3859572768879324
NVDA261009C00250000,2026-10-05 19:59:59+00:00,250.0,0.29,0.28,0.3,0.14999999,107.14285,46851.0,24044.0,0.31250687499999996,False,REGULAR,USD,Call,2026-10-09,NVDA,2026-10-06T00:29:09.099978+00:00,238.9,0.0401800012588501,0.0022226971865062345,0.3859572768879324
NVDA261009C00252500,2026-10-05 19:59:59+00:00,252.5,0.16,0.15,0.17,0.059999995,59.999996,28579.0,4593.0,0.32031929687499994,False,REGULAR,USD,Call,2026-10-09,NVDA,2026-10-06T00:29:09.099978+00:00,238.9,0.0401800012588501,0.0022226971865062345,0.3859572768879324
NVDA261009C00255000,2026-10-05 19:59:58+00:00,255.0,0.08,0.09,0.1,0.009999998,14.285711,46022.0,6799.0,0.3320379296875,False,REGULAR,USD,Call,2026-10-09,NVDA,2026-10-06T00:29:09.099978+00:00,238.9,0.0401800012588501,0.0022226971865062345,0.3859572768879324
NVDA261009C00257500,2026-10-05 19:59:26+00:00,257.5,0.04,0.05,0.06,0.0,0.0,14564.0,1610.0,0.3437565625,False,REGULAR,USD,Call,2026-10-09,NVDA,2026-10-06T00:29:09.099978+00:00,238.9,0.0401800012588501,0.0022226971865062345,0.3859572768879324
NVDA261009C00260000,2026-10-05 19:59:14+00:00,260.0,0.03,0.03,0.04,0.0,0.0,8291.0,10851.0,0.35938140625,False,REGULAR,USD,Call,2026-10-09,NVDA,2026-10-06T00:29:09.099978+00:00,238.9,0.0401800012588501,0.0022226971865062345,0.3859572768879324
NVDA261009C00265000,2026-10-05 19:57:59+00:00,265.0,0.01,0.01,0.02,-0.02,-66.66667,2602.0,9378.0,0.39453730468750003,False,REGULAR,USD,Call,2026-10-09,NVDA,2026-10-06T00:29:09.099978+00:00,238.9,0.0401800012588501,0.0022226971865062345,0.3859572768879324
NVDA261009C00270000,2026-10-05 19:39:03+00:00,270.0,0.01,0.0,0.01,0.0,0.0,2633.0,4368.0,0.42188078125,False,REGULAR,USD,Call,2026-10-09,NVDA,2026-10-06T00:29:09.099978+00:00,238.9,0.0401800012588501,0.0022226971865062345,0.3859572768879324
NVDA261009C00275000,2026-10-05 15:05:49+00:00,275.0,0.01,0.0,0.01,-0.01,-50.0,54.0,1615.0,0.48438015625,False,REGULAR,USD,Call,2026-10-09,NVDA,2026-10-06T00:29:09.099978+00:00,238.9,0.0401800012588501,0.0022226971865062345,0.3859572768879324
NVDA261009C00280000,2026-10-05 17:39:03+00:00,280.0,0.01,0.0,0.01,0.0,0.0,14.0,2247.0,0.500005,False,REGULAR,USD,Call,2026-10-09,NVDA,2026-10-06T00:29:09.099978+00:00,238.9,0.0401800012588501,0.0022226971865062345,0.3859572768879324
NVDA261009C00285000,2026-10-02 16:25:44+00:00,285.0,0.01,0.0,0.01,0.0,0.0,335.0,1251.0,0.5625043750000001,False,REGULAR,USD,Call,2026-10-09,NVDA,2026-10-06T00:29:09.099978+00:00,238.9,0.0401800012588501,0.0022226971865062345,0.3859572768879324
NVDA261009C00290000,2026-10-02 14:43:17+00:00,290.0,0.01,0.0,0.01,0.0,0.0,1.0,638.0,0.5937540625000001,False,REGULAR,USD,Call,2026-10-09,NVDA,2026-10-06T00:29:09.099978+00:00,238.9,0.0401800012588501,0.0022226971865062345,0.3859572768879324
NVDA261009C00295000,2026-10-01 15:28:18+00:00,295.0,0.01,0.0,0.01,0.0,0.0,23.0,527.0,0.6562534375000001,False,REGULAR,USD,Call,2026-10-09,NVDA,2026-10-06T00:29:09.099978+00:00,238.9,0.0401800012588501,0.0022226971865062345,0.3859572768879324
NVDA261009C00300000,2026-09-30 17:19:44+00:00,300.0,0.01,0.0,0.01,0.0,0.0,1.0,310.0,0.6875031250000001,False,REGULAR,USD,Call,2026-10-09,NVDA,2026-10-06T00:29:09.099978+00:00,238.9,0.0401800012588501,0.0022226971865062345,0.3859572768879324
NVDA261009C00305000,2026-09-17 15:17:57+00:00,305.0,0.01,0.0,0.01,0.0,0.0,14.0,242.0,0.7500025,False,REGULAR,USD,Call,2026-10-09,NVDA,2026-10-06T00:29:09.099978+00:00,238.9,0.0401800012588501,0.0022226971865062345,0.3859572768879324
NVDA261009C00310000,2026-09-23 13:30:03+00:00,310.0,0.02,0.0,0.01,0.0,0.0,3.0,454.0,0.7812521875,False,REGULAR,USD,Call,2026-10-09,NVDA,2026-10-06T00:29:09.099978+00:00,238.9,0.0401800012588501,0.0022226971865062345,0.3859572768879324
NVDA261009C00315000,2026-09-16 15:47:57+00:00,315.0,0.03,0.0,0.01,0.0,0.0,8.0,154.0,0.8437515624999999,False,REGULAR,USD,Call,2026-10-09,NVDA,2026-10-06T00:29:09.099978+00:00,238.9,0.0401800012588501,0.0022226971865062345,0.3859572768879324
NVDA261009C00320000,2026-09-11 15:09:04+00:00,320.0,0.01,0.0,0.01,0.0,0.0,14.0,30.0,0.87500125,False,REGULAR,USD,Call,2026-10-09,NVDA,2026-10-06T00:29:09.099978+00:00,238.9,0.0401800012588501,0.0022226971865062345,0.3859572768879324
NVDA261009C00325000,2026-09-09 18:56:29+00:00,325.0,0.04,0.0,0.01,0.0,0.0,15.0,1025.0,0.9062509375,False,REGULAR,USD,Call,2026-10-09,NVDA,2026-10-06T00:29:09.099978+00:00,238.9,0.0401800012588501,0.0022226971865062345,0.3859572768879324
NVDA261009C00330000,2026-09-16 18:52:08+00:00,330.0,0.01,0.0,0.01,0.0,0.0,3.0,9.0,0.9687503125,False,REGULAR,USD,Call,2026-10-09,NVDA,2026-10-06T00:29:09.099978+00:00,238.9,0.0401800012588501,0.0022226971865062345,0.3859572768879324
NVDA261009C00335000,2026-10-02 15:43:21+00:00,335.0,0.01,0.0,0.01,0.0,0.0,1.0,64.0,1.000005,False,REGULAR,USD,Call,2026-10-09,NVDA,2026-10-06T00:29:09.099978+00:00,238.9,0.0401800012588501,0.0022226971865062345,0.3859572768879324
NVDA261009C00340000,2026-09-28 13:55:06+00:00,340.0,0.01,0.0,0.01,0.0,0.0,,2.0,1.0312548437500002,False,REGULAR,USD,Call,2026-10-09,NVDA,2026-10-06T00:29:09.099978+00:00,238.9,0.0401800012588501,0.0022226971865062345,0.3859572768879324
NVDA261009C00345000,2026-09-09 13:30:01+00:00,345.0,0.03,0.0,0.01,0.0,0.0,,1.0,1.09375453125,False,REGULAR,USD,Call,2026-10-09,NVDA,2026-10-06T00:29:09.099978+00:00,238.9,0.0401800012588501,0.0022226971865062345,0.3859572768879324
NVDA261009C00350000,2026-09-09 17:33:07+00:00,350.0,0.02,0.0,0.01,0.0,0.0,15.0,159.0,1.125004375,False,REGULAR,USD,Call,2026-10-09,NVDA,2026-10-06T00:29:09.099978+00:00,238.9,0.0401800012588501,0.0022226971865062345,0.3859572768879324
NVDA261009C00360000,2026-09-04 19:00:15+00:00,360.0,0.02,0.0,0.01,0.0,0.0,10.0,10.0,1.1875040625,False,REGULAR,USD,Call,2026-10-09,NVDA,2026-10-06T00:29:09.099978+00:00,238.9,0.0401800012588501,0.0022226971865062345,0.3859572768879324
NVDA261009C00390000,2026-10-02 17:57:50+00:00,390.0,0.01,0.0,0.01,0.0,0.0,1.0,4.0,1.40625296875,False,REGULAR,USD,Call,2026-10-09,NVDA,2026-10-06T00:29:09.099978+00:00,238.9,0.0401800012588501,0.0022226971865062345,0.3859572768879324
NVDA261009P00050000,2026-09-18 17:15:07+00:00,50.0,0.01,0.0,0.01,0.0,0.0,4.0,42.0,4.500004375,False,REGULAR,USD,Put,2026-10-09,NVDA,2026-10-06T00:29:09.099978+00:00,238.9,0.0401800012588501,0.0022226971865062345,0.3859572768879324
NVDA261009P00055000,2026-09-04 14:36:47+00:00,55.0,0.02,0.0,0.01,0.0,0.0,4.0,459.0,4.12500484375,False,REGULAR,USD,Put,2026-10-09,NVDA,2026-10-06T00:29:09.099978+00:00,238.9,0.0401800012588501,0.0022226971865062345,0.3859572768879324
NVDA261009P00060000,2026-09-14 16:54:10+00:00,60.0,0.01,0.0,0.01,0.0,0.0,2.0,4502.0,3.8750003125,False,REGULAR,USD,Put,2026-10-09,NVDA,2026-10-06T00:29:09.099978+00:00,238.9,0.0401800012588501,0.0022226971865062345,0.3859572768879324
NVDA261009P00065000,2026-09-24 17:34:51+00:00,65.0,0.01,0.0,0.01,0.0,0.0,5.0,15.0,3.750000625,False,REGULAR,USD,Put,2026-10-09,NVDA,2026-10-06T00:29:09.099978+00:00,238.9,0.0401800012588501,0.0022226971865062345,0.3859572768879324
NVDA261009P00075000,2026-09-28 19:56:34+00:00,75.0,0.01,0.0,0.01,0.0,0.0,1462.0,2184.0,3.3125017187499997,False,REGULAR,USD,Put,2026-10-09,NVDA,2026-10-06T00:29:09.099978+00:00,238.9,0.0401800012588501,0.0022226971865062345,0.3859572768879324
NVDA261009P00080000,2026-09-28 19:56:33+00:00,80.0,0.01,0.0,0.01,0.0,0.0,244.0,442.0,3.1250021875,False,REGULAR,USD,Put,2026-10-09,NVDA,2026-10-06T00:29:09.099978+00:00,238.9,0.0401800012588501,0.0022226971865062345,0.3859572768879324
NVDA261009P00085000,2026-09-28 19:56:33+00:00,85.0,0.01,0.0,0.01,0.0,0.0,59.0,626.0,3.0000025,False,REGULAR,USD,Put,2026-10-09,NVDA,2026-10-06T00:29:09.099978+00:00,238.9,0.0401800012588501,0.0022226971865062345,0.3859572768879324
NVDA261009P00090000,2026-09-28 19:56:33+00:00,90.0,0.01,0.0,0.01,0.0,0.0,23.0,86.0,2.81250296875,False,REGULAR,USD,Put,2026-10-09,NVDA,2026-10-06T00:29:09.099978+00:00,238.9,0.0401800012588501,0.0022226971865062345,0.3859572768879324
NVDA261009P00095000,2026-09-28 19:56:33+00:00,95.0,0.01,0.0,0.01,0.0,0.0,2.0,510.0,2.6250034375,False,REGULAR,USD,Put,2026-10-09,NVDA,2026-10-06T00:29:09.099978+00:00,238.9,0.0401800012588501,0.0022226971865062345,0.3859572768879324
NVDA261009P00100000,2026-09-28 19:52:33+00:00,100.0,0.01,0.0,0.01,0.0,0.0,2380.0,1750.0,2.50000375,False,REGULAR,USD,Put,2026-10-09,NVDA,2026-10-06T00:29:09.099978+00:00,238.9,0.0401800012588501,0.0022226971865062345,0.3859572768879324
NVDA261009P00105000,2026-10-02 15:30:34+00:00,105.0,0.01,0.0,0.01,0.0,0.0,66.0,13951.0,2.3750040624999995,False,REGULAR,USD,Put,2026-10-09,NVDA,2026-10-06T00:29:09.099978+00:00,238.9,0.0401800012588501,0.0022226971865062345,0.3859572768879324
NVDA261009P00110000,2026-10-05 13:30:02+00:00,110.0,0.01,0.0,0.01,0.0,0.0,26.0,46135.0,2.2500043749999996,False,REGULAR,USD,Put,2026-10-09,NVDA,2026-10-06T00:29:09.099978+00:00,238.9,0.0401800012588501,0.0022226971865062345,0.3859572768879324
NVDA261009P00115000,2026-10-02 19:58:42+00:00,115.0,0.01,0.0,0.01,0.0,0.0,1.0,28059.0,2.1250046874999997,False,REGULAR,USD,Put,2026-10-09,NVDA,2026-10-06T00:29:09.099978+00:00,238.9,0.0401800012588501,0.0022226971865062345,0.3859572768879324
NVDA261009P00120000,2026-10-05 17:35:52+00:00,120.0,0.01,0.0,0.01,0.0,0.0,193.0,10566.0,2.000005,False,REGULAR,USD,Put,2026-10-09,NVDA,2026-10-06T00:29:09.099978+00:00,238.9,0.0401800012588501,0.0022226971865062345,0.3859572768879324
NVDA261009P00125000,2026-10-01 15:51:02+00:00,125.0,0.02,0.0,0.01,0.0,0.0,50.0,1689.0,1.875000625,False,REGULAR,USD,Put,2026-10-09,NVDA,2026-10-06T00:29:09.099978+00:00,238.9,0.0401800012588501,0.0022226971865062345,0.3859572768879324
NVDA261009P00130000,2026-10-05 19:50:52+00:00,130.0,0.01,0.0,0.01,0.0,0.0,9306.0,706.0,1.78125109375,False,REGULAR,USD,Put,2026-10-09,NVDA,2026-10-06T00:29:09.099978+00:00,238.9,0.0401800012588501,0.0022226971865062345,0.3859572768879324
NVDA261009P00135000,2026-10-05 19:53:14+00:00,135.0,0.02,0.0,0.01,0.01,100.0,1861.0,1171.0,1.6875015625,False,REGULAR,USD,Put,2026-10-09,NVDA,2026-10-06T00:29:09.099978+00:00,238.9,0.0401800012588501,0.0022226971865062345,0.3859572768879324
NVDA261009P00140000,2026-10-05 19:33:53+00:00,140.0,0.01,0.0,0.01,-0.01,-50.0,1341.0,1046.0,1.5625021874999998,False,REGULAR,USD,Put,2026-10-09,NVDA,2026-10-06T00:29:09.099978+00:00,238.9,0.0401800012588501,0.0022226971865062345,0.3859572768879324
NVDA261009P00145000,2026-10-05 19:13:10+00:00,145.0,0.01,0.0,0.02,-0.01,-50.0,1008.0,1157.0,1.5625021874999998,False,REGULAR,USD,Put,2026-10-09,NVDA,2026-10-06T00:29:09.099978+00:00,238.9,0.0401800012588501,0.0022226971865062345,0.3859572768879324
NVDA261009P00150000,2026-10-05 19:38:03+00:00,150.0,0.01,0.01,0.02,0.0,0.0,201.0,1190.0,1.5156274218749999,False,REGULAR,USD,Put,2026-10-09,NVDA,2026-10-06T00:29:09.099978+00:00,238.9,0.0401800012588501,0.0022226971865062345,0.3859572768879324
NVDA261009P00155000,2026-10-05 13:54:38+00:00,155.0,0.02,0.01,0.02,0.0,0.0,20.0,1255.0,1.421877890625,False,REGULAR,USD,Put,2026-10-09,NVDA,2026-10-06T00:29:09.099978+00:00,238.9,0.0401800012588501,0.0022226971865062345,0.3859572768879324
NVDA261009P00160000,2026-10-05 19:01:55+00:00,160.0,0.02,0.01,0.02,-0.01,-33.333336,182.0,4026.0,1.3281283593749997,False,REGULAR,USD,Put,2026-10-09,NVDA,2026-10-06T00:29:09.099978+00:00,238.9,0.0401800012588501,0.0022226971865062345,0.3859572768879324
NVDA261009P00165000,2026-10-05 18:48:59+00:00,165.0,0.02,0.01,0.02,-0.01,-33.333336,134.0,2997.0,1.2343788281249999,False,REGULAR,USD,Put,2026-10-09,NVDA,2026-10-06T00:29:09.099978+00:00,238.9,0.0401800012588501,0.0022226971865062345,0.3859572768879324
NVDA261009P00170000,2026-10-05 19:32:34+00:00,170.0,0.01,0.01,0.03,-0.01,-50.0,382.0,2880.0,1.171879140625,False,REGULAR,USD,Put,2026-10-09,NVDA,2026-10-06T00:29:09.099978+00:00,238.9,0.0401800012588501,0.0022226971865062345,0.3859572768879324
NVDA261009P00175000,2026-10-05 19:21:53+00:00,175.0,0.03,0.01,0.02,0.0,0.0,1571.0,4506.0,1.0468797656250002,False,REGULAR,USD,Put,2026-10-09,NVDA,2026-10-06T00:29:09.099978+00:00,238.9,0.0401800012588501,0.0022226971865062345,0.3859572768879324
NVDA261009P00180000,2026-10-05 19:49:12+00:00,180.0,0.01,0.01,0.03,-0.03,-75.0,1131.0,8156.0,0.98437515625,False,REGULAR,USD,Put,2026-10-09,NVDA,2026-10-06T00:29:09.099978+00:00,238.9,0.0401800012588501,0.0022226971865062345,0.3859572768879324
NVDA261009P00185000,2026-10-05 19:53:57+00:00,185.0,0.03,0.02,0.03,0.0,0.0,842.0,3688.0,0.92187578125,False,REGULAR,USD,Put,2026-10-09,NVDA,2026-10-06T00:29:09.099978+00:00,238.9,0.0401800012588501,0.0022226971865062345,0.3859572768879324
NVDA261009P00190000,2026-10-05 19:45:26+00:00,190.0,0.04,0.03,0.04,0.0,0.0,2927.0,9629.0,0.8632826171875,False,REGULAR,USD,Put,2026-10-09,NVDA,2026-10-06T00:29:09.099978+00:00,238.9,0.0401800012588501,0.0022226971865062345,0.3859572768879324
NVDA261009P00195000,2026-10-05 19:30:25+00:00,195.0,0.04,0.03,0.04,-0.010000002,-20.000002,1028.0,6873.0,0.773439765625,False,REGULAR,USD,Put,2026-10-09,NVDA,2026-10-06T00:29:09.099978+00:00,238.9,0.0401800012588501,0.0022226971865062345,0.3859572768879324
NVDA261009P00197500,2026-10-05 19:58:24+00:00,197.5,0.04,0.03,0.04,-0.010000002,-20.000002,920.0,1284.0,0.7304714453125,False,REGULAR,USD,Put,2026-10-09,NVDA,2026-10-06T00:29:09.099978+00:00,238.9,0.0401800012588501,0.0022226971865062345,0.3859572768879324
NVDA261009P00200000,2026-10-05 19:52:31+00:00,200.0,0.05,0.04,0.05,0.0,0.0,12684.0,8167.0,0.710940390625,False,REGULAR,USD,Put,2026-10-09,NVDA,2026-10-06T00:29:09.099978+00:00,238.9,0.0401800012588501,0.0022226971865062345,0.3859572768879324
NVDA261009P00202500,2026-10-05 19:44:36+00:00,202.5,0.04,0.04,0.05,-0.02,-33.333336,2064.0,2916.0,0.6640658593750002,False,REGULAR,USD,Put,2026-10-09,NVDA,2026-10-06T00:29:09.099978+00:00,238.9,0.0401800012588501,0.0022226971865062345,0.3859572768879324
NVDA261009P00205000,2026-10-05 19:59:28+00:00,205.0,0.05,0.05,0.06,-0.029999997,-37.499996,3190.0,9424.0,0.6367223828125,False,REGULAR,USD,Put,2026-10-09,NVDA,2026-10-06T00:29:09.099978+00:00,238.9,0.0401800012588501,0.0022226971865062345,0.3859572768879324
NVDA261009P00207500,2026-10-05 19:50:40+00:00,207.5,0.05,0.05,0.06,-0.02,-28.571428,497.0,10508.0,0.5937540625000001,False,REGULAR,USD,Put,2026-10-09,NVDA,2026-10-06T00:29:09.099978+00:00,238.9,0.0401800012588501,0.0022226971865062345,0.3859572768879324
NVDA261009P00210000,2026-10-05 19:59:07+00:00,210.0,0.07,0.06,0.07,-0.020000003,-22.222223,1690.0,6532.0,0.56055126953125,False,REGULAR,USD,Put,2026-10-09,NVDA,2026-10-06T00:29:09.099978+00:00,238.9,0.0401800012588501,0.0022226971865062345,0.3859572768879324
NVDA261009P00212500,2026-10-05 19:37:41+00:00,212.5,0.08,0.07,0.08,-0.030000001,-27.272728,16911.0,22943.0,0.5273484765625001,False,REGULAR,USD,Put,2026-10-09,NVDA,2026-10-06T00:29:09.099978+00:00,238.9,0.0401800012588501,0.0022226971865062345,0.3859572768879324
NVDA261009P00215000,2026-10-05 19:59:58+00:00,215.0,0.08,0.08,0.09,-0.060000002,-42.857143,2651.0,12528.0,0.49414568359375005,False,REGULAR,USD,Put,2026-10-09,NVDA,2026-10-06T00:29:09.099978+00:00,238.9,0.0401800012588501,0.0022226971865062345,0.3859572768879324
NVDA261009P00217500,2026-10-05 19:56:19+00:00,217.5,0.1,0.1,0.11,-0.1,-50.0,19702.0,6890.0,0.46289599609375004,False,REGULAR,USD,Put,2026-10-09,NVDA,2026-10-06T00:29:09.099978+00:00,238.9,0.0401800012588501,0.0022226971865062345,0.3859572768879324
NVDA261009P00220000,2026-10-05 19:59:28+00:00,220.0,0.13,0.11,0.13,-0.16,-55.172417,7869.0,22386.0,0.42676354492187507,False,REGULAR,USD,Put,2026-10-09,NVDA,2026-10-06T00:29:09.099978+00:00,238.9,0.0401800012588501,0.0022226971865062345,0.3859572768879324
NVDA261009P00222500,2026-10-05 19:58:48+00:00,222.5,0.17,0.14,0.16,-0.27999997,-62.222214,9387.0,7218.0,0.39258419921875,False,REGULAR,USD,Put,2026-10-09,NVDA,2026-10-06T00:29:09.099978+00:00,238.9,0.0401800012588501,0.0022226971865062345,0.3859572768879324
NVDA261009P00225000,2026-10-05 19:59:03+00:00,225.0,0.22,0.21,0.22,-0.48999998,-69.014084,31276.0,23607.0,0.36426416992187505,False,REGULAR,USD,Put,2026-10-09,NVDA,2026-10-06T00:29:09.099978+00:00,238.9,0.0401800012588501,0.0022226971865062345,0.3859572768879324
NVDA261009P00227500,2026-10-05 19:58:28+00:00,227.5,0.34,0.3,0.31,-0.78,-69.64286,5223.0,9841.0,0.336920693359375,False,REGULAR,USD,Put,2026-10-09,NVDA,2026-10-06T00:29:09.099978+00:00,238.9,0.0401800012588501,0.0022226971865062345,0.3859572768879324
NVDA261009P00230000,2026-10-05 19:59:58+00:00,230.0,0.52,0.47,0.49,-1.25,-70.62147,39547.0,26454.0,0.317389638671875,False,REGULAR,USD,Put,2026-10-09,NVDA,2026-10-06T00:29:09.099978+00:00,238.9,0.0401800012588501,0.0022226971865062345,0.3859572768879324
NVDA261009P00232500,2026-10-05 19:59:59+00:00,232.5,0.8,0.79,0.82,-1.8199999,-69.46565,10140.0,5520.0,0.3039620385742187,False,REGULAR,USD,Put,2026-10-09,NVDA,2026-10-06T00:29:09.099978+00:00,238.9,0.0401800012588501,0.0022226971865062345,0.3859572768879324
NVDA261009P00235000,2026-10-05 19:59:59+00:00,235.0,1.32,1.32,1.35,-2.5299997,-65.71428,33651.0,8638.0,0.29224340576171864,False,REGULAR,USD,Put,2026-10-09,NVDA,2026-10-06T00:29:09.099978+00:00,238.9,0.0401800012588501,0.0022226971865062345,0.3859572768879324
NVDA261009P00237500,2026-10-05 19:59:58+00:00,237.5,2.25,2.14,2.19,-3.0,-57.142857,22335.0,2952.0,0.2849192602539062,False,REGULAR,USD,Put,2026-10-09,NVDA,2026-10-06T00:29:09.099978+00:00,238.9,0.0401800012588501,0.0022226971865062345,0.3859572768879324
NVDA261009P00240000,2026-10-05 19:59:58+00:00,240.0,3.35,3.3,3.4,-3.65,-52.142857,9376.0,5418.0,0.28162339477539056,True,REGULAR,USD,Put,2026-10-09,NVDA,2026-10-06T00:29:09.099978+00:00,238.9,0.0401800012588501,0.0022226971865062345,0.3859572768879324
NVDA261009P00242500,2026-10-05 19:58:18+00:00,242.5,5.2,4.85,5.0,-3.9000006,-42.857147,946.0,2068.0,0.2829661547851562,True,REGULAR,USD,Put,2026-10-09,NVDA,2026-10-06T00:29:09.099978+00:00,238.9,0.0401800012588501,0.0022226971865062345,0.3859572768879324
NVDA261009P00245000,2026-10-05 19:59:49+00:00,245.0,7.05,6.65,6.8,-4.3499994,-38.15789,1215.0,558.0,0.270515107421875,True,REGULAR,USD,Put,2026-10-09,NVDA,2026-10-06T00:29:09.099978+00:00,238.9,0.0401800012588501,0.0022226971865062345,0.3859572768879324
NVDA261009P00247500,2026-10-05 19:53:10+00:00,247.5,8.8,8.75,8.95,-4.21,-32.359722,1067.0,337.0,0.27075924560546877,True,REGULAR,USD,Put,2026-10-09,NVDA,2026-10-06T00:29:09.099978+00:00,238.9,0.0401800012588501,0.0022226971865062345,0.3859572768879324
NVDA261009P00250000,2026-10-05 19:55:54+00:00,250.0,11.4,10.9,11.4,-4.3200006,-27.480919,4416.0,215.0,0.31250687499999996,True,REGULAR,USD,Put,2026-10-09,NVDA,2026-10-06T00:29:09.099978+00:00,238.9,0.0401800012588501,0.0022226971865062345,0.3859572768879324
NVDA261009P00252500,2026-10-05 19:53:10+00:00,252.5,13.1,12.25,15.2,-4.799999,-26.81564,6535.0,3.0,0.5996133789062501,True,REGULAR,USD,Put,2026-10-09,NVDA,2026-10-06T00:29:09.099978+00:00,238.9,0.0401800012588501,0.0022226971865062345,0.3859572768879324
NVDA261009P00255000,2026-10-05 19:55:05+00:00,255.0,16.2,14.65,16.85,-4.449999,-21.549631,3076.0,1.0,0.5185595019531251,True,REGULAR,USD,Put,2026-10-09,NVDA,2026-10-06T00:29:09.099978+00:00,238.9,0.0401800012588501,0.0022226971865062345,0.3859572768879324
NVDA261009P00257500,2026-10-05 19:45:55+00:00,257.5,17.87,17.1,19.5,-5.2199993,-22.607187,1778.0,0.0,0.6030313134765627,True,REGULAR,USD,Put,2026-10-09,NVDA,2026-10-06T00:29:09.099978+00:00,238.9,0.0401800012588501,0.0022226971865062345,0.3859572768879324
NVDA261009P00260000,2026-10-05 19:58:25+00:00,260.0,21.4,20.15,21.7,-4.1499996,-16.24266,338.0,3.0,0.5893595751953126,True,REGULAR,USD,Put,2026-10-09,NVDA,2026-10-06T00:29:09.099978+00:00,238.9,0.0401800012588501,0.0022226971865062345,0.3859572768879324
NVDA261009P00265000,2026-10-05 19:53:40+00:00,265.0,25.0,24.65,26.95,-9.0,-26.470589,230.0,0.0,0.7475611181640626,True,REGULAR,USD,Put,2026-10-09,NVDA,2026-10-06T00:29:09.099978+00:00,238.9,0.0401800012588501,0.0022226971865062345,0.3859572768879324
NVDA261009P00270000,2026-10-05 19:54:18+00:00,270.0,30.75,29.55,32.5,-10.580002,-25.598843,302.0,0.0,0.9641116870117188,True,REGULAR,USD,Put,2026-10-09,NVDA,2026-10-06T00:29:09.099978+00:00,238.9,0.0401800012588501,0.0022226971865062345,0.3859572768879324
NVDA261009P00275000,2026-10-05 19:54:36+00:00,275.0,35.3,34.65,37.4,-6.25,-15.042118,240.0,0.0,1.0424852563476565,True,REGULAR,USD,Put,2026-10-09,NVDA,2026-10-06T00:29:09.099978+00:00,238.9,0.0401800012588501,0.0022226971865062345,0.3859572768879324
NVDA261009P00280000,2026-10-05 19:47:35+00:00,280.0,40.75,40.15,42.35,-4.959999,-10.851015,150.0,0.0,0.7412135253906249,True,REGULAR,USD,Put,2026-10-09,NVDA,2026-10-06T00:29:09.099978+00:00,238.9,0.0401800012588501,0.0022226971865062345,0.3859572768879324
NVDA261009P00285000,2026-10-05 19:41:43+00:00,285.0,44.65,45.4,47.15,-5.9799995,-11.811177,48.0,0.0,0.8281267187499999,True,REGULAR,USD,Put,2026-10-09,NVDA,2026-10-06T00:29:09.099978+00:00,238.9,0.0401800012588501,0.0022226971865062345,0.3859572768879324
NVDA261009P00290000,2026-10-05 19:45:07+00:00,290.0,50.41,48.25,54.9,-10.360001,-17.047886,76.0,0.0,1.0595750146484377,True,REGULAR,USD,Put,2026-10-09,NVDA,2026-10-06T00:29:09.099978+00:00,238.9,0.0401800012588501,0.0022226971865062345,0.3859572768879324
NVDA261009P00295000,2026-10-05 19:47:17+00:00,295.0,55.37,52.2,60.0,-9.130001,-14.155041,118.0,0.0,0.500005,True,REGULAR,USD,Put,2026-10-09,NVDA,2026-10-06T00:29:09.099978+00:00,238.9,0.0401800012588501,0.0022226971865062345,0.3859572768879324
NVDA261009P00300000,2026-10-05 17:46:35+00:00,300.0,62.06,57.2,65.35,-3.7199974,-5.655211,14.0,5.0,1.0253954980468751,True,REGULAR,USD,Put,2026-10-09,NVDA,2026-10-06T00:29:09.099978+00:00,238.9,0.0401800012588501,0.0022226971865062345,0.3859572768879324
NVDA261009P00305000,2026-10-05 16:30:14+00:00,305.0,68.81,62.2,70.2,-1.9900055,-2.8107421,22.0,0.0,1.0078174609375,True,REGULAR,USD,Put,2026-10-09,NVDA,2026-10-06T00:29:09.099978+00:00,238.9,0.0401800012588501,0.0022226971865062345,0.3859572768879324
NVDA261009P00310000,2026-10-05 14:45:04+00:00,310.0,73.03,67.2,75.3,-5.630005,-7.157392,8.0,0.0,1.125004375,True,REGULAR,USD,Put,2026-10-09,NVDA,2026-10-06T00:29:09.099978+00:00,238.9,0.0401800012588501,0.0022226971865062345,0.3859572768879324
NVDA261009P00315000,2026-10-05 16:37:00+00:00,315.0,78.79,72.2,80.3,-8.059998,-9.280366,18.0,0.0,1.1816447167968749,True,REGULAR,USD,Put,2026-10-09,NVDA,2026-10-06T00:29:09.099978+00:00,238.9,0.0401800012588501,0.0022226971865062345,0.3859572768879324
NVDA261009P00320000,2026-10-05 15:34:22+00:00,320.0,83.37,77.2,85.2,-4.649994,-5.2828836,10.0,0.0,1.1757853710937498,True,REGULAR,USD,Put,2026-10-09,NVDA,2026-10-06T00:29:09.099978+00:00,238.9,0.0401800012588501,0.0022226971865062345,0.3859572768879324
NVDA261009P00330000,2026-10-05 15:35:03+00:00,330.0,93.4,87.2,95.3,-6.2299957,-6.2531323,2.0,0.0,1.3496126269531248,True,REGULAR,USD,Put,2026-10-09,NVDA,2026-10-06T00:29:09.099978+00:00,238.9,0.0401800012588501,0.0022226971865062345,0.3859572768879324
NVDA261012C00115000,2026-10-05 15:20:54+00:00,115.0,122.19,121.2,126.55,2.1900024,1.8250021,20.0,6.0,3.630860297851563,True,REGULAR,USD,Call,2026-10-12,NVDA,2026-10-06T00:29:09.099978+00:00,238.9,0.0401800012588501,0.0022226971865062345,0.3859572768879324
NVDA261012C00130000,2026-10-05 16:09:51+00:00,130.0,107.03,106.2,111.7,8.089996,8.176669,6.0,5.0,1.65625171875,True,REGULAR,USD,Call,2026-10-12,NVDA,2026-10-06T00:29:09.099978+00:00,238.9,0.0401800012588501,0.0022226971865062345,0.3859572768879324
NVDA261012C00150000,2026-10-05 16:04:52+00:00,150.0,86.9,86.25,91.8,2.4000015,2.8402386,2.0,1.0,1.44140904296875,True,REGULAR,USD,Call,2026-10-12,NVDA,2026-10-06T00:29:09.099978+00:00,238.9,0.0401800012588501,0.0022226971865062345,0.3859572768879324
NVDA261012C00155000,2026-10-02 17:40:08+00:00,155.0,79.51,79.1,88.5,0.0,0.0,2.0,1.0,2.7453644647216793,True,REGULAR,USD,Call,2026-10-12,NVDA,2026-10-06T00:29:09.099978+00:00,238.9,0.0401800012588501,0.0022226971865062345,0.3859572768879324
NVDA261012C00170000,2026-10-02 18:13:04+00:00,170.0,64.88,66.25,71.65,0.0,0.0,8.0,5.0,0.9726565234375,True,REGULAR,USD,Call,2026-10-12,NVDA,2026-10-06T00:29:09.099978+00:00,238.9,0.0401800012588501,0.0022226971865062345,0.3859572768879324
NVDA261012C00175000,2026-10-05 17:58:16+00:00,175.0,62.76,61.3,66.65,0.40999985,0.65757793,6.0,2.0,0.9414068359375,True,REGULAR,USD,Call,2026-10-12,NVDA,2026-10-06T00:29:09.099978+00:00,238.9,0.0401800012588501,0.0022226971865062345,0.3859572768879324
NVDA261012C00190000,2026-10-05 13:48:54+00:00,190.0,47.13,46.6,51.7,3.130001,7.1136394,4.0,3.0,0.852540537109375,True,REGULAR,USD,Call,2026-10-12,NVDA,2026-10-06T00:29:09.099978+00:00,238.9,0.0401800012588501,0.0022226971865062345,0.3859572768879324
NVDA261012C00200000,2026-10-05 18:46:34+00:00,200.0,39.03,37.6,41.5,4.829998,14.122802,43.0,54.0,0.8266618896484373,True,REGULAR,USD,Call,2026-10-12,NVDA,2026-10-06T00:29:09.099978+00:00,238.9,0.0401800012588501,0.0022226971865062345,0.3859572768879324
NVDA261012C00205000,2026-10-05 16:10:31+00:00,205.0,32.23,31.6,36.7,4.6800003,16.987297,51.0,1.0,0.6059609716796877,True,REGULAR,USD,Call,2026-10-12,NVDA,2026-10-06T00:29:09.099978+00:00,238.9,0.0401800012588501,0.0022226971865062345,0.3859572768879324
NVDA261012C00207500,2026-10-05 14:59:46+00:00,207.5,30.95,29.2,34.25,7.1000004,29.769394,42.0,0.0,0.5942423388671876,True,REGULAR,USD,Call,2026-10-12,NVDA,2026-10-06T00:29:09.099978+00:00,238.9,0.0401800012588501,0.0022226971865062345,0.3859572768879324
NVDA261012C00210000,2026-10-05 19:59:14+00:00,210.0,29.78,28.25,30.55,4.7800007,19.120003,45.0,20.0,0.6040078662109377,True,REGULAR,USD,Call,2026-10-12,NVDA,2026-10-06T00:29:09.099978+00:00,238.9,0.0401800012588501,0.0022226971865062345,0.3859572768879324
NVDA261012C00212500,2026-10-05 19:47:27+00:00,212.5,27.36,24.05,28.9,4.5,19.68504,176.0,34.0,0.8850109155273438,True,REGULAR,USD,Call,2026-10-12,NVDA,2026-10-06T00:29:09.099978+00:00,238.9,0.0401800012588501,0.0022226971865062345,0.3859572768879324
NVDA261012C00215000,2026-10-05 19:50:23+00:00,215.0,26.2,21.8,25.95,6.200001,31.000004,433.0,5.0,0.7690452783203126,True,REGULAR,USD,Call,2026-10-12,NVDA,2026-10-06T00:29:09.099978+00:00,238.9,0.0401800012588501,0.0022226971865062345,0.3859572768879324
NVDA261012C00217500,2026-10-05 19:48:53+00:00,217.5,22.54,19.4,24.35,4.84,27.344631,539.0,14.0,0.818117053222656,True,REGULAR,USD,Call,2026-10-12,NVDA,2026-10-06T00:29:09.099978+00:00,238.9,0.0401800012588501,0.0022226971865062345,0.3859572768879324
NVDA261012C00220000,2026-10-05 19:51:19+00:00,220.0,19.79,17.5,20.55,4.790001,31.93334,882.0,244.0,0.6049844189453126,True,REGULAR,USD,Call,2026-10-12,NVDA,2026-10-06T00:29:09.099978+00:00,238.9,0.0401800012588501,0.0022226971865062345,0.3859572768879324
NVDA261012C00222500,2026-10-05 19:48:42+00:00,222.5,17.67,16.15,18.95,4.9700003,39.13386,944.0,135.0,0.6513706738281251,True,REGULAR,USD,Call,2026-10-12,NVDA,2026-10-06T00:29:09.099978+00:00,238.9,0.0401800012588501,0.0022226971865062345,0.3859572768879324
NVDA261012C00225000,2026-10-05 19:58:28+00:00,225.0,14.11,13.9,15.8,3.54,33.491013,746.0,313.0,0.5205126074218749,True,REGULAR,USD,Call,2026-10-12,NVDA,2026-10-06T00:29:09.099978+00:00,238.9,0.0401800012588501,0.0022226971865062345,0.3859572768879324
NVDA261012C00227500,2026-10-05 19:39:08+00:00,227.5,11.95,11.75,12.65,3.1999998,36.571426,336.0,158.0,0.389654541015625,True,REGULAR,USD,Call,2026-10-12,NVDA,2026-10-06T00:29:09.099978+00:00,238.9,0.0401800012588501,0.0022226971865062345,0.3859572768879324
NVDA261012C00230000,2026-10-05 19:58:28+00:00,230.0,9.54,9.6,10.3,3.29,52.64,561.0,1127.0,0.3493717407226562,True,REGULAR,USD,Call,2026-10-12,NVDA,2026-10-06T00:29:09.099978+00:00,238.9,0.0401800012588501,0.0022226971865062345,0.3859572768879324
NVDA261012C00232500,2026-10-05 19:58:10+00:00,232.5,7.6,7.55,8.1,2.85,60.0,421.0,885.0,0.31763377685546873,True,REGULAR,USD,Call,2026-10-12,NVDA,2026-10-06T00:29:09.099978+00:00,238.9,0.0401800012588501,0.0022226971865062345,0.3859572768879324
NVDA261012C00235000,2026-10-05 19:58:53+00:00,235.0,5.75,5.9,6.05,2.25,64.28571,1893.0,1332.0,0.2890696093749999,True,REGULAR,USD,Call,2026-10-12,NVDA,2026-10-06T00:29:09.099978+00:00,238.9,0.0401800012588501,0.0022226971865062345,0.3859572768879324
NVDA261012C00237500,2026-10-05 19:59:31+00:00,237.5,4.1,4.25,4.4,1.74,73.72881,6263.0,1402.0,0.2779613220214844,True,REGULAR,USD,Call,2026-10-12,NVDA,2026-10-06T00:29:09.099978+00:00,238.9,0.0401800012588501,0.0022226971865062345,0.3859572768879324
NVDA261012C00240000,2026-10-05 19:59:57+00:00,240.0,2.83,2.96,3.05,1.28,82.58065,8036.0,4717.0,0.2700268310546875,False,REGULAR,USD,Call,2026-10-12,NVDA,2026-10-06T00:29:09.099978+00:00,238.9,0.0401800012588501,0.0022226971865062345,0.3859572768879324
NVDA261012C00242500,2026-10-05 19:59:05+00:00,242.5,1.83,1.95,1.99,0.83000004,83.00001,1816.0,249.0,0.26319096191406255,False,REGULAR,USD,Call,2026-10-12,NVDA,2026-10-06T00:29:09.099978+00:00,238.9,0.0401800012588501,0.0022226971865062345,0.3859572768879324
NVDA261012C00245000,2026-10-05 19:59:57+00:00,245.0,1.15,1.22,1.26,0.51,79.6875,2230.0,659.0,0.26148199462890626,False,REGULAR,USD,Call,2026-10-12,NVDA,2026-10-06T00:29:09.099978+00:00,238.9,0.0401800012588501,0.0022226971865062345,0.3859572768879324
NVDA261012C00247500,2026-10-05 19:59:54+00:00,247.5,0.68,0.74,0.77,0.3,78.94737,1874.0,582.0,0.26197027099609377,False,REGULAR,USD,Call,2026-10-12,NVDA,2026-10-06T00:29:09.099978+00:00,238.9,0.0401800012588501,0.0022226971865062345,0.3859572768879324
NVDA261012C00250000,2026-10-05 19:59:43+00:00,250.0,0.41,0.43,0.46,0.17,70.833336,2630.0,485.0,0.26416751464843746,False,REGULAR,USD,Call,2026-10-12,NVDA,2026-10-06T00:29:09.099978+00:00,238.9,0.0401800012588501,0.0022226971865062345,0.3859572768879324
NVDA261012C00252500,2026-10-05 19:57:58+00:00,252.5,0.25,0.26,0.28,0.08,47.058823,1716.0,64.0,0.2695385546875,False,REGULAR,USD,Call,2026-10-12,NVDA,2026-10-06T00:29:09.099978+00:00,238.9,0.0401800012588501,0.0022226971865062345,0.3859572768879324
NVDA261012C00255000,2026-10-05 19:54:47+00:00,255.0,0.15,0.16,0.18,0.040000007,36.36364,783.0,424.0,0.27930408203124996,False,REGULAR,USD,Call,2026-10-12,NVDA,2026-10-06T00:29:09.099978+00:00,238.9,0.0401800012588501,0.0022226971865062345,0.3859572768879324
NVDA261012C00257500,2026-10-05 19:58:19+00:00,257.5,0.09,0.1,0.11,-0.019999996,-18.181814,5249.0,18.0,0.28613995117187496,False,REGULAR,USD,Call,2026-10-12,NVDA,2026-10-06T00:29:09.099978+00:00,238.9,0.0401800012588501,0.0022226971865062345,0.3859572768879324
NVDA261012C00260000,2026-10-05 19:59:53+00:00,260.0,0.07,0.06,0.08,0.010000002,16.66667,2922.0,50.0,0.3007882421875,False,REGULAR,USD,Call,2026-10-12,NVDA,2026-10-06T00:29:09.099978+00:00,238.9,0.0401800012588501,0.0022226971865062345,0.3859572768879324
NVDA261012C00265000,2026-10-05 19:58:20+00:00,265.0,0.02,0.02,0.04,-0.01,-33.333336,347.0,46.0,0.3242255078124999,False,REGULAR,USD,Call,2026-10-12,NVDA,2026-10-06T00:29:09.099978+00:00,238.9,0.0401800012588501,0.0022226971865062345,0.3859572768879324
NVDA261012C00270000,2026-10-05 19:42:41+00:00,270.0,0.01,0.01,0.02,-0.01,-50.0,197.0,19.0,0.3437565625,False,REGULAR,USD,Call,2026-10-12,NVDA,2026-10-06T00:29:09.099978+00:00,238.9,0.0401800012588501,0.0022226971865062345,0.3859572768879324
NVDA261012C00275000,2026-10-05 15:20:25+00:00,275.0,0.01,0.0,0.01,0.0,0.0,3.0,106.0,0.3632876171875,False,REGULAR,USD,Call,2026-10-12,NVDA,2026-10-06T00:29:09.099978+00:00,238.9,0.0401800012588501,0.0022226971865062345,0.3859572768879324
NVDA261012C00280000,2026-10-01 15:00:59+00:00,280.0,0.01,0.0,0.01,0.0,0.0,,111.0,0.4062559375,False,REGULAR,USD,Call,2026-10-12,NVDA,2026-10-06T00:29:09.099978+00:00,238.9,0.0401800012588501,0.0022226971865062345,0.3859572768879324
NVDA261012C00285000,2026-10-05 18:18:25+00:00,285.0,0.01,0.0,0.01,-0.01,-50.0,1.0,5.0,0.445318046875,False,REGULAR,USD,Call,2026-10-12,NVDA,2026-10-06T00:29:09.099978+00:00,238.9,0.0401800012588501,0.0022226971865062345,0.3859572768879324
NVDA261012C00290000,2026-10-02 16:02:20+00:00,290.0,0.01,0.0,0.01,0.0,0.0,1.0,1.0,0.48438015625,False,REGULAR,USD,Call,2026-10-12,NVDA,2026-10-06T00:29:09.099978+00:00,238.9,0.0401800012588501,0.0022226971865062345,0.3859572768879324
NVDA261012C00295000,2026-10-05 19:44:05+00:00,295.0,0.01,0.0,0.01,-0.01,-50.0,35.0,10.0,0.500005,False,REGULAR,USD,Call,2026-10-12,NVDA,2026-10-06T00:29:09.099978+00:00,238.9,0.0401800012588501,0.0022226971865062345,0.3859572768879324
NVDA261012P00115000,2026-10-05 19:50:11+00:00,115.0,0.01,0.0,0.02,-0.01,-50.0,249.0,4.0,1.6875015625,False,REGULAR,USD,Put,2026-10-12,NVDA,2026-10-06T00:29:09.099978+00:00,238.9,0.0401800012588501,0.0022226971865062345,0.3859572768879324
NVDA261012P00145000,2026-10-01 19:43:08+00:00,145.0,0.03,0.01,0.02,0.0,0.0,,14.0,1.2343788281249999,False,REGULAR,USD,Put,2026-10-12,NVDA,2026-10-06T00:29:09.099978+00:00,238.9,0.0401800012588501,0.0022226971865062345,0.3859572768879324
NVDA261012P00150000,2026-09-29 13:54:27+00:00,150.0,0.02,0.01,0.02,0.0,0.0,,10.0,1.15625421875,False,REGULAR,USD,Put,2026-10-12,NVDA,2026-10-06T00:29:09.099978+00:00,238.9,0.0401800012588501,0.0022226971865062345,0.3859572768879324
NVDA261012P00155000,2026-10-02 15:40:07+00:00,155.0,0.01,0.01,0.03,0.0,0.0,7.0,57.0,1.1015669921875002,False,REGULAR,USD,Put,2026-10-12,NVDA,2026-10-06T00:29:09.099978+00:00,238.9,0.0401800012588501,0.0022226971865062345,0.3859572768879324
NVDA261012P00160000,2026-09-28 19:37:42+00:00,160.0,0.07,0.01,0.03,0.0,0.0,,30.0,1.0312548437500002,False,REGULAR,USD,Put,2026-10-12,NVDA,2026-10-06T00:29:09.099978+00:00,238.9,0.0401800012588501,0.0022226971865062345,0.3859572768879324
NVDA261012P00170000,2026-10-05 14:18:40+00:00,170.0,0.03,0.02,0.03,-0.03,-50.0,7.0,20.0,0.9062509375,False,REGULAR,USD,Put,2026-10-12,NVDA,2026-10-06T00:29:09.099978+00:00,238.9,0.0401800012588501,0.0022226971865062345,0.3859572768879324
NVDA261012P00175000,2026-10-05 14:25:44+00:00,175.0,0.03,0.02,0.04,-0.03,-50.0,11.0,6.0,0.8476577734374999,False,REGULAR,USD,Put,2026-10-12,NVDA,2026-10-06T00:29:09.099978+00:00,238.9,0.0401800012588501,0.0022226971865062345,0.3859572768879324
NVDA261012P00180000,2026-10-05 18:53:00+00:00,180.0,0.04,0.02,0.03,-0.02,-33.333336,10.0,51.0,0.7656273437500001,False,REGULAR,USD,Put,2026-10-12,NVDA,2026-10-06T00:29:09.099978+00:00,238.9,0.0401800012588501,0.0022226971865062345,0.3859572768879324
NVDA261012P00185000,2026-10-05 19:23:18+00:00,185.0,0.03,0.03,0.04,-0.03,-50.0,13.0,260.0,0.7226590234375,False,REGULAR,USD,Put,2026-10-12,NVDA,2026-10-06T00:29:09.099978+00:00,238.9,0.0401800012588501,0.0022226971865062345,0.3859572768879324
NVDA261012P00190000,2026-10-01 14:57:07+00:00,190.0,0.13,0.04,0.05,0.0,0.0,,42.0,0.6718782812500002,False,REGULAR,USD,Put,2026-10-12,NVDA,2026-10-06T00:29:09.099978+00:00,238.9,0.0401800012588501,0.0022226971865062345,0.3859572768879324
NVDA261012P00195000,2026-10-05 18:44:13+00:00,195.0,0.07,0.04,0.06,0.0,0.0,40.0,247.0,0.6113320117187502,False,REGULAR,USD,Put,2026-10-12,NVDA,2026-10-06T00:29:09.099978+00:00,238.9,0.0401800012588501,0.0022226971865062345,0.3859572768879324
NVDA261012P00197500,2026-10-05 18:43:59+00:00,197.5,0.08,0.05,0.06,-0.11,-57.894737,31.0,5.0,0.5839885351562499,False,REGULAR,USD,Put,2026-10-12,NVDA,2026-10-06T00:29:09.099978+00:00,238.9,0.0401800012588501,0.0022226971865062345,0.3859572768879324
NVDA261012P00200000,2026-10-05 19:52:07+00:00,200.0,0.05,0.05,0.07,-0.029999997,-37.499996,94.0,140.0,0.5546919531250001,False,REGULAR,USD,Put,2026-10-12,NVDA,2026-10-06T00:29:09.099978+00:00,238.9,0.0401800012588501,0.0022226971865062345,0.3859572768879324
NVDA261012P00202500,2026-10-05 19:31:39+00:00,202.5,0.06,0.06,0.08,-0.040000003,-40.000004,3.0,16.0,0.5312546875,False,REGULAR,USD,Put,2026-10-12,NVDA,2026-10-06T00:29:09.099978+00:00,238.9,0.0401800012588501,0.0022226971865062345,0.3859572768879324
NVDA261012P00205000,2026-10-05 19:39:58+00:00,205.0,0.08,0.07,0.08,-0.049999997,-38.461536,4.0,57.0,0.5019581054687501,False,REGULAR,USD,Put,2026-10-12,NVDA,2026-10-06T00:29:09.099978+00:00,238.9,0.0401800012588501,0.0022226971865062345,0.3859572768879324
NVDA261012P00207500,2026-10-05 18:20:57+00:00,207.5,0.1,0.08,0.09,-0.019999996,-16.666662,4.0,82.0,0.47949739257812496,False,REGULAR,USD,Put,2026-10-12,NVDA,2026-10-06T00:29:09.099978+00:00,238.9,0.0401800012588501,0.0022226971865062345,0.3859572768879324
NVDA261012P00210000,2026-10-05 19:46:42+00:00,210.0,0.1,0.08,0.1,-0.050000004,-33.333336,43.0,347.0,0.45117736328125,False,REGULAR,USD,Put,2026-10-12,NVDA,2026-10-06T00:29:09.099978+00:00,238.9,0.0401800012588501,0.0022226971865062345,0.3859572768879324
NVDA261012P00212500,2026-10-05 19:42:24+00:00,212.5,0.1,0.1,0.11,-0.089999996,-47.368423,89.0,50.0,0.42188078125,False,REGULAR,USD,Put,2026-10-12,NVDA,2026-10-06T00:29:09.099978+00:00,238.9,0.0401800012588501,0.0022226971865062345,0.3859572768879324
NVDA261012P00215000,2026-10-05 19:56:06+00:00,215.0,0.12,0.11,0.13,-0.12,-50.0,313.0,359.0,0.39649041015625003,False,REGULAR,USD,Put,2026-10-12,NVDA,2026-10-06T00:29:09.099978+00:00,238.9,0.0401800012588501,0.0022226971865062345,0.3859572768879324
NVDA261012P00217500,2026-10-05 19:31:58+00:00,217.5,0.16,0.14,0.15,-0.19,-54.285717,55.0,287.0,0.36817038085937503,False,REGULAR,USD,Put,2026-10-12,NVDA,2026-10-06T00:29:09.099978+00:00,238.9,0.0401800012588501,0.0022226971865062345,0.3859572768879324
NVDA261012P00220000,2026-10-05 19:56:32+00:00,220.0,0.2,0.18,0.19,-0.27999997,-58.333332,877.0,996.0,0.34570966796874997,False,REGULAR,USD,Put,2026-10-12,NVDA,2026-10-06T00:29:09.099978+00:00,238.9,0.0401800012588501,0.0022226971865062345,0.3859572768879324
NVDA261012P00222500,2026-10-05 19:58:33+00:00,222.5,0.24,0.23,0.24,-0.44,-64.70588,651.0,1741.0,0.32129584960937496,False,REGULAR,USD,Put,2026-10-12,NVDA,2026-10-06T00:29:09.099978+00:00,238.9,0.0401800012588501,0.0022226971865062345,0.3859572768879324
NVDA261012P00225000,2026-10-05 19:57:01+00:00,225.0,0.35,0.3,0.33,-0.6999999,-66.666664,808.0,627.0,0.301764794921875,False,REGULAR,USD,Put,2026-10-12,NVDA,2026-10-06T00:29:09.099978+00:00,238.9,0.0401800012588501,0.0022226971865062345,0.3859572768879324
NVDA261012P00227500,2026-10-05 19:58:35+00:00,227.5,0.46,0.45,0.47,-0.99,-68.275856,1233.0,569.0,0.28394270751953116,False,REGULAR,USD,Put,2026-10-12,NVDA,2026-10-06T00:29:09.099978+00:00,238.9,0.0401800012588501,0.0022226971865062345,0.3859572768879324
NVDA261012P00230000,2026-10-05 19:59:56+00:00,230.0,0.72,0.72,0.73,-1.3799999,-65.71428,3023.0,553.0,0.2727123510742187,False,REGULAR,USD,Put,2026-10-12,NVDA,2026-10-06T00:29:09.099978+00:00,238.9,0.0401800012588501,0.0022226971865062345,0.3859572768879324
NVDA261012P00232500,2026-10-05 19:59:37+00:00,232.5,1.18,1.08,1.12,-1.87,-61.311478,2188.0,259.0,0.26148199462890626,False,REGULAR,USD,Put,2026-10-12,NVDA,2026-10-06T00:29:09.099978+00:00,238.9,0.0401800012588501,0.0022226971865062345,0.3859572768879324
NVDA261012P00235000,2026-10-05 19:59:26+00:00,235.0,1.8,1.68,1.74,-2.39,-57.040577,5121.0,462.0,0.2546461254882813,False,REGULAR,USD,Put,2026-10-12,NVDA,2026-10-06T00:29:09.099978+00:00,238.9,0.0401800012588501,0.0022226971865062345,0.3859572768879324
NVDA261012P00237500,2026-10-05 19:59:56+00:00,237.5,2.73,2.55,2.59,-2.9699998,-52.10526,6250.0,168.0,0.24634542724609376,False,REGULAR,USD,Put,2026-10-12,NVDA,2026-10-06T00:29:09.099978+00:00,238.9,0.0401800012588501,0.0022226971865062345,0.3859572768879324
NVDA261012P00240000,2026-10-05 19:59:46+00:00,240.0,3.97,3.7,3.8,-3.11,-43.926556,1197.0,427.0,0.24341576904296874,True,REGULAR,USD,Put,2026-10-12,NVDA,2026-10-06T00:29:09.099978+00:00,238.9,0.0401800012588501,0.0022226971865062345,0.3859572768879324
NVDA261012P00242500,2026-10-05 19:59:57+00:00,242.5,5.45,5.0,5.3,-3.3000002,-37.71429,189.0,55.0,0.23926541992187497,True,REGULAR,USD,Put,2026-10-12,NVDA,2026-10-06T00:29:09.099978+00:00,238.9,0.0401800012588501,0.0022226971865062345,0.3859572768879324
NVDA261012P00245000,2026-10-05 19:59:07+00:00,245.0,7.3,6.8,7.25,-4.1499996,-36.24454,204.0,6.0,0.25098405273437496,True,REGULAR,USD,Put,2026-10-12,NVDA,2026-10-06T00:29:09.099978+00:00,238.9,0.0401800012588501,0.0022226971865062345,0.3859572768879324
NVDA261012P00250000,2026-10-05 19:53:00+00:00,250.0,10.8,10.9,11.6,-4.2,-27.999998,810.0,1.0,0.270515107421875,True,REGULAR,USD,Put,2026-10-12,NVDA,2026-10-06T00:29:09.099978+00:00,238.9,0.0401800012588501,0.0022226971865062345,0.3859572768879324
NVDA261012P00255000,2026-10-05 19:52:46+00:00,255.0,15.47,13.8,19.05,-10.579999,-40.6142,194.0,0.0,0.6411168701171875,True,REGULAR,USD,Put,2026-10-12,NVDA,2026-10-06T00:29:09.099978+00:00,238.9,0.0401800012588501,0.0022226971865062345,0.3859572768879324
NVDA261012P00257500,2026-10-05 19:55:22+00:00,257.5,17.3,17.15,19.5,-5.1500015,-22.93987,774.0,0.0,0.4558159887695313,True,REGULAR,USD,Put,2026-10-12,NVDA,2026-10-06T00:29:09.099978+00:00,238.9,0.0401800012588501,0.0022226971865062345,0.3859572768879324
NVDA261012P00260000,2026-10-05 19:28:31+00:00,260.0,20.15,20.15,22.45,-7.950001,-28.291817,1169.0,0.0,0.5603071313476562,True,REGULAR,USD,Put,2026-10-12,NVDA,2026-10-06T00:29:09.099978+00:00,238.9,0.0401800012588501,0.0022226971865062345,0.3859572768879324
NVDA261012P00275000,2026-10-05 13:47:06+00:00,275.0,36.75,34.15,38.5,-5.1500015,-12.291172,1.0,1.0,0.5415084912109377,True,REGULAR,USD,Put,2026-10-12,NVDA,2026-10-06T00:29:09.099978+00:00,238.9,0.0401800012588501,0.0022226971865062345,0.3859572768879324
NVDA261014C00200000,2026-10-05 13:53:33+00:00,200.0,38.33,36.1,42.15,6.1800003,19.222395,2.0,3.0,0.594730615234375,True,REGULAR,USD,Call,2026-10-14,NVDA,2026-10-06T00:29:09.099978+00:00,238.9,0.0401800012588501,0.0022226971865062345,0.3859572768879324
NVDA261014C00210000,2026-10-05 17:12:01+00:00,210.0,27.82,26.3,31.7,6.6800003,31.598866,10.0,1.0,0.8667005517578125,True,REGULAR,USD,Call,2026-10-14,NVDA,2026-10-06T00:29:09.099978+00:00,238.9,0.0401800012588501,0.0022226971865062345,0.3859572768879324
NVDA261014C00212500,2026-10-05 17:11:47+00:00,212.5,25.5,22.85,30.5,2.7999992,12.334799,28.0,2.0,0.9459233923339843,True,REGULAR,USD,Call,2026-10-14,NVDA,2026-10-06T00:29:09.099978+00:00,238.9,0.0401800012588501,0.0022226971865062345,0.3859572768879324
NVDA261014C00215000,2026-10-05 17:04:50+00:00,215.0,22.63,21.35,27.05,-1.9700012,-8.008135,38.0,6.0,0.7960225476074219,True,REGULAR,USD,Call,2026-10-14,NVDA,2026-10-06T00:29:09.099978+00:00,238.9,0.0401800012588501,0.0022226971865062345,0.3859572768879324
NVDA261014C00217500,2026-10-05 19:43:40+00:00,217.5,22.3,21.0,24.4,3.1499996,16.449085,398.0,25.0,0.5388229711914063,True,REGULAR,USD,Call,2026-10-14,NVDA,2026-10-06T00:29:09.099978+00:00,238.9,0.0401800012588501,0.0022226971865062345,0.3859572768879324
NVDA261014C00220000,2026-10-05 19:43:40+00:00,220.0,20.52,18.3,21.65,4.7300005,29.955671,242.0,79.0,0.6477086010742188,True,REGULAR,USD,Call,2026-10-14,NVDA,2026-10-06T00:29:09.099978+00:00,238.9,0.0401800012588501,0.0022226971865062345,0.3859572768879324
NVDA261014C00222500,2026-10-05 17:05:12+00:00,222.5,14.35,16.25,18.6,1.0100002,7.571216,56.0,83.0,0.5406540075683595,True,REGULAR,USD,Call,2026-10-14,NVDA,2026-10-06T00:29:09.099978+00:00,238.9,0.0401800012588501,0.0022226971865062345,0.3859572768879324
NVDA261014C00225000,2026-10-05 19:54:46+00:00,225.0,14.9,14.15,16.05,4.0999994,37.962955,409.0,122.0,0.48303739624023445,True,REGULAR,USD,Call,2026-10-14,NVDA,2026-10-06T00:29:09.099978+00:00,238.9,0.0401800012588501,0.0022226971865062345,0.3859572768879324
NVDA261014C00227500,2026-10-05 19:59:27+00:00,227.5,12.32,12.0,13.7,3.62,41.609196,237.0,195.0,0.4425104577636719,True,REGULAR,USD,Call,2026-10-14,NVDA,2026-10-06T00:29:09.099978+00:00,238.9,0.0401800012588501,0.0022226971865062345,0.3859572768879324
NVDA261014C00230000,2026-10-05 19:59:44+00:00,230.0,10.15,9.95,11.15,3.0999994,43.971622,457.0,712.0,0.38220832641601554,True,REGULAR,USD,Call,2026-10-14,NVDA,2026-10-06T00:29:09.099978+00:00,238.9,0.0401800012588501,0.0022226971865062345,0.3859572768879324
NVDA261014C00232500,2026-10-05 19:57:59+00:00,232.5,8.3,7.9,9.5,2.8500004,52.293587,214.0,209.0,0.38892212646484375,True,REGULAR,USD,Call,2026-10-14,NVDA,2026-10-06T00:29:09.099978+00:00,238.9,0.0401800012588501,0.0022226971865062345,0.3859572768879324
NVDA261014C00235000,2026-10-05 19:58:13+00:00,235.0,6.3,6.2,7.3,2.15,51.80723,407.0,440.0,0.3446110461425781,True,REGULAR,USD,Call,2026-10-14,NVDA,2026-10-06T00:29:09.099978+00:00,238.9,0.0401800012588501,0.0022226971865062345,0.3859572768879324
NVDA261014C00237500,2026-10-05 19:59:41+00:00,237.5,4.65,4.6,5.45,1.5700002,50.974033,1351.0,560.0,0.3161689477539062,True,REGULAR,USD,Call,2026-10-14,NVDA,2026-10-06T00:29:09.099978+00:00,238.9,0.0401800012588501,0.0022226971865062345,0.3859572768879324
NVDA261014C00240000,2026-10-05 19:59:48+00:00,240.0,3.6,3.4,4.5,1.4699998,69.01408,2809.0,431.0,0.3354558642578125,False,REGULAR,USD,Call,2026-10-14,NVDA,2026-10-06T00:29:09.099978+00:00,238.9,0.0401800012588501,0.0022226971865062345,0.3859572768879324
NVDA261014C00242500,2026-10-05 19:54:14+00:00,242.5,2.8,2.42,2.76,1.3199999,89.189186,638.0,522.0,0.2867502966308593,False,REGULAR,USD,Call,2026-10-14,NVDA,2026-10-06T00:29:09.099978+00:00,238.9,0.0401800012588501,0.0022226971865062345,0.3859572768879324
NVDA261014C00245000,2026-10-05 19:59:35+00:00,245.0,1.7,1.66,2.0,0.70000005,70.00001,891.0,288.0,0.2898020239257812,False,REGULAR,USD,Call,2026-10-14,NVDA,2026-10-06T00:29:09.099978+00:00,238.9,0.0401800012588501,0.0022226971865062345,0.3859572768879324
NVDA261014C00247500,2026-10-05 19:49:36+00:00,247.5,1.2,1.0,1.42,0.46000004,62.162167,409.0,162.0,0.2929758203124999,False,REGULAR,USD,Call,2026-10-14,NVDA,2026-10-06T00:29:09.099978+00:00,238.9,0.0401800012588501,0.0022226971865062345,0.3859572768879324
NVDA261014C00250000,2026-10-05 19:58:36+00:00,250.0,0.79,0.65,0.93,0.3,61.22449,1964.0,913.0,0.2898020239257812,False,REGULAR,USD,Call,2026-10-14,NVDA,2026-10-06T00:29:09.099978+00:00,238.9,0.0401800012588501,0.0022226971865062345,0.3859572768879324
NVDA261014C00252500,2026-10-05 19:59:59+00:00,252.5,0.54,0.52,0.56,0.23000002,74.19356,94.0,18.0,0.2834544311523437,False,REGULAR,USD,Call,2026-10-14,NVDA,2026-10-06T00:29:09.099978+00:00,238.9,0.0401800012588501,0.0022226971865062345,0.3859572768879324
NVDA261014C00255000,2026-10-05 19:59:32+00:00,255.0,0.35,0.35,0.38,0.16,84.210526,371.0,1048.0,0.2893137475585937,False,REGULAR,USD,Call,2026-10-14,NVDA,2026-10-06T00:29:09.099978+00:00,238.9,0.0401800012588501,0.0022226971865062345,0.3859572768879324
NVDA261014C00260000,2026-10-05 19:59:06+00:00,260.0,0.14,0.15,0.18,0.030000001,27.272728,1563.0,89.0,0.30371790039062496,False,REGULAR,USD,Call,2026-10-14,NVDA,2026-10-06T00:29:09.099978+00:00,238.9,0.0401800012588501,0.0022226971865062345,0.3859572768879324
NVDA261014C00265000,2026-10-05 19:59:59+00:00,265.0,0.09,0.07,0.09,0.040000003,80.00001,345.0,15.0,0.3193427441406249,False,REGULAR,USD,Call,2026-10-14,NVDA,2026-10-06T00:29:09.099978+00:00,238.9,0.0401800012588501,0.0022226971865062345,0.3859572768879324
NVDA261014C00270000,2026-10-05 19:38:17+00:00,270.0,0.03,0.02,0.04,-0.04,-57.142857,1040.0,25.0,0.33008482421874996,False,REGULAR,USD,Call,2026-10-14,NVDA,2026-10-06T00:29:09.099978+00:00,238.9,0.0401800012588501,0.0022226971865062345,0.3859572768879324
NVDA261014C00275000,2026-10-02 16:52:52+00:00,275.0,0.03,0.0,0.02,0.0,0.0,21.0,33.0,0.3437565625,False,REGULAR,USD,Call,2026-10-14,NVDA,2026-10-06T00:29:09.099978+00:00,238.9,0.0401800012588501,0.0022226971865062345,0.3859572768879324
NVDA261014C00280000,2026-10-02 14:48:01+00:00,280.0,0.06,0.0,0.01,0.0,0.0,4.0,4.0,0.35938140625,False,REGULAR,USD,Call,2026-10-14,NVDA,2026-10-06T00:29:09.099978+00:00,238.9,0.0401800012588501,0.0022226971865062345,0.3859572768879324
NVDA261014C00290000,2026-10-02 13:58:04+00:00,290.0,0.03,0.0,0.01,0.0,0.0,3.0,3.0,0.42969320312500003,False,REGULAR,USD,Call,2026-10-14,NVDA,2026-10-06T00:29:09.099978+00:00,238.9,0.0401800012588501,0.0022226971865062345,0.3859572768879324
NVDA261014P00135000,2026-10-01 16:45:51+00:00,135.0,0.05,0.01,0.03,0.0,0.0,,3.0,1.2578162109375,False,REGULAR,USD,Put,2026-10-14,NVDA,2026-10-06T00:29:09.099978+00:00,238.9,0.0401800012588501,0.0022226971865062345,0.3859572768879324
NVDA261014P00145000,2026-09-30 15:55:23+00:00,145.0,0.05,0.01,0.03,0.0,0.0,,14.0,1.109379453125,False,REGULAR,USD,Put,2026-10-14,NVDA,2026-10-06T00:29:09.099978+00:00,238.9,0.0401800012588501,0.0022226971865062345,0.3859572768879324
NVDA261014P00155000,2026-10-01 19:54:27+00:00,155.0,0.07,0.02,0.04,0.0,0.0,,1.0,1.01172369140625,False,REGULAR,USD,Put,2026-10-14,NVDA,2026-10-06T00:29:09.099978+00:00,238.9,0.0401800012588501,0.0022226971865062345,0.3859572768879324
NVDA261014P00160000,2026-10-05 18:43:35+00:00,160.0,0.03,0.02,0.04,-0.01,-25.0,1.0,21.0,0.945313046875,False,REGULAR,USD,Put,2026-10-14,NVDA,2026-10-06T00:29:09.099978+00:00,238.9,0.0401800012588501,0.0022226971865062345,0.3859572768879324
NVDA261014P00165000,2026-10-02 19:27:30+00:00,165.0,0.04,0.03,0.05,0.0,0.0,1.0,1.0,0.9023447265625,False,REGULAR,USD,Put,2026-10-14,NVDA,2026-10-06T00:29:09.099978+00:00,238.9,0.0401800012588501,0.0022226971865062345,0.3859572768879324
NVDA261014P00175000,2026-10-05 15:25:55+00:00,175.0,0.04,0.04,0.06,-0.060000002,-60.0,3.0,4.0,0.7929708203125,False,REGULAR,USD,Put,2026-10-14,NVDA,2026-10-06T00:29:09.099978+00:00,238.9,0.0401800012588501,0.0022226971865062345,0.3859572768879324
NVDA261014P00180000,2026-10-05 15:12:19+00:00,180.0,0.04,0.05,0.07,-0.030000001,-42.857143,12.0,31.0,0.7421900781249999,False,REGULAR,USD,Put,2026-10-14,NVDA,2026-10-06T00:29:09.099978+00:00,238.9,0.0401800012588501,0.0022226971865062345,0.3859572768879324
NVDA261014P00185000,2026-10-05 19:38:57+00:00,185.0,0.06,0.06,0.08,-0.02,-25.0,3.0,4.0,0.6914093359375001,False,REGULAR,USD,Put,2026-10-14,NVDA,2026-10-06T00:29:09.099978+00:00,238.9,0.0401800012588501,0.0022226971865062345,0.3859572768879324
NVDA261014P00190000,2026-10-05 14:29:42+00:00,190.0,0.07,0.07,0.09,-0.030000001,-30.0,2.0,33.0,0.6367223828125,False,REGULAR,USD,Put,2026-10-14,NVDA,2026-10-06T00:29:09.099978+00:00,238.9,0.0401800012588501,0.0022226971865062345,0.3859572768879324
NVDA261014P00195000,2026-10-05 19:15:33+00:00,195.0,0.1,0.08,0.1,-0.019999996,-16.666662,2.0,78.0,0.5820354296875,False,REGULAR,USD,Put,2026-10-14,NVDA,2026-10-06T00:29:09.099978+00:00,238.9,0.0401800012588501,0.0022226971865062345,0.3859572768879324
NVDA261014P00197500,2026-10-05 16:46:13+00:00,197.5,0.1,0.09,0.11,-0.050000004,-33.333336,2.0,11.0,0.5576216113281252,False,REGULAR,USD,Put,2026-10-14,NVDA,2026-10-06T00:29:09.099978+00:00,238.9,0.0401800012588501,0.0022226971865062345,0.3859572768879324
NVDA261014P00200000,2026-10-05 19:50:51+00:00,200.0,0.11,0.1,0.12,-0.019999996,-15.384612,32.0,52.0,0.532231240234375,False,REGULAR,USD,Put,2026-10-14,NVDA,2026-10-06T00:29:09.099978+00:00,238.9,0.0401800012588501,0.0022226971865062345,0.3859572768879324
NVDA261014P00202500,2026-10-05 19:42:23+00:00,202.5,0.12,0.11,0.13,-0.06000001,-33.333336,11.0,2.0,0.506840869140625,False,REGULAR,USD,Put,2026-10-14,NVDA,2026-10-06T00:29:09.099978+00:00,238.9,0.0401800012588501,0.0022226971865062345,0.3859572768879324
NVDA261014P00205000,2026-10-05 19:42:23+00:00,205.0,0.13,0.12,0.14,-0.07000001,-35.000004,58.0,32.0,0.485356708984375,False,REGULAR,USD,Put,2026-10-14,NVDA,2026-10-06T00:29:09.099978+00:00,238.9,0.0401800012588501,0.0022226971865062345,0.3859572768879324
NVDA261014P00207500,2026-10-05 18:46:10+00:00,207.5,0.18,0.14,0.16,-0.059999987,-24.999994,13.0,54.0,0.46191944335937507,False,REGULAR,USD,Put,2026-10-14,NVDA,2026-10-06T00:29:09.099978+00:00,238.9,0.0401800012588501,0.0022226971865062345,0.3859572768879324
NVDA261014P00210000,2026-10-05 19:10:44+00:00,210.0,0.18,0.15,0.18,-0.09,-33.333332,79.0,306.0,0.437505625,False,REGULAR,USD,Put,2026-10-14,NVDA,2026-10-06T00:29:09.099978+00:00,238.9,0.0401800012588501,0.0022226971865062345,0.3859572768879324
NVDA261014P00212500,2026-10-05 19:15:55+00:00,212.5,0.21,0.18,0.2,-0.17,-44.736843,17.0,29.0,0.411138701171875,False,REGULAR,USD,Put,2026-10-14,NVDA,2026-10-06T00:29:09.099978+00:00,238.9,0.0401800012588501,0.0022226971865062345,0.3859572768879324
NVDA261014P00215000,2026-10-05 19:56:42+00:00,215.0,0.21,0.21,0.23,-0.22000001,-51.162796,136.0,623.0,0.38672488281249995,False,REGULAR,USD,Put,2026-10-14,NVDA,2026-10-06T00:29:09.099978+00:00,238.9,0.0401800012588501,0.0022226971865062345,0.3859572768879324
NVDA261014P00217500,2026-10-05 19:53:53+00:00,217.5,0.28,0.26,0.28,-0.29,-50.877193,86.0,96.0,0.3657289990234375,False,REGULAR,USD,Put,2026-10-14,NVDA,2026-10-06T00:29:09.099978+00:00,238.9,0.0401800012588501,0.0022226971865062345,0.3859572768879324
NVDA261014P00220000,2026-10-05 19:48:47+00:00,220.0,0.32,0.31,0.34,-0.44,-57.894737,409.0,241.0,0.3437565625,False,REGULAR,USD,Put,2026-10-14,NVDA,2026-10-06T00:29:09.099978+00:00,238.9,0.0401800012588501,0.0022226971865062345,0.3859572768879324
NVDA261014P00222500,2026-10-05 19:43:59+00:00,222.5,0.41,0.41,0.44,-0.69000006,-62.72728,204.0,313.0,0.3254461987304687,False,REGULAR,USD,Put,2026-10-14,NVDA,2026-10-06T00:29:09.099978+00:00,238.9,0.0401800012588501,0.0022226971865062345,0.3859572768879324
NVDA261014P00225000,2026-10-05 19:50:51+00:00,225.0,0.61,0.56,0.6,-0.80999994,-57.04225,418.0,421.0,0.3110420458984374,False,REGULAR,USD,Put,2026-10-14,NVDA,2026-10-06T00:29:09.099978+00:00,238.9,0.0401800012588501,0.0022226971865062345,0.3859572768879324
NVDA261014P00227500,2026-10-05 19:56:56+00:00,227.5,0.85,0.79,0.95,-1.15,-57.5,202.0,74.0,0.31153032226562494,False,REGULAR,USD,Put,2026-10-14,NVDA,2026-10-06T00:29:09.099978+00:00,238.9,0.0401800012588501,0.0022226971865062345,0.3859572768879324
NVDA261014P00230000,2026-10-05 19:58:51+00:00,230.0,1.21,1.0,1.26,-1.49,-55.185184,404.0,225.0,0.29492892578124996,False,REGULAR,USD,Put,2026-10-14,NVDA,2026-10-06T00:29:09.099978+00:00,238.9,0.0401800012588501,0.0022226971865062345,0.3859572768879324
NVDA261014P00232500,2026-10-05 19:58:10+00:00,232.5,1.75,1.57,1.88,-1.75,-50.0,123.0,72.0,0.29480685668945306,False,REGULAR,USD,Put,2026-10-14,NVDA,2026-10-06T00:29:09.099978+00:00,238.9,0.0401800012588501,0.0022226971865062345,0.3859572768879324
NVDA261014P00235000,2026-10-05 19:58:25+00:00,235.0,2.54,2.19,2.52,-2.1,-45.258617,527.0,153.0,0.28186753295898437,False,REGULAR,USD,Put,2026-10-14,NVDA,2026-10-06T00:29:09.099978+00:00,238.9,0.0401800012588501,0.0022226971865062345,0.3859572768879324
NVDA261014P00237500,2026-10-05 19:59:16+00:00,237.5,3.4,3.0,3.5,-2.75,-44.715446,2531.0,244.0,0.2790599438476562,False,REGULAR,USD,Put,2026-10-14,NVDA,2026-10-06T00:29:09.099978+00:00,238.9,0.0401800012588501,0.0022226971865062345,0.3859572768879324
NVDA261014P00240000,2026-10-05 19:59:05+00:00,240.0,4.63,3.9,4.8,-3.19,-40.79284,220.0,79.0,0.28186753295898437,True,REGULAR,USD,Put,2026-10-14,NVDA,2026-10-06T00:29:09.099978+00:00,238.9,0.0401800012588501,0.0022226971865062345,0.3859572768879324
NVDA261014P00242500,2026-10-05 19:39:58+00:00,242.5,5.4,5.5,6.75,-2.6,-32.5,62.0,0.0,0.3139717041015625,True,REGULAR,USD,Put,2026-10-14,NVDA,2026-10-06T00:29:09.099978+00:00,238.9,0.0401800012588501,0.0022226971865062345,0.3859572768879324
NVDA261014P00245000,2026-10-05 19:46:42+00:00,245.0,6.8,6.65,8.05,-2.9399996,-30.184803,178.0,18.0,0.28601788208007806,True,REGULAR,USD,Put,2026-10-14,NVDA,2026-10-06T00:29:09.099978+00:00,238.9,0.0401800012588501,0.0022226971865062345,0.3859572768879324
NVDA261014P00247500,2026-10-05 19:25:56+00:00,247.5,9.0,8.5,10.05,-2.7299995,-23.273653,206.0,1.0,0.29566134033203123,True,REGULAR,USD,Put,2026-10-14,NVDA,2026-10-06T00:29:09.099978+00:00,238.9,0.0401800012588501,0.0022226971865062345,0.3859572768879324
NVDA261014P00250000,2026-10-05 19:04:06+00:00,250.0,11.6,10.75,12.1,-3.8999996,-25.16129,24.0,10.0,0.2973703076171874,True,REGULAR,USD,Put,2026-10-14,NVDA,2026-10-06T00:29:09.099978+00:00,238.9,0.0401800012588501,0.0022226971865062345,0.3859572768879324
NVDA261014P00252500,2026-10-05 19:28:34+00:00,252.5,13.3,12.5,14.4,-2.7200003,-16.978779,18.0,3.0,0.3147041186523437,True,REGULAR,USD,Put,2026-10-14,NVDA,2026-10-06T00:29:09.099978+00:00,238.9,0.0401800012588501,0.0022226971865062345,0.3859572768879324
NVDA261014P00260000,2026-10-02 15:23:59+00:00,260.0,24.1,19.95,22.85,0.0,0.0,4.0,0.0,0.5383346948242189,True,REGULAR,USD,Put,2026-10-14,NVDA,2026-10-06T00:29:09.099978+00:00,238.9,0.0401800012588501,0.0022226971865062345,0.3859572768879324
NVDA261016C00005000,2026-09-16 16:56:45+00:00,5.0,211.1,231.3,236.2,0.0,0.0,1.0,1.0,17.320317087402348,True,REGULAR,USD,Call,2026-10-16,NVDA,2026-10-06T00:29:09.099978+00:00,238.9,0.0401800012588501,0.0022226971865062345,0.3859572768879324
NVDA261016C00010000,2026-10-05 16:27:55+00:00,10.0,226.38,224.95,232.55,1.0700073,0.4749045,2.0,8.0,14.58984463134766,True,REGULAR,USD,Call,2026-10-16,NVDA,2026-10-06T00:29:09.099978+00:00,238.9,0.0401800012588501,0.0022226971865062345,0.3859572768879324
NVDA261016C00015000,2026-10-05 16:37:33+00:00,15.0,221.23,219.95,227.55,6.569992,3.0606503,5.0,9.0,11.966799395751954,True,REGULAR,USD,Call,2026-10-16,NVDA,2026-10-06T00:29:09.099978+00:00,238.9,0.0401800012588501,0.0022226971865062345,0.3859572768879324
NVDA261016C00020000,2026-07-22 16:00:54+00:00,20.0,193.45,184.45,192.45,0.0,0.0,20.0,30.0,1.0000000000000003e-05,True,REGULAR,USD,Call,2026-10-16,NVDA,2026-10-06T00:29:09.099978+00:00,238.9,0.0401800012588501,0.0022226971865062345,0.3859572768879324
NVDA261016C00025000,2026-07-23 19:00:26+00:00,25.0,183.0,179.5,187.5,0.0,0.0,1.0,2.0,1.0000000000000003e-05,True,REGULAR,USD,Call,2026-10-16,NVDA,2026-10-06T00:29:09.099978+00:00,238.9,0.0401800012588501,0.0022226971865062345,0.3859572768879324
NVDA261016C00030000,2026-10-05 17:53:27+00:00,30.0,207.09,206.5,211.0,1.7299957,0.842421,12.0,12.0,7.404297619628906,True,REGULAR,USD,Call,2026-10-16,NVDA,2026-10-06T00:29:09.099978+00:00,238.9,0.0401800012588501,0.0022226971865062345,0.3859572768879324
NVDA261016C00035000,2026-08-27 19:59:39+00:00,35.0,194.67,201.35,206.3,0.0,0.0,30.0,0.0,7.02539184326172,True,REGULAR,USD,Call,2026-10-16,NVDA,2026-10-06T00:29:09.099978+00:00,238.9,0.0401800012588501,0.0022226971865062345,0.3859572768879324
NVDA261016C00040000,2026-08-31 16:08:28+00:00,40.0,179.38,196.55,201.0,0.0,0.0,1.0,2.0,6.331056773681642,True,REGULAR,USD,Call,2026-10-16,NVDA,2026-10-06T00:29:09.099978+00:00,238.9,0.0401800012588501,0.0022226971865062345,0.3859572768879324
NVDA261016C00045000,2026-10-05 16:06:57+00:00,45.0,188.0,190.5,197.75,2.8200073,1.5228467,2.0,24.0,4.1015673730468745,True,REGULAR,USD,Call,2026-10-16,NVDA,2026-10-06T00:29:09.099978+00:00,238.9,0.0401800012588501,0.0022226971865062345,0.3859572768879324
NVDA261016C00050000,2026-10-05 16:06:19+00:00,50.0,186.87,186.55,191.0,-0.15000916,-0.08021022,24.0,19.0,5.535159331054686,True,REGULAR,USD,Call,2026-10-16,NVDA,2026-10-06T00:29:09.099978+00:00,238.9,0.0401800012588501,0.0022226971865062345,0.3859572768879324
NVDA261016C00055000,2026-10-05 16:06:37+00:00,55.0,181.82,181.6,186.05,0.5200043,0.2868198,4.0,3.0,5.229495650634766,True,REGULAR,USD,Call,2026-10-16,NVDA,2026-10-06T00:29:09.099978+00:00,238.9,0.0401800012588501,0.0022226971865062345,0.3859572768879324
NVDA261016C00060000,2026-10-05 16:14:38+00:00,60.0,176.82,175.9,181.4,0.53001404,0.30064896,21.0,6.0,5.092777071533202,True,REGULAR,USD,Call,2026-10-16,NVDA,2026-10-06T00:29:09.099978+00:00,238.9,0.0401800012588501,0.0022226971865062345,0.3859572768879324
NVDA261016C00065000,2026-10-05 16:09:30+00:00,65.0,171.96,170.55,176.9,9.310013,5.723955,11.0,25.0,5.013675607910156,True,REGULAR,USD,Call,2026-10-16,NVDA,2026-10-06T00:29:09.099978+00:00,238.9,0.0401800012588501,0.0022226971865062345,0.3859572768879324
NVDA261016C00070000,2026-10-05 16:06:54+00:00,70.0,166.89,166.6,171.05,7.8399963,4.929265,24.0,11.0,4.4043013696289055,True,REGULAR,USD,Call,2026-10-16,NVDA,2026-10-06T00:29:09.099978+00:00,238.9,0.0401800012588501,0.0022226971865062345,0.3859572768879324
NVDA261016C00075000,2026-10-05 16:16:15+00:00,75.0,159.35,160.6,167.85,5.0900116,3.2996316,24.0,19.0,3.0195337011718753,True,REGULAR,USD,Call,2026-10-16,NVDA,2026-10-06T00:29:09.099978+00:00,238.9,0.0401800012588501,0.0022226971865062345,0.3859572768879324
NVDA261016C00080000,2026-10-05 16:14:23+00:00,80.0,156.9,156.6,161.05,11.689987,8.050401,32.0,230.0,3.957031357421875,True,REGULAR,USD,Call,2026-10-16,NVDA,2026-10-06T00:29:09.099978+00:00,238.9,0.0401800012588501,0.0022226971865062345,0.3859572768879324
NVDA261016C00085000,2026-10-05 16:13:56+00:00,85.0,151.94,151.8,156.1,-0.3600006,-0.23637597,20.0,22.0,2.1718795703125,True,REGULAR,USD,Call,2026-10-16,NVDA,2026-10-06T00:29:09.099978+00:00,238.9,0.0401800012588501,0.0022226971865062345,0.3859572768879324
NVDA261016C00090000,2026-10-05 16:14:52+00:00,90.0,146.92,146.65,151.1,0.17999268,0.12266094,12.0,143.0,3.583985415039063,True,REGULAR,USD,Call,2026-10-16,NVDA,2026-10-06T00:29:09.099978+00:00,238.9,0.0401800012588501,0.0022226971865062345,0.3859572768879324
NVDA261016C00095000,2026-10-05 16:25:55+00:00,95.0,141.72,140.65,147.5,12.389999,9.580144,38.0,49.0,2.2460981347656244,True,REGULAR,USD,Call,2026-10-16,NVDA,2026-10-06T00:29:09.099978+00:00,238.9,0.0401800012588501,0.0022226971865062345,0.3859572768879324
NVDA261016C00100000,2026-10-05 16:15:08+00:00,100.0,136.87,137.2,141.15,2.2799988,1.6940329,39.0,142.0,2.2578168554687497,True,REGULAR,USD,Call,2026-10-16,NVDA,2026-10-06T00:29:09.099978+00:00,238.9,0.0401800012588501,0.0022226971865062345,0.3859572768879324
NVDA261016C00105000,2026-10-05 16:14:48+00:00,105.0,131.92,131.65,136.1,2.9100037,2.255642,30.0,72.0,3.0742210644531247,True,REGULAR,USD,Call,2026-10-16,NVDA,2026-10-06T00:29:09.099978+00:00,238.9,0.0401800012588501,0.0022226971865062345,0.3859572768879324
NVDA261016C00110000,2026-10-05 16:09:58+00:00,110.0,127.04,126.65,131.1,6.1200027,5.0611997,21.0,238.0,2.9209011352539065,True,REGULAR,USD,Call,2026-10-16,NVDA,2026-10-06T00:29:09.099978+00:00,238.9,0.0401800012588501,0.0022226971865062345,0.3859572768879324
NVDA261016C00115000,2026-10-05 16:16:35+00:00,115.0,121.91,121.7,126.15,5.6900024,4.8958893,32.0,82.0,1.46875265625,True,REGULAR,USD,Call,2026-10-16,NVDA,2026-10-06T00:29:09.099978+00:00,238.9,0.0401800012588501,0.0022226971865062345,0.3859572768879324
NVDA261016C00120000,2026-10-05 16:16:53+00:00,120.0,117.73,116.85,121.15,3.4400024,3.0098891,31.0,220.0,1.6015644921874999,True,REGULAR,USD,Call,2026-10-16,NVDA,2026-10-06T00:29:09.099978+00:00,238.9,0.0401800012588501,0.0022226971865062345,0.3859572768879324
NVDA261016C00125000,2026-10-05 19:34:19+00:00,125.0,114.54,112.05,116.2,6.6900024,6.203062,31.0,288.0,1.673829755859375,True,REGULAR,USD,Call,2026-10-16,NVDA,2026-10-06T00:29:09.099978+00:00,238.9,0.0401800012588501,0.0022226971865062345,0.3859572768879324
NVDA261016C00130000,2026-10-05 16:14:06+00:00,130.0,106.75,106.9,111.15,1.3799973,1.3096681,47.0,288.0,1.46484642578125,True,REGULAR,USD,Call,2026-10-16,NVDA,2026-10-06T00:29:09.099978+00:00,238.9,0.0401800012588501,0.0022226971865062345,0.3859572768879324
NVDA261016C00135000,2026-10-05 18:01:47+00:00,135.0,102.25,102.4,106.25,2.6900024,2.701891,25.0,275.0,1.6396502392578123,True,REGULAR,USD,Call,2026-10-16,NVDA,2026-10-06T00:29:09.099978+00:00,238.9,0.0401800012588501,0.0022226971865062345,0.3859572768879324
NVDA261016C00140000,2026-10-05 19:10:34+00:00,140.0,99.15,96.75,101.15,4.580002,4.8429756,40.0,511.0,1.171879140625,True,REGULAR,USD,Call,2026-10-16,NVDA,2026-10-06T00:29:09.099978+00:00,238.9,0.0401800012588501,0.0022226971865062345,0.3859572768879324
NVDA261016C00145000,2026-10-05 19:13:31+00:00,145.0,94.88,92.1,96.1,3.8099976,4.1835923,24.0,1536.0,1.3027378613281246,True,REGULAR,USD,Call,2026-10-16,NVDA,2026-10-06T00:29:09.099978+00:00,238.9,0.0401800012588501,0.0022226971865062345,0.3859572768879324
NVDA261016C00150000,2026-10-05 17:42:26+00:00,150.0,87.25,86.85,91.2,0.75,0.867052,35.0,1111.0,1.1484417578125,True,REGULAR,USD,Call,2026-10-16,NVDA,2026-10-06T00:29:09.099978+00:00,238.9,0.0401800012588501,0.0022226971865062345,0.3859572768879324
NVDA261016C00155000,2026-10-05 19:49:32+00:00,155.0,84.98,82.9,86.3,4.4400024,5.5127916,72.0,4659.0,1.400393623046875,True,REGULAR,USD,Call,2026-10-16,NVDA,2026-10-06T00:29:09.099978+00:00,238.9,0.0401800012588501,0.0022226971865062345,0.3859572768879324
NVDA261016C00160000,2026-10-05 19:51:58+00:00,160.0,79.3,78.15,81.45,4.7000046,6.3002744,60.0,5268.0,1.376956240234375,True,REGULAR,USD,Call,2026-10-16,NVDA,2026-10-06T00:29:09.099978+00:00,238.9,0.0401800012588501,0.0022226971865062345,0.3859572768879324
NVDA261016C00165000,2026-10-05 19:46:11+00:00,165.0,74.89,72.4,75.6,5.5999985,8.081972,51.0,595.0,0.9082040429687499,True,REGULAR,USD,Call,2026-10-16,NVDA,2026-10-06T00:29:09.099978+00:00,238.9,0.0401800012588501,0.0022226971865062345,0.3859572768879324
NVDA261016C00170000,2026-10-05 19:38:02+00:00,170.0,70.38,67.85,70.6,6.029999,9.370627,66.0,1620.0,0.9970703417968749,True,REGULAR,USD,Call,2026-10-16,NVDA,2026-10-06T00:29:09.099978+00:00,238.9,0.0401800012588501,0.0022226971865062345,0.3859572768879324
NVDA261016C00175000,2026-10-05 19:46:37+00:00,175.0,65.2,63.65,66.45,5.699997,9.579826,54.0,2370.0,1.175297092285156,True,REGULAR,USD,Call,2026-10-16,NVDA,2026-10-06T00:29:09.099978+00:00,238.9,0.0401800012588501,0.0022226971865062345,0.3859572768879324
NVDA261016C00180000,2026-10-05 19:56:54+00:00,180.0,59.13,57.95,60.7,4.630001,8.495415,12646.0,106306.0,0.8916026464843749,True,REGULAR,USD,Call,2026-10-16,NVDA,2026-10-06T00:29:09.099978+00:00,238.9,0.0401800012588501,0.0022226971865062345,0.3859572768879324
NVDA261016C00185000,2026-10-05 19:02:29+00:00,185.0,55.0,52.0,56.0,5.6100006,11.358576,115.0,2264.0,0.6533237792968751,True,REGULAR,USD,Call,2026-10-16,NVDA,2026-10-06T00:29:09.099978+00:00,238.9,0.0401800012588501,0.0022226971865062345,0.3859572768879324
NVDA261016C00190000,2026-10-05 19:42:44+00:00,190.0,50.0,48.4,50.75,5.1500015,11.482723,205.0,3358.0,0.8164080859374999,True,REGULAR,USD,Call,2026-10-16,NVDA,2026-10-06T00:29:09.099978+00:00,238.9,0.0401800012588501,0.0022226971865062345,0.3859572768879324
NVDA261016C00195000,2026-10-05 19:58:03+00:00,195.0,44.11,43.75,45.9,4.709999,11.954312,499.0,7000.0,0.7939473730468749,True,REGULAR,USD,Call,2026-10-16,NVDA,2026-10-06T00:29:09.099978+00:00,238.9,0.0401800012588501,0.0022226971865062345,0.3859572768879324
NVDA261016C00197500,2026-10-05 15:58:25+00:00,197.5,40.35,39.45,44.05,6.489998,19.16715,176.0,6.0,0.6162147753906251,True,REGULAR,USD,Call,2026-10-16,NVDA,2026-10-06T00:29:09.099978+00:00,238.9,0.0401800012588501,0.0022226971865062345,0.3859572768879324
NVDA261016C00200000,2026-10-05 19:57:15+00:00,200.0,39.09,38.5,39.4,4.59,13.304348,691.0,8811.0,0.624027197265625,True,REGULAR,USD,Call,2026-10-16,NVDA,2026-10-06T00:29:09.099978+00:00,238.9,0.0401800012588501,0.0022226971865062345,0.3859572768879324
NVDA261016C00202500,2026-10-05 16:16:52+00:00,202.5,34.75,34.45,38.6,2.3300018,7.186928,104.0,12.0,0.8579115771484375,True,REGULAR,USD,Call,2026-10-16,NVDA,2026-10-06T00:29:09.099978+00:00,238.9,0.0401800012588501,0.0022226971865062345,0.3859572768879324
NVDA261016C00205000,2026-10-05 19:58:29+00:00,205.0,34.15,33.95,35.8,4.630001,15.684286,499.0,8873.0,0.6447789428710937,True,REGULAR,USD,Call,2026-10-16,NVDA,2026-10-06T00:29:09.099978+00:00,238.9,0.0401800012588501,0.0022226971865062345,0.3859572768879324
NVDA261016C00207500,2026-10-05 19:51:03+00:00,207.5,32.36,31.35,33.15,5.290001,19.541933,490.0,203.0,0.5847209497070311,True,REGULAR,USD,Call,2026-10-16,NVDA,2026-10-06T00:29:09.099978+00:00,238.9,0.0401800012588501,0.0022226971865062345,0.3859572768879324
NVDA261016C00210000,2026-10-05 19:59:30+00:00,210.0,29.3,28.95,30.7,4.699999,19.105686,931.0,16849.0,0.5581098876953126,True,REGULAR,USD,Call,2026-10-16,NVDA,2026-10-06T00:29:09.099978+00:00,238.9,0.0401800012588501,0.0022226971865062345,0.3859572768879324
NVDA261016C00212500,2026-10-05 19:54:20+00:00,212.5,27.39,26.55,28.35,4.799999,21.248337,252.0,534.0,0.5371140039062501,True,REGULAR,USD,Call,2026-10-16,NVDA,2026-10-06T00:29:09.099978+00:00,238.9,0.0401800012588501,0.0022226971865062345,0.3859572768879324
NVDA261016C00215000,2026-10-05 19:59:12+00:00,215.0,24.39,24.1,25.9,4.3899994,21.949997,596.0,23963.0,0.5039112109375,True,REGULAR,USD,Call,2026-10-16,NVDA,2026-10-06T00:29:09.099978+00:00,238.9,0.0401800012588501,0.0022226971865062345,0.3859572768879324
NVDA261016C00217500,2026-10-05 19:54:46+00:00,217.5,22.3,21.7,23.5,4.7599983,27.137959,202.0,1114.0,0.5730023168945313,True,REGULAR,USD,Call,2026-10-16,NVDA,2026-10-06T00:29:09.099978+00:00,238.9,0.0401800012588501,0.0022226971865062345,0.3859572768879324
NVDA261016C00220000,2026-10-05 19:57:26+00:00,220.0,19.46,19.4,20.5,4.0599995,26.363632,3975.0,101884.0,0.477544287109375,True,REGULAR,USD,Call,2026-10-16,NVDA,2026-10-06T00:29:09.099978+00:00,238.9,0.0401800012588501,0.0022226971865062345,0.3859572768879324
NVDA261016C00222500,2026-10-05 19:59:32+00:00,222.5,17.2,17.0,18.3,3.9100008,29.420624,810.0,1982.0,0.46179737426757816,True,REGULAR,USD,Call,2026-10-16,NVDA,2026-10-06T00:29:09.099978+00:00,238.9,0.0401800012588501,0.0022226971865062345,0.3859572768879324
NVDA261016C00225000,2026-10-05 19:59:24+00:00,225.0,14.85,14.9,16.1,3.6100006,32.117443,4152.0,29534.0,0.44116769775390624,True,REGULAR,USD,Call,2026-10-16,NVDA,2026-10-06T00:29:09.099978+00:00,238.9,0.0401800012588501,0.0022226971865062345,0.3859572768879324
NVDA261016C00227500,2026-10-05 19:55:13+00:00,227.5,12.92,12.85,13.3,3.5699997,38.181812,490.0,3478.0,0.36780417358398443,True,REGULAR,USD,Call,2026-10-16,NVDA,2026-10-06T00:29:09.099978+00:00,238.9,0.0401800012588501,0.0022226971865062345,0.3859572768879324
NVDA261016C00230000,2026-10-05 19:59:59+00:00,230.0,11.0,10.9,11.05,3.3000002,42.857147,10911.0,57089.0,0.33814138427734375,True,REGULAR,USD,Call,2026-10-16,NVDA,2026-10-06T00:29:09.099978+00:00,238.9,0.0401800012588501,0.0022226971865062345,0.3859572768879324
NVDA261016C00232500,2026-10-05 19:59:08+00:00,232.5,9.0,8.95,9.1,2.88,47.058823,1165.0,8987.0,0.3244696459960937,True,REGULAR,USD,Call,2026-10-16,NVDA,2026-10-06T00:29:09.099978+00:00,238.9,0.0401800012588501,0.0022226971865062345,0.3859572768879324
NVDA261016C00235000,2026-10-05 19:59:58+00:00,235.0,7.26,7.2,7.3,2.5100002,52.842113,10950.0,46470.0,0.3117744604492187,True,REGULAR,USD,Call,2026-10-16,NVDA,2026-10-06T00:29:09.099978+00:00,238.9,0.0401800012588501,0.0022226971865062345,0.3859572768879324
NVDA261016C00237500,2026-10-05 19:59:58+00:00,237.5,5.59,5.65,5.75,1.96,53.994488,5432.0,6394.0,0.3042061767578125,True,REGULAR,USD,Call,2026-10-16,NVDA,2026-10-06T00:29:09.099978+00:00,238.9,0.0401800012588501,0.0022226971865062345,0.3859572768879324
NVDA261016C00240000,2026-10-05 19:59:59+00:00,240.0,4.4,4.35,4.45,1.6700001,61.17216,32060.0,65707.0,0.3002999658203125,False,REGULAR,USD,Call,2026-10-16,NVDA,2026-10-06T00:29:09.099978+00:00,238.9,0.0401800012588501,0.0022226971865062345,0.3859572768879324
NVDA261016C00242500,2026-10-05 19:59:46+00:00,242.5,3.1,3.25,3.35,1.1499999,58.97435,4519.0,5943.0,0.29651582397460935,False,REGULAR,USD,Call,2026-10-16,NVDA,2026-10-06T00:29:09.099978+00:00,238.9,0.0401800012588501,0.0022226971865062345,0.3859572768879324
NVDA261016C00245000,2026-10-05 19:59:56+00:00,245.0,2.38,2.39,2.43,0.98000014,70.000015,10877.0,43104.0,0.2916330603027343,False,REGULAR,USD,Call,2026-10-16,NVDA,2026-10-06T00:29:09.099978+00:00,238.9,0.0401800012588501,0.0022226971865062345,0.3859572768879324
NVDA261016C00247500,2026-10-05 19:59:59+00:00,247.5,1.73,1.72,1.75,0.77000004,80.20834,2836.0,3951.0,0.2906565075683593,False,REGULAR,USD,Call,2026-10-16,NVDA,2026-10-06T00:29:09.099978+00:00,238.9,0.0401800012588501,0.0022226971865062345,0.3859572768879324
NVDA261016C00250000,2026-10-05 19:59:56+00:00,250.0,1.23,1.21,1.24,0.56,83.582085,27937.0,77668.0,0.29077857666015616,False,REGULAR,USD,Call,2026-10-16,NVDA,2026-10-06T00:29:09.099978+00:00,238.9,0.0401800012588501,0.0022226971865062345,0.3859572768879324
NVDA261016C00255000,2026-10-05 19:59:56+00:00,255.0,0.54,0.56,0.59,0.22000003,68.750015,3515.0,24749.0,0.2924875439453124,False,REGULAR,USD,Call,2026-10-16,NVDA,2026-10-06T00:29:09.099978+00:00,238.9,0.0401800012588501,0.0022226971865062345,0.3859572768879324
NVDA261016C00260000,2026-10-05 19:59:59+00:00,260.0,0.25,0.25,0.26,0.08,47.058823,7398.0,73240.0,0.29444064941406245,False,REGULAR,USD,Call,2026-10-16,NVDA,2026-10-06T00:29:09.099978+00:00,238.9,0.0401800012588501,0.0022226971865062345,0.3859572768879324
NVDA261016C00265000,2026-10-05 19:59:48+00:00,265.0,0.12,0.12,0.13,0.019999996,19.999994,10507.0,12104.0,0.30664755859375,False,REGULAR,USD,Call,2026-10-16,NVDA,2026-10-06T00:29:09.099978+00:00,238.9,0.0401800012588501,0.0022226971865062345,0.3859572768879324
NVDA261016C00270000,2026-10-05 19:54:37+00:00,270.0,0.06,0.06,0.08,-0.010000002,-14.285716,9610.0,20322.0,0.327155166015625,False,REGULAR,USD,Call,2026-10-16,NVDA,2026-10-06T00:29:09.099978+00:00,238.9,0.0401800012588501,0.0022226971865062345,0.3859572768879324
NVDA261016C00275000,2026-10-05 19:48:55+00:00,275.0,0.04,0.03,0.05,-0.010000002,-20.000002,24827.0,9604.0,0.34570966796874997,False,REGULAR,USD,Call,2026-10-16,NVDA,2026-10-06T00:29:09.099978+00:00,238.9,0.0401800012588501,0.0022226971865062345,0.3859572768879324
NVDA261016C00280000,2026-10-05 19:54:41+00:00,280.0,0.03,0.01,0.03,0.0,0.0,5692.0,16061.0,0.3632876171875,False,REGULAR,USD,Call,2026-10-16,NVDA,2026-10-06T00:29:09.099978+00:00,238.9,0.0401800012588501,0.0022226971865062345,0.3859572768879324
NVDA261016C00285000,2026-10-05 19:01:10+00:00,285.0,0.02,0.01,0.02,0.0,0.0,1846.0,4831.0,0.3789124609375,False,REGULAR,USD,Call,2026-10-16,NVDA,2026-10-06T00:29:09.099978+00:00,238.9,0.0401800012588501,0.0022226971865062345,0.3859572768879324
NVDA261016C00290000,2026-10-05 19:27:08+00:00,290.0,0.01,0.0,0.01,-0.02,-66.66667,254.0,12082.0,0.38672488281249995,False,REGULAR,USD,Call,2026-10-16,NVDA,2026-10-06T00:29:09.099978+00:00,238.9,0.0401800012588501,0.0022226971865062345,0.3859572768879324
NVDA261016C00295000,2026-10-05 19:27:29+00:00,295.0,0.01,0.0,0.01,-0.01,-50.0,388.0,6428.0,0.414068359375,False,REGULAR,USD,Call,2026-10-16,NVDA,2026-10-06T00:29:09.099978+00:00,238.9,0.0401800012588501,0.0022226971865062345,0.3859572768879324
NVDA261016C00300000,2026-10-05 19:11:02+00:00,300.0,0.01,0.0,0.01,-0.01,-50.0,586.0,16157.0,0.445318046875,False,REGULAR,USD,Call,2026-10-16,NVDA,2026-10-06T00:29:09.099978+00:00,238.9,0.0401800012588501,0.0022226971865062345,0.3859572768879324
NVDA261016C00305000,2026-10-05 18:07:30+00:00,305.0,0.02,0.0,0.01,0.0,0.0,2642.0,2245.0,0.476567734375,False,REGULAR,USD,Call,2026-10-16,NVDA,2026-10-06T00:29:09.099978+00:00,238.9,0.0401800012588501,0.0022226971865062345,0.3859572768879324
NVDA261016C00310000,2026-10-05 18:58:48+00:00,310.0,0.01,0.0,0.01,0.0,0.0,1446.0,4825.0,0.507817421875,False,REGULAR,USD,Call,2026-10-16,NVDA,2026-10-06T00:29:09.099978+00:00,238.9,0.0401800012588501,0.0022226971865062345,0.3859572768879324
NVDA261016C00315000,2026-10-02 13:48:06+00:00,315.0,0.01,0.0,0.01,0.0,0.0,38.0,1077.0,0.500005,False,REGULAR,USD,Call,2026-10-16,NVDA,2026-10-06T00:29:09.099978+00:00,238.9,0.0401800012588501,0.0022226971865062345,0.3859572768879324
NVDA261016C00320000,2026-10-01 16:34:09+00:00,320.0,0.02,0.0,0.01,0.0,0.0,100.0,2178.0,0.5312546875,False,REGULAR,USD,Call,2026-10-16,NVDA,2026-10-06T00:29:09.099978+00:00,238.9,0.0401800012588501,0.0022226971865062345,0.3859572768879324
NVDA261016C00325000,2026-10-02 19:33:58+00:00,325.0,0.01,0.0,0.01,0.0,0.0,292.0,416.0,0.5468795312500001,False,REGULAR,USD,Call,2026-10-16,NVDA,2026-10-06T00:29:09.099978+00:00,238.9,0.0401800012588501,0.0022226971865062345,0.3859572768879324
NVDA261016C00330000,2026-10-05 13:41:59+00:00,330.0,0.01,0.0,0.01,0.0,0.0,2.0,2184.0,0.57812921875,False,REGULAR,USD,Call,2026-10-16,NVDA,2026-10-06T00:29:09.099978+00:00,238.9,0.0401800012588501,0.0022226971865062345,0.3859572768879324
NVDA261016C00335000,2026-10-02 18:51:52+00:00,335.0,0.01,0.0,0.01,0.0,0.0,188.0,958.0,0.6093789062500001,False,REGULAR,USD,Call,2026-10-16,NVDA,2026-10-06T00:29:09.099978+00:00,238.9,0.0401800012588501,0.0022226971865062345,0.3859572768879324
NVDA261016C00340000,2026-10-02 16:14:06+00:00,340.0,0.02,0.0,0.01,0.0,0.0,221.0,2416.0,0.6250037500000001,False,REGULAR,USD,Call,2026-10-16,NVDA,2026-10-06T00:29:09.099978+00:00,238.9,0.0401800012588501,0.0022226971865062345,0.3859572768879324
NVDA261016C00345000,2026-10-05 14:03:51+00:00,345.0,0.01,0.0,0.01,0.0,0.0,29.0,875.0,0.6562534375000001,False,REGULAR,USD,Call,2026-10-16,NVDA,2026-10-06T00:29:09.099978+00:00,238.9,0.0401800012588501,0.0022226971865062345,0.3859572768879324
NVDA261016C00350000,2026-10-02 18:18:07+00:00,350.0,0.01,0.0,0.01,0.0,0.0,17.0,11882.0,0.6718782812500002,False,REGULAR,USD,Call,2026-10-16,NVDA,2026-10-06T00:29:09.099978+00:00,238.9,0.0401800012588501,0.0022226971865062345,0.3859572768879324
NVDA261016C00355000,2026-10-02 14:35:59+00:00,355.0,0.01,0.0,0.01,0.0,0.0,29.0,517.0,0.6875031250000001,False,REGULAR,USD,Call,2026-10-16,NVDA,2026-10-06T00:29:09.099978+00:00,238.9,0.0401800012588501,0.0022226971865062345,0.3859572768879324
NVDA261016C00360000,2026-10-02 14:31:31+00:00,360.0,0.01,0.0,0.01,0.0,0.0,16.0,4850.0,0.7187528125,False,REGULAR,USD,Call,2026-10-16,NVDA,2026-10-06T00:29:09.099978+00:00,238.9,0.0401800012588501,0.0022226971865062345,0.3859572768879324
NVDA261016C00365000,2026-10-01 16:49:23+00:00,365.0,0.01,0.0,0.01,0.0,0.0,20.0,1687.0,0.7500025,False,REGULAR,USD,Call,2026-10-16,NVDA,2026-10-06T00:29:09.099978+00:00,238.9,0.0401800012588501,0.0022226971865062345,0.3859572768879324
NVDA261016C00370000,2026-10-02 14:23:09+00:00,370.0,0.01,0.0,0.01,0.0,0.0,12.0,2652.0,0.7656273437500001,False,REGULAR,USD,Call,2026-10-16,NVDA,2026-10-06T00:29:09.099978+00:00,238.9,0.0401800012588501,0.0022226971865062345,0.3859572768879324
NVDA261016C00375000,2026-10-02 14:12:50+00:00,375.0,0.01,0.0,0.01,0.0,0.0,20.0,1122.0,0.7812521875,False,REGULAR,USD,Call,2026-10-16,NVDA,2026-10-06T00:29:09.099978+00:00,238.9,0.0401800012588501,0.0022226971865062345,0.3859572768879324
NVDA261016C00380000,2026-10-05 16:56:55+00:00,380.0,0.01,0.0,0.01,0.0,0.0,22.0,2029.0,0.8125018749999999,False,REGULAR,USD,Call,2026-10-16,NVDA,2026-10-06T00:29:09.099978+00:00,238.9,0.0401800012588501,0.0022226971865062345,0.3859572768879324
NVDA261016C00385000,2026-10-01 19:09:52+00:00,385.0,0.01,0.0,0.01,0.0,0.0,508.0,655.0,0.8281267187499999,False,REGULAR,USD,Call,2026-10-16,NVDA,2026-10-06T00:29:09.099978+00:00,238.9,0.0401800012588501,0.0022226971865062345,0.3859572768879324
NVDA261016C00390000,2026-10-02 13:32:17+00:00,390.0,0.01,0.0,0.01,0.0,0.0,2.0,1838.0,0.8437515624999999,False,REGULAR,USD,Call,2026-10-16,NVDA,2026-10-06T00:29:09.099978+00:00,238.9,0.0401800012588501,0.0022226971865062345,0.3859572768879324
NVDA261016C00395000,2026-10-01 17:28:01+00:00,395.0,0.01,0.0,0.01,0.0,0.0,520.0,542.0,0.87500125,False,REGULAR,USD,Call,2026-10-16,NVDA,2026-10-06T00:29:09.099978+00:00,238.9,0.0401800012588501,0.0022226971865062345,0.3859572768879324
NVDA261016C00400000,2026-10-01 17:50:04+00:00,400.0,0.01,0.0,0.01,0.0,0.0,614.0,8390.0,0.87500125,False,REGULAR,USD,Call,2026-10-16,NVDA,2026-10-06T00:29:09.099978+00:00,238.9,0.0401800012588501,0.0022226971865062345,0.3859572768879324
NVDA261016C00405000,2026-10-01 19:03:12+00:00,405.0,0.01,0.0,0.01,0.0,0.0,894.0,870.0,0.9062509375,False,REGULAR,USD,Call,2026-10-16,NVDA,2026-10-06T00:29:09.099978+00:00,238.9,0.0401800012588501,0.0022226971865062345,0.3859572768879324
NVDA261016C00410000,2026-10-01 19:02:14+00:00,410.0,0.01,0.0,0.01,0.0,0.0,493.0,1586.0,0.92187578125,False,REGULAR,USD,Call,2026-10-16,NVDA,2026-10-06T00:29:09.099978+00:00,238.9,0.0401800012588501,0.0022226971865062345,0.3859572768879324
NVDA261016C00415000,2026-10-01 18:53:07+00:00,415.0,0.01,0.0,0.01,0.0,0.0,433.0,445.0,0.937500625,False,REGULAR,USD,Call,2026-10-16,NVDA,2026-10-06T00:29:09.099978+00:00,238.9,0.0401800012588501,0.0022226971865062345,0.3859572768879324
NVDA261016C00420000,2026-10-01 17:49:04+00:00,420.0,0.01,0.0,0.01,0.0,0.0,504.0,930.0,0.9687503125,False,REGULAR,USD,Call,2026-10-16,NVDA,2026-10-06T00:29:09.099978+00:00,238.9,0.0401800012588501,0.0022226971865062345,0.3859572768879324
NVDA261016C00425000,2026-10-01 17:51:20+00:00,425.0,0.01,0.0,0.01,0.0,0.0,,40.0,0.9687503125,False,REGULAR,USD,Call,2026-10-16,NVDA,2026-10-06T00:29:09.099978+00:00,238.9,0.0401800012588501,0.0022226971865062345,0.3859572768879324
NVDA261016C00430000,2026-10-01 17:49:05+00:00,430.0,0.02,0.0,0.01,0.0,0.0,101.0,335.0,0.98437515625,False,REGULAR,USD,Call,2026-10-16,NVDA,2026-10-06T00:29:09.099978+00:00,238.9,0.0401800012588501,0.0022226971865062345,0.3859572768879324
NVDA261016C00435000,2026-10-01 17:50:13+00:00,435.0,0.01,0.0,0.01,0.0,0.0,393.0,534.0,1.015629921875,False,REGULAR,USD,Call,2026-10-16,NVDA,2026-10-06T00:29:09.099978+00:00,238.9,0.0401800012588501,0.0022226971865062345,0.3859572768879324
NVDA261016C00440000,2026-10-02 19:13:26+00:00,440.0,0.01,0.0,0.01,0.0,0.0,245.0,775.0,1.0312548437500002,False,REGULAR,USD,Call,2026-10-16,NVDA,2026-10-06T00:29:09.099978+00:00,238.9,0.0401800012588501,0.0022226971865062345,0.3859572768879324
NVDA261016C00450000,2026-09-28 13:37:39+00:00,450.0,0.01,0.0,0.01,0.0,0.0,1.0,859.0,1.0625046875000002,False,REGULAR,USD,Call,2026-10-16,NVDA,2026-10-06T00:29:09.099978+00:00,238.9,0.0401800012588501,0.0022226971865062345,0.3859572768879324
NVDA261016C00455000,2026-09-11 13:32:16+00:00,455.0,0.03,0.0,0.01,0.0,0.0,85.0,752.0,1.09375453125,False,REGULAR,USD,Call,2026-10-16,NVDA,2026-10-06T00:29:09.099978+00:00,238.9,0.0401800012588501,0.0022226971865062345,0.3859572768879324
NVDA261016C00460000,2026-10-02 14:04:20+00:00,460.0,0.01,0.0,0.01,0.0,0.0,12.0,17138.0,1.09375453125,False,REGULAR,USD,Call,2026-10-16,NVDA,2026-10-06T00:29:09.099978+00:00,238.9,0.0401800012588501,0.0022226971865062345,0.3859572768879324
NVDA261016P00005000,2026-07-08 15:59:47+00:00,5.0,0.02,0.0,0.01,0.0,0.0,1.0,4024.0,6.7500015625000005,False,REGULAR,USD,Put,2026-10-16,NVDA,2026-10-06T00:29:09.099978+00:00,238.9,0.0401800012588501,0.0022226971865062345,0.3859572768879324
NVDA261016P00010000,2026-07-28 17:46:06+00:00,10.0,0.01,0.0,0.01,0.0,0.0,,10.0,5.500003124999999,False,REGULAR,USD,Put,2026-10-16,NVDA,2026-10-06T00:29:09.099978+00:00,238.9,0.0401800012588501,0.0022226971865062345,0.3859572768879324
NVDA261016P00015000,2026-09-29 13:37:50+00:00,15.0,0.01,0.0,0.01,0.0,0.0,,2.0,4.7500040624999995,False,REGULAR,USD,Put,2026-10-16,NVDA,2026-10-06T00:29:09.099978+00:00,238.9,0.0401800012588501,0.0022226971865062345,0.3859572768879324
NVDA261016P00020000,2026-08-26 17:09:10+00:00,20.0,0.01,0.0,0.01,0.0,0.0,1.0,502.0,4.2500046875,False,REGULAR,USD,Put,2026-10-16,NVDA,2026-10-06T00:29:09.099978+00:00,238.9,0.0401800012588501,0.0022226971865062345,0.3859572768879324
NVDA261016P00025000,2026-07-29 15:24:12+00:00,25.0,0.03,0.0,0.03,0.0,0.0,10.0,30.0,4.2187547265625,False,REGULAR,USD,Put,2026-10-16,NVDA,2026-10-06T00:29:09.099978+00:00,238.9,0.0401800012588501,0.0022226971865062345,0.3859572768879324
NVDA261016P00030000,2026-05-22 15:19:22+00:00,30.0,0.02,0.0,0.0,0.0,0.0,1.0,0.0,0.500005,False,REGULAR,USD,Put,2026-10-16,NVDA,2026-10-06T00:29:09.099978+00:00,238.9,0.0401800012588501,0.0022226971865062345,0.3859572768879324
NVDA261016P00035000,2026-09-16 19:58:25+00:00,35.0,0.02,0.0,0.01,0.0,0.0,7.0,40.0,3.2500018749999997,False,REGULAR,USD,Put,2026-10-16,NVDA,2026-10-06T00:29:09.099978+00:00,238.9,0.0401800012588501,0.0022226971865062345,0.3859572768879324
NVDA261016P00040000,2026-08-26 18:22:31+00:00,40.0,0.01,0.0,0.01,0.0,0.0,2.0,269.0,3.06250234375,False,REGULAR,USD,Put,2026-10-16,NVDA,2026-10-06T00:29:09.099978+00:00,238.9,0.0401800012588501,0.0022226971865062345,0.3859572768879324
NVDA261016P00045000,2026-09-16 19:57:22+00:00,45.0,0.01,0.0,0.01,0.0,0.0,12.0,82.0,2.8750028125,False,REGULAR,USD,Put,2026-10-16,NVDA,2026-10-06T00:29:09.099978+00:00,238.9,0.0401800012588501,0.0022226971865062345,0.3859572768879324
NVDA261016P00050000,2026-09-15 17:18:50+00:00,50.0,0.01,0.0,0.01,0.0,0.0,501.0,1487.0,2.68750328125,False,REGULAR,USD,Put,2026-10-16,NVDA,2026-10-06T00:29:09.099978+00:00,238.9,0.0401800012588501,0.0022226971865062345,0.3859572768879324
NVDA261016P00055000,2026-09-25 17:24:55+00:00,55.0,0.01,0.0,0.01,0.0,0.0,1.0,7234.0,2.50000375,False,REGULAR,USD,Put,2026-10-16,NVDA,2026-10-06T00:29:09.099978+00:00,238.9,0.0401800012588501,0.0022226971865062345,0.3859572768879324
NVDA261016P00060000,2026-09-29 15:13:13+00:00,60.0,0.01,0.0,0.01,0.0,0.0,4.0,1746.0,2.3750040624999995,False,REGULAR,USD,Put,2026-10-16,NVDA,2026-10-06T00:29:09.099978+00:00,238.9,0.0401800012588501,0.0022226971865062345,0.3859572768879324
NVDA261016P00065000,2026-10-05 19:55:24+00:00,65.0,0.01,0.0,0.02,0.0,0.0,3500.0,4617.0,2.3750040624999995,False,REGULAR,USD,Put,2026-10-16,NVDA,2026-10-06T00:29:09.099978+00:00,238.9,0.0401800012588501,0.0022226971865062345,0.3859572768879324
NVDA261016P00070000,2026-10-05 19:50:50+00:00,70.0,0.01,0.0,0.02,0.0,0.0,1337.0,7804.0,2.2187544531249994,False,REGULAR,USD,Put,2026-10-16,NVDA,2026-10-06T00:29:09.099978+00:00,238.9,0.0401800012588501,0.0022226971865062345,0.3859572768879324
NVDA261016P00075000,2026-10-05 19:50:12+00:00,75.0,0.01,0.0,0.02,0.0,0.0,35.0,337.0,2.0937547656249995,False,REGULAR,USD,Put,2026-10-16,NVDA,2026-10-06T00:29:09.099978+00:00,238.9,0.0401800012588501,0.0022226971865062345,0.3859572768879324
NVDA261016P00080000,2026-10-05 15:34:44+00:00,80.0,0.01,0.0,0.02,0.0,0.0,21.0,742.0,1.984375078125,False,REGULAR,USD,Put,2026-10-16,NVDA,2026-10-06T00:29:09.099978+00:00,238.9,0.0401800012588501,0.0022226971865062345,0.3859572768879324
NVDA261016P00085000,2026-10-05 19:59:04+00:00,85.0,0.01,0.01,0.02,0.0,0.0,162.0,1674.0,1.953125234375,False,REGULAR,USD,Put,2026-10-16,NVDA,2026-10-06T00:29:09.099978+00:00,238.9,0.0401800012588501,0.0022226971865062345,0.3859572768879324
NVDA261016P00090000,2026-10-05 17:13:24+00:00,90.0,0.01,0.01,0.02,0.0,0.0,385.0,1850.0,1.8437507812499998,False,REGULAR,USD,Put,2026-10-16,NVDA,2026-10-06T00:29:09.099978+00:00,238.9,0.0401800012588501,0.0022226971865062345,0.3859572768879324
NVDA261016P00095000,2026-10-05 19:50:11+00:00,95.0,0.01,0.01,0.02,0.0,0.0,568.0,1709.0,1.75000125,False,REGULAR,USD,Put,2026-10-16,NVDA,2026-10-06T00:29:09.099978+00:00,238.9,0.0401800012588501,0.0022226971865062345,0.3859572768879324
NVDA261016P00100000,2026-10-05 19:25:38+00:00,100.0,0.01,0.01,0.02,-0.01,-50.0,167.0,5581.0,1.65625171875,False,REGULAR,USD,Put,2026-10-16,NVDA,2026-10-06T00:29:09.099978+00:00,238.9,0.0401800012588501,0.0022226971865062345,0.3859572768879324
NVDA261016P00105000,2026-10-05 18:25:09+00:00,105.0,0.01,0.01,0.03,-0.01,-50.0,1.0,2464.0,1.609376953125,False,REGULAR,USD,Put,2026-10-16,NVDA,2026-10-06T00:29:09.099978+00:00,238.9,0.0401800012588501,0.0022226971865062345,0.3859572768879324
NVDA261016P00110000,2026-10-05 19:54:51+00:00,110.0,0.02,0.01,0.03,0.0,0.0,55.0,8830.0,1.5156274218749999,False,REGULAR,USD,Put,2026-10-16,NVDA,2026-10-06T00:29:09.099978+00:00,238.9,0.0401800012588501,0.0022226971865062345,0.3859572768879324
NVDA261016P00115000,2026-10-02 19:49:27+00:00,115.0,0.02,0.01,0.03,0.0,0.0,73.0,14643.0,1.4375028125,False,REGULAR,USD,Put,2026-10-16,NVDA,2026-10-06T00:29:09.099978+00:00,238.9,0.0401800012588501,0.0022226971865062345,0.3859572768879324
NVDA261016P00120000,2026-10-05 16:29:59+00:00,120.0,0.02,0.01,0.03,-0.01,-33.333336,222.0,21016.0,1.359378203125,False,REGULAR,USD,Put,2026-10-16,NVDA,2026-10-06T00:29:09.099978+00:00,238.9,0.0401800012588501,0.0022226971865062345,0.3859572768879324
NVDA261016P00125000,2026-10-05 17:00:44+00:00,125.0,0.02,0.02,0.03,-0.01,-33.333336,456.0,10840.0,1.3125034374999998,False,REGULAR,USD,Put,2026-10-16,NVDA,2026-10-06T00:29:09.099978+00:00,238.9,0.0401800012588501,0.0022226971865062345,0.3859572768879324
NVDA261016P00130000,2026-10-05 13:48:35+00:00,130.0,0.03,0.02,0.04,0.0,0.0,20.0,8004.0,1.2578162109375,False,REGULAR,USD,Put,2026-10-16,NVDA,2026-10-06T00:29:09.099978+00:00,238.9,0.0401800012588501,0.0022226971865062345,0.3859572768879324
NVDA261016P00135000,2026-10-05 18:30:00+00:00,135.0,0.03,0.02,0.03,-0.01,-25.0,100.0,11216.0,1.1640666796875,False,REGULAR,USD,Put,2026-10-16,NVDA,2026-10-06T00:29:09.099978+00:00,238.9,0.0401800012588501,0.0022226971865062345,0.3859572768879324
NVDA261016P00140000,2026-10-05 19:52:32+00:00,140.0,0.03,0.02,0.03,-0.01,-25.0,3854.0,23691.0,1.09375453125,False,REGULAR,USD,Put,2026-10-16,NVDA,2026-10-06T00:29:09.099978+00:00,238.9,0.0401800012588501,0.0022226971865062345,0.3859572768879324
NVDA261016P00145000,2026-10-05 18:25:24+00:00,145.0,0.03,0.03,0.05,-0.04,-57.142857,251.0,11592.0,1.0781296093750001,False,REGULAR,USD,Put,2026-10-16,NVDA,2026-10-06T00:29:09.099978+00:00,238.9,0.0401800012588501,0.0022226971865062345,0.3859572768879324
NVDA261016P00150000,2026-10-05 18:56:00+00:00,150.0,0.03,0.03,0.05,-0.020000001,-40.000004,100.0,27692.0,1.0078174609375,False,REGULAR,USD,Put,2026-10-16,NVDA,2026-10-06T00:29:09.099978+00:00,238.9,0.0401800012588501,0.0022226971865062345,0.3859572768879324
NVDA261016P00155000,2026-10-05 19:48:42+00:00,155.0,0.04,0.04,0.06,-0.02,-33.333336,19.0,12876.0,0.9648441015625,False,REGULAR,USD,Put,2026-10-16,NVDA,2026-10-06T00:29:09.099978+00:00,238.9,0.0401800012588501,0.0022226971865062345,0.3859572768879324
NVDA261016P00160000,2026-10-05 19:27:22+00:00,160.0,0.05,0.05,0.06,-0.02,-28.571428,181.0,19319.0,0.9101571484375,False,REGULAR,USD,Put,2026-10-16,NVDA,2026-10-06T00:29:09.099978+00:00,238.9,0.0401800012588501,0.0022226971865062345,0.3859572768879324
NVDA261016P00165000,2026-10-05 19:39:14+00:00,165.0,0.06,0.05,0.06,-0.02,-25.0,257.0,25552.0,0.8476577734374999,False,REGULAR,USD,Put,2026-10-16,NVDA,2026-10-06T00:29:09.099978+00:00,238.9,0.0401800012588501,0.0022226971865062345,0.3859572768879324
NVDA261016P00170000,2026-10-05 19:38:00+00:00,170.0,0.06,0.06,0.08,-0.06,-50.0,6592.0,31459.0,0.80664255859375,False,REGULAR,USD,Put,2026-10-16,NVDA,2026-10-06T00:29:09.099978+00:00,238.9,0.0401800012588501,0.0022226971865062345,0.3859572768879324
NVDA261016P00175000,2026-10-05 19:47:51+00:00,175.0,0.08,0.08,0.09,-0.04,-33.333336,835.0,19823.0,0.7617211328125001,False,REGULAR,USD,Put,2026-10-16,NVDA,2026-10-06T00:29:09.099978+00:00,238.9,0.0401800012588501,0.0022226971865062345,0.3859572768879324
NVDA261016P00180000,2026-10-05 19:56:41+00:00,180.0,0.1,0.09,0.11,-0.029999994,-23.076918,768.0,34481.0,0.7148466015625,False,REGULAR,USD,Put,2026-10-16,NVDA,2026-10-06T00:29:09.099978+00:00,238.9,0.0401800012588501,0.0022226971865062345,0.3859572768879324
NVDA261016P00185000,2026-10-05 19:35:29+00:00,185.0,0.1,0.1,0.12,-0.04,-28.571428,769.0,23237.0,0.6621127539062501,False,REGULAR,USD,Put,2026-10-16,NVDA,2026-10-06T00:29:09.099978+00:00,238.9,0.0401800012588501,0.0022226971865062345,0.3859572768879324
NVDA261016P00190000,2026-10-05 19:57:53+00:00,190.0,0.13,0.12,0.14,-0.040000007,-23.529415,5127.0,23364.0,0.6152382226562501,False,REGULAR,USD,Put,2026-10-16,NVDA,2026-10-06T00:29:09.099978+00:00,238.9,0.0401800012588501,0.0022226971865062345,0.3859572768879324
NVDA261016P00195000,2026-10-05 19:57:53+00:00,195.0,0.15,0.14,0.16,-0.03999999,-21.052628,2590.0,31491.0,0.5664105859375,False,REGULAR,USD,Put,2026-10-16,NVDA,2026-10-06T00:29:09.099978+00:00,238.9,0.0401800012588501,0.0022226971865062345,0.3859572768879324
NVDA261016P00197500,2026-10-05 19:36:49+00:00,197.5,0.15,0.15,0.17,-0.030000001,-16.666666,1436.0,873.0,0.5400436621093752,False,REGULAR,USD,Put,2026-10-16,NVDA,2026-10-06T00:29:09.099978+00:00,238.9,0.0401800012588501,0.0022226971865062345,0.3859572768879324
NVDA261016P00200000,2026-10-05 19:59:13+00:00,200.0,0.18,0.16,0.18,-0.049999997,-21.739128,10183.0,38857.0,0.514653291015625,False,REGULAR,USD,Put,2026-10-16,NVDA,2026-10-06T00:29:09.099978+00:00,238.9,0.0401800012588501,0.0022226971865062345,0.3859572768879324
NVDA261016P00202500,2026-10-05 19:35:08+00:00,202.5,0.18,0.18,0.2,-0.06999999,-27.999996,1290.0,3636.0,0.49658706542968756,False,REGULAR,USD,Put,2026-10-16,NVDA,2026-10-06T00:29:09.099978+00:00,238.9,0.0401800012588501,0.0022226971865062345,0.3859572768879324
NVDA261016P00205000,2026-10-05 19:59:48+00:00,205.0,0.2,0.19,0.21,-0.08,-28.571428,3051.0,28103.0,0.4687553125,False,REGULAR,USD,Put,2026-10-16,NVDA,2026-10-06T00:29:09.099978+00:00,238.9,0.0401800012588501,0.0022226971865062345,0.3859572768879324
NVDA261016P00207500,2026-10-05 19:54:14+00:00,207.5,0.21,0.21,0.23,-0.12000002,-36.36364,741.0,3189.0,0.44482977050781247,False,REGULAR,USD,Put,2026-10-16,NVDA,2026-10-06T00:29:09.099978+00:00,238.9,0.0401800012588501,0.0022226971865062345,0.3859572768879324
NVDA261016P00210000,2026-10-05 19:59:30+00:00,210.0,0.26,0.24,0.26,-0.15,-36.58537,4029.0,27469.0,0.42236905761718746,False,REGULAR,USD,Put,2026-10-16,NVDA,2026-10-06T00:29:09.099978+00:00,238.9,0.0401800012588501,0.0022226971865062345,0.3859572768879324
NVDA261016P00212500,2026-10-05 19:57:58+00:00,212.5,0.29,0.28,0.3,-0.18,-38.29787,697.0,2405.0,0.401373173828125,False,REGULAR,USD,Put,2026-10-16,NVDA,2026-10-06T00:29:09.099978+00:00,238.9,0.0401800012588501,0.0022226971865062345,0.3859572768879324
NVDA261016P00215000,2026-10-05 19:59:59+00:00,215.0,0.34,0.32,0.33,-0.29999998,-46.874996,4745.0,16702.0,0.3754945263671875,False,REGULAR,USD,Put,2026-10-16,NVDA,2026-10-06T00:29:09.099978+00:00,238.9,0.0401800012588501,0.0022226971865062345,0.3859572768879324
NVDA261016P00217500,2026-10-05 19:58:56+00:00,217.5,0.41,0.39,0.4,-0.42,-50.60241,1454.0,3557.0,0.3569400244140625,False,REGULAR,USD,Put,2026-10-16,NVDA,2026-10-06T00:29:09.099978+00:00,238.9,0.0401800012588501,0.0022226971865062345,0.3859572768879324
NVDA261016P00220000,2026-10-05 19:59:58+00:00,220.0,0.52,0.51,0.52,-0.57000005,-52.29358,5307.0,50247.0,0.34326828613281246,False,REGULAR,USD,Put,2026-10-16,NVDA,2026-10-06T00:29:09.099978+00:00,238.9,0.0401800012588501,0.0022226971865062345,0.3859572768879324
NVDA261016P00222500,2026-10-05 19:58:27+00:00,222.5,0.7,0.63,0.65,-0.72999996,-51.048946,2719.0,2196.0,0.3259344750976562,False,REGULAR,USD,Put,2026-10-16,NVDA,2026-10-06T00:29:09.099978+00:00,238.9,0.0401800012588501,0.0022226971865062345,0.3859572768879324
NVDA261016P00225000,2026-10-05 19:59:43+00:00,225.0,0.9,0.84,0.87,-1.0,-52.63158,6244.0,16893.0,0.3142158422851562,False,REGULAR,USD,Put,2026-10-16,NVDA,2026-10-06T00:29:09.099978+00:00,238.9,0.0401800012588501,0.0022226971865062345,0.3859572768879324
NVDA261016P00227500,2026-10-05 19:58:25+00:00,227.5,1.23,1.14,1.17,-1.3199999,-51.764706,1926.0,4060.0,0.3034737622070312,False,REGULAR,USD,Put,2026-10-16,NVDA,2026-10-06T00:29:09.099978+00:00,238.9,0.0401800012588501,0.0022226971865062345,0.3859572768879324
NVDA261016P00230000,2026-10-05 19:59:34+00:00,230.0,1.66,1.55,1.58,-1.62,-49.390244,12195.0,15692.0,0.29358616577148433,False,REGULAR,USD,Put,2026-10-16,NVDA,2026-10-06T00:29:09.099978+00:00,238.9,0.0401800012588501,0.0022226971865062345,0.3859572768879324
NVDA261016P00232500,2026-10-05 19:59:48+00:00,232.5,2.23,2.11,2.15,-1.9699998,-46.904762,2354.0,1656.0,0.28613995117187496,False,REGULAR,USD,Put,2026-10-16,NVDA,2026-10-06T00:29:09.099978+00:00,238.9,0.0401800012588501,0.0022226971865062345,0.3859572768879324
NVDA261016P00235000,2026-10-05 19:59:53+00:00,235.0,2.95,2.85,2.89,-2.4399998,-45.269016,10838.0,7523.0,0.2790599438476562,False,REGULAR,USD,Put,2026-10-16,NVDA,2026-10-06T00:29:09.099978+00:00,238.9,0.0401800012588501,0.0022226971865062345,0.3859572768879324
NVDA261016P00237500,2026-10-05 19:59:52+00:00,237.5,3.85,3.8,3.85,-2.9500003,-43.382355,3575.0,1966.0,0.2738109729003906,False,REGULAR,USD,Put,2026-10-16,NVDA,2026-10-06T00:29:09.099978+00:00,238.9,0.0401800012588501,0.0022226971865062345,0.3859572768879324
NVDA261016P00240000,2026-10-05 19:59:59+00:00,240.0,5.0,4.95,5.05,-3.5,-41.17647,3976.0,3700.0,0.2701489001464844,True,REGULAR,USD,Put,2026-10-16,NVDA,2026-10-06T00:29:09.099978+00:00,238.9,0.0401800012588501,0.0022226971865062345,0.3859572768879324
NVDA261016P00242500,2026-10-05 19:58:16+00:00,242.5,6.61,6.35,6.45,-3.2800002,-33.164814,298.0,100.0,0.2651440673828125,True,REGULAR,USD,Put,2026-10-16,NVDA,2026-10-06T00:29:09.099978+00:00,238.9,0.0401800012588501,0.0022226971865062345,0.3859572768879324
NVDA261016P00245000,2026-10-05 19:54:46+00:00,245.0,8.01,8.0,8.1,-3.8599997,-32.51895,1170.0,1621.0,0.2622144091796875,True,REGULAR,USD,Put,2026-10-16,NVDA,2026-10-06T00:29:09.099978+00:00,238.9,0.0401800012588501,0.0022226971865062345,0.3859572768879324
NVDA261016P00247500,2026-10-05 19:56:05+00:00,247.5,10.0,9.6,10.0,-3.2399998,-24.471296,390.0,15.0,0.26343510009765625,True,REGULAR,USD,Put,2026-10-16,NVDA,2026-10-06T00:29:09.099978+00:00,238.9,0.0401800012588501,0.0022226971865062345,0.3859572768879324
NVDA261016P00250000,2026-10-05 19:59:57+00:00,250.0,12.15,11.75,12.0,-4.1000004,-25.230772,459.0,1596.0,0.25928475097656256,True,REGULAR,USD,Put,2026-10-16,NVDA,2026-10-06T00:29:09.099978+00:00,238.9,0.0401800012588501,0.0022226971865062345,0.3859572768879324
NVDA261016P00255000,2026-10-05 19:40:24+00:00,255.0,17.05,15.1,16.85,-4.0700016,-19.27084,80.0,874.0,0.3127510131835937,True,REGULAR,USD,Put,2026-10-16,NVDA,2026-10-06T00:29:09.099978+00:00,238.9,0.0401800012588501,0.0022226971865062345,0.3859572768879324
NVDA261016P00260000,2026-10-05 18:24:23+00:00,260.0,21.8,19.7,22.05,-4.17,-16.05699,17.0,9.0,0.40210558837890625,True,REGULAR,USD,Put,2026-10-16,NVDA,2026-10-06T00:29:09.099978+00:00,238.9,0.0401800012588501,0.0022226971865062345,0.3859572768879324
NVDA261016P00265000,2026-10-05 19:35:23+00:00,265.0,25.15,25.7,26.85,-5.5699997,-18.131512,7.0,0.0,0.43677321044921874,True,REGULAR,USD,Put,2026-10-16,NVDA,2026-10-06T00:29:09.099978+00:00,238.9,0.0401800012588501,0.0022226971865062345,0.3859572768879324
NVDA261016P00270000,2026-10-05 19:41:08+00:00,270.0,30.28,30.05,32.35,-4.620001,-13.237824,14.0,0.0,0.5632367895507813,True,REGULAR,USD,Put,2026-10-16,NVDA,2026-10-06T00:29:09.099978+00:00,238.9,0.0401800012588501,0.0022226971865062345,0.3859572768879324
NVDA261016P00275000,2026-10-05 19:37:58+00:00,275.0,35.0,35.05,37.4,-8.549999,-19.632605,3.0,0.0,0.6286658227539064,True,REGULAR,USD,Put,2026-10-16,NVDA,2026-10-06T00:29:09.099978+00:00,238.9,0.0401800012588501,0.0022226971865062345,0.3859572768879324
NVDA261016P00280000,2026-10-05 16:10:35+00:00,280.0,42.95,40.05,42.45,-17.259998,-28.666332,4.0,0.0,0.6921417504882813,True,REGULAR,USD,Put,2026-10-16,NVDA,2026-10-06T00:29:09.099978+00:00,238.9,0.0401800012588501,0.0022226971865062345,0.3859572768879324
NVDA261016P00285000,2026-08-10 15:57:30+00:00,285.0,65.58,0.0,0.0,0.0,0.0,2.0,0.0,1.0000000000000003e-05,True,REGULAR,USD,Put,2026-10-16,NVDA,2026-10-06T00:29:09.099978+00:00,238.9,0.0401800012588501,0.0022226971865062345,0.3859572768879324
NVDA261016P00290000,2026-10-05 16:13:03+00:00,290.0,51.85,50.05,52.4,-22.75,-30.49598,4.0,0.0,0.514653291015625,True,REGULAR,USD,Put,2026-10-16,NVDA,2026-10-06T00:29:09.099978+00:00,238.9,0.0401800012588501,0.0022226971865062345,0.3859572768879324
NVDA261016P00295000,2026-10-05 16:10:55+00:00,295.0,58.2,53.85,58.0,-21.420002,-26.90279,2.0,0.0,0.9274909594726561,True,REGULAR,USD,Put,2026-10-16,NVDA,2026-10-06T00:29:09.099978+00:00,238.9,0.0401800012588501,0.0022226971865062345,0.3859572768879324
NVDA261016P00300000,2026-10-02 19:47:38+00:00,300.0,65.74,58.1,64.55,0.0,0.0,1.0,1.0,0.6425816992187501,True,REGULAR,USD,Put,2026-10-16,NVDA,2026-10-06T00:29:09.099978+00:00,238.9,0.0401800012588501,0.0022226971865062345,0.3859572768879324
NVDA261016P00305000,2026-10-02 19:47:38+00:00,305.0,70.76,63.9,67.6,0.0,0.0,1.0,0.0,0.9721682470703125,True,REGULAR,USD,Put,2026-10-16,NVDA,2026-10-06T00:29:09.099978+00:00,238.9,0.0401800012588501,0.0022226971865062345,0.3859572768879324
NVDA261016P00310000,2026-10-01 15:07:45+00:00,310.0,81.45,70.05,72.55,0.0,0.0,4.0,0.0,0.7060576269531251,True,REGULAR,USD,Put,2026-10-16,NVDA,2026-10-06T00:29:09.099978+00:00,238.9,0.0401800012588501,0.0022226971865062345,0.3859572768879324
NVDA261016P00315000,2026-10-01 14:56:32+00:00,315.0,83.6,73.9,77.6,0.0,0.0,,0.0,1.0656784997558595,True,REGULAR,USD,Put,2026-10-16,NVDA,2026-10-06T00:29:09.099978+00:00,238.9,0.0401800012588501,0.0022226971865062345,0.3859572768879324
NVDA261016P00320000,2026-10-01 14:55:52+00:00,320.0,90.39,80.05,82.55,0.0,0.0,,0.0,0.7773459765625,True,REGULAR,USD,Put,2026-10-16,NVDA,2026-10-06T00:29:09.099978+00:00,238.9,0.0401800012588501,0.0022226971865062345,0.3859572768879324
NVDA261016P00325000,2026-10-01 15:03:51+00:00,325.0,96.37,85.05,87.55,0.0,0.0,,0.0,0.8125018749999999,True,REGULAR,USD,Put,2026-10-16,NVDA,2026-10-06T00:29:09.099978+00:00,238.9,0.0401800012588501,0.0022226971865062345,0.3859572768879324
NVDA261016P00360000,2026-05-29 17:06:51+00:00,360.0,142.25,0.0,0.0,0.0,0.0,1.0,0.0,1.0000000000000003e-05,True,REGULAR,USD,Put,2026-10-16,NVDA,2026-10-06T00:29:09.099978+00:00,238.9,0.0401800012588501,0.0022226971865062345,0.3859572768879324
NVDA261016P00370000,2026-08-27 13:34:17+00:00,370.0,146.03,128.9,132.6,0.0,0.0,32.0,0.0,1.5048852880859376,True,REGULAR,USD,Put,2026-10-16,NVDA,2026-10-06T00:29:09.099978+00:00,238.9,0.0401800012588501,0.0022226971865062345,0.3859572768879324
NVDA261016P00380000,2026-05-21 18:10:39+00:00,380.0,158.2,0.0,0.0,0.0,0.0,30.0,0.0,1.0000000000000003e-05,True,REGULAR,USD,Put,2026-10-16,NVDA,2026-10-06T00:29:09.099978+00:00,238.9,0.0401800012588501,0.0022226971865062345,0.3859572768879324
NVDA261016P00390000,2026-08-03 19:53:36+00:00,390.0,183.33,155.0,163.75,0.0,0.0,1.0,0.0,2.4845008590698243,True,REGULAR,USD,Put,2026-10-16,NVDA,2026-10-06T00:29:09.099978+00:00,238.9,0.0401800012588501,0.0022226971865062345,0.3859572768879324
NVDA261016P00400000,2026-09-28 19:25:01+00:00,400.0,170.16,160.05,162.55,0.0,0.0,1.0,1.0,1.25390998046875,True,REGULAR,USD,Put,2026-10-16,NVDA,2026-10-06T00:29:09.099978+00:00,238.9,0.0401800012588501,0.0022226971865062345,0.3859572768879324
NVDA261016P00405000,2026-09-25 19:50:17+00:00,405.0,181.28,164.65,167.8,0.0,0.0,1.0,0.0,1.2109414453124998,True,REGULAR,USD,Put,2026-10-16,NVDA,2026-10-06T00:29:09.099978+00:00,238.9,0.0401800012588501,0.0022226971865062345,0.3859572768879324
NVDA261016P00410000,2026-08-13 19:50:27+00:00,410.0,182.97,178.25,183.55,0.0,0.0,1.0,0.0,2.781130976867676,True,REGULAR,USD,Put,2026-10-16,NVDA,2026-10-06T00:29:09.099978+00:00,238.9,0.0401800012588501,0.0022226971865062345,0.3859572768879324
NVDA261016P00440000,2026-05-13 16:30:55+00:00,440.0,212.53,229.7,231.95,0.0,0.0,,0.0,4.477665535736083,True,REGULAR,USD,Put,2026-10-16,NVDA,2026-10-06T00:29:09.099978+00:00,238.9,0.0401800012588501,0.0022226971865062345,0.3859572768879324
NVDA261016P00455000,2026-08-13 19:51:57+00:00,455.0,229.4,223.25,228.55,0.0,0.0,2.0,0.0,3.1027854461669913,True,REGULAR,USD,Put,2026-10-16,NVDA,2026-10-06T00:29:09.099978+00:00,238.9,0.0401800012588501,0.0022226971865062345,0.3859572768879324
NVDA261016P00460000,2026-08-13 19:51:57+00:00,460.0,234.38,0.0,0.0,0.0,0.0,4.0,0.0,1.0000000000000003e-05,True,REGULAR,USD,Put,2026-10-16,NVDA,2026-10-06T00:29:09.099978+00:00,238.9,0.0401800012588501,0.0022226971865062345,0.3859572768879324
NVDA261023C00075000,2026-10-05 18:36:36+00:00,75.0,163.42,160.55,168.4,9.130005,5.917432,4.0,4.0,2.566409833984375,True,REGULAR,USD,Call,2026-10-23,NVDA,2026-10-06T00:29:09.099978+00:00,238.9,0.0401800012588501,0.0022226971865062345,0.3859572768879324
NVDA261023C00085000,2026-09-29 16:34:29+00:00,85.0,145.89,150.1,158.45,0.0,0.0,,2.0,2.162113969726563,True,REGULAR,USD,Call,2026-10-23,NVDA,2026-10-06T00:29:09.099978+00:00,238.9,0.0401800012588501,0.0022226971865062345,0.3859572768879324
NVDA261023C00090000,2026-09-30 16:26:09+00:00,90.0,140.89,145.1,153.6,0.0,0.0,3.0,8.0,2.1054734863281244,True,REGULAR,USD,Call,2026-10-23,NVDA,2026-10-06T00:29:09.099978+00:00,238.9,0.0401800012588501,0.0022226971865062345,0.3859572768879324
NVDA261023C00095000,2026-09-08 19:57:02+00:00,95.0,144.73,140.15,148.65,13.87999,10.607558,2.0,2.0,2.0293018017578124,True,REGULAR,USD,Call,2026-10-23,NVDA,2026-10-06T00:29:09.099978+00:00,238.9,0.0401800012588501,0.0022226971865062345,0.3859572768879324
NVDA261023C00100000,2026-10-05 18:36:36+00:00,100.0,138.53,135.6,143.45,9.139999,7.063915,5.0,5.0,1.9951172119140623,True,REGULAR,USD,Call,2026-10-23,NVDA,2026-10-06T00:29:09.099978+00:00,238.9,0.0401800012588501,0.0022226971865062345,0.3859572768879324
NVDA261023C00105000,2026-09-29 16:41:26+00:00,105.0,125.92,130.15,138.6,0.0,0.0,,2.0,1.8125009374999999,True,REGULAR,USD,Call,2026-10-23,NVDA,2026-10-06T00:29:09.099978+00:00,238.9,0.0401800012588501,0.0022226971865062345,0.3859572768879324
NVDA261023C00110000,2026-10-05 17:50:28+00:00,110.0,127.99,125.15,133.65,13.739998,12.026256,2.0,8.0,1.732423212890625,True,REGULAR,USD,Call,2026-10-23,NVDA,2026-10-06T00:29:09.099978+00:00,238.9,0.0401800012588501,0.0022226971865062345,0.3859572768879324
NVDA261023C00115000,2026-09-18 15:19:09+00:00,115.0,105.48,120.2,128.65,0.0,0.0,1.0,1.0,1.654298603515625,True,REGULAR,USD,Call,2026-10-23,NVDA,2026-10-06T00:29:09.099978+00:00,238.9,0.0401800012588501,0.0022226971865062345,0.3859572768879324
NVDA261023C00120000,2026-09-28 17:38:22+00:00,120.0,111.52,115.2,121.2,0.0,0.0,1.0,80.0,2.080571204833984,True,REGULAR,USD,Call,2026-10-23,NVDA,2026-10-06T00:29:09.099978+00:00,238.9,0.0401800012588501,0.0022226971865062345,0.3859572768879324
NVDA261023C00130000,2026-09-17 19:42:24+00:00,130.0,90.18,105.25,113.15,0.0,0.0,,9.0,1.2880894970703123,True,REGULAR,USD,Call,2026-10-23,NVDA,2026-10-06T00:29:09.099978+00:00,238.9,0.0401800012588501,0.0022226971865062345,0.3859572768879324
NVDA261023C00135000,2026-09-28 14:33:25+00:00,135.0,96.1,100.25,108.15,0.0,0.0,1.0,6.0,1.2158242333984375,True,REGULAR,USD,Call,2026-10-23,NVDA,2026-10-06T00:29:09.099978+00:00,238.9,0.0401800012588501,0.0022226971865062345,0.3859572768879324
NVDA261023C00140000,2026-10-05 18:39:07+00:00,140.0,98.98,95.25,103.75,3.890007,4.090869,20.0,11.0,1.2793004785156248,True,REGULAR,USD,Call,2026-10-23,NVDA,2026-10-06T00:29:09.099978+00:00,238.9,0.0401800012588501,0.0022226971865062345,0.3859572768879324
NVDA261023C00145000,2026-09-30 16:26:09+00:00,145.0,86.33,90.3,98.2,0.0,0.0,4.0,4.0,1.1044966650390626,True,REGULAR,USD,Call,2026-10-23,NVDA,2026-10-06T00:29:09.099978+00:00,238.9,0.0401800012588501,0.0022226971865062345,0.3859572768879324
NVDA261023C00150000,2026-10-02 14:13:53+00:00,150.0,87.64,85.3,93.2,0.0,0.0,1.0,42.0,1.0376024682617189,True,REGULAR,USD,Call,2026-10-23,NVDA,2026-10-06T00:29:09.099978+00:00,238.9,0.0401800012588501,0.0022226971865062345,0.3859572768879324
NVDA261023C00155000,2026-09-21 18:52:18+00:00,155.0,74.03,80.3,88.25,0.0,0.0,7.0,8.0,0.983398603515625,True,REGULAR,USD,Call,2026-10-23,NVDA,2026-10-06T00:29:09.099978+00:00,238.9,0.0401800012588501,0.0022226971865062345,0.3859572768879324
NVDA261023C00160000,2026-10-02 15:03:01+00:00,160.0,76.8,75.35,83.25,0.0,0.0,2.0,12.0,0.929688203125,True,REGULAR,USD,Call,2026-10-23,NVDA,2026-10-06T00:29:09.099978+00:00,238.9,0.0401800012588501,0.0022226971865062345,0.3859572768879324
NVDA261023C00165000,2026-10-05 18:57:27+00:00,165.0,74.74,70.35,78.85,11.139999,17.515724,2.0,12.0,0.9584965087890623,True,REGULAR,USD,Call,2026-10-23,NVDA,2026-10-06T00:29:09.099978+00:00,238.9,0.0401800012588501,0.0022226971865062345,0.3859572768879324
NVDA261023C00170000,2026-10-02 14:56:00+00:00,170.0,67.68,65.4,73.3,0.0,0.0,1.0,20.0,0.823243955078125,True,REGULAR,USD,Call,2026-10-23,NVDA,2026-10-06T00:29:09.099978+00:00,238.9,0.0401800012588501,0.0022226971865062345,0.3859572768879324
NVDA261023C00175000,2026-09-28 19:18:50+00:00,175.0,55.75,60.4,68.35,0.0,0.0,1.0,62.0,0.770510107421875,True,REGULAR,USD,Call,2026-10-23,NVDA,2026-10-06T00:29:09.099978+00:00,238.9,0.0401800012588501,0.0022226971865062345,0.3859572768879324
NVDA261023C00180000,2026-10-02 14:29:57+00:00,180.0,58.15,55.45,63.35,0.0,0.0,5.0,108.0,0.717776259765625,True,REGULAR,USD,Call,2026-10-23,NVDA,2026-10-06T00:29:09.099978+00:00,238.9,0.0401800012588501,0.0022226971865062345,0.3859572768879324
NVDA261023C00185000,2026-10-01 19:51:06+00:00,185.0,46.67,50.5,58.4,0.0,0.0,7.0,25.0,0.6709017285156251,True,REGULAR,USD,Call,2026-10-23,NVDA,2026-10-06T00:29:09.099978+00:00,238.9,0.0401800012588501,0.0022226971865062345,0.3859572768879324
NVDA261023C00190000,2026-10-05 15:17:37+00:00,190.0,47.79,46.25,50.15,2.8400002,6.318131,1.0,203.0,0.7329128271484374,True,REGULAR,USD,Call,2026-10-23,NVDA,2026-10-06T00:29:09.099978+00:00,238.9,0.0401800012588501,0.0022226971865062345,0.3859572768879324
NVDA261023C00195000,2026-10-05 18:16:34+00:00,195.0,44.0,41.45,46.9,4.9900017,12.791597,9.0,158.0,0.8569350244140624,True,REGULAR,USD,Call,2026-10-23,NVDA,2026-10-06T00:29:09.099978+00:00,238.9,0.0401800012588501,0.0022226971865062345,0.3859572768879324
NVDA261023C00200000,2026-10-05 18:18:01+00:00,200.0,39.1,36.35,41.65,4.299999,12.35632,41.0,242.0,0.7581811291503908,True,REGULAR,USD,Call,2026-10-23,NVDA,2026-10-06T00:29:09.099978+00:00,238.9,0.0401800012588501,0.0022226971865062345,0.3859572768879324
NVDA261023C00205000,2026-10-05 18:29:26+00:00,205.0,34.4,33.15,36.1,4.000002,13.157901,21.0,323.0,0.6347692773437501,True,REGULAR,USD,Call,2026-10-23,NVDA,2026-10-06T00:29:09.099978+00:00,238.9,0.0401800012588501,0.0022226971865062345,0.3859572768879324
NVDA261023C00210000,2026-10-05 19:17:32+00:00,210.0,29.61,29.4,31.25,4.5600014,18.203598,93.0,1356.0,0.57617611328125,True,REGULAR,USD,Call,2026-10-23,NVDA,2026-10-06T00:29:09.099978+00:00,238.9,0.0401800012588501,0.0022226971865062345,0.3859572768879324
NVDA261023C00215000,2026-10-05 19:36:44+00:00,215.0,24.89,24.65,26.25,4.09,19.663462,232.0,1562.0,0.5034229345703125,True,REGULAR,USD,Call,2026-10-23,NVDA,2026-10-06T00:29:09.099978+00:00,238.9,0.0401800012588501,0.0022226971865062345,0.3859572768879324
NVDA261023C00220000,2026-10-05 19:41:33+00:00,220.0,21.25,20.0,21.7,4.700001,28.398796,209.0,2528.0,0.46130909790039065,True,REGULAR,USD,Call,2026-10-23,NVDA,2026-10-06T00:29:09.099978+00:00,238.9,0.0401800012588501,0.0022226971865062345,0.3859572768879324
NVDA261023C00225000,2026-10-05 19:57:42+00:00,225.0,16.0,15.6,16.6,3.6000004,29.03226,603.0,5458.0,0.37708142456054683,True,REGULAR,USD,Call,2026-10-23,NVDA,2026-10-06T00:29:09.099978+00:00,238.9,0.0401800012588501,0.0022226971865062345,0.3859572768879324
NVDA261023C00230000,2026-10-05 19:56:36+00:00,230.0,11.8,11.7,12.4,2.9000006,32.58428,1027.0,5071.0,0.340826904296875,True,REGULAR,USD,Call,2026-10-23,NVDA,2026-10-06T00:29:09.099978+00:00,238.9,0.0401800012588501,0.0022226971865062345,0.3859572768879324
NVDA261023C00235000,2026-10-05 19:59:59+00:00,235.0,8.4,8.4,9.1,2.2799997,37.254898,1777.0,10687.0,0.3324041369628906,True,REGULAR,USD,Call,2026-10-23,NVDA,2026-10-06T00:29:09.099978+00:00,238.9,0.0401800012588501,0.0022226971865062345,0.3859572768879324
NVDA261023C00240000,2026-10-05 19:59:33+00:00,240.0,5.55,5.65,5.85,1.6600001,42.673523,5350.0,10949.0,0.30103238037109376,False,REGULAR,USD,Call,2026-10-23,NVDA,2026-10-06T00:29:09.099978+00:00,238.9,0.0401800012588501,0.0022226971865062345,0.3859572768879324
NVDA261023C00245000,2026-10-05 19:58:18+00:00,245.0,3.45,3.55,3.65,1.03,42.56198,10737.0,11788.0,0.2907175421142577,False,REGULAR,USD,Call,2026-10-23,NVDA,2026-10-06T00:29:09.099978+00:00,238.9,0.0401800012588501,0.0022226971865062345,0.3859572768879324
NVDA261023C00250000,2026-10-05 19:59:18+00:00,250.0,2.03,2.06,2.15,0.66999996,49.264698,3075.0,8893.0,0.28528546752929684,False,REGULAR,USD,Call,2026-10-23,NVDA,2026-10-06T00:29:09.099978+00:00,238.9,0.0401800012588501,0.0022226971865062345,0.3859572768879324
NVDA261023C00255000,2026-10-05 19:59:41+00:00,255.0,1.09,1.13,1.2,0.31000006,39.7436,1510.0,4593.0,0.28284408569335934,False,REGULAR,USD,Call,2026-10-23,NVDA,2026-10-06T00:29:09.099978+00:00,238.9,0.0401800012588501,0.0022226971865062345,0.3859572768879324
NVDA261023C00260000,2026-10-05 19:58:32+00:00,260.0,0.61,0.6,0.64,0.17000002,38.636368,1390.0,6605.0,0.28247787841796873,False,REGULAR,USD,Call,2026-10-23,NVDA,2026-10-06T00:29:09.099978+00:00,238.9,0.0401800012588501,0.0022226971865062345,0.3859572768879324
NVDA261023C00265000,2026-10-05 19:47:10+00:00,265.0,0.31,0.32,0.35,0.07000001,29.166672,863.0,1069.0,0.28711650390624993,False,REGULAR,USD,Call,2026-10-23,NVDA,2026-10-06T00:29:09.099978+00:00,238.9,0.0401800012588501,0.0022226971865062345,0.3859572768879324
NVDA261023C00270000,2026-10-05 19:59:58+00:00,270.0,0.18,0.17,0.2,0.02000001,12.500007,922.0,1397.0,0.29492892578124996,False,REGULAR,USD,Call,2026-10-23,NVDA,2026-10-06T00:29:09.099978+00:00,238.9,0.0401800012588501,0.0022226971865062345,0.3859572768879324
NVDA261023C00275000,2026-10-05 19:51:42+00:00,275.0,0.12,0.1,0.12,0.009999998,9.090907,188.0,2511.0,0.3051827294921875,False,REGULAR,USD,Call,2026-10-23,NVDA,2026-10-06T00:29:09.099978+00:00,238.9,0.0401800012588501,0.0022226971865062345,0.3859572768879324
NVDA261023C00280000,2026-10-05 19:52:50+00:00,280.0,0.08,0.06,0.08,-0.010000005,-11.111116,227.0,421.0,0.3193427441406249,False,REGULAR,USD,Call,2026-10-23,NVDA,2026-10-06T00:29:09.099978+00:00,238.9,0.0401800012588501,0.0022226971865062345,0.3859572768879324
NVDA261023C00285000,2026-10-05 19:38:56+00:00,285.0,0.04,0.03,0.05,-0.030000001,-42.857143,88.0,333.0,0.33008482421874996,False,REGULAR,USD,Call,2026-10-23,NVDA,2026-10-06T00:29:09.099978+00:00,238.9,0.0401800012588501,0.0022226971865062345,0.3859572768879324
NVDA261023C00290000,2026-10-05 18:55:56+00:00,290.0,0.04,0.03,0.04,0.01,33.333336,16.0,332.0,0.34766277343749996,False,REGULAR,USD,Call,2026-10-23,NVDA,2026-10-06T00:29:09.099978+00:00,238.9,0.0401800012588501,0.0022226971865062345,0.3859572768879324
NVDA261023C00295000,2026-10-05 14:52:05+00:00,295.0,0.02,0.01,0.03,-0.02,-50.0,1.0,296.0,0.3632876171875,False,REGULAR,USD,Call,2026-10-23,NVDA,2026-10-06T00:29:09.099978+00:00,238.9,0.0401800012588501,0.0022226971865062345,0.3859572768879324
NVDA261023C00300000,2026-10-05 19:12:01+00:00,300.0,0.02,0.01,0.03,-0.02,-50.0,27.0,363.0,0.38867798828125,False,REGULAR,USD,Call,2026-10-23,NVDA,2026-10-06T00:29:09.099978+00:00,238.9,0.0401800012588501,0.0022226971865062345,0.3859572768879324
NVDA261023C00305000,2026-10-05 15:24:54+00:00,305.0,0.02,0.01,0.03,-0.01,-33.333336,13.0,73.0,0.414068359375,False,REGULAR,USD,Call,2026-10-23,NVDA,2026-10-06T00:29:09.099978+00:00,238.9,0.0401800012588501,0.0022226971865062345,0.3859572768879324
NVDA261023C00310000,2026-10-02 13:44:44+00:00,310.0,0.02,0.0,0.02,0.0,0.0,15.0,1082.0,0.42188078125,False,REGULAR,USD,Call,2026-10-23,NVDA,2026-10-06T00:29:09.099978+00:00,238.9,0.0401800012588501,0.0022226971865062345,0.3859572768879324
NVDA261023C00315000,2026-09-30 13:43:37+00:00,315.0,0.03,0.0,0.02,0.0,0.0,2.0,67.0,0.445318046875,False,REGULAR,USD,Call,2026-10-23,NVDA,2026-10-06T00:29:09.099978+00:00,238.9,0.0401800012588501,0.0022226971865062345,0.3859572768879324
NVDA261023C00320000,2026-10-02 19:55:00+00:00,320.0,0.01,0.0,0.02,0.0,0.0,11.0,258.0,0.46484910156250003,False,REGULAR,USD,Call,2026-10-23,NVDA,2026-10-06T00:29:09.099978+00:00,238.9,0.0401800012588501,0.0022226971865062345,0.3859572768879324
NVDA261023C00325000,2026-09-23 17:59:45+00:00,325.0,0.01,0.0,0.02,0.0,0.0,58.0,236.0,0.48828636718750007,False,REGULAR,USD,Call,2026-10-23,NVDA,2026-10-06T00:29:09.099978+00:00,238.9,0.0401800012588501,0.0022226971865062345,0.3859572768879324
NVDA261023C00330000,2026-10-02 19:40:51+00:00,330.0,0.02,0.0,0.02,0.0,0.0,3.0,25.0,0.507817421875,False,REGULAR,USD,Call,2026-10-23,NVDA,2026-10-06T00:29:09.099978+00:00,238.9,0.0401800012588501,0.0022226971865062345,0.3859572768879324
NVDA261023C00335000,2026-09-30 13:31:49+00:00,335.0,0.03,0.0,0.02,0.0,0.0,1.0,32.0,0.500005,False,REGULAR,USD,Call,2026-10-23,NVDA,2026-10-06T00:29:09.099978+00:00,238.9,0.0401800012588501,0.0022226971865062345,0.3859572768879324
NVDA261023C00340000,2026-10-02 19:33:21+00:00,340.0,0.02,0.0,0.02,0.0,0.0,20.0,125.0,0.51562984375,False,REGULAR,USD,Call,2026-10-23,NVDA,2026-10-06T00:29:09.099978+00:00,238.9,0.0401800012588501,0.0022226971865062345,0.3859572768879324
NVDA261023C00345000,2026-10-02 19:17:16+00:00,345.0,0.02,0.0,0.02,0.0,0.0,39.0,56.0,0.5390671093750001,False,REGULAR,USD,Call,2026-10-23,NVDA,2026-10-06T00:29:09.099978+00:00,238.9,0.0401800012588501,0.0022226971865062345,0.3859572768879324
NVDA261023C00350000,2026-09-14 17:40:33+00:00,350.0,0.03,0.0,0.02,0.0,0.0,4.0,12.0,0.5546919531250001,False,REGULAR,USD,Call,2026-10-23,NVDA,2026-10-06T00:29:09.099978+00:00,238.9,0.0401800012588501,0.0022226971865062345,0.3859572768879324
NVDA261023C00360000,2026-09-29 19:05:51+00:00,360.0,0.02,0.0,0.02,0.0,0.0,50.0,53.0,0.5937540625000001,False,REGULAR,USD,Call,2026-10-23,NVDA,2026-10-06T00:29:09.099978+00:00,238.9,0.0401800012588501,0.0022226971865062345,0.3859572768879324
NVDA261023C00370000,2026-09-11 14:48:56+00:00,370.0,0.02,0.0,0.01,0.0,0.0,10.0,38.0,0.5937540625000001,False,REGULAR,USD,Call,2026-10-23,NVDA,2026-10-06T00:29:09.099978+00:00,238.9,0.0401800012588501,0.0022226971865062345,0.3859572768879324
NVDA261023C00390000,2026-09-21 15:52:48+00:00,390.0,0.01,0.0,0.02,0.0,0.0,1.0,6.0,0.6953155468750001,False,REGULAR,USD,Call,2026-10-23,NVDA,2026-10-06T00:29:09.099978+00:00,238.9,0.0401800012588501,0.0022226971865062345,0.3859572768879324
NVDA261023P00050000,2026-10-01 19:59:35+00:00,50.0,0.01,0.0,0.02,0.0,0.0,10.0,17.0,2.2187544531249994,False,REGULAR,USD,Put,2026-10-23,NVDA,2026-10-06T00:29:09.099978+00:00,238.9,0.0401800012588501,0.0022226971865062345,0.3859572768879324
NVDA261023P00065000,2026-09-29 16:39:18+00:00,65.0,0.05,0.0,0.02,0.0,0.0,5.0,0.0,1.8437507812499998,False,REGULAR,USD,Put,2026-10-23,NVDA,2026-10-06T00:29:09.099978+00:00,238.9,0.0401800012588501,0.0022226971865062345,0.3859572768879324
NVDA261023P00075000,2026-09-24 13:58:55+00:00,75.0,0.03,0.0,0.03,0.0,0.0,20.0,24.0,1.703126484375,False,REGULAR,USD,Put,2026-10-23,NVDA,2026-10-06T00:29:09.099978+00:00,238.9,0.0401800012588501,0.0022226971865062345,0.3859572768879324
NVDA261023P00080000,2026-10-05 18:59:39+00:00,80.0,0.02,0.0,0.03,0.01,100.0,240.0,219.0,1.609376953125,False,REGULAR,USD,Put,2026-10-23,NVDA,2026-10-06T00:29:09.099978+00:00,238.9,0.0401800012588501,0.0022226971865062345,0.3859572768879324
NVDA261023P00085000,2026-10-02 13:30:00+00:00,85.0,0.03,0.01,0.03,0.0,0.0,10.0,22.0,1.5625021874999998,False,REGULAR,USD,Put,2026-10-23,NVDA,2026-10-06T00:29:09.099978+00:00,238.9,0.0401800012588501,0.0022226971865062345,0.3859572768879324
NVDA261023P00090000,2026-09-29 19:54:13+00:00,90.0,0.02,0.01,0.03,0.0,0.0,4.0,33.0,1.484377578125,False,REGULAR,USD,Put,2026-10-23,NVDA,2026-10-06T00:29:09.099978+00:00,238.9,0.0401800012588501,0.0022226971865062345,0.3859572768879324
NVDA261023P00095000,2026-10-05 14:33:05+00:00,95.0,0.02,0.01,0.03,0.0,0.0,10.0,101.0,1.40625296875,False,REGULAR,USD,Put,2026-10-23,NVDA,2026-10-06T00:29:09.099978+00:00,238.9,0.0401800012588501,0.0022226971865062345,0.3859572768879324
NVDA261023P00100000,2026-09-28 15:35:40+00:00,100.0,0.04,0.01,0.03,0.0,0.0,2.0,49.0,1.3281283593749997,False,REGULAR,USD,Put,2026-10-23,NVDA,2026-10-06T00:29:09.099978+00:00,238.9,0.0401800012588501,0.0022226971865062345,0.3859572768879324
NVDA261023P00105000,2026-10-05 16:30:18+00:00,105.0,0.03,0.01,0.03,0.01,50.0,110.0,128.0,1.2500037499999999,False,REGULAR,USD,Put,2026-10-23,NVDA,2026-10-06T00:29:09.099978+00:00,238.9,0.0401800012588501,0.0022226971865062345,0.3859572768879324
NVDA261023P00110000,2026-10-02 17:02:21+00:00,110.0,0.03,0.01,0.03,0.0,0.0,10.0,18.0,1.1875040625,False,REGULAR,USD,Put,2026-10-23,NVDA,2026-10-06T00:29:09.099978+00:00,238.9,0.0401800012588501,0.0022226971865062345,0.3859572768879324
NVDA261023P00115000,2026-10-05 13:30:02+00:00,115.0,0.02,0.02,0.03,-0.01,-33.333336,1.0,5328.0,1.1484417578125,False,REGULAR,USD,Put,2026-10-23,NVDA,2026-10-06T00:29:09.099978+00:00,238.9,0.0401800012588501,0.0022226971865062345,0.3859572768879324
NVDA261023P00120000,2026-10-05 16:34:33+00:00,120.0,0.03,0.02,0.04,0.0,0.0,30.0,6661.0,1.1015669921875002,False,REGULAR,USD,Put,2026-10-23,NVDA,2026-10-06T00:29:09.099978+00:00,238.9,0.0401800012588501,0.0022226971865062345,0.3859572768879324
NVDA261023P00125000,2026-10-02 18:52:41+00:00,125.0,0.03,0.02,0.05,0.0,0.0,12.0,1037.0,1.0546922265625,False,REGULAR,USD,Put,2026-10-23,NVDA,2026-10-06T00:29:09.099978+00:00,238.9,0.0401800012588501,0.0022226971865062345,0.3859572768879324
NVDA261023P00130000,2026-10-05 18:27:25+00:00,130.0,0.03,0.03,0.04,-0.049999997,-62.499996,32.0,117.0,0.9960937890625,False,REGULAR,USD,Put,2026-10-23,NVDA,2026-10-06T00:29:09.099978+00:00,238.9,0.0401800012588501,0.0022226971865062345,0.3859572768879324
NVDA261023P00135000,2026-10-05 14:24:17+00:00,135.0,0.05,0.03,0.04,0.010000002,25.000004,1.0,87.0,0.937500625,False,REGULAR,USD,Put,2026-10-23,NVDA,2026-10-06T00:29:09.099978+00:00,238.9,0.0401800012588501,0.0022226971865062345,0.3859572768879324
NVDA261023P00140000,2026-10-02 14:32:29+00:00,140.0,0.05,0.03,0.05,0.0,0.0,2.0,1438.0,0.8945323046874999,False,REGULAR,USD,Put,2026-10-23,NVDA,2026-10-06T00:29:09.099978+00:00,238.9,0.0401800012588501,0.0022226971865062345,0.3859572768879324
NVDA261023P00145000,2026-10-02 19:52:30+00:00,145.0,0.07,0.04,0.06,0.0,0.0,3.0,60.0,0.85937640625,False,REGULAR,USD,Put,2026-10-23,NVDA,2026-10-06T00:29:09.099978+00:00,238.9,0.0401800012588501,0.0022226971865062345,0.3859572768879324
NVDA261023P00150000,2026-10-05 19:49:09+00:00,150.0,0.06,0.04,0.07,-0.010000002,-14.285716,554.0,385.0,0.8164080859374999,False,REGULAR,USD,Put,2026-10-23,NVDA,2026-10-06T00:29:09.099978+00:00,238.9,0.0401800012588501,0.0022226971865062345,0.3859572768879324
NVDA261023P00155000,2026-10-05 18:36:11+00:00,155.0,0.05,0.05,0.07,-0.029999997,-37.499996,10.0,276.0,0.7695335546875001,False,REGULAR,USD,Put,2026-10-23,NVDA,2026-10-06T00:29:09.099978+00:00,238.9,0.0401800012588501,0.0022226971865062345,0.3859572768879324
NVDA261023P00160000,2026-10-05 18:36:11+00:00,160.0,0.07,0.06,0.08,-0.020000003,-22.222223,31.0,341.0,0.7304714453125,False,REGULAR,USD,Put,2026-10-23,NVDA,2026-10-06T00:29:09.099978+00:00,238.9,0.0401800012588501,0.0022226971865062345,0.3859572768879324
NVDA261023P00165000,2026-10-05 19:22:08+00:00,165.0,0.08,0.08,0.09,-0.020000003,-20.000002,78.0,786.0,0.6972686523437501,False,REGULAR,USD,Put,2026-10-23,NVDA,2026-10-06T00:29:09.099978+00:00,238.9,0.0401800012588501,0.0022226971865062345,0.3859572768879324
NVDA261023P00170000,2026-10-05 19:56:07+00:00,170.0,0.1,0.09,0.1,-0.029999994,-23.076918,11.0,1054.0,0.6543003320312502,False,REGULAR,USD,Put,2026-10-23,NVDA,2026-10-06T00:29:09.099978+00:00,238.9,0.0401800012588501,0.0022226971865062345,0.3859572768879324
NVDA261023P00175000,2026-10-05 16:27:55+00:00,175.0,0.12,0.09,0.12,-0.030000009,-20.000006,11.0,589.0,0.6123085644531252,False,REGULAR,USD,Put,2026-10-23,NVDA,2026-10-06T00:29:09.099978+00:00,238.9,0.0401800012588501,0.0022226971865062345,0.3859572768879324
NVDA261023P00180000,2026-10-05 19:42:35+00:00,180.0,0.12,0.11,0.13,-0.04,-25.0,156.0,1497.0,0.5732464550781251,False,REGULAR,USD,Put,2026-10-23,NVDA,2026-10-06T00:29:09.099978+00:00,238.9,0.0401800012588501,0.0022226971865062345,0.3859572768879324
NVDA261023P00185000,2026-10-05 19:44:38+00:00,185.0,0.15,0.13,0.16,-0.049999997,-24.999998,170.0,2507.0,0.5380905566406251,False,REGULAR,USD,Put,2026-10-23,NVDA,2026-10-06T00:29:09.099978+00:00,238.9,0.0401800012588501,0.0022226971865062345,0.3859572768879324
NVDA261023P00190000,2026-10-05 19:52:01+00:00,190.0,0.17,0.16,0.18,-0.06999999,-29.166664,418.0,2875.0,0.500005,False,REGULAR,USD,Put,2026-10-23,NVDA,2026-10-06T00:29:09.099978+00:00,238.9,0.0401800012588501,0.0022226971865062345,0.3859572768879324
NVDA261023P00195000,2026-10-05 19:55:02+00:00,195.0,0.21,0.2,0.22,-0.09000002,-30.000006,574.0,2378.0,0.46973186523437505,False,REGULAR,USD,Put,2026-10-23,NVDA,2026-10-06T00:29:09.099978+00:00,238.9,0.0401800012588501,0.0022226971865062345,0.3859572768879324
NVDA261023P00200000,2026-10-05 19:57:24+00:00,200.0,0.26,0.25,0.27,-0.120000005,-31.578947,1300.0,4329.0,0.43457596679687505,False,REGULAR,USD,Put,2026-10-23,NVDA,2026-10-06T00:29:09.099978+00:00,238.9,0.0401800012588501,0.0022226971865062345,0.3859572768879324
NVDA261023P00205000,2026-10-05 19:59:21+00:00,205.0,0.34,0.32,0.34,-0.18999997,-35.849052,937.0,8373.0,0.39990834472656256,False,REGULAR,USD,Put,2026-10-23,NVDA,2026-10-06T00:29:09.099978+00:00,238.9,0.0401800012588501,0.0022226971865062345,0.3859572768879324
NVDA261023P00210000,2026-10-05 19:59:31+00:00,210.0,0.45,0.43,0.46,-0.32,-41.55844,5796.0,7660.0,0.370123486328125,False,REGULAR,USD,Put,2026-10-23,NVDA,2026-10-06T00:29:09.099978+00:00,238.9,0.0401800012588501,0.0022226971865062345,0.3859572768879324
NVDA261023P00215000,2026-10-05 19:59:54+00:00,215.0,0.66,0.62,0.66,-0.50999993,-43.589737,1482.0,4620.0,0.3435124243164062,False,REGULAR,USD,Put,2026-10-23,NVDA,2026-10-06T00:29:09.099978+00:00,238.9,0.0401800012588501,0.0022226971865062345,0.3859572768879324
NVDA261023P00220000,2026-10-05 19:59:54+00:00,220.0,1.03,0.96,1.01,-0.76,-42.458103,1754.0,3281.0,0.3217841259765625,False,REGULAR,USD,Put,2026-10-23,NVDA,2026-10-06T00:29:09.099978+00:00,238.9,0.0401800012588501,0.0022226971865062345,0.3859572768879324
NVDA261023P00225000,2026-10-05 19:59:58+00:00,225.0,1.62,1.53,1.61,-1.2399999,-43.356644,1145.0,6607.0,0.3042061767578125,False,REGULAR,USD,Put,2026-10-23,NVDA,2026-10-06T00:29:09.099978+00:00,238.9,0.0401800012588501,0.0022226971865062345,0.3859572768879324
NVDA261023P00230000,2026-10-05 19:59:24+00:00,230.0,2.67,2.48,2.58,-1.73,-39.31818,1099.0,2247.0,0.28943581665039053,False,REGULAR,USD,Put,2026-10-23,NVDA,2026-10-06T00:29:09.099978+00:00,238.9,0.0401800012588501,0.0022226971865062345,0.3859572768879324
NVDA261023P00235000,2026-10-05 19:59:42+00:00,235.0,4.2,3.95,4.1,-2.4,-36.36364,2899.0,3352.0,0.2784495983886719,False,REGULAR,USD,Put,2026-10-23,NVDA,2026-10-06T00:29:09.099978+00:00,238.9,0.0401800012588501,0.0022226971865062345,0.3859572768879324
NVDA261023P00240000,2026-10-05 19:59:59+00:00,240.0,6.25,5.7,6.35,-2.9499998,-32.065216,3306.0,341.0,0.2727123510742187,True,REGULAR,USD,Put,2026-10-23,NVDA,2026-10-06T00:29:09.099978+00:00,238.9,0.0401800012588501,0.0022226971865062345,0.3859572768879324
NVDA261023P00245000,2026-10-05 19:54:21+00:00,245.0,9.0,8.65,9.45,-3.6899996,-29.078012,140.0,107.0,0.2756420092773437,True,REGULAR,USD,Put,2026-10-23,NVDA,2026-10-06T00:29:09.099978+00:00,238.9,0.0401800012588501,0.0022226971865062345,0.3859572768879324
NVDA261023P00250000,2026-10-05 19:53:29+00:00,250.0,12.3,12.45,13.1,-4.45,-26.567162,988.0,134.0,0.27637442382812494,True,REGULAR,USD,Put,2026-10-23,NVDA,2026-10-06T00:29:09.099978+00:00,238.9,0.0401800012588501,0.0022226971865062345,0.3859572768879324
NVDA261023P00255000,2026-10-05 19:07:07+00:00,255.0,16.35,16.35,17.25,-3.6999989,-18.45386,10.0,120.0,0.2790599438476562,True,REGULAR,USD,Put,2026-10-23,NVDA,2026-10-06T00:29:09.099978+00:00,238.9,0.0401800012588501,0.0022226971865062345,0.3859572768879324
NVDA261023P00260000,2026-10-05 19:59:08+00:00,260.0,21.64,20.7,22.55,-4.24,-16.383307,4.0,24.0,0.3575503698730469,True,REGULAR,USD,Put,2026-10-23,NVDA,2026-10-06T00:29:09.099978+00:00,238.9,0.0401800012588501,0.0022226971865062345,0.3859572768879324
NVDA261023P00265000,2026-09-14 17:21:03+00:00,265.0,52.83,22.7,29.15,0.0,0.0,70.0,0.0,0.5283250292968751,True,REGULAR,USD,Put,2026-10-23,NVDA,2026-10-06T00:29:09.099978+00:00,238.9,0.0401800012588501,0.0022226971865062345,0.3859572768879324
NVDA261023P00270000,2026-09-29 13:38:08+00:00,270.0,39.35,29.05,33.7,0.0,0.0,3.0,0.0,0.5521285021972657,True,REGULAR,USD,Put,2026-10-23,NVDA,2026-10-06T00:29:09.099978+00:00,238.9,0.0401800012588501,0.0022226971865062345,0.3859572768879324
NVDA261023P00275000,2026-10-02 15:05:41+00:00,275.0,39.5,31.8,41.0,0.0,0.0,4.0,0.0,0.7608666491699221,True,REGULAR,USD,Put,2026-10-23,NVDA,2026-10-06T00:29:09.099978+00:00,238.9,0.0401800012588501,0.0022226971865062345,0.3859572768879324
NVDA261023P00280000,2026-10-02 13:30:00+00:00,280.0,44.05,37.2,46.0,0.0,0.0,10.0,10.0,0.8157977404785155,True,REGULAR,USD,Put,2026-10-23,NVDA,2026-10-06T00:29:09.099978+00:00,238.9,0.0401800012588501,0.0022226971865062345,0.3859572768879324
NVDA261030C00060000,2026-09-21 16:19:19+00:00,60.0,165.79,174.2,183.5,0.0,0.0,,1.0,3.9165041149902344,True,REGULAR,USD,Call,2026-10-30,NVDA,2026-10-06T00:29:09.099978+00:00,238.9,0.0401800012588501,0.0022226971865062345,0.3859572768879324
NVDA261030C00070000,2026-09-28 13:30:05+00:00,70.0,159.13,164.2,173.45,0.0,0.0,,10.0,3.4897473693847654,True,REGULAR,USD,Call,2026-10-30,NVDA,2026-10-06T00:29:09.099978+00:00,238.9,0.0401800012588501,0.0022226971865062345,0.3859572768879324
NVDA261030C00085000,2026-09-24 13:53:50+00:00,85.0,137.9,149.4,158.6,0.0,0.0,,2.0,1.5507834960937497,True,REGULAR,USD,Call,2026-10-30,NVDA,2026-10-06T00:29:09.099978+00:00,238.9,0.0401800012588501,0.0022226971865062345,0.3859572768879324
NVDA261030C00090000,2026-09-22 14:34:14+00:00,90.0,139.37,145.2,153.6,0.0,0.0,1.0,2.0,1.8154306103515623,True,REGULAR,USD,Call,2026-10-30,NVDA,2026-10-06T00:29:09.099978+00:00,238.9,0.0401800012588501,0.0022226971865062345,0.3859572768879324
NVDA261030C00100000,2026-10-05 18:19:41+00:00,100.0,138.47,135.25,143.15,3.369995,2.4944448,6.0,97.0,1.5156274218749999,True,REGULAR,USD,Call,2026-10-30,NVDA,2026-10-06T00:29:09.099978+00:00,238.9,0.0401800012588501,0.0022226971865062345,0.3859572768879324
NVDA261030C00115000,2026-09-30 18:19:02+00:00,115.0,116.33,120.3,128.7,0.0,0.0,2.0,1.0,1.4345731396484376,True,REGULAR,USD,Call,2026-10-30,NVDA,2026-10-06T00:29:09.099978+00:00,238.9,0.0401800012588501,0.0022226971865062345,0.3859572768879324
NVDA261030C00120000,2026-10-05 18:12:09+00:00,120.0,117.76,115.3,123.25,6.0699997,5.434685,1.0,10.0,1.2626989990234374,True,REGULAR,USD,Call,2026-10-30,NVDA,2026-10-06T00:29:09.099978+00:00,238.9,0.0401800012588501,0.0022226971865062345,0.3859572768879324
NVDA261030C00125000,2026-09-23 16:15:44+00:00,125.0,101.62,110.35,118.25,0.0,0.0,,14.0,1.2060586572265624,True,REGULAR,USD,Call,2026-10-30,NVDA,2026-10-06T00:29:09.099978+00:00,238.9,0.0401800012588501,0.0022226971865062345,0.3859572768879324
NVDA261030C00130000,2026-09-23 16:15:01+00:00,130.0,96.81,105.35,113.25,0.0,0.0,,1.0,1.140629296875,True,REGULAR,USD,Call,2026-10-30,NVDA,2026-10-06T00:29:09.099978+00:00,238.9,0.0401800012588501,0.0022226971865062345,0.3859572768879324
NVDA261030C00135000,2026-10-02 17:00:56+00:00,135.0,101.55,101.1,108.3,0.0,0.0,10.0,12.0,1.2099648876953122,True,REGULAR,USD,Call,2026-10-30,NVDA,2026-10-06T00:29:09.099978+00:00,238.9,0.0401800012588501,0.0022226971865062345,0.3859572768879324
NVDA261030C00140000,2026-10-02 19:52:17+00:00,140.0,95.29,95.4,102.55,0.0,0.0,1.0,1.0,0.8125018749999999,True,REGULAR,USD,Call,2026-10-30,NVDA,2026-10-06T00:29:09.099978+00:00,238.9,0.0401800012588501,0.0022226971865062345,0.3859572768879324
NVDA261030C00145000,2026-10-02 17:11:48+00:00,145.0,89.8,90.45,98.35,0.0,0.0,15.0,16.0,0.992187578125,True,REGULAR,USD,Call,2026-10-30,NVDA,2026-10-06T00:29:09.099978+00:00,238.9,0.0401800012588501,0.0022226971865062345,0.3859572768879324
NVDA261030C00150000,2026-10-05 13:57:48+00:00,150.0,87.84,85.45,92.2,1.2699966,1.467017,6.0,56.0,1.3969756713867185,True,REGULAR,USD,Call,2026-10-30,NVDA,2026-10-06T00:29:09.099978+00:00,238.9,0.0401800012588501,0.0022226971865062345,0.3859572768879324
NVDA261030C00155000,2026-09-28 13:44:15+00:00,155.0,78.68,80.5,88.4,0.0,0.0,1.0,14.0,0.8896495410156249,True,REGULAR,USD,Call,2026-10-30,NVDA,2026-10-06T00:29:09.099978+00:00,238.9,0.0401800012588501,0.0022226971865062345,0.3859572768879324
NVDA261030C00160000,2026-10-02 17:24:46+00:00,160.0,75.2,75.55,83.45,0.0,0.0,7.0,42.0,0.8461929443359374,True,REGULAR,USD,Call,2026-10-30,NVDA,2026-10-06T00:29:09.099978+00:00,238.9,0.0401800012588501,0.0022226971865062345,0.3859572768879324
NVDA261030C00165000,2026-09-30 19:04:40+00:00,165.0,66.51,70.55,79.1,0.0,0.0,3.0,5.0,0.8588881298828125,True,REGULAR,USD,Call,2026-10-30,NVDA,2026-10-06T00:29:09.099978+00:00,238.9,0.0401800012588501,0.0022226971865062345,0.3859572768879324
NVDA261030C00170000,2026-09-24 14:48:15+00:00,170.0,53.15,65.6,74.1,0.0,0.0,4.0,22.0,0.8051777294921875,True,REGULAR,USD,Call,2026-10-30,NVDA,2026-10-06T00:29:09.099978+00:00,238.9,0.0401800012588501,0.0022226971865062345,0.3859572768879324
NVDA261030C00175000,2026-10-05 19:41:27+00:00,175.0,65.3,60.7,69.0,4.2400017,6.943992,25.0,37.0,0.7480493945312501,True,REGULAR,USD,Call,2026-10-30,NVDA,2026-10-06T00:29:09.099978+00:00,238.9,0.0401800012588501,0.0022226971865062345,0.3859572768879324
NVDA261030C00180000,2026-10-05 19:16:24+00:00,180.0,60.6,58.95,64.2,5.16,9.30736,3.0,40.0,0.8958750646972655,True,REGULAR,USD,Call,2026-10-30,NVDA,2026-10-06T00:29:09.099978+00:00,238.9,0.0401800012588501,0.0022226971865062345,0.3859572768879324
NVDA261030C00185000,2026-10-05 19:19:06+00:00,185.0,55.0,50.8,56.0,8.580002,18.483418,2.0,15.0,0.7746604565429689,True,REGULAR,USD,Call,2026-10-30,NVDA,2026-10-06T00:29:09.099978+00:00,238.9,0.0401800012588501,0.0022226971865062345,0.3859572768879324
NVDA261030C00190000,2026-10-05 18:26:11+00:00,190.0,49.3,45.9,51.35,3.0599976,6.6176414,13.0,202.0,0.745119736328125,True,REGULAR,USD,Call,2026-10-30,NVDA,2026-10-06T00:29:09.099978+00:00,238.9,0.0401800012588501,0.0022226971865062345,0.3859572768879324
NVDA261030C00195000,2026-10-05 17:42:26+00:00,195.0,43.5,41.0,45.1,1.4500008,3.4482777,3.0,180.0,0.5603071313476562,True,REGULAR,USD,Call,2026-10-30,NVDA,2026-10-06T00:29:09.099978+00:00,238.9,0.0401800012588501,0.0022226971865062345,0.3859572768879324
NVDA261030C00200000,2026-10-05 19:48:09+00:00,200.0,40.62,38.75,41.35,4.91,13.74965,89.0,960.0,0.5002491381835938,True,REGULAR,USD,Call,2026-10-30,NVDA,2026-10-06T00:29:09.099978+00:00,238.9,0.0401800012588501,0.0022226971865062345,0.3859572768879324
NVDA261030C00205000,2026-10-05 19:14:43+00:00,205.0,35.95,33.65,35.55,5.4000015,17.675945,16.0,494.0,0.493291199951172,True,REGULAR,USD,Call,2026-10-30,NVDA,2026-10-06T00:29:09.099978+00:00,238.9,0.0401800012588501,0.0022226971865062345,0.3859572768879324
NVDA261030C00210000,2026-10-05 18:30:23+00:00,210.0,30.0,29.9,30.55,4.120001,15.919633,107.0,909.0,0.43579665771484377,True,REGULAR,USD,Call,2026-10-30,NVDA,2026-10-06T00:29:09.099978+00:00,238.9,0.0401800012588501,0.0022226971865062345,0.3859572768879324
NVDA261030C00215000,2026-10-05 19:46:36+00:00,215.0,25.63,25.25,26.55,4.1499996,19.320297,272.0,1003.0,0.4466608068847656,True,REGULAR,USD,Call,2026-10-30,NVDA,2026-10-06T00:29:09.099978+00:00,238.9,0.0401800012588501,0.0022226971865062345,0.3859572768879324
NVDA261030C00220000,2026-10-05 19:55:12+00:00,220.0,21.25,20.75,22.7,3.8500004,22.126438,438.0,1931.0,0.4470270141601562,True,REGULAR,USD,Call,2026-10-30,NVDA,2026-10-06T00:29:09.099978+00:00,238.9,0.0401800012588501,0.0022226971865062345,0.3859572768879324
NVDA261030C00225000,2026-10-05 19:50:00+00:00,225.0,16.8,16.55,18.1,3.2599993,24.076805,468.0,5668.0,0.39624627197265627,True,REGULAR,USD,Call,2026-10-30,NVDA,2026-10-06T00:29:09.099978+00:00,238.9,0.0401800012588501,0.0022226971865062345,0.3859572768879324
NVDA261030C00230000,2026-10-05 19:57:42+00:00,230.0,13.15,13.0,13.7,2.8999996,28.29268,2009.0,6384.0,0.3482120843505859,True,REGULAR,USD,Call,2026-10-30,NVDA,2026-10-06T00:29:09.099978+00:00,238.9,0.0401800012588501,0.0022226971865062345,0.3859572768879324
NVDA261030C00235000,2026-10-05 19:59:34+00:00,235.0,9.75,9.6,10.0,2.5,34.482758,1891.0,6257.0,0.31928170959472646,True,REGULAR,USD,Call,2026-10-30,NVDA,2026-10-06T00:29:09.099978+00:00,238.9,0.0401800012588501,0.0022226971865062345,0.3859572768879324
NVDA261030C00240000,2026-10-05 19:59:33+00:00,240.0,6.87,6.95,7.15,1.8199997,36.039597,5611.0,11233.0,0.3075630767822265,False,REGULAR,USD,Call,2026-10-30,NVDA,2026-10-06T00:29:09.099978+00:00,238.9,0.0401800012588501,0.0022226971865062345,0.3859572768879324
NVDA261030C00245000,2026-10-05 19:59:32+00:00,245.0,4.7,4.7,4.9,1.2499998,36.231876,3325.0,11233.0,0.29944548217773437,False,REGULAR,USD,Call,2026-10-30,NVDA,2026-10-06T00:29:09.099978+00:00,238.9,0.0401800012588501,0.0022226971865062345,0.3859572768879324
NVDA261030C00250000,2026-10-05 19:59:59+00:00,250.0,3.1,3.05,3.15,0.9499998,44.18604,8176.0,12411.0,0.2906565075683593,False,REGULAR,USD,Call,2026-10-30,NVDA,2026-10-06T00:29:09.099978+00:00,238.9,0.0401800012588501,0.0022226971865062345,0.3859572768879324
NVDA261030C00255000,2026-10-05 19:59:58+00:00,255.0,1.87,1.88,1.98,0.53,39.552235,2390.0,8194.0,0.28748271118164054,False,REGULAR,USD,Call,2026-10-30,NVDA,2026-10-06T00:29:09.099978+00:00,238.9,0.0401800012588501,0.0022226971865062345,0.3859572768879324
NVDA261030C00260000,2026-10-05 19:59:59+00:00,260.0,1.15,1.12,1.2,0.31,36.904762,2192.0,6059.0,0.28565167480468745,False,REGULAR,USD,Call,2026-10-30,NVDA,2026-10-06T00:29:09.099978+00:00,238.9,0.0401800012588501,0.0022226971865062345,0.3859572768879324
NVDA261030C00265000,2026-10-05 19:59:17+00:00,265.0,0.68,0.67,0.72,0.13999999,25.92592,1082.0,2340.0,0.2866282275390625,False,REGULAR,USD,Call,2026-10-30,NVDA,2026-10-06T00:29:09.099978+00:00,238.9,0.0401800012588501,0.0022226971865062345,0.3859572768879324
NVDA261030C00270000,2026-10-05 19:59:58+00:00,270.0,0.4,0.39,0.43,0.06999999,21.212118,8492.0,12246.0,0.2893137475585937,False,REGULAR,USD,Call,2026-10-30,NVDA,2026-10-06T00:29:09.099978+00:00,238.9,0.0401800012588501,0.0022226971865062345,0.3859572768879324
NVDA261030C00275000,2026-10-05 19:59:10+00:00,275.0,0.24,0.24,0.28,0.019999996,9.090907,450.0,1433.0,0.29761444580078117,False,REGULAR,USD,Call,2026-10-30,NVDA,2026-10-06T00:29:09.099978+00:00,238.9,0.0401800012588501,0.0022226971865062345,0.3859572768879324
NVDA261030C00280000,2026-10-05 19:59:59+00:00,280.0,0.16,0.15,0.18,0.00999999,6.66666,232.0,2064.0,0.304694453125,False,REGULAR,USD,Call,2026-10-30,NVDA,2026-10-06T00:29:09.099978+00:00,238.9,0.0401800012588501,0.0022226971865062345,0.3859572768879324
NVDA261030C00285000,2026-10-05 18:52:15+00:00,285.0,0.12,0.1,0.12,0.0,0.0,186.0,654.0,0.313483427734375,False,REGULAR,USD,Call,2026-10-30,NVDA,2026-10-06T00:29:09.099978+00:00,238.9,0.0401800012588501,0.0022226971865062345,0.3859572768879324
NVDA261030C00290000,2026-10-05 19:53:50+00:00,290.0,0.08,0.06,0.09,0.0,0.0,125.0,1029.0,0.32617861328125,False,REGULAR,USD,Call,2026-10-30,NVDA,2026-10-06T00:29:09.099978+00:00,238.9,0.0401800012588501,0.0022226971865062345,0.3859572768879324
NVDA261030C00295000,2026-10-05 18:51:58+00:00,295.0,0.05,0.03,0.06,-0.05,-50.0,23.0,96.0,0.33399103515625,False,REGULAR,USD,Call,2026-10-30,NVDA,2026-10-06T00:29:09.099978+00:00,238.9,0.0401800012588501,0.0022226971865062345,0.3859572768879324
NVDA261030C00300000,2026-10-05 19:06:48+00:00,300.0,0.05,0.03,0.05,-0.009999998,-16.666662,107.0,799.0,0.34961587890624996,False,REGULAR,USD,Call,2026-10-30,NVDA,2026-10-06T00:29:09.099978+00:00,238.9,0.0401800012588501,0.0022226971865062345,0.3859572768879324
NVDA261030C00305000,2026-09-28 15:26:21+00:00,305.0,0.06,0.01,0.04,0.0,0.0,32.0,257.0,0.36133451171875,False,REGULAR,USD,Call,2026-10-30,NVDA,2026-10-06T00:29:09.099978+00:00,238.9,0.0401800012588501,0.0022226971865062345,0.3859572768879324
NVDA261030C00310000,2026-09-29 18:55:39+00:00,310.0,0.04,0.01,0.04,0.0,0.0,1.0,8.0,0.38281867187499996,False,REGULAR,USD,Call,2026-10-30,NVDA,2026-10-06T00:29:09.099978+00:00,238.9,0.0401800012588501,0.0022226971865062345,0.3859572768879324
NVDA261030C00315000,2026-09-28 16:50:15+00:00,315.0,0.04,0.0,0.04,0.0,0.0,25.0,49.0,0.40430283203125,False,REGULAR,USD,Call,2026-10-30,NVDA,2026-10-06T00:29:09.099978+00:00,238.9,0.0401800012588501,0.0022226971865062345,0.3859572768879324
NVDA261030C00320000,2026-10-02 15:36:43+00:00,320.0,0.02,0.0,0.04,0.0,0.0,10.0,33.0,0.42383388671875,False,REGULAR,USD,Call,2026-10-30,NVDA,2026-10-06T00:29:09.099978+00:00,238.9,0.0401800012588501,0.0022226971865062345,0.3859572768879324
NVDA261030C00325000,2026-10-05 15:11:20+00:00,325.0,0.01,0.0,0.04,-0.03,-75.0,52.0,9.0,0.44336494140625,False,REGULAR,USD,Call,2026-10-30,NVDA,2026-10-06T00:29:09.099978+00:00,238.9,0.0401800012588501,0.0022226971865062345,0.3859572768879324
NVDA261030C00330000,2026-10-02 19:24:27+00:00,330.0,0.02,0.0,0.03,0.0,0.0,48.0,61.0,0.44922425781249997,False,REGULAR,USD,Call,2026-10-30,NVDA,2026-10-06T00:29:09.099978+00:00,238.9,0.0401800012588501,0.0022226971865062345,0.3859572768879324
NVDA261030C00335000,2026-09-15 17:27:53+00:00,335.0,0.06,0.0,0.03,0.0,0.0,3.0,5.0,0.4687553125,False,REGULAR,USD,Call,2026-10-30,NVDA,2026-10-06T00:29:09.099978+00:00,238.9,0.0401800012588501,0.0022226971865062345,0.3859572768879324
NVDA261030C00340000,2026-10-05 16:58:54+00:00,340.0,0.02,0.0,0.03,0.01,100.0,12.0,1.0,0.48633326171875,False,REGULAR,USD,Call,2026-10-30,NVDA,2026-10-06T00:29:09.099978+00:00,238.9,0.0401800012588501,0.0022226971865062345,0.3859572768879324
NVDA261030C00345000,2026-10-05 16:42:31+00:00,345.0,0.02,0.0,0.03,0.0,0.0,10.0,16.0,0.5039112109375,False,REGULAR,USD,Call,2026-10-30,NVDA,2026-10-06T00:29:09.099978+00:00,238.9,0.0401800012588501,0.0022226971865062345,0.3859572768879324
NVDA261030C00350000,2026-10-05 16:07:29+00:00,350.0,0.02,0.0,0.03,0.0,0.0,10.0,21.0,0.5195360546875,False,REGULAR,USD,Call,2026-10-30,NVDA,2026-10-06T00:29:09.099978+00:00,238.9,0.0401800012588501,0.0022226971865062345,0.3859572768879324
NVDA261030C00360000,2026-10-02 19:54:04+00:00,360.0,0.04,0.0,0.03,0.0,0.0,6.0,61.0,0.523442265625,False,REGULAR,USD,Call,2026-10-30,NVDA,2026-10-06T00:29:09.099978+00:00,238.9,0.0401800012588501,0.0022226971865062345,0.3859572768879324
NVDA261030C00390000,2026-09-28 17:00:32+00:00,390.0,0.05,0.0,0.03,0.0,0.0,61.0,132.0,0.6093789062500001,False,REGULAR,USD,Call,2026-10-30,NVDA,2026-10-06T00:29:09.099978+00:00,238.9,0.0401800012588501,0.0022226971865062345,0.3859572768879324
NVDA261030P00050000,2026-09-14 14:56:12+00:00,50.0,0.03,0.0,0.03,0.0,0.0,1.0,6.0,1.9375003125,False,REGULAR,USD,Put,2026-10-30,NVDA,2026-10-06T00:29:09.099978+00:00,238.9,0.0401800012588501,0.0022226971865062345,0.3859572768879324
NVDA261030P00065000,2026-10-01 19:59:35+00:00,65.0,0.03,0.0,0.03,0.0,0.0,10.0,10.0,1.625001875,False,REGULAR,USD,Put,2026-10-30,NVDA,2026-10-06T00:29:09.099978+00:00,238.9,0.0401800012588501,0.0022226971865062345,0.3859572768879324
NVDA261030P00070000,2026-10-05 13:46:32+00:00,70.0,0.04,0.0,0.03,0.01,33.333336,3.0,4.0,1.5312523437499999,False,REGULAR,USD,Put,2026-10-30,NVDA,2026-10-06T00:29:09.099978+00:00,238.9,0.0401800012588501,0.0022226971865062345,0.3859572768879324
NVDA261030P00080000,2026-09-28 16:44:34+00:00,80.0,0.03,0.01,0.04,0.0,0.0,2.0,3.0,1.4296903515625,False,REGULAR,USD,Put,2026-10-30,NVDA,2026-10-06T00:29:09.099978+00:00,238.9,0.0401800012588501,0.0022226971865062345,0.3859572768879324
NVDA261030P00085000,2026-09-28 14:09:24+00:00,85.0,0.04,0.0,0.04,0.0,0.0,6.0,21.0,1.3281283593749997,False,REGULAR,USD,Put,2026-10-30,NVDA,2026-10-06T00:29:09.099978+00:00,238.9,0.0401800012588501,0.0022226971865062345,0.3859572768879324
NVDA261030P00090000,2026-09-17 15:54:23+00:00,90.0,0.09,0.0,0.04,0.0,0.0,,2.0,1.2500037499999999,False,REGULAR,USD,Put,2026-10-30,NVDA,2026-10-06T00:29:09.099978+00:00,238.9,0.0401800012588501,0.0022226971865062345,0.3859572768879324
NVDA261030P00095000,2026-09-17 19:33:39+00:00,95.0,0.02,0.01,0.02,-0.030000001,-60.0,10.0,3.0,1.15625421875,False,REGULAR,USD,Put,2026-10-30,NVDA,2026-10-06T00:29:09.099978+00:00,238.9,0.0401800012588501,0.0022226971865062345,0.3859572768879324
NVDA261030P00100000,2026-09-28 18:11:37+00:00,100.0,0.04,0.01,0.02,0.0,0.0,1.0,70.0,1.09375453125,False,REGULAR,USD,Put,2026-10-30,NVDA,2026-10-06T00:29:09.099978+00:00,238.9,0.0401800012588501,0.0022226971865062345,0.3859572768879324
NVDA261030P00105000,2026-10-01 13:48:20+00:00,105.0,0.02,0.01,0.02,0.0,0.0,10.0,43.0,1.0390673046875003,False,REGULAR,USD,Put,2026-10-30,NVDA,2026-10-06T00:29:09.099978+00:00,238.9,0.0401800012588501,0.0022226971865062345,0.3859572768879324
NVDA261030P00110000,2026-10-01 13:46:45+00:00,110.0,0.02,0.01,0.05,0.0,0.0,10.0,27.0,1.0468797656250002,False,REGULAR,USD,Put,2026-10-30,NVDA,2026-10-06T00:29:09.099978+00:00,238.9,0.0401800012588501,0.0022226971865062345,0.3859572768879324
NVDA261030P00115000,2026-09-22 15:31:03+00:00,115.0,0.08,0.02,0.06,0.0,0.0,,2.0,1.015629921875,False,REGULAR,USD,Put,2026-10-30,NVDA,2026-10-06T00:29:09.099978+00:00,238.9,0.0401800012588501,0.0022226971865062345,0.3859572768879324
NVDA261030P00120000,2026-10-05 16:12:25+00:00,120.0,0.04,0.02,0.06,0.0,0.0,2.0,504.0,0.9609378906249999,False,REGULAR,USD,Put,2026-10-30,NVDA,2026-10-06T00:29:09.099978+00:00,238.9,0.0401800012588501,0.0022226971865062345,0.3859572768879324
NVDA261030P00125000,2026-10-05 19:34:58+00:00,125.0,0.05,0.02,0.06,-0.009999998,-16.666662,311.0,18.0,0.9101571484375,False,REGULAR,USD,Put,2026-10-30,NVDA,2026-10-06T00:29:09.099978+00:00,238.9,0.0401800012588501,0.0022226971865062345,0.3859572768879324
NVDA261030P00130000,2026-10-05 16:11:45+00:00,130.0,0.04,0.03,0.07,-0.010000002,-20.000002,2.0,197.0,0.8789074609374999,False,REGULAR,USD,Put,2026-10-30,NVDA,2026-10-06T00:29:09.099978+00:00,238.9,0.0401800012588501,0.0022226971865062345,0.3859572768879324
NVDA261030P00135000,2026-10-05 19:17:53+00:00,135.0,0.05,0.03,0.06,-0.009999998,-16.666662,2502.0,34.0,0.8164080859374999,False,REGULAR,USD,Put,2026-10-30,NVDA,2026-10-06T00:29:09.099978+00:00,238.9,0.0401800012588501,0.0022226971865062345,0.3859572768879324
NVDA261030P00140000,2026-10-05 19:42:32+00:00,140.0,0.06,0.04,0.08,-0.02,-25.0,1.0,64.0,0.7929708203125,False,REGULAR,USD,Put,2026-10-30,NVDA,2026-10-06T00:29:09.099978+00:00,238.9,0.0401800012588501,0.0022226971865062345,0.3859572768879324
NVDA261030P00145000,2026-10-05 18:58:32+00:00,145.0,0.07,0.05,0.08,-0.020000003,-22.222223,7.0,53.0,0.75195560546875,False,REGULAR,USD,Put,2026-10-30,NVDA,2026-10-06T00:29:09.099978+00:00,238.9,0.0401800012588501,0.0022226971865062345,0.3859572768879324
NVDA261030P00150000,2026-10-05 16:45:26+00:00,150.0,0.07,0.06,0.09,-0.030000001,-30.0,13.0,409.0,0.71679970703125,False,REGULAR,USD,Put,2026-10-30,NVDA,2026-10-06T00:29:09.099978+00:00,238.9,0.0401800012588501,0.0022226971865062345,0.3859572768879324
NVDA261030P00155000,2026-10-02 19:54:43+00:00,155.0,0.12,0.07,0.11,0.0,0.0,15.0,243.0,0.68555001953125,False,REGULAR,USD,Put,2026-10-30,NVDA,2026-10-06T00:29:09.099978+00:00,238.9,0.0401800012588501,0.0022226971865062345,0.3859572768879324
NVDA261030P00160000,2026-10-05 19:15:51+00:00,160.0,0.1,0.08,0.12,-0.04,-28.571428,17.0,384.0,0.648441015625,False,REGULAR,USD,Put,2026-10-30,NVDA,2026-10-06T00:29:09.099978+00:00,238.9,0.0401800012588501,0.0022226971865062345,0.3859572768879324
NVDA261030P00165000,2026-10-05 16:53:15+00:00,165.0,0.12,0.1,0.13,-0.030000009,-20.000006,8.0,197.0,0.6132851171875001,False,REGULAR,USD,Put,2026-10-30,NVDA,2026-10-06T00:29:09.099978+00:00,238.9,0.0401800012588501,0.0022226971865062345,0.3859572768879324
NVDA261030P00170000,2026-10-05 19:49:58+00:00,170.0,0.13,0.13,0.16,-0.050000012,-27.777782,39.0,988.0,0.586918193359375,False,REGULAR,USD,Put,2026-10-30,NVDA,2026-10-06T00:29:09.099978+00:00,238.9,0.0401800012588501,0.0022226971865062345,0.3859572768879324
NVDA261030P00175000,2026-10-05 19:47:24+00:00,175.0,0.16,0.15,0.18,-0.060000002,-27.272728,24.0,965.0,0.55273884765625,False,REGULAR,USD,Put,2026-10-30,NVDA,2026-10-06T00:29:09.099978+00:00,238.9,0.0401800012588501,0.0022226971865062345,0.3859572768879324
NVDA261030P00180000,2026-10-05 19:51:08+00:00,180.0,0.19,0.17,0.21,-0.06999999,-26.923075,350.0,707.0,0.5190477783203125,False,REGULAR,USD,Put,2026-10-30,NVDA,2026-10-06T00:29:09.099978+00:00,238.9,0.0401800012588501,0.0022226971865062345,0.3859572768879324
NVDA261030P00185000,2026-10-05 19:47:05+00:00,185.0,0.23,0.22,0.25,-0.08999999,-28.124998,64.0,846.0,0.49561051269531253,False,REGULAR,USD,Put,2026-10-30,NVDA,2026-10-06T00:29:09.099978+00:00,238.9,0.0401800012588501,0.0022226971865062345,0.3859572768879324
NVDA261030P00190000,2026-10-05 19:37:34+00:00,190.0,0.29,0.26,0.3,-0.08000001,-21.621624,376.0,2065.0,0.46484910156250003,False,REGULAR,USD,Put,2026-10-30,NVDA,2026-10-06T00:29:09.099978+00:00,238.9,0.0401800012588501,0.0022226971865062345,0.3859572768879324
NVDA261030P00195000,2026-10-05 19:51:02+00:00,195.0,0.34,0.31,0.37,-0.13,-27.659575,822.0,2655.0,0.43604079589843747,False,REGULAR,USD,Put,2026-10-30,NVDA,2026-10-06T00:29:09.099978+00:00,238.9,0.0401800012588501,0.0022226971865062345,0.3859572768879324
NVDA261030P00200000,2026-10-05 19:59:12+00:00,200.0,0.44,0.41,0.46,-0.17000002,-27.868855,1162.0,8993.0,0.407232490234375,False,REGULAR,USD,Put,2026-10-30,NVDA,2026-10-06T00:29:09.099978+00:00,238.9,0.0401800012588501,0.0022226971865062345,0.3859572768879324
NVDA261030P00205000,2026-10-05 19:57:01+00:00,205.0,0.59,0.55,0.59,-0.25,-29.761906,922.0,3733.0,0.38013315185546875,False,REGULAR,USD,Put,2026-10-30,NVDA,2026-10-06T00:29:09.099978+00:00,238.9,0.0401800012588501,0.0022226971865062345,0.3859572768879324
NVDA261030P00210000,2026-10-05 19:58:18+00:00,210.0,0.77,0.74,0.8,-0.43000007,-35.83334,1964.0,5889.0,0.3569400244140625,False,REGULAR,USD,Put,2026-10-30,NVDA,2026-10-06T00:29:09.099978+00:00,238.9,0.0401800012588501,0.0022226971865062345,0.3859572768879324
NVDA261030P00215000,2026-10-05 19:59:36+00:00,215.0,1.09,1.05,1.1,-0.65999997,-37.714287,1121.0,4800.0,0.33423517333984376,False,REGULAR,USD,Put,2026-10-30,NVDA,2026-10-06T00:29:09.099978+00:00,238.9,0.0401800012588501,0.0022226971865062345,0.3859572768879324
NVDA261030P00220000,2026-10-05 19:59:36+00:00,220.0,1.62,1.54,1.62,-0.9499999,-36.964977,1594.0,5921.0,0.3181220532226562,False,REGULAR,USD,Put,2026-10-30,NVDA,2026-10-06T00:29:09.099978+00:00,238.9,0.0401800012588501,0.0022226971865062345,0.3859572768879324
NVDA261030P00225000,2026-10-05 19:59:33+00:00,225.0,2.37,2.29,2.39,-1.3800001,-36.800003,1417.0,5302.0,0.30322962402343745,False,REGULAR,USD,Put,2026-10-30,NVDA,2026-10-06T00:29:09.099978+00:00,238.9,0.0401800012588501,0.0022226971865062345,0.3859572768879324
NVDA261030P00230000,2026-10-05 19:59:58+00:00,230.0,3.55,3.4,3.55,-1.8999999,-34.862385,1320.0,3933.0,0.29157202575683583,False,REGULAR,USD,Put,2026-10-30,NVDA,2026-10-06T00:29:09.099978+00:00,238.9,0.0401800012588501,0.0022226971865062345,0.3859572768879324
NVDA261030P00235000,2026-10-05 19:59:51+00:00,235.0,5.25,5.0,5.2,-2.4499998,-31.81818,2829.0,1344.0,0.28211167114257807,False,REGULAR,USD,Put,2026-10-30,NVDA,2026-10-06T00:29:09.099978+00:00,238.9,0.0401800012588501,0.0022226971865062345,0.3859572768879324
NVDA261030P00240000,2026-10-05 19:59:40+00:00,240.0,7.5,7.15,7.35,-3.0,-28.571428,524.0,263.0,0.27149166015625,True,REGULAR,USD,Put,2026-10-30,NVDA,2026-10-06T00:29:09.099978+00:00,238.9,0.0401800012588501,0.0022226971865062345,0.3859572768879324
NVDA261030P00245000,2026-10-05 19:18:46+00:00,245.0,9.72,9.9,10.15,-3.63,-27.19101,84.0,144.0,0.26380130737304686,True,REGULAR,USD,Put,2026-10-30,NVDA,2026-10-06T00:29:09.099978+00:00,238.9,0.0401800012588501,0.0022226971865062345,0.3859572768879324
NVDA261030P00250000,2026-10-05 19:57:58+00:00,250.0,13.55,13.2,13.85,-4.3599997,-24.34394,22.0,161.0,0.27173579833984374,True,REGULAR,USD,Put,2026-10-30,NVDA,2026-10-06T00:29:09.099978+00:00,238.9,0.0401800012588501,0.0022226971865062345,0.3859572768879324
NVDA261030P00255000,2026-10-05 18:17:49+00:00,255.0,17.9,15.6,18.25,-1.3999996,-7.253885,1.0,16.0,0.2970041003417968,True,REGULAR,USD,Put,2026-10-30,NVDA,2026-10-06T00:29:09.099978+00:00,238.9,0.0401800012588501,0.0022226971865062345,0.3859572768879324
NVDA261030P00260000,2026-10-05 19:09:11+00:00,260.0,21.29,20.05,22.9,-4.0599995,-16.015776,18.0,93.0,0.3263006823730469,True,REGULAR,USD,Put,2026-10-30,NVDA,2026-10-06T00:29:09.099978+00:00,238.9,0.0401800012588501,0.0022226971865062345,0.3859572768879324
NVDA261030P00265000,2026-10-05 14:37:22+00:00,265.0,27.95,23.9,28.5,-6.739998,-19.429224,2.0,81.0,0.41040628662109374,True,REGULAR,USD,Put,2026-10-30,NVDA,2026-10-06T00:29:09.099978+00:00,238.9,0.0401800012588501,0.0022226971865062345,0.3859572768879324
NVDA261030P00270000,2026-10-05 17:52:34+00:00,270.0,32.36,29.75,33.0,-24.64,-43.22807,22.0,1.0,0.4226131958007812,True,REGULAR,USD,Put,2026-10-30,NVDA,2026-10-06T00:29:09.099978+00:00,238.9,0.0401800012588501,0.0022226971865062345,0.3859572768879324
NVDA261030P00280000,2026-10-01 19:32:34+00:00,280.0,50.61,37.2,46.0,0.0,0.0,,10.0,0.6922638195800781,True,REGULAR,USD,Put,2026-10-30,NVDA,2026-10-06T00:29:09.099978+00:00,238.9,0.0401800012588501,0.0022226971865062345,0.3859572768879324
NVDA261030P00300000,2026-09-21 19:10:04+00:00,300.0,72.6,57.2,66.0,0.0,0.0,,0.0,0.8608412353515625,True,REGULAR,USD,Put,2026-10-30,NVDA,2026-10-06T00:29:09.099978+00:00,238.9,0.0401800012588501,0.0022226971865062345,0.3859572768879324
NVDA261106C00115000,2026-10-02 13:30:00+00:00,115.0,121.5,120.4,128.8,0.0,0.0,7.0,7.0,1.3007847460937496,True,REGULAR,USD,Call,2026-11-06,NVDA,2026-10-06T00:29:09.099978+00:00,238.9,0.0401800012588501,0.0022226971865062345,0.3859572768879324
NVDA261106C00125000,2026-10-02 17:32:20+00:00,125.0,108.07,110.45,118.85,0.0,0.0,1.0,1.0,1.1816447167968749,True,REGULAR,USD,Call,2026-11-06,NVDA,2026-10-06T00:29:09.099978+00:00,238.9,0.0401800012588501,0.0022226971865062345,0.3859572768879324
NVDA261106C00135000,2026-09-29 15:04:58+00:00,135.0,96.93,100.55,108.45,0.0,0.0,,1.0,1.0166064794921876,True,REGULAR,USD,Call,2026-11-06,NVDA,2026-10-06T00:29:09.099978+00:00,238.9,0.0401800012588501,0.0022226971865062345,0.3859572768879324
NVDA261106C00145000,2026-09-28 14:45:34+00:00,145.0,84.88,90.2,99.0,0.0,0.0,,2.0,0.9291999267578125,True,REGULAR,USD,Call,2026-11-06,NVDA,2026-10-06T00:29:09.099978+00:00,238.9,0.0401800012588501,0.0022226971865062345,0.3859572768879324
NVDA261106C00150000,2026-10-02 19:06:35+00:00,150.0,84.02,85.65,94.05,0.0,0.0,10.0,11.0,0.9260261303710937,True,REGULAR,USD,Call,2026-11-06,NVDA,2026-10-06T00:29:09.099978+00:00,238.9,0.0401800012588501,0.0022226971865062345,0.3859572768879324
NVDA261106C00155000,2026-09-28 13:44:15+00:00,155.0,78.83,80.65,89.05,0.0,0.0,,1.0,0.870118486328125,True,REGULAR,USD,Call,2026-11-06,NVDA,2026-10-06T00:29:09.099978+00:00,238.9,0.0401800012588501,0.0022226971865062345,0.3859572768879324
NVDA261106C00165000,2026-10-02 13:30:01+00:00,165.0,72.0,70.75,79.15,0.0,0.0,5.0,9.0,0.7790549438476562,True,REGULAR,USD,Call,2026-11-06,NVDA,2026-10-06T00:29:09.099978+00:00,238.9,0.0401800012588501,0.0022226971865062345,0.3859572768879324
NVDA261106C00170000,2026-10-05 19:05:17+00:00,170.0,70.08,65.05,74.15,10.68,17.979797,1.0,1.0,0.6694368994140626,True,REGULAR,USD,Call,2026-11-06,NVDA,2026-10-06T00:29:09.099978+00:00,238.9,0.0401800012588501,0.0022226971865062345,0.3859572768879324
NVDA261106C00175000,2026-10-02 19:59:36+00:00,175.0,59.97,60.85,69.3,0.0,0.0,1.0,1.0,0.692385888671875,True,REGULAR,USD,Call,2026-11-06,NVDA,2026-10-06T00:29:09.099978+00:00,238.9,0.0401800012588501,0.0022226971865062345,0.3859572768879324
NVDA261106C00180000,2026-10-05 14:39:32+00:00,180.0,58.26,55.1,64.35,-0.24000168,-0.41025928,4.0,2.0,0.5935099243164064,True,REGULAR,USD,Call,2026-11-06,NVDA,2026-10-06T00:29:09.099978+00:00,238.9,0.0401800012588501,0.0022226971865062345,0.3859572768879324
NVDA261106C00185000,2026-10-02 19:34:22+00:00,185.0,50.2,50.95,59.45,0.0,0.0,1.0,3.0,0.6052285571289064,True,REGULAR,USD,Call,2026-11-06,NVDA,2026-10-06T00:29:09.099978+00:00,238.9,0.0401800012588501,0.0022226971865062345,0.3859572768879324
NVDA261106C00190000,2026-10-02 17:26:54+00:00,190.0,45.98,45.3,54.55,0.0,0.0,1.0,3.0,0.524418818359375,True,REGULAR,USD,Call,2026-11-06,NVDA,2026-10-06T00:29:09.099978+00:00,238.9,0.0401800012588501,0.0022226971865062345,0.3859572768879324
NVDA261106C00195000,2026-10-02 19:43:07+00:00,195.0,40.9,43.95,48.9,0.0,0.0,20.0,101.0,0.6086464916992189,True,REGULAR,USD,Call,2026-11-06,NVDA,2026-10-06T00:29:09.099978+00:00,238.9,0.0401800012588501,0.0022226971865062345,0.3859572768879324
NVDA261106C00200000,2026-10-05 19:44:35+00:00,200.0,41.7,39.35,42.65,5.049999,13.778988,11.0,90.0,0.522343643798828,True,REGULAR,USD,Call,2026-11-06,NVDA,2026-10-06T00:29:09.099978+00:00,238.9,0.0401800012588501,0.0022226971865062345,0.3859572768879324
NVDA261106C00205000,2026-10-05 18:15:07+00:00,205.0,34.7,33.45,37.15,2.4000015,7.4303455,51.0,41.0,0.5435226312255861,True,REGULAR,USD,Call,2026-11-06,NVDA,2026-10-06T00:29:09.099978+00:00,238.9,0.0401800012588501,0.0022226971865062345,0.3859572768879324
NVDA261106C00210000,2026-10-05 18:56:47+00:00,210.0,30.89,30.1,31.5,2.75,9.772566,36.0,104.0,0.44751529052734373,True,REGULAR,USD,Call,2026-11-06,NVDA,2026-10-06T00:29:09.099978+00:00,238.9,0.0401800012588501,0.0022226971865062345,0.3859572768879324
NVDA261106C00215000,2026-10-05 18:57:36+00:00,215.0,26.68,25.75,27.55,4.620001,20.942888,16.0,132.0,0.44824770507812495,True,REGULAR,USD,Call,2026-11-06,NVDA,2026-10-06T00:29:09.099978+00:00,238.9,0.0401800012588501,0.0022226971865062345,0.3859572768879324
NVDA261106C00220000,2026-10-05 19:54:46+00:00,220.0,22.45,21.45,23.45,4.300001,23.691467,137.0,362.0,0.4299373413085938,True,REGULAR,USD,Call,2026-11-06,NVDA,2026-10-06T00:29:09.099978+00:00,238.9,0.0401800012588501,0.0022226971865062345,0.3859572768879324
NVDA261106C00225000,2026-10-05 19:58:35+00:00,225.0,17.8,17.5,18.05,3.4499989,24.041803,242.0,535.0,0.34802898071289057,True,REGULAR,USD,Call,2026-11-06,NVDA,2026-10-06T00:29:09.099978+00:00,238.9,0.0401800012588501,0.0022226971865062345,0.3859572768879324
NVDA261106C00230000,2026-10-05 19:59:28+00:00,230.0,14.05,14.05,14.6,2.7300005,24.116613,708.0,2204.0,0.3429631134033203,True,REGULAR,USD,Call,2026-11-06,NVDA,2026-10-06T00:29:09.099978+00:00,238.9,0.0401800012588501,0.0022226971865062345,0.3859572768879324
NVDA261106C00235000,2026-10-05 19:59:16+00:00,235.0,11.0,10.75,11.35,2.4499998,28.654968,1203.0,2322.0,0.33130551513671874,True,REGULAR,USD,Call,2026-11-06,NVDA,2026-10-06T00:29:09.099978+00:00,238.9,0.0401800012588501,0.0022226971865062345,0.3859572768879324
NVDA261106C00240000,2026-10-05 19:59:03+00:00,240.0,8.08,8.1,8.3,1.9299998,31.38211,2383.0,3581.0,0.3125679095458984,False,REGULAR,USD,Call,2026-11-06,NVDA,2026-10-06T00:29:09.099978+00:00,238.9,0.0401800012588501,0.0022226971865062345,0.3859572768879324
NVDA261106C00245000,2026-10-05 19:59:59+00:00,245.0,5.81,5.8,5.95,1.46,33.56322,1506.0,1823.0,0.3031075549316406,False,REGULAR,USD,Call,2026-11-06,NVDA,2026-10-06T00:29:09.099978+00:00,238.9,0.0401800012588501,0.0022226971865062345,0.3859572768879324
NVDA261106C00250000,2026-10-05 19:58:59+00:00,250.0,3.97,4.0,4.1,1.02,34.57627,7639.0,4862.0,0.295356167602539,False,REGULAR,USD,Call,2026-11-06,NVDA,2026-10-06T00:29:09.099978+00:00,238.9,0.0401800012588501,0.0022226971865062345,0.3859572768879324
NVDA261106C00255000,2026-10-05 19:59:18+00:00,255.0,2.6,2.66,2.78,0.64999986,33.333324,1461.0,6971.0,0.2921213366699218,False,REGULAR,USD,Call,2026-11-06,NVDA,2026-10-06T00:29:09.099978+00:00,238.9,0.0401800012588501,0.0022226971865062345,0.3859572768879324
NVDA261106C00260000,2026-10-05 19:59:50+00:00,260.0,1.7,1.72,1.8,0.4000001,30.769238,3884.0,3633.0,0.2882151257324218,False,REGULAR,USD,Call,2026-11-06,NVDA,2026-10-06T00:29:09.099978+00:00,238.9,0.0401800012588501,0.0022226971865062345,0.3859572768879324
NVDA261106C00265000,2026-10-05 19:59:39+00:00,265.0,1.08,1.09,1.17,0.22000003,25.5814,1071.0,2767.0,0.28833719482421866,False,REGULAR,USD,Call,2026-11-06,NVDA,2026-10-06T00:29:09.099978+00:00,238.9,0.0401800012588501,0.0022226971865062345,0.3859572768879324
NVDA261106C00270000,2026-10-05 19:53:00+00:00,270.0,0.7,0.68,0.75,0.13999999,24.999996,834.0,563.0,0.28943581665039053,False,REGULAR,USD,Call,2026-11-06,NVDA,2026-10-06T00:29:09.099978+00:00,238.9,0.0401800012588501,0.0022226971865062345,0.3859572768879324
NVDA261106C00275000,2026-10-05 19:45:00+00:00,275.0,0.5,0.43,0.49,0.120000005,31.578947,105.0,359.0,0.2929758203124999,False,REGULAR,USD,Call,2026-11-06,NVDA,2026-10-06T00:29:09.099978+00:00,238.9,0.0401800012588501,0.0022226971865062345,0.3859572768879324
NVDA261106C00280000,2026-10-05 19:47:37+00:00,280.0,0.32,0.28,0.32,0.060000002,23.076923,177.0,349.0,0.29688203124999996,False,REGULAR,USD,Call,2026-11-06,NVDA,2026-10-06T00:29:09.099978+00:00,238.9,0.0401800012588501,0.0022226971865062345,0.3859572768879324
NVDA261106C00285000,2026-10-05 19:32:27+00:00,285.0,0.21,0.18,0.22,0.00999999,4.999995,163.0,718.0,0.30371790039062496,False,REGULAR,USD,Call,2026-11-06,NVDA,2026-10-06T00:29:09.099978+00:00,238.9,0.0401800012588501,0.0022226971865062345,0.3859572768879324
NVDA261106C00290000,2026-10-05 19:39:08+00:00,290.0,0.14,0.12,0.16,-0.049999997,-26.315786,99.0,1759.0,0.31250687499999996,False,REGULAR,USD,Call,2026-11-06,NVDA,2026-10-06T00:29:09.099978+00:00,238.9,0.0401800012588501,0.0022226971865062345,0.3859572768879324
NVDA261106C00295000,2026-10-05 19:34:08+00:00,295.0,0.12,0.09,0.12,0.029999994,33.333324,189.0,165.0,0.32227240234374993,False,REGULAR,USD,Call,2026-11-06,NVDA,2026-10-06T00:29:09.099978+00:00,238.9,0.0401800012588501,0.0022226971865062345,0.3859572768879324
NVDA261106C00300000,2026-10-05 19:10:29+00:00,300.0,0.1,0.06,0.1,0.020000003,25.000004,172.0,260.0,0.335944140625,False,REGULAR,USD,Call,2026-11-06,NVDA,2026-10-06T00:29:09.099978+00:00,238.9,0.0401800012588501,0.0022226971865062345,0.3859572768879324
NVDA261106C00305000,2026-10-02 13:30:02+00:00,305.0,0.05,0.04,0.08,-0.06,-54.545456,6.0,5.0,0.34668622070312494,False,REGULAR,USD,Call,2026-11-06,NVDA,2026-10-06T00:29:09.099978+00:00,238.9,0.0401800012588501,0.0022226971865062345,0.3859572768879324
NVDA261106C00310000,2026-10-05 17:07:14+00:00,310.0,0.07,0.02,0.07,-0.030000001,-30.0,1.0,3.0,0.36035795898437495,False,REGULAR,USD,Call,2026-11-06,NVDA,2026-10-06T00:29:09.099978+00:00,238.9,0.0401800012588501,0.0022226971865062345,0.3859572768879324
NVDA261106C00340000,2026-10-02 19:23:37+00:00,340.0,0.03,0.0,0.04,0.0,0.0,3.0,3.0,0.4414118359375,False,REGULAR,USD,Call,2026-11-06,NVDA,2026-10-06T00:29:09.099978+00:00,238.9,0.0401800012588501,0.0022226971865062345,0.3859572768879324
NVDA261106C00345000,2026-10-01 14:57:17+00:00,345.0,0.01,0.0,0.04,0.0,0.0,,5.0,0.45703667968750006,False,REGULAR,USD,Call,2026-11-06,NVDA,2026-10-06T00:29:09.099978+00:00,238.9,0.0401800012588501,0.0022226971865062345,0.3859572768879324
NVDA261106C00360000,2026-10-05 15:41:40+00:00,360.0,0.03,0.0,0.04,0.01,50.0,90.0,27.0,0.5039112109375,False,REGULAR,USD,Call,2026-11-06,NVDA,2026-10-06T00:29:09.099978+00:00,238.9,0.0401800012588501,0.0022226971865062345,0.3859572768879324
NVDA261106C00390000,2026-09-28 15:00:54+00:00,390.0,0.06,0.0,0.01,0.0,0.0,,9.0,0.500005,False,REGULAR,USD,Call,2026-11-06,NVDA,2026-10-06T00:29:09.099978+00:00,238.9,0.0401800012588501,0.0022226971865062345,0.3859572768879324
NVDA261106P00050000,2026-09-29 16:39:18+00:00,50.0,0.06,0.0,0.03,0.0,0.0,,5.0,1.71875140625,False,REGULAR,USD,Put,2026-11-06,NVDA,2026-10-06T00:29:09.099978+00:00,238.9,0.0401800012588501,0.0022226971865062345,0.3859572768879324
NVDA261106P00070000,2026-10-02 19:28:49+00:00,70.0,0.05,0.0,0.04,0.0,0.0,2.0,1.0,1.3828155859374998,False,REGULAR,USD,Put,2026-11-06,NVDA,2026-10-06T00:29:09.099978+00:00,238.9,0.0401800012588501,0.0022226971865062345,0.3859572768879324
NVDA261106P00075000,2026-09-25 16:57:10+00:00,75.0,0.06,0.0,0.04,0.0,0.0,5.0,5.0,1.3125034374999998,False,REGULAR,USD,Put,2026-11-06,NVDA,2026-10-06T00:29:09.099978+00:00,238.9,0.0401800012588501,0.0022226971865062345,0.3859572768879324
NVDA261106P00090000,2026-09-29 19:54:40+00:00,90.0,0.06,0.0,0.05,0.0,0.0,,1.0,1.1328168359375002,False,REGULAR,USD,Put,2026-11-06,NVDA,2026-10-06T00:29:09.099978+00:00,238.9,0.0401800012588501,0.0022226971865062345,0.3859572768879324
NVDA261106P00095000,2026-10-01 15:30:09+00:00,95.0,0.01,0.01,0.05,0.0,0.0,,8.0,1.08984830078125,False,REGULAR,USD,Put,2026-11-06,NVDA,2026-10-06T00:29:09.099978+00:00,238.9,0.0401800012588501,0.0022226971865062345,0.3859572768879324
NVDA261106P00100000,2026-10-05 14:30:26+00:00,100.0,0.1,0.01,0.04,0.09,900.0002,1.0,6.0,1.015629921875,False,REGULAR,USD,Put,2026-11-06,NVDA,2026-10-06T00:29:09.099978+00:00,238.9,0.0401800012588501,0.0022226971865062345,0.3859572768879324
NVDA261106P00105000,2026-09-30 14:29:21+00:00,105.0,0.09,0.01,0.06,0.0,0.0,,11.0,0.992187578125,False,REGULAR,USD,Put,2026-11-06,NVDA,2026-10-06T00:29:09.099978+00:00,238.9,0.0401800012588501,0.0022226971865062345,0.3859572768879324
NVDA261106P00120000,2026-10-02 17:46:37+00:00,120.0,0.04,0.02,0.07,0.0,0.0,14.0,15.0,0.85937640625,False,REGULAR,USD,Put,2026-11-06,NVDA,2026-10-06T00:29:09.099978+00:00,238.9,0.0401800012588501,0.0022226971865062345,0.3859572768879324
NVDA261106P00125000,2026-09-30 13:33:39+00:00,125.0,0.09,0.03,0.07,0.0,0.0,1.0,18.0,0.8203142968749999,False,REGULAR,USD,Put,2026-11-06,NVDA,2026-10-06T00:29:09.099978+00:00,238.9,0.0401800012588501,0.0022226971865062345,0.3859572768879324
NVDA261106P00130000,2026-10-05 19:24:54+00:00,130.0,0.05,0.04,0.08,-0.009999998,-16.666662,2.0,16.0,0.789064609375,False,REGULAR,USD,Put,2026-11-06,NVDA,2026-10-06T00:29:09.099978+00:00,238.9,0.0401800012588501,0.0022226971865062345,0.3859572768879324
NVDA261106P00135000,2026-09-28 19:02:11+00:00,135.0,0.1,0.04,0.09,0.0,0.0,,1.0,0.75195560546875,False,REGULAR,USD,Put,2026-11-06,NVDA,2026-10-06T00:29:09.099978+00:00,238.9,0.0401800012588501,0.0022226971865062345,0.3859572768879324
NVDA261106P00140000,2026-09-25 16:53:58+00:00,140.0,0.17,0.05,0.1,0.0,0.0,2.0,2.0,0.7187528125,False,REGULAR,USD,Put,2026-11-06,NVDA,2026-10-06T00:29:09.099978+00:00,238.9,0.0401800012588501,0.0022226971865062345,0.3859572768879324
NVDA261106P00145000,2026-10-02 14:52:15+00:00,145.0,0.09,0.07,0.11,0.0,0.0,3.0,5.0,0.6894562304687502,False,REGULAR,USD,Put,2026-11-06,NVDA,2026-10-06T00:29:09.099978+00:00,238.9,0.0401800012588501,0.0022226971865062345,0.3859572768879324
NVDA261106P00150000,2026-10-01 19:55:50+00:00,150.0,0.17,0.08,0.12,0.0,0.0,10.0,36.0,0.6552768847656252,False,REGULAR,USD,Put,2026-11-06,NVDA,2026-10-06T00:29:09.099978+00:00,238.9,0.0401800012588501,0.0022226971865062345,0.3859572768879324
NVDA261106P00155000,2026-10-05 17:13:57+00:00,155.0,0.11,0.1,0.13,-0.019999996,-15.384612,3.0,89.0,0.624027197265625,False,REGULAR,USD,Put,2026-11-06,NVDA,2026-10-06T00:29:09.099978+00:00,238.9,0.0401800012588501,0.0022226971865062345,0.3859572768879324
NVDA261106P00160000,2026-10-05 19:58:45+00:00,160.0,0.14,0.12,0.16,-0.060000002,-30.0,11.0,56.0,0.5976602734375001,False,REGULAR,USD,Put,2026-11-06,NVDA,2026-10-06T00:29:09.099978+00:00,238.9,0.0401800012588501,0.0022226971865062345,0.3859572768879324
NVDA261106P00165000,2026-10-05 18:11:50+00:00,165.0,0.17,0.14,0.19,-0.030000001,-15.0,30.0,104.0,0.569340244140625,False,REGULAR,USD,Put,2026-11-06,NVDA,2026-10-06T00:29:09.099978+00:00,238.9,0.0401800012588501,0.0022226971865062345,0.3859572768879324
NVDA261106P00170000,2026-10-05 19:53:04+00:00,170.0,0.2,0.18,0.22,-0.03999999,-16.666662,33.0,143.0,0.5429733203125001,False,REGULAR,USD,Put,2026-11-06,NVDA,2026-10-06T00:29:09.099978+00:00,238.9,0.0401800012588501,0.0022226971865062345,0.3859572768879324
NVDA261106P00175000,2026-10-05 16:35:55+00:00,175.0,0.24,0.21,0.26,-0.049999997,-17.241379,24.0,694.0,0.514653291015625,False,REGULAR,USD,Put,2026-11-06,NVDA,2026-10-06T00:29:09.099978+00:00,238.9,0.0401800012588501,0.0022226971865062345,0.3859572768879324
NVDA261106P00180000,2026-10-05 19:37:04+00:00,180.0,0.27,0.25,0.3,-0.06999999,-20.588232,52.0,199.0,0.49268085449218757,False,REGULAR,USD,Put,2026-11-06,NVDA,2026-10-06T00:29:09.099978+00:00,238.9,0.0401800012588501,0.0022226971865062345,0.3859572768879324
NVDA261106P00185000,2026-10-05 19:24:02+00:00,185.0,0.32,0.31,0.36,-0.06999999,-17.948715,36.0,234.0,0.46582565429687506,False,REGULAR,USD,Put,2026-11-06,NVDA,2026-10-06T00:29:09.099978+00:00,238.9,0.0401800012588501,0.0022226971865062345,0.3859572768879324
NVDA261106P00190000,2026-10-05 19:15:24+00:00,190.0,0.41,0.39,0.43,-0.119999975,-22.641506,136.0,503.0,0.4382380395507813,False,REGULAR,USD,Put,2026-11-06,NVDA,2026-10-06T00:29:09.099978+00:00,238.9,0.0401800012588501,0.0022226971865062345,0.3859572768879324
NVDA261106P00195000,2026-10-05 19:58:21+00:00,195.0,0.5,0.49,0.52,-0.18,-26.470589,174.0,2173.0,0.41138283935546877,False,REGULAR,USD,Put,2026-11-06,NVDA,2026-10-06T00:29:09.099978+00:00,238.9,0.0401800012588501,0.0022226971865062345,0.3859572768879324
NVDA261106P00200000,2026-10-05 19:48:51+00:00,200.0,0.63,0.62,0.66,-0.26,-29.213484,636.0,3183.0,0.38794557373046873,False,REGULAR,USD,Put,2026-11-06,NVDA,2026-10-06T00:29:09.099978+00:00,238.9,0.0401800012588501,0.0022226971865062345,0.3859572768879324
NVDA261106P00205000,2026-10-05 19:53:26+00:00,205.0,0.82,0.78,0.85,-0.37000006,-31.092442,462.0,3378.0,0.3654848608398438,False,REGULAR,USD,Put,2026-11-06,NVDA,2026-10-06T00:29:09.099978+00:00,238.9,0.0401800012588501,0.0022226971865062345,0.3859572768879324
NVDA261106P00210000,2026-10-05 19:59:28+00:00,210.0,1.11,1.07,1.14,-0.52,-31.90184,1679.0,1562.0,0.3460758752441406,False,REGULAR,USD,Put,2026-11-06,NVDA,2026-10-06T00:29:09.099978+00:00,238.9,0.0401800012588501,0.0022226971865062345,0.3859572768879324
NVDA261106P00215000,2026-10-05 19:59:28+00:00,215.0,1.53,1.48,1.56,-0.74,-32.59912,1050.0,1029.0,0.3284979260253906,False,REGULAR,USD,Put,2026-11-06,NVDA,2026-10-06T00:29:09.099978+00:00,238.9,0.0401800012588501,0.0022226971865062345,0.3859572768879324
NVDA261106P00220000,2026-10-05 19:57:46+00:00,220.0,2.21,2.14,2.19,-1.0899999,-33.0303,1065.0,1259.0,0.3138496350097656,False,REGULAR,USD,Put,2026-11-06,NVDA,2026-10-06T00:29:09.099978+00:00,238.9,0.0401800012588501,0.0022226971865062345,0.3859572768879324
NVDA261106P00225000,2026-10-05 19:58:32+00:00,225.0,3.15,2.98,3.1,-1.4699998,-31.81818,684.0,1923.0,0.30152065673828127,False,REGULAR,USD,Put,2026-11-06,NVDA,2026-10-06T00:29:09.099978+00:00,238.9,0.0401800012588501,0.0022226971865062345,0.3859572768879324
NVDA261106P00230000,2026-10-05 19:58:28+00:00,230.0,4.45,4.25,4.4,-1.9100003,-30.03145,1069.0,1762.0,0.2919992675781249,False,REGULAR,USD,Put,2026-11-06,NVDA,2026-10-06T00:29:09.099978+00:00,238.9,0.0401800012588501,0.0022226971865062345,0.3859572768879324
NVDA261106P00235000,2026-10-05 19:58:32+00:00,235.0,6.1,6.0,6.1,-2.5499997,-29.479767,2390.0,857.0,0.2822947747802734,False,REGULAR,USD,Put,2026-11-06,NVDA,2026-10-06T00:29:09.099978+00:00,238.9,0.0401800012588501,0.0022226971865062345,0.3859572768879324
NVDA261106P00240000,2026-10-05 19:57:11+00:00,240.0,8.4,8.1,8.3,-2.8000002,-25.000004,714.0,260.0,0.27368890380859373,True,REGULAR,USD,Put,2026-11-06,NVDA,2026-10-06T00:29:09.099978+00:00,238.9,0.0401800012588501,0.0022226971865062345,0.3859572768879324
NVDA261106P00245000,2026-10-05 19:55:40+00:00,245.0,11.11,10.75,11.25,-3.0500002,-21.53955,100.0,27.0,0.2739330419921875,True,REGULAR,USD,Put,2026-11-06,NVDA,2026-10-06T00:29:09.099978+00:00,238.9,0.0401800012588501,0.0022226971865062345,0.3859572768879324
NVDA261106P00250000,2026-10-05 14:02:16+00:00,250.0,16.0,13.75,14.6,-1.5,-8.571428,1.0,37.0,0.27136959106445313,True,REGULAR,USD,Put,2026-11-06,NVDA,2026-10-06T00:29:09.099978+00:00,238.9,0.0401800012588501,0.0022226971865062345,0.3859572768879324
NVDA261106P00255000,2026-10-05 19:15:42+00:00,255.0,17.48,17.5,18.4,-2.92,-14.313725,16.0,54.0,0.26978269287109374,True,REGULAR,USD,Put,2026-11-06,NVDA,2026-10-06T00:29:09.099978+00:00,238.9,0.0401800012588501,0.0022226971865062345,0.3859572768879324
NVDA261106P00260000,2026-10-05 19:29:33+00:00,260.0,21.52,20.05,22.95,-4.279999,-16.589144,2.0,11.0,0.29114478393554677,True,REGULAR,USD,Put,2026-11-06,NVDA,2026-10-06T00:29:09.099978+00:00,238.9,0.0401800012588501,0.0022226971865062345,0.3859572768879324
NVDA261106P00265000,2026-09-30 14:47:34+00:00,265.0,35.0,23.95,27.55,0.0,0.0,,2.0,0.3073799731445312,True,REGULAR,USD,Put,2026-11-06,NVDA,2026-10-06T00:29:09.099978+00:00,238.9,0.0401800012588501,0.0022226971865062345,0.3859572768879324
NVDA261106P00270000,2026-10-05 19:14:05+00:00,270.0,30.56,28.95,31.6,-9.690001,-24.074535,1.0,1.0,0.26416751464843746,True,REGULAR,USD,Put,2026-11-06,NVDA,2026-10-06T00:29:09.099978+00:00,238.9,0.0401800012588501,0.0022226971865062345,0.3859572768879324
NVDA261106P00280000,2026-10-01 19:50:27+00:00,280.0,48.0,38.4,45.75,0.0,0.0,,10.0,0.599735447998047,True,REGULAR,USD,Put,2026-11-06,NVDA,2026-10-06T00:29:09.099978+00:00,238.9,0.0401800012588501,0.0022226971865062345,0.3859572768879324
NVDA261113C00125000,2026-10-02 16:03:50+00:00,125.0,111.59,110.6,119.0,0.0,0.0,5.0,5.0,1.105961501464844,True,REGULAR,USD,Call,2026-11-13,NVDA,2026-10-06T00:29:09.099978+00:00,238.9,0.0401800012588501,0.0022226971865062345,0.3859572768879324
NVDA261113C00150000,2026-10-02 15:12:40+00:00,150.0,86.97,85.8,94.2,0.0,0.0,1.0,1.0,0.8637708935546875,True,REGULAR,USD,Call,2026-11-13,NVDA,2026-10-06T00:29:09.099978+00:00,238.9,0.0401800012588501,0.0022226971865062345,0.3859572768879324
NVDA261113C00165000,2026-10-02 16:13:48+00:00,165.0,72.65,70.95,79.35,0.0,0.0,4.0,4.0,0.7326686889648437,True,REGULAR,USD,Call,2026-11-13,NVDA,2026-10-06T00:29:09.099978+00:00,238.9,0.0401800012588501,0.0022226971865062345,0.3859572768879324
NVDA261113C00170000,2026-10-02 18:53:36+00:00,170.0,65.79,66.7,74.4,0.0,0.0,1.0,2.0,0.7290066162109375,True,REGULAR,USD,Call,2026-11-13,NVDA,2026-10-06T00:29:09.099978+00:00,238.9,0.0401800012588501,0.0022226971865062345,0.3859572768879324
NVDA261113C00180000,2026-10-05 17:26:10+00:00,180.0,59.3,56.65,63.7,0.45000076,0.7646572,2.0,3.0,0.5918009570312501,True,REGULAR,USD,Call,2026-11-13,NVDA,2026-10-06T00:29:09.099978+00:00,238.9,0.0401800012588501,0.0022226971865062345,0.3859572768879324
NVDA261113C00185000,2026-10-02 15:07:21+00:00,185.0,51.54,52.15,59.7,0.0,0.0,3.0,3.0,0.6140175317382813,True,REGULAR,USD,Call,2026-11-13,NVDA,2026-10-06T00:29:09.099978+00:00,238.9,0.0401800012588501,0.0022226971865062345,0.3859572768879324
NVDA261113C00190000,2026-10-02 19:35:00+00:00,190.0,48.3,46.45,52.35,2.7000008,5.9210544,1.0,7.0,0.6638217211914064,True,REGULAR,USD,Call,2026-11-13,NVDA,2026-10-06T00:29:09.099978+00:00,238.9,0.0401800012588501,0.0022226971865062345,0.3859572768879324
NVDA261113C00200000,2026-10-05 19:39:04+00:00,200.0,41.75,39.75,42.25,5.6500015,15.650973,8.0,38.0,0.5506636730957033,True,REGULAR,USD,Call,2026-11-13,NVDA,2026-10-06T00:29:09.099978+00:00,238.9,0.0401800012588501,0.0022226971865062345,0.3859572768879324
NVDA261113C00205000,2026-10-02 16:43:14+00:00,205.0,35.99,34.9,38.55,3.1200027,9.491946,2.0,1.0,0.5645185150146486,True,REGULAR,USD,Call,2026-11-13,NVDA,2026-10-06T00:29:09.099978+00:00,238.9,0.0401800012588501,0.0022226971865062345,0.3859572768879324
NVDA261113C00210000,2026-10-05 19:22:21+00:00,210.0,31.97,30.6,32.55,4.75,17.450405,26.0,17.0,0.4600273724365235,True,REGULAR,USD,Call,2026-11-13,NVDA,2026-10-06T00:29:09.099978+00:00,238.9,0.0401800012588501,0.0022226971865062345,0.3859572768879324
NVDA261113C00215000,2026-10-05 18:24:02+00:00,215.0,26.25,26.25,27.7,3.4699993,15.232657,190.0,23.0,0.41296973754882804,True,REGULAR,USD,Call,2026-11-13,NVDA,2026-10-06T00:29:09.099978+00:00,238.9,0.0401800012588501,0.0022226971865062345,0.3859572768879324
NVDA261113C00220000,2026-10-05 19:27:18+00:00,220.0,23.3,22.1,24.35,4.0099983,20.787962,203.0,26.0,0.4259700958251954,True,REGULAR,USD,Call,2026-11-13,NVDA,2026-10-06T00:29:09.099978+00:00,238.9,0.0401800012588501,0.0022226971865062345,0.3859572768879324
NVDA261113C00225000,2026-10-05 19:36:54+00:00,225.0,19.56,18.3,19.05,3.789999,24.032967,67.0,41.0,0.3537662280273437,True,REGULAR,USD,Call,2026-11-13,NVDA,2026-10-06T00:29:09.099978+00:00,238.9,0.0401800012588501,0.0022226971865062345,0.3859572768879324
NVDA261113C00230000,2026-10-05 19:59:09+00:00,230.0,15.0,14.6,15.5,2.8000002,22.950823,1405.0,259.0,0.34204759521484374,True,REGULAR,USD,Call,2026-11-13,NVDA,2026-10-06T00:29:09.099978+00:00,238.9,0.0401800012588501,0.0022226971865062345,0.3859572768879324
NVDA261113C00235000,2026-10-05 19:57:01+00:00,235.0,11.75,11.45,12.25,2.1599998,22.52346,769.0,425.0,0.32959654785156245,True,REGULAR,USD,Call,2026-11-13,NVDA,2026-10-06T00:29:09.099978+00:00,238.9,0.0401800012588501,0.0022226971865062345,0.3859572768879324
NVDA261113C00240000,2026-10-05 19:58:14+00:00,240.0,9.0,8.95,9.75,1.8499999,25.874123,1323.0,1459.0,0.3296575823974609,False,REGULAR,USD,Call,2026-11-13,NVDA,2026-10-06T00:29:09.099978+00:00,238.9,0.0401800012588501,0.0022226971865062345,0.3859572768879324
NVDA261113C00245000,2026-10-05 19:58:28+00:00,245.0,6.65,6.65,7.2,1.3499999,25.471695,1555.0,1204.0,0.3156196368408203,False,REGULAR,USD,Call,2026-11-13,NVDA,2026-10-06T00:29:09.099978+00:00,238.9,0.0401800012588501,0.0022226971865062345,0.3859572768879324
NVDA261113C00250000,2026-10-05 19:58:26+00:00,250.0,4.76,4.85,5.05,0.98000026,25.925932,1448.0,855.0,0.3011544494628906,False,REGULAR,USD,Call,2026-11-13,NVDA,2026-10-06T00:29:09.099978+00:00,238.9,0.0401800012588501,0.0022226971865062345,0.3859572768879324
NVDA261113C00255000,2026-10-05 19:58:32+00:00,255.0,3.41,3.4,3.55,0.69000006,25.36765,903.0,311.0,0.2954782366943359,False,REGULAR,USD,Call,2026-11-13,NVDA,2026-10-06T00:29:09.099978+00:00,238.9,0.0401800012588501,0.0022226971865062345,0.3859572768879324
NVDA261113C00260000,2026-10-05 19:57:24+00:00,260.0,2.34,2.34,2.45,0.4899999,26.48648,1132.0,978.0,0.2921213366699218,False,REGULAR,USD,Call,2026-11-13,NVDA,2026-10-06T00:29:09.099978+00:00,238.9,0.0401800012588501,0.0022226971865062345,0.3859572768879324
NVDA261113C00265000,2026-10-05 19:41:39+00:00,265.0,1.59,1.56,1.66,0.34000003,27.200003,453.0,548.0,0.29016823120117186,False,REGULAR,USD,Call,2026-11-13,NVDA,2026-10-06T00:29:09.099978+00:00,238.9,0.0401800012588501,0.0022226971865062345,0.3859572768879324
NVDA261113C00270000,2026-10-05 19:57:17+00:00,270.0,1.04,1.03,1.1,0.18999994,22.352934,468.0,585.0,0.28882547119140617,False,REGULAR,USD,Call,2026-11-13,NVDA,2026-10-06T00:29:09.099978+00:00,238.9,0.0401800012588501,0.0022226971865062345,0.3859572768879324
NVDA261113C00275000,2026-10-05 19:29:41+00:00,275.0,0.77,0.67,0.73,0.13,20.3125,848.0,52.0,0.2893137475585937,False,REGULAR,USD,Call,2026-11-13,NVDA,2026-10-06T00:29:09.099978+00:00,238.9,0.0401800012588501,0.0022226971865062345,0.3859572768879324
NVDA261113C00280000,2026-10-05 19:48:20+00:00,280.0,0.51,0.44,0.5,0.109999985,27.499994,413.0,122.0,0.29273168212890616,False,REGULAR,USD,Call,2026-11-13,NVDA,2026-10-06T00:29:09.099978+00:00,238.9,0.0401800012588501,0.0022226971865062345,0.3859572768879324
NVDA261113C00285000,2026-10-05 19:38:33+00:00,285.0,0.36,0.29,0.35,0.060000002,20.0,38.0,74.0,0.29761444580078117,False,REGULAR,USD,Call,2026-11-13,NVDA,2026-10-06T00:29:09.099978+00:00,238.9,0.0401800012588501,0.0022226971865062345,0.3859572768879324
NVDA261113C00290000,2026-10-05 19:53:22+00:00,290.0,0.24,0.19,0.25,0.030000001,14.285715,100.0,76.0,0.30322962402343745,False,REGULAR,USD,Call,2026-11-13,NVDA,2026-10-06T00:29:09.099978+00:00,238.9,0.0401800012588501,0.0022226971865062345,0.3859572768879324
NVDA261113C00295000,2026-10-05 19:24:42+00:00,295.0,0.19,0.14,0.17,-0.060000002,-24.0,29.0,1.0,0.30664755859375,False,REGULAR,USD,Call,2026-11-13,NVDA,2026-10-06T00:29:09.099978+00:00,238.9,0.0401800012588501,0.0022226971865062345,0.3859572768879324
NVDA261113C00300000,2026-10-05 18:57:35+00:00,300.0,0.12,0.09,0.13,-0.030000009,-20.000006,76.0,68.0,0.3149482568359374,False,REGULAR,USD,Call,2026-11-13,NVDA,2026-10-06T00:29:09.099978+00:00,238.9,0.0401800012588501,0.0022226971865062345,0.3859572768879324
NVDA261113C00305000,2026-10-02 13:33:47+00:00,305.0,0.15,0.06,0.11,0.0,0.0,1.0,1.0,0.327155166015625,False,REGULAR,USD,Call,2026-11-13,NVDA,2026-10-06T00:29:09.099978+00:00,238.9,0.0401800012588501,0.0022226971865062345,0.3859572768879324
NVDA261113C00310000,2026-10-05 17:34:41+00:00,310.0,0.07,0.04,0.09,0.0,0.0,1.0,9.0,0.336920693359375,False,REGULAR,USD,Call,2026-11-13,NVDA,2026-10-06T00:29:09.099978+00:00,238.9,0.0401800012588501,0.0022226971865062345,0.3859572768879324
NVDA261113C00315000,2026-10-02 19:00:06+00:00,315.0,0.12,0.03,0.08,0.0,0.0,3.0,3.0,0.34961587890624996,False,REGULAR,USD,Call,2026-11-13,NVDA,2026-10-06T00:29:09.099978+00:00,238.9,0.0401800012588501,0.0022226971865062345,0.3859572768879324
NVDA261113C00320000,2026-10-02 19:00:14+00:00,320.0,0.07,0.02,0.07,0.0,0.0,3.0,1.0,0.36133451171875,False,REGULAR,USD,Call,2026-11-13,NVDA,2026-10-06T00:29:09.099978+00:00,238.9,0.0401800012588501,0.0022226971865062345,0.3859572768879324
NVDA261113C00325000,2026-10-02 19:02:17+00:00,325.0,0.04,0.01,0.05,0.0,0.0,6.0,6.0,0.3632876171875,False,REGULAR,USD,Call,2026-11-13,NVDA,2026-10-06T00:29:09.099978+00:00,238.9,0.0401800012588501,0.0022226971865062345,0.3859572768879324
NVDA261113C00335000,2026-10-02 16:47:59+00:00,335.0,0.04,0.01,0.05,0.0,0.0,2.0,,0.39453730468750003,False,REGULAR,USD,Call,2026-11-13,NVDA,2026-10-06T00:29:09.099978+00:00,238.9,0.0401800012588501,0.0022226971865062345,0.3859572768879324
NVDA261113C00340000,2026-10-05 19:12:08+00:00,340.0,0.03,0.01,0.05,-0.07,-70.0,25.0,2.0,0.4101621484375,False,REGULAR,USD,Call,2026-11-13,NVDA,2026-10-06T00:29:09.099978+00:00,238.9,0.0401800012588501,0.0022226971865062345,0.3859572768879324
NVDA261113C00345000,2026-10-05 16:53:49+00:00,345.0,0.03,0.0,0.04,-0.08,-72.72727,12.0,4.0,0.414068359375,False,REGULAR,USD,Call,2026-11-13,NVDA,2026-10-06T00:29:09.099978+00:00,238.9,0.0401800012588501,0.0022226971865062345,0.3859572768879324
NVDA261113C00350000,2026-10-05 16:32:58+00:00,350.0,0.31,0.0,0.04,0.26,519.9999,10.0,2.0,0.42969320312500003,False,REGULAR,USD,Call,2026-11-13,NVDA,2026-10-06T00:29:09.099978+00:00,238.9,0.0401800012588501,0.0022226971865062345,0.3859572768879324
NVDA261113C00360000,2026-10-02 16:48:43+00:00,360.0,0.08,0.0,0.04,0.0,0.0,2.0,2.0,0.45703667968750006,False,REGULAR,USD,Call,2026-11-13,NVDA,2026-10-06T00:29:09.099978+00:00,238.9,0.0401800012588501,0.0022226971865062345,0.3859572768879324
NVDA261113P00125000,2026-10-05 19:43:02+00:00,125.0,0.05,0.04,0.06,-0.040000003,-44.444447,1.0,2.0,0.74414318359375,False,REGULAR,USD,Put,2026-11-13,NVDA,2026-10-06T00:29:09.099978+00:00,238.9,0.0401800012588501,0.0022226971865062345,0.3859572768879324
NVDA261113P00145000,2026-10-05 18:39:53+00:00,145.0,0.12,0.08,0.14,-0.030000009,-20.000006,1.0,2.0,0.64062859375,False,REGULAR,USD,Put,2026-11-13,NVDA,2026-10-06T00:29:09.099978+00:00,238.9,0.0401800012588501,0.0022226971865062345,0.3859572768879324
NVDA261113P00150000,2026-10-05 14:49:54+00:00,150.0,0.07,0.1,0.15,-0.049999997,-41.666664,1.0,4.0,0.6103554589843752,False,REGULAR,USD,Put,2026-11-13,NVDA,2026-10-06T00:29:09.099978+00:00,238.9,0.0401800012588501,0.0022226971865062345,0.3859572768879324
NVDA261113P00155000,2026-10-02 17:15:24+00:00,155.0,0.19,0.13,0.18,0.0,0.0,1.0,1.0,0.58789474609375,False,REGULAR,USD,Put,2026-11-13,NVDA,2026-10-06T00:29:09.099978+00:00,238.9,0.0401800012588501,0.0022226971865062345,0.3859572768879324
NVDA261113P00160000,2026-10-05 18:36:12+00:00,160.0,0.18,0.15,0.21,0.010000005,5.8823557,1.0,40.0,0.56055126953125,False,REGULAR,USD,Put,2026-11-13,NVDA,2026-10-06T00:29:09.099978+00:00,238.9,0.0401800012588501,0.0022226971865062345,0.3859572768879324
NVDA261113P00165000,2026-10-05 17:44:17+00:00,165.0,0.22,0.18,0.24,-0.019999996,-8.333331,6.0,79.0,0.53320779296875,False,REGULAR,USD,Put,2026-11-13,NVDA,2026-10-06T00:29:09.099978+00:00,238.9,0.0401800012588501,0.0022226971865062345,0.3859572768879324
NVDA261113P00170000,2026-10-05 18:38:51+00:00,170.0,0.24,0.22,0.28,-0.049999997,-17.241379,46.0,806.0,0.508793974609375,False,REGULAR,USD,Put,2026-11-13,NVDA,2026-10-06T00:29:09.099978+00:00,238.9,0.0401800012588501,0.0022226971865062345,0.3859572768879324
NVDA261113P00175000,2026-10-05 19:34:38+00:00,175.0,0.32,0.28,0.31,-0.030000001,-8.571428,70.0,37.0,0.48682153808593753,False,REGULAR,USD,Put,2026-11-13,NVDA,2026-10-06T00:29:09.099978+00:00,238.9,0.0401800012588501,0.0022226971865062345,0.3859572768879324
NVDA261113P00180000,2026-10-05 19:37:09+00:00,180.0,0.34,0.32,0.38,-0.09,-20.930233,10.0,34.0,0.4643608251953125,False,REGULAR,USD,Put,2026-11-13,NVDA,2026-10-06T00:29:09.099978+00:00,238.9,0.0401800012588501,0.0022226971865062345,0.3859572768879324
NVDA261113P00185000,2026-10-05 19:47:19+00:00,185.0,0.42,0.39,0.45,-0.109999985,-20.754715,124.0,16.0,0.43897045410156255,False,REGULAR,USD,Put,2026-11-13,NVDA,2026-10-06T00:29:09.099978+00:00,238.9,0.0401800012588501,0.0022226971865062345,0.3859572768879324
NVDA261113P00190000,2026-10-05 19:06:14+00:00,190.0,0.52,0.49,0.54,-0.14000005,-21.212128,75.0,38.0,0.4145566357421875,False,REGULAR,USD,Put,2026-11-13,NVDA,2026-10-06T00:29:09.099978+00:00,238.9,0.0401800012588501,0.0022226971865062345,0.3859572768879324
NVDA261113P00195000,2026-10-05 19:21:34+00:00,195.0,0.63,0.61,0.67,-0.23000002,-26.744188,83.0,48.0,0.39258419921875,False,REGULAR,USD,Put,2026-11-13,NVDA,2026-10-06T00:29:09.099978+00:00,238.9,0.0401800012588501,0.0022226971865062345,0.3859572768879324
NVDA261113P00200000,2026-10-05 19:52:56+00:00,200.0,0.82,0.79,0.85,-0.28000003,-25.454548,194.0,160.0,0.372076591796875,False,REGULAR,USD,Put,2026-11-13,NVDA,2026-10-06T00:29:09.099978+00:00,238.9,0.0401800012588501,0.0022226971865062345,0.3859572768879324
NVDA261113P00205000,2026-10-05 19:57:39+00:00,205.0,1.06,1.02,1.1,-0.48000002,-31.168833,115.0,154.0,0.3532779516601562,False,REGULAR,USD,Put,2026-11-13,NVDA,2026-10-06T00:29:09.099978+00:00,238.9,0.0401800012588501,0.0022226971865062345,0.3859572768879324
NVDA261113P00210000,2026-10-05 19:40:39+00:00,210.0,1.41,1.37,1.47,-0.66999996,-32.211536,320.0,340.0,0.3371648315429688,False,REGULAR,USD,Put,2026-11-13,NVDA,2026-10-06T00:29:09.099978+00:00,238.9,0.0401800012588501,0.0022226971865062345,0.3859572768879324
NVDA261113P00215000,2026-10-05 19:56:40+00:00,215.0,1.97,1.89,1.99,-0.88999987,-31.118877,291.0,200.0,0.3225165405273437,False,REGULAR,USD,Put,2026-11-13,NVDA,2026-10-06T00:29:09.099978+00:00,238.9,0.0401800012588501,0.0022226971865062345,0.3859572768879324
NVDA261113P00220000,2026-10-05 19:57:39+00:00,220.0,2.71,2.66,2.73,-1.22,-31.043257,332.0,245.0,0.31024859680175776,False,REGULAR,USD,Put,2026-11-13,NVDA,2026-10-06T00:29:09.099978+00:00,238.9,0.0401800012588501,0.0022226971865062345,0.3859572768879324
NVDA261113P00225000,2026-10-05 19:58:44+00:00,225.0,3.7,3.6,3.75,-1.4999998,-28.84615,729.0,247.0,0.2995065167236328,False,REGULAR,USD,Put,2026-11-13,NVDA,2026-10-06T00:29:09.099978+00:00,238.9,0.0401800012588501,0.0022226971865062345,0.3859572768879324
NVDA261113P00230000,2026-10-05 19:59:25+00:00,230.0,5.1,4.95,5.15,-2.0500002,-28.67133,3560.0,207.0,0.29132788757324213,False,REGULAR,USD,Put,2026-11-13,NVDA,2026-10-06T00:29:09.099978+00:00,238.9,0.0401800012588501,0.0022226971865062345,0.3859572768879324
NVDA261113P00235000,2026-10-05 19:59:28+00:00,235.0,6.95,6.7,6.9,-2.4000006,-25.668455,2347.0,326.0,0.2820506365966796,False,REGULAR,USD,Put,2026-11-13,NVDA,2026-10-06T00:29:09.099978+00:00,238.9,0.0401800012588501,0.0022226971865062345,0.3859572768879324
NVDA261113P00240000,2026-10-05 19:57:57+00:00,240.0,9.17,8.9,9.1,-2.9300003,-24.214878,181.0,169.0,0.2735668347167969,True,REGULAR,USD,Put,2026-11-13,NVDA,2026-10-06T00:29:09.099978+00:00,238.9,0.0401800012588501,0.0022226971865062345,0.3859572768879324
NVDA261113P00245000,2026-10-05 19:20:33+00:00,245.0,11.55,10.35,11.95,-3.7799997,-24.657532,15.0,136.0,0.27136959106445313,True,REGULAR,USD,Put,2026-11-13,NVDA,2026-10-06T00:29:09.099978+00:00,238.9,0.0401800012588501,0.0022226971865062345,0.3859572768879324
NVDA261113P00250000,2026-10-05 19:41:40+00:00,250.0,14.65,14.55,15.45,-4.300001,-22.691298,16.0,33.0,0.2765575274658203,True,REGULAR,USD,Put,2026-11-13,NVDA,2026-10-06T00:29:09.099978+00:00,238.9,0.0401800012588501,0.0022226971865062345,0.3859572768879324
NVDA261113P00265000,2026-10-02 15:36:02+00:00,265.0,30.58,24.65,28.65,0.0,0.0,4.0,0.0,0.3358220715332031,True,REGULAR,USD,Put,2026-11-13,NVDA,2026-10-06T00:29:09.099978+00:00,238.9,0.0401800012588501,0.0022226971865062345,0.3859572768879324
NVDA261120C00005000,2026-10-02 19:57:51+00:00,5.0,229.37,229.1,237.65,0.0,0.0,38.0,42.0,10.953128154296877,True,REGULAR,USD,Call,2026-11-20,NVDA,2026-10-06T00:29:09.099978+00:00,238.9,0.0401800012588501,0.0022226971865062345,0.3859572768879324
NVDA261120C00020000,2026-09-22 17:41:44+00:00,20.0,209.05,214.2,223.4,0.0,0.0,,1.0,5.410647767944334,True,REGULAR,USD,Call,2026-11-20,NVDA,2026-10-06T00:29:09.099978+00:00,238.9,0.0401800012588501,0.0022226971865062345,0.3859572768879324
NVDA261120C00050000,2026-09-02 17:54:31+00:00,50.0,175.65,184.35,193.6,0.0,0.0,1.0,31.0,1.65625171875,True,REGULAR,USD,Call,2026-11-20,NVDA,2026-10-06T00:29:09.099978+00:00,238.9,0.0401800012588501,0.0022226971865062345,0.3859572768879324
NVDA261120C00055000,2026-09-18 19:23:35+00:00,55.0,165.2,179.4,187.9,0.0,0.0,9.0,10.0,2.9545924572753903,True,REGULAR,USD,Call,2026-11-20,NVDA,2026-10-06T00:29:09.099978+00:00,238.9,0.0401800012588501,0.0022226971865062345,0.3859572768879324
NVDA261120C00060000,2026-07-17 19:18:07+00:00,60.0,143.45,145.05,153.0,0.0,0.0,1.0,48.0,1.0000000000000003e-05,True,REGULAR,USD,Call,2026-11-20,NVDA,2026-10-06T00:29:09.099978+00:00,238.9,0.0401800012588501,0.0022226971865062345,0.3859572768879324
NVDA261120C00065000,2026-09-21 19:32:39+00:00,65.0,162.97,169.4,177.95,0.0,0.0,10.0,50.0,2.637942858276367,True,REGULAR,USD,Call,2026-11-20,NVDA,2026-10-06T00:29:09.099978+00:00,238.9,0.0401800012588501,0.0022226971865062345,0.3859572768879324
NVDA261120C00070000,2026-09-16 19:40:07+00:00,70.0,144.42,164.45,173.0,0.0,0.0,1.0,33.0,2.5039099902343747,True,REGULAR,USD,Call,2026-11-20,NVDA,2026-10-06T00:29:09.099978+00:00,238.9,0.0401800012588501,0.0022226971865062345,0.3859572768879324
NVDA261120C00075000,2026-10-05 18:36:36+00:00,75.0,163.84,160.7,167.65,24.300003,17.414364,6.0,17.0,1.443362158203125,True,REGULAR,USD,Call,2026-11-20,NVDA,2026-10-06T00:29:09.099978+00:00,238.9,0.0401800012588501,0.0022226971865062345,0.3859572768879324
NVDA261120C00080000,2026-09-11 19:21:08+00:00,80.0,140.33,155.4,163.1,0.0,0.0,1.0,43.0,1.4130888720703125,True,REGULAR,USD,Call,2026-11-20,NVDA,2026-10-06T00:29:09.099978+00:00,238.9,0.0401800012588501,0.0022226971865062345,0.3859572768879324
NVDA261120C00085000,2026-09-25 18:26:05+00:00,85.0,140.48,150.45,158.05,0.0,0.0,3.0,46.0,1.3398470507812497,True,REGULAR,USD,Call,2026-11-20,NVDA,2026-10-06T00:29:09.099978+00:00,238.9,0.0401800012588501,0.0022226971865062345,0.3859572768879324
NVDA261120C00090000,2026-09-18 19:59:17+00:00,90.0,132.65,145.0,153.85,0.0,0.0,11.0,80.0,1.3486360693359374,True,REGULAR,USD,Call,2026-11-20,NVDA,2026-10-06T00:29:09.099978+00:00,238.9,0.0401800012588501,0.0022226971865062345,0.3859572768879324
NVDA261120C00095000,2026-09-30 14:01:45+00:00,95.0,138.0,140.5,148.2,0.0,0.0,1.0,53.0,1.2490271923828122,True,REGULAR,USD,Call,2026-11-20,NVDA,2026-10-06T00:29:09.099978+00:00,238.9,0.0401800012588501,0.0022226971865062345,0.3859572768879324
NVDA261120C00100000,2026-10-05 18:36:36+00:00,100.0,138.83,136.05,142.65,1.7299957,1.2618495,8.0,295.0,1.1850626684570313,True,REGULAR,USD,Call,2026-11-20,NVDA,2026-10-06T00:29:09.099978+00:00,238.9,0.0401800012588501,0.0022226971865062345,0.3859572768879324
NVDA261120C00105000,2026-10-05 16:21:03+00:00,105.0,133.2,130.9,137.9,11.799995,9.71993,3.0,242.0,1.142582412109375,True,REGULAR,USD,Call,2026-11-20,NVDA,2026-10-06T00:29:09.099978+00:00,238.9,0.0401800012588501,0.0022226971865062345,0.3859572768879324
NVDA261120C00110000,2026-09-30 13:45:32+00:00,110.0,121.51,125.65,131.8,0.0,0.0,1.0,231.0,1.522707464599609,True,REGULAR,USD,Call,2026-11-20,NVDA,2026-10-06T00:29:09.099978+00:00,238.9,0.0401800012588501,0.0022226971865062345,0.3859572768879324
NVDA261120C00115000,2026-10-02 14:41:10+00:00,115.0,121.85,120.65,126.9,0.0,0.0,6.0,340.0,1.4592312194824215,True,REGULAR,USD,Call,2026-11-20,NVDA,2026-10-06T00:29:09.099978+00:00,238.9,0.0401800012588501,0.0022226971865062345,0.3859572768879324
NVDA261120C00120000,2026-10-05 15:33:25+00:00,120.0,118.08,115.7,122.2,0.010002136,0.008471361,1.0,372.0,0.7226590234375,True,REGULAR,USD,Call,2026-11-20,NVDA,2026-10-06T00:29:09.099978+00:00,238.9,0.0401800012588501,0.0022226971865062345,0.3859572768879324
NVDA261120C00125000,2026-10-05 18:59:55+00:00,125.0,114.7,110.95,116.95,8.189995,7.689414,41.0,326.0,0.6835969140625001,True,REGULAR,USD,Call,2026-11-20,NVDA,2026-10-06T00:29:09.099978+00:00,238.9,0.0401800012588501,0.0022226971865062345,0.3859572768879324
NVDA261120C00130000,2026-10-02 19:04:51+00:00,130.0,105.43,105.8,113.4,0.0,0.0,10.0,400.0,0.9213875048828125,True,REGULAR,USD,Call,2026-11-20,NVDA,2026-10-06T00:29:09.099978+00:00,238.9,0.0401800012588501,0.0022226971865062345,0.3859572768879324
NVDA261120C00135000,2026-10-05 18:15:25+00:00,135.0,104.2,100.85,107.0,8.549995,8.938834,3.0,438.0,0.5664105859375,True,REGULAR,USD,Call,2026-11-20,NVDA,2026-10-06T00:29:09.099978+00:00,238.9,0.0401800012588501,0.0022226971865062345,0.3859572768879324
NVDA261120C00140000,2026-10-05 19:17:26+00:00,140.0,99.76,96.8,102.5,4.310005,4.5154586,12.0,1559.0,0.8322770678710936,True,REGULAR,USD,Call,2026-11-20,NVDA,2026-10-06T00:29:09.099978+00:00,238.9,0.0401800012588501,0.0022226971865062345,0.3859572768879324
NVDA261120C00145000,2026-10-05 14:11:52+00:00,145.0,93.3,92.65,98.6,7.3199997,8.513607,2.0,371.0,0.928711650390625,True,REGULAR,USD,Call,2026-11-20,NVDA,2026-10-06T00:29:09.099978+00:00,238.9,0.0401800012588501,0.0022226971865062345,0.3859572768879324
NVDA261120C00150000,2026-10-05 18:58:59+00:00,150.0,90.78,88.75,91.4,3.2799988,3.74857,16.0,999.0,0.8059101440429688,True,REGULAR,USD,Call,2026-11-20,NVDA,2026-10-06T00:29:09.099978+00:00,238.9,0.0401800012588501,0.0022226971865062345,0.3859572768879324
NVDA261120C00155000,2026-10-05 18:59:33+00:00,155.0,85.27,81.7,88.1,3.1699982,3.8611429,7.0,1925.0,0.7334011035156249,True,REGULAR,USD,Call,2026-11-20,NVDA,2026-10-06T00:29:09.099978+00:00,238.9,0.0401800012588501,0.0022226971865062345,0.3859572768879324
NVDA261120C00160000,2026-10-05 19:17:49+00:00,160.0,80.96,76.8,83.75,3.7600021,4.870469,9.0,1241.0,0.7358424853515625,True,REGULAR,USD,Call,2026-11-20,NVDA,2026-10-06T00:29:09.099978+00:00,238.9,0.0401800012588501,0.0022226971865062345,0.3859572768879324
NVDA261120C00165000,2026-10-05 18:53:38+00:00,165.0,75.35,72.55,78.65,4.5899963,6.48671,24.0,1746.0,0.7236355761718749,True,REGULAR,USD,Call,2026-11-20,NVDA,2026-10-06T00:29:09.099978+00:00,238.9,0.0401800012588501,0.0022226971865062345,0.3859572768879324
NVDA261120C00170000,2026-10-05 19:23:19+00:00,170.0,71.0,69.35,71.7,3.5,5.185185,20.0,1968.0,0.6689486230468751,True,REGULAR,USD,Call,2026-11-20,NVDA,2026-10-06T00:29:09.099978+00:00,238.9,0.0401800012588501,0.0022226971865062345,0.3859572768879324
NVDA261120C00175000,2026-10-05 19:10:41+00:00,175.0,66.11,64.85,65.55,3.9700012,6.3888016,6.0,2331.0,0.5908244042968751,True,REGULAR,USD,Call,2026-11-20,NVDA,2026-10-06T00:29:09.099978+00:00,238.9,0.0401800012588501,0.0022226971865062345,0.3859572768879324
NVDA261120C00180000,2026-10-05 19:36:38+00:00,180.0,61.5,60.05,61.6,5.4399986,9.703886,127.0,7174.0,0.6032754516601564,True,REGULAR,USD,Call,2026-11-20,NVDA,2026-10-06T00:29:09.099978+00:00,238.9,0.0401800012588501,0.0022226971865062345,0.3859572768879324
NVDA261120C00185000,2026-10-05 19:28:53+00:00,185.0,56.3,54.1,56.2,4.6800003,9.066255,27.0,3496.0,0.500005,True,REGULAR,USD,Call,2026-11-20,NVDA,2026-10-06T00:29:09.099978+00:00,238.9,0.0401800012588501,0.0022226971865062345,0.3859572768879324
NVDA261120C00190000,2026-10-05 19:53:02+00:00,190.0,51.0,50.2,52.0,4.1800003,8.92781,134.0,3714.0,0.5323533093261719,True,REGULAR,USD,Call,2026-11-20,NVDA,2026-10-06T00:29:09.099978+00:00,238.9,0.0401800012588501,0.0022226971865062345,0.3859572768879324
NVDA261120C00195000,2026-10-05 18:58:55+00:00,195.0,46.6,45.7,47.5,4.799999,11.483253,76.0,3929.0,0.5181932946777343,True,REGULAR,USD,Call,2026-11-20,NVDA,2026-10-06T00:29:09.099978+00:00,238.9,0.0401800012588501,0.0022226971865062345,0.3859572768879324
NVDA261120C00200000,2026-10-05 19:56:35+00:00,200.0,41.16,40.75,42.7,3.9500008,10.615428,286.0,25234.0,0.5302781347656251,True,REGULAR,USD,Call,2026-11-20,NVDA,2026-10-06T00:29:09.099978+00:00,238.9,0.0401800012588501,0.0022226971865062345,0.3859572768879324
NVDA261120C00205000,2026-10-05 19:56:13+00:00,205.0,36.97,36.55,38.0,4.3199997,13.231239,129.0,5882.0,0.49451189086914066,True,REGULAR,USD,Call,2026-11-20,NVDA,2026-10-06T00:29:09.099978+00:00,238.9,0.0401800012588501,0.0022226971865062345,0.3859572768879324
NVDA261120C00210000,2026-10-05 19:59:38+00:00,210.0,32.35,32.2,33.35,3.7999992,13.30998,1187.0,76210.0,0.4591118542480469,True,REGULAR,USD,Call,2026-11-20,NVDA,2026-10-06T00:29:09.099978+00:00,238.9,0.0401800012588501,0.0022226971865062345,0.3859572768879324
NVDA261120C00215000,2026-10-05 19:54:14+00:00,215.0,28.41,28.0,28.6,3.67,14.834276,250.0,12007.0,0.41736422485351554,True,REGULAR,USD,Call,2026-11-20,NVDA,2026-10-06T00:29:09.099978+00:00,238.9,0.0401800012588501,0.0022226971865062345,0.3859572768879324
NVDA261120C00220000,2026-10-05 19:58:59+00:00,220.0,24.36,24.15,25.15,3.4099998,16.27685,1364.0,18828.0,0.42127043579101564,True,REGULAR,USD,Call,2026-11-20,NVDA,2026-10-06T00:29:09.099978+00:00,238.9,0.0401800012588501,0.0022226971865062345,0.3859572768879324
NVDA261120C00225000,2026-10-05 19:58:53+00:00,225.0,20.7,20.6,21.25,2.7000008,15.000004,2040.0,16337.0,0.40064075927734377,True,REGULAR,USD,Call,2026-11-20,NVDA,2026-10-06T00:29:09.099978+00:00,238.9,0.0401800012588501,0.0022226971865062345,0.3859572768879324
NVDA261120C00230000,2026-10-05 19:59:49+00:00,230.0,17.5,17.25,17.95,2.8999996,19.86301,3338.0,60258.0,0.3924010955810546,True,REGULAR,USD,Call,2026-11-20,NVDA,2026-10-06T00:29:09.099978+00:00,238.9,0.0401800012588501,0.0022226971865062345,0.3859572768879324
NVDA261120C00235000,2026-10-05 19:58:08+00:00,235.0,14.25,14.25,14.6,2.33,19.54698,4132.0,18687.0,0.3743348699951171,True,REGULAR,USD,Call,2026-11-20,NVDA,2026-10-06T00:29:09.099978+00:00,238.9,0.0401800012588501,0.0022226971865062345,0.3859572768879324
NVDA261120C00240000,2026-10-05 19:59:52+00:00,240.0,11.6,11.6,11.8,2.0500002,21.46597,10180.0,35607.0,0.36414210083007814,False,REGULAR,USD,Call,2026-11-20,NVDA,2026-10-06T00:29:09.099978+00:00,238.9,0.0401800012588501,0.0022226971865062345,0.3859572768879324
NVDA261120C00245000,2026-10-05 19:58:59+00:00,245.0,9.19,9.25,9.4,1.6399994,21.721846,7338.0,102991.0,0.3565127825927734,False,REGULAR,USD,Call,2026-11-20,NVDA,2026-10-06T00:29:09.099978+00:00,238.9,0.0401800012588501,0.0022226971865062345,0.3859572768879324
NVDA261120C00250000,2026-10-05 19:59:53+00:00,250.0,7.2,7.25,7.4,1.3199997,22.448975,15969.0,42164.0,0.3512638116455078,False,REGULAR,USD,Call,2026-11-20,NVDA,2026-10-06T00:29:09.099978+00:00,238.9,0.0401800012588501,0.0022226971865062345,0.3859572768879324
NVDA261120C00255000,2026-10-05 19:59:14+00:00,255.0,5.5,5.6,5.7,0.98,21.681416,3758.0,14881.0,0.34577070251464836,False,REGULAR,USD,Call,2026-11-20,NVDA,2026-10-06T00:29:09.099978+00:00,238.9,0.0401800012588501,0.0022226971865062345,0.3859572768879324
NVDA261120C00260000,2026-10-05 19:59:56+00:00,260.0,4.3,4.25,4.35,0.9200001,27.218937,7954.0,28061.0,0.3423527679443359,False,REGULAR,USD,Call,2026-11-20,NVDA,2026-10-06T00:29:09.099978+00:00,238.9,0.0401800012588501,0.0022226971865062345,0.3859572768879324
NVDA261120C00265000,2026-10-05 19:59:11+00:00,265.0,3.2,3.2,3.3,0.6500001,25.4902,3206.0,14693.0,0.3407048352050781,False,REGULAR,USD,Call,2026-11-20,NVDA,2026-10-06T00:29:09.099978+00:00,238.9,0.0401800012588501,0.0022226971865062345,0.3859572768879324
NVDA261120C00270000,2026-10-05 19:59:39+00:00,270.0,2.4,2.37,2.44,0.47000015,24.35234,5874.0,27239.0,0.33789724609375,False,REGULAR,USD,Call,2026-11-20,NVDA,2026-10-06T00:29:09.099978+00:00,238.9,0.0401800012588501,0.0022226971865062345,0.3859572768879324
NVDA261120C00275000,2026-10-05 19:59:14+00:00,275.0,1.74,1.74,1.81,0.35000002,25.17986,1660.0,34275.0,0.33728690063476563,False,REGULAR,USD,Call,2026-11-20,NVDA,2026-10-06T00:29:09.099978+00:00,238.9,0.0401800012588501,0.0022226971865062345,0.3859572768879324
NVDA261120C00280000,2026-10-05 19:59:59+00:00,280.0,1.3,1.28,1.32,0.26,25.0,1347.0,16919.0,0.3364324169921875,False,REGULAR,USD,Call,2026-11-20,NVDA,2026-10-06T00:29:09.099978+00:00,238.9,0.0401800012588501,0.0022226971865062345,0.3859572768879324
NVDA261120C00285000,2026-10-05 19:58:47+00:00,285.0,0.94,0.93,0.96,0.13999999,17.499998,470.0,5875.0,0.3364324169921875,False,REGULAR,USD,Call,2026-11-20,NVDA,2026-10-06T00:29:09.099978+00:00,238.9,0.0401800012588501,0.0022226971865062345,0.3859572768879324
NVDA261120C00290000,2026-10-05 19:57:43+00:00,290.0,0.69,0.68,0.72,0.100000024,16.949156,461.0,5171.0,0.3393620751953125,False,REGULAR,USD,Call,2026-11-20,NVDA,2026-10-06T00:29:09.099978+00:00,238.9,0.0401800012588501,0.0022226971865062345,0.3859572768879324
NVDA261120C00295000,2026-10-05 19:52:47+00:00,295.0,0.5,0.5,0.54,0.050000012,11.111114,770.0,71726.0,0.34229173339843744,False,REGULAR,USD,Call,2026-11-20,NVDA,2026-10-06T00:29:09.099978+00:00,238.9,0.0401800012588501,0.0022226971865062345,0.3859572768879324
NVDA261120C00300000,2026-10-05 19:58:47+00:00,300.0,0.39,0.37,0.41,0.029999971,8.333325,1590.0,13476.0,0.3461979443359374,False,REGULAR,USD,Call,2026-11-20,NVDA,2026-10-06T00:29:09.099978+00:00,238.9,0.0401800012588501,0.0022226971865062345,0.3859572768879324
NVDA261120C00305000,2026-10-05 19:58:47+00:00,305.0,0.29,0.28,0.31,0.0,0.0,80.0,2991.0,0.34961587890624996,False,REGULAR,USD,Call,2026-11-20,NVDA,2026-10-06T00:29:09.099978+00:00,238.9,0.0401800012588501,0.0022226971865062345,0.3859572768879324
NVDA261120C00310000,2026-10-05 19:51:31+00:00,310.0,0.23,0.21,0.25,0.0,0.0,359.0,3509.0,0.35645174804687496,False,REGULAR,USD,Call,2026-11-20,NVDA,2026-10-06T00:29:09.099978+00:00,238.9,0.0401800012588501,0.0022226971865062345,0.3859572768879324
NVDA261120C00315000,2026-10-05 17:27:28+00:00,315.0,0.19,0.17,0.19,0.0,0.0,5.0,124.0,0.36035795898437495,False,REGULAR,USD,Call,2026-11-20,NVDA,2026-10-06T00:29:09.099978+00:00,238.9,0.0401800012588501,0.0022226971865062345,0.3859572768879324
NVDA261120C00320000,2026-10-05 19:55:27+00:00,320.0,0.13,0.13,0.16,-0.010000005,-7.1428604,74.0,2332.0,0.36865865722656255,False,REGULAR,USD,Call,2026-11-20,NVDA,2026-10-06T00:29:09.099978+00:00,238.9,0.0401800012588501,0.0022226971865062345,0.3859572768879324
NVDA261120C00325000,2026-10-05 19:43:38+00:00,325.0,0.13,0.1,0.13,0.009999998,8.333331,60.0,94.0,0.37500625,False,REGULAR,USD,Call,2026-11-20,NVDA,2026-10-06T00:29:09.099978+00:00,238.9,0.0401800012588501,0.0022226971865062345,0.3859572768879324
NVDA261120C00330000,2026-10-05 19:13:40+00:00,330.0,0.1,0.1,0.11,-0.009999998,-9.090907,39.0,2259.0,0.38233039550781245,False,REGULAR,USD,Call,2026-11-20,NVDA,2026-10-06T00:29:09.099978+00:00,238.9,0.0401800012588501,0.0022226971865062345,0.3859572768879324
NVDA261120C00335000,2026-10-05 14:37:49+00:00,335.0,0.09,0.07,0.09,-0.009999998,-9.999997,20.0,67.0,0.387701435546875,False,REGULAR,USD,Call,2026-11-20,NVDA,2026-10-06T00:29:09.099978+00:00,238.9,0.0401800012588501,0.0022226971865062345,0.3859572768879324
NVDA261120C00340000,2026-10-05 17:26:37+00:00,340.0,0.08,0.05,0.08,0.0,0.0,13.0,1710.0,0.397466962890625,False,REGULAR,USD,Call,2026-11-20,NVDA,2026-10-06T00:29:09.099978+00:00,238.9,0.0401800012588501,0.0022226971865062345,0.3859572768879324
NVDA261120C00345000,2026-09-29 14:55:02+00:00,345.0,0.07,0.04,0.07,0.0,0.0,,6.0,0.405279384765625,False,REGULAR,USD,Call,2026-11-20,NVDA,2026-10-06T00:29:09.099978+00:00,238.9,0.0401800012588501,0.0022226971865062345,0.3859572768879324
NVDA261120C00350000,2026-10-05 19:41:53+00:00,350.0,0.06,0.04,0.06,-0.010000002,-14.285716,29.0,1341.0,0.41211525390625,False,REGULAR,USD,Call,2026-11-20,NVDA,2026-10-06T00:29:09.099978+00:00,238.9,0.0401800012588501,0.0022226971865062345,0.3859572768879324
NVDA261120C00355000,2026-10-02 19:01:09+00:00,355.0,0.05,0.03,0.06,0.0,0.0,5.0,19.0,0.42578699218750005,False,REGULAR,USD,Call,2026-11-20,NVDA,2026-10-06T00:29:09.099978+00:00,238.9,0.0401800012588501,0.0022226971865062345,0.3859572768879324
NVDA261120C00360000,2026-10-05 18:54:30+00:00,360.0,0.04,0.02,0.04,-0.02,-33.333336,1401.0,2709.0,0.41992767578125,False,REGULAR,USD,Call,2026-11-20,NVDA,2026-10-06T00:29:09.099978+00:00,238.9,0.0401800012588501,0.0022226971865062345,0.3859572768879324
NVDA261120C00365000,2026-10-05 17:05:59+00:00,365.0,0.04,0.02,0.05,-0.010000002,-20.000002,14.0,113.0,0.44336494140625,False,REGULAR,USD,Call,2026-11-20,NVDA,2026-10-06T00:29:09.099978+00:00,238.9,0.0401800012588501,0.0022226971865062345,0.3859572768879324
NVDA261120C00370000,2026-10-05 19:18:49+00:00,370.0,0.04,0.02,0.05,0.01,33.333336,151.0,2029.0,0.45508357421875,False,REGULAR,USD,Call,2026-11-20,NVDA,2026-10-06T00:29:09.099978+00:00,238.9,0.0401800012588501,0.0022226971865062345,0.3859572768879324
NVDA261120C00375000,2026-09-28 15:05:56+00:00,375.0,0.05,0.01,0.04,0.0,0.0,2.0,147.0,0.45703667968750006,False,REGULAR,USD,Call,2026-11-20,NVDA,2026-10-06T00:29:09.099978+00:00,238.9,0.0401800012588501,0.0022226971865062345,0.3859572768879324
NVDA261120C00380000,2026-09-25 19:48:46+00:00,380.0,0.02,0.01,0.04,0.0,0.0,3.0,1667.0,0.4687553125,False,REGULAR,USD,Call,2026-11-20,NVDA,2026-10-06T00:29:09.099978+00:00,238.9,0.0401800012588501,0.0022226971865062345,0.3859572768879324
NVDA261120C00385000,2026-09-29 14:07:44+00:00,385.0,0.03,0.01,0.04,0.0,0.0,,2.0,0.4804739453125,False,REGULAR,USD,Call,2026-11-20,NVDA,2026-10-06T00:29:09.099978+00:00,238.9,0.0401800012588501,0.0022226971865062345,0.3859572768879324
NVDA261120C00390000,2026-10-05 19:14:27+00:00,390.0,0.03,0.01,0.04,0.0,0.0,3.0,530.0,0.49219257812500006,False,REGULAR,USD,Call,2026-11-20,NVDA,2026-10-06T00:29:09.099978+00:00,238.9,0.0401800012588501,0.0022226971865062345,0.3859572768879324
NVDA261120C00395000,2026-09-30 18:47:51+00:00,395.0,0.03,0.01,0.04,0.0,0.0,2.0,3.0,0.5039112109375,False,REGULAR,USD,Call,2026-11-20,NVDA,2026-10-06T00:29:09.099978+00:00,238.9,0.0401800012588501,0.0022226971865062345,0.3859572768879324
NVDA261120C00400000,2026-10-05 14:26:03+00:00,400.0,0.02,0.01,0.02,0.0,0.0,10.0,12144.0,0.48438015625,False,REGULAR,USD,Call,2026-11-20,NVDA,2026-10-06T00:29:09.099978+00:00,238.9,0.0401800012588501,0.0022226971865062345,0.3859572768879324
NVDA261120C00405000,2026-10-05 18:16:22+00:00,405.0,0.03,0.0,0.04,0.0,0.0,25.0,75.0,0.52539537109375,False,REGULAR,USD,Call,2026-11-20,NVDA,2026-10-06T00:29:09.099978+00:00,238.9,0.0401800012588501,0.0022226971865062345,0.3859572768879324
NVDA261120C00410000,2026-09-30 19:08:54+00:00,410.0,0.01,0.0,0.03,0.0,0.0,1.0,1274.0,0.523442265625,False,REGULAR,USD,Call,2026-11-20,NVDA,2026-10-06T00:29:09.099978+00:00,238.9,0.0401800012588501,0.0022226971865062345,0.3859572768879324
NVDA261120C00415000,2026-09-18 17:12:40+00:00,415.0,0.01,0.0,0.03,0.0,0.0,20.0,20.0,0.500005,False,REGULAR,USD,Call,2026-11-20,NVDA,2026-10-06T00:29:09.099978+00:00,238.9,0.0401800012588501,0.0022226971865062345,0.3859572768879324
NVDA261120C00420000,2026-10-01 18:47:13+00:00,420.0,0.02,0.0,0.03,0.0,0.0,2.0,607.0,0.5117236328125,False,REGULAR,USD,Call,2026-11-20,NVDA,2026-10-06T00:29:09.099978+00:00,238.9,0.0401800012588501,0.0022226971865062345,0.3859572768879324
NVDA261120C00425000,2026-09-30 15:25:56+00:00,425.0,0.02,0.0,0.03,0.0,0.0,1.0,25.0,0.523442265625,False,REGULAR,USD,Call,2026-11-20,NVDA,2026-10-06T00:29:09.099978+00:00,238.9,0.0401800012588501,0.0022226971865062345,0.3859572768879324
NVDA261120C00430000,2026-09-28 19:03:45+00:00,430.0,0.02,0.0,0.02,0.0,0.0,28.0,398.0,0.51562984375,False,REGULAR,USD,Call,2026-11-20,NVDA,2026-10-06T00:29:09.099978+00:00,238.9,0.0401800012588501,0.0022226971865062345,0.3859572768879324
NVDA261120C00440000,2026-10-02 15:13:48+00:00,440.0,0.01,0.0,0.02,0.0,0.0,87.0,847.0,0.5312546875,False,REGULAR,USD,Call,2026-11-20,NVDA,2026-10-06T00:29:09.099978+00:00,238.9,0.0401800012588501,0.0022226971865062345,0.3859572768879324
NVDA261120C00450000,2026-10-05 16:42:39+00:00,450.0,0.02,0.0,0.03,0.0,0.0,3.0,536.0,0.570316796875,False,REGULAR,USD,Call,2026-11-20,NVDA,2026-10-06T00:29:09.099978+00:00,238.9,0.0401800012588501,0.0022226971865062345,0.3859572768879324
NVDA261120C00455000,2026-10-05 18:53:46+00:00,455.0,0.01,0.0,0.01,0.0,0.0,377.0,3297.0,0.5312546875,False,REGULAR,USD,Call,2026-11-20,NVDA,2026-10-06T00:29:09.099978+00:00,238.9,0.0401800012588501,0.0022226971865062345,0.3859572768879324
NVDA261120C00460000,2026-10-02 14:24:21+00:00,460.0,0.01,0.0,0.01,0.0,0.0,2.0,6894.0,0.5312546875,False,REGULAR,USD,Call,2026-11-20,NVDA,2026-10-06T00:29:09.099978+00:00,238.9,0.0401800012588501,0.0022226971865062345,0.3859572768879324
NVDA261120P00010000,2026-09-30 15:12:44+00:00,10.0,0.01,0.0,0.01,0.0,0.0,,10.0,2.68750328125,False,REGULAR,USD,Put,2026-11-20,NVDA,2026-10-06T00:29:09.099978+00:00,238.9,0.0401800012588501,0.0022226971865062345,0.3859572768879324
NVDA261120P00045000,2026-09-25 15:02:20+00:00,45.0,0.02,0.0,0.03,0.0,0.0,10.0,10.0,1.5156274218749999,False,REGULAR,USD,Put,2026-11-20,NVDA,2026-10-06T00:29:09.099978+00:00,238.9,0.0401800012588501,0.0022226971865062345,0.3859572768879324
NVDA261120P00050000,2026-09-28 15:37:13+00:00,50.0,0.02,0.0,0.03,0.0,0.0,2.0,4049.0,1.421877890625,False,REGULAR,USD,Put,2026-11-20,NVDA,2026-10-06T00:29:09.099978+00:00,238.9,0.0401800012588501,0.0022226971865062345,0.3859572768879324
NVDA261120P00055000,2026-10-01 15:21:38+00:00,55.0,0.02,0.0,0.03,0.0,0.0,1.0,379.0,1.3437532812499997,False,REGULAR,USD,Put,2026-11-20,NVDA,2026-10-06T00:29:09.099978+00:00,238.9,0.0401800012588501,0.0022226971865062345,0.3859572768879324
NVDA261120P00060000,2026-10-05 14:49:31+00:00,60.0,0.01,0.0,0.03,-0.01,-50.0,3.0,302.0,1.2656286718749998,False,REGULAR,USD,Put,2026-11-20,NVDA,2026-10-06T00:29:09.099978+00:00,238.9,0.0401800012588501,0.0022226971865062345,0.3859572768879324
NVDA261120P00065000,2026-09-21 19:50:01+00:00,65.0,0.02,0.01,0.03,0.0,0.0,6.0,135.0,1.21875390625,False,REGULAR,USD,Put,2026-11-20,NVDA,2026-10-06T00:29:09.099978+00:00,238.9,0.0401800012588501,0.0022226971865062345,0.3859572768879324
NVDA261120P00070000,2026-09-28 19:49:42+00:00,70.0,0.02,0.01,0.03,0.0,0.0,7.0,363.0,1.15625421875,False,REGULAR,USD,Put,2026-11-20,NVDA,2026-10-06T00:29:09.099978+00:00,238.9,0.0401800012588501,0.0022226971865062345,0.3859572768879324
NVDA261120P00075000,2026-10-05 13:49:05+00:00,75.0,0.03,0.02,0.03,0.0,0.0,20.0,334.0,1.109379453125,False,REGULAR,USD,Put,2026-11-20,NVDA,2026-10-06T00:29:09.099978+00:00,238.9,0.0401800012588501,0.0022226971865062345,0.3859572768879324
NVDA261120P00080000,2026-10-05 16:52:39+00:00,80.0,0.02,0.02,0.04,-0.02,-50.0,3.0,1320.0,1.0703171484375003,False,REGULAR,USD,Put,2026-11-20,NVDA,2026-10-06T00:29:09.099978+00:00,238.9,0.0401800012588501,0.0022226971865062345,0.3859572768879324
NVDA261120P00085000,2026-09-23 17:45:08+00:00,85.0,0.04,0.02,0.04,0.0,0.0,3.0,710.0,1.015629921875,False,REGULAR,USD,Put,2026-11-20,NVDA,2026-10-06T00:29:09.099978+00:00,238.9,0.0401800012588501,0.0022226971865062345,0.3859572768879324
NVDA261120P00090000,2026-10-01 17:35:06+00:00,90.0,0.04,0.03,0.04,0.0,0.0,7.0,448.0,0.9726565234375,False,REGULAR,USD,Put,2026-11-20,NVDA,2026-10-06T00:29:09.099978+00:00,238.9,0.0401800012588501,0.0022226971865062345,0.3859572768879324
NVDA261120P00095000,2026-10-02 17:40:16+00:00,95.0,0.04,0.02,0.05,0.0,0.0,2.0,783.0,0.92187578125,False,REGULAR,USD,Put,2026-11-20,NVDA,2026-10-06T00:29:09.099978+00:00,238.9,0.0401800012588501,0.0022226971865062345,0.3859572768879324
NVDA261120P00100000,2026-10-05 19:28:37+00:00,100.0,0.04,0.03,0.04,-0.02,-33.333336,24.0,8758.0,0.87500125,False,REGULAR,USD,Put,2026-11-20,NVDA,2026-10-06T00:29:09.099978+00:00,238.9,0.0401800012588501,0.0022226971865062345,0.3859572768879324
NVDA261120P00105000,2026-10-05 18:49:11+00:00,105.0,0.05,0.03,0.05,0.0,0.0,31.0,509.0,0.8359391406249999,False,REGULAR,USD,Put,2026-11-20,NVDA,2026-10-06T00:29:09.099978+00:00,238.9,0.0401800012588501,0.0022226971865062345,0.3859572768879324
NVDA261120P00110000,2026-10-05 19:46:35+00:00,110.0,0.06,0.04,0.07,-0.040000003,-40.000004,10.0,3772.0,0.8203142968749999,False,REGULAR,USD,Put,2026-11-20,NVDA,2026-10-06T00:29:09.099978+00:00,238.9,0.0401800012588501,0.0022226971865062345,0.3859572768879324
NVDA261120P00115000,2026-10-05 19:11:19+00:00,115.0,0.07,0.05,0.08,0.010000002,16.66667,1.0,6700.0,0.789064609375,False,REGULAR,USD,Put,2026-11-20,NVDA,2026-10-06T00:29:09.099978+00:00,238.9,0.0401800012588501,0.0022226971865062345,0.3859572768879324
NVDA261120P00120000,2026-10-05 18:13:47+00:00,120.0,0.08,0.06,0.09,-0.010000005,-11.111116,400.0,5156.0,0.7578149218750001,False,REGULAR,USD,Put,2026-11-20,NVDA,2026-10-06T00:29:09.099978+00:00,238.9,0.0401800012588501,0.0022226971865062345,0.3859572768879324
NVDA261120P00125000,2026-10-05 19:43:33+00:00,125.0,0.08,0.07,0.1,-0.020000003,-20.000002,21.0,6734.0,0.726565234375,False,REGULAR,USD,Put,2026-11-20,NVDA,2026-10-06T00:29:09.099978+00:00,238.9,0.0401800012588501,0.0022226971865062345,0.3859572768879324
NVDA261120P00130000,2026-10-05 19:02:55+00:00,130.0,0.1,0.09,0.11,-0.029999994,-23.076918,28.0,6859.0,0.6982452050781252,False,REGULAR,USD,Put,2026-11-20,NVDA,2026-10-06T00:29:09.099978+00:00,238.9,0.0401800012588501,0.0022226971865062345,0.3859572768879324
NVDA261120P00135000,2026-10-05 16:52:39+00:00,135.0,0.13,0.11,0.14,-0.02000001,-13.333339,20.0,8509.0,0.6757844921875001,False,REGULAR,USD,Put,2026-11-20,NVDA,2026-10-06T00:29:09.099978+00:00,238.9,0.0401800012588501,0.0022226971865062345,0.3859572768879324
NVDA261120P00140000,2026-10-05 19:01:05+00:00,140.0,0.16,0.14,0.17,-0.030000001,-15.789474,43.0,9496.0,0.6543003320312502,False,REGULAR,USD,Put,2026-11-20,NVDA,2026-10-06T00:29:09.099978+00:00,238.9,0.0401800012588501,0.0022226971865062345,0.3859572768879324
NVDA261120P00145000,2026-10-05 19:56:14+00:00,145.0,0.18,0.17,0.2,-0.03999999,-18.181814,208.0,8071.0,0.629886513671875,False,REGULAR,USD,Put,2026-11-20,NVDA,2026-10-06T00:29:09.099978+00:00,238.9,0.0401800012588501,0.0022226971865062345,0.3859572768879324
NVDA261120P00150000,2026-10-05 19:51:38+00:00,150.0,0.22,0.21,0.23,-0.030000001,-12.0,349.0,21531.0,0.6064492480468751,False,REGULAR,USD,Put,2026-11-20,NVDA,2026-10-06T00:29:09.099978+00:00,238.9,0.0401800012588501,0.0022226971865062345,0.3859572768879324
NVDA261120P00155000,2026-10-05 18:54:37+00:00,155.0,0.26,0.25,0.27,-0.050000012,-16.129036,413.0,10201.0,0.5820354296875,False,REGULAR,USD,Put,2026-11-20,NVDA,2026-10-06T00:29:09.099978+00:00,238.9,0.0401800012588501,0.0022226971865062345,0.3859572768879324
NVDA261120P00160000,2026-10-05 19:54:42+00:00,160.0,0.29,0.29,0.31,-0.07000002,-19.44445,138.0,21437.0,0.5556685058593751,False,REGULAR,USD,Put,2026-11-20,NVDA,2026-10-06T00:29:09.099978+00:00,238.9,0.0401800012588501,0.0022226971865062345,0.3859572768879324
NVDA261120P00165000,2026-10-05 19:59:43+00:00,165.0,0.36,0.35,0.37,-0.059999973,-14.285707,85.0,11275.0,0.5336960693359375,False,REGULAR,USD,Put,2026-11-20,NVDA,2026-10-06T00:29:09.099978+00:00,238.9,0.0401800012588501,0.0022226971865062345,0.3859572768879324
NVDA261120P00170000,2026-10-05 19:58:16+00:00,170.0,0.44,0.42,0.44,-0.060000002,-12.0,5500.0,25324.0,0.5112353564453125,False,REGULAR,USD,Put,2026-11-20,NVDA,2026-10-06T00:29:09.099978+00:00,238.9,0.0401800012588501,0.0022226971865062345,0.3859572768879324
NVDA261120P00175000,2026-10-05 19:41:18+00:00,175.0,0.51,0.5,0.53,-0.100000024,-16.393446,410.0,23495.0,0.49170430175781255,False,REGULAR,USD,Put,2026-11-20,NVDA,2026-10-06T00:29:09.099978+00:00,238.9,0.0401800012588501,0.0022226971865062345,0.3859572768879324
NVDA261120P00180000,2026-10-05 19:55:55+00:00,180.0,0.64,0.6,0.63,-0.110000014,-14.666669,2016.0,35242.0,0.46924358886718753,False,REGULAR,USD,Put,2026-11-20,NVDA,2026-10-06T00:29:09.099978+00:00,238.9,0.0401800012588501,0.0022226971865062345,0.3859572768879324
NVDA261120P00185000,2026-10-05 19:55:51+00:00,185.0,0.77,0.75,0.77,-0.15000004,-16.304352,576.0,13434.0,0.4489801196289062,False,REGULAR,USD,Put,2026-11-20,NVDA,2026-10-06T00:29:09.099978+00:00,238.9,0.0401800012588501,0.0022226971865062345,0.3859572768879324
NVDA261120P00190000,2026-10-05 19:59:52+00:00,190.0,0.96,0.93,0.95,-0.23000008,-19.327736,1541.0,30134.0,0.4299373413085938,False,REGULAR,USD,Put,2026-11-20,NVDA,2026-10-06T00:29:09.099978+00:00,238.9,0.0401800012588501,0.0022226971865062345,0.3859572768879324
NVDA261120P00195000,2026-10-05 19:59:43+00:00,195.0,1.19,1.15,1.19,-0.3499999,-22.727268,757.0,21502.0,0.41235939208984373,False,REGULAR,USD,Put,2026-11-20,NVDA,2026-10-06T00:29:09.099978+00:00,238.9,0.0401800012588501,0.0022226971865062345,0.3859572768879324
NVDA261120P00200000,2026-10-05 19:59:43+00:00,200.0,1.52,1.46,1.52,-0.47000003,-23.618092,3504.0,52592.0,0.3969786865234375,False,REGULAR,USD,Put,2026-11-20,NVDA,2026-10-06T00:29:09.099978+00:00,238.9,0.0401800012588501,0.0022226971865062345,0.3859572768879324
NVDA261120P00205000,2026-10-05 19:59:36+00:00,205.0,1.93,1.9,1.96,-0.70000017,-26.615974,1264.0,12097.0,0.3830628100585937,False,REGULAR,USD,Put,2026-11-20,NVDA,2026-10-06T00:29:09.099978+00:00,238.9,0.0401800012588501,0.0022226971865062345,0.3859572768879324
NVDA261120P00210000,2026-10-05 19:59:41+00:00,210.0,2.58,2.47,2.54,-0.83000016,-24.34018,4218.0,26669.0,0.3702455554199219,False,REGULAR,USD,Put,2026-11-20,NVDA,2026-10-06T00:29:09.099978+00:00,238.9,0.0401800012588501,0.0022226971865062345,0.3859572768879324
NVDA261120P00215000,2026-10-05 19:57:06+00:00,215.0,3.35,3.2,3.35,-1.0700002,-24.208147,4656.0,26952.0,0.36096830444335937,False,REGULAR,USD,Put,2026-11-20,NVDA,2026-10-06T00:29:09.099978+00:00,238.9,0.0401800012588501,0.0022226971865062345,0.3859572768879324
NVDA261120P00220000,2026-10-05 19:59:52+00:00,220.0,4.38,4.2,4.35,-1.3800001,-23.958336,2134.0,17494.0,0.351019673461914,False,REGULAR,USD,Put,2026-11-20,NVDA,2026-10-06T00:29:09.099978+00:00,238.9,0.0401800012588501,0.0022226971865062345,0.3859572768879324
NVDA261120P00225000,2026-10-05 19:59:52+00:00,225.0,5.66,5.45,5.65,-1.7400002,-23.513517,5767.0,10421.0,0.34314621704101556,False,REGULAR,USD,Put,2026-11-20,NVDA,2026-10-06T00:29:09.099978+00:00,238.9,0.0401800012588501,0.0022226971865062345,0.3859572768879324
NVDA261120P00230000,2026-10-05 19:59:27+00:00,230.0,7.28,7.05,7.2,-1.9999995,-21.55172,1945.0,12745.0,0.3341741387939453,False,REGULAR,USD,Put,2026-11-20,NVDA,2026-10-06T00:29:09.099978+00:00,238.9,0.0401800012588501,0.0022226971865062345,0.3859572768879324
NVDA261120P00235000,2026-10-05 19:57:49+00:00,235.0,9.25,9.0,9.1,-2.3900003,-20.532648,1835.0,4074.0,0.3262396478271484,False,REGULAR,USD,Put,2026-11-20,NVDA,2026-10-06T00:29:09.099978+00:00,238.9,0.0401800012588501,0.0022226971865062345,0.3859572768879324
NVDA261120P00240000,2026-10-05 19:59:58+00:00,240.0,11.35,11.2,11.4,-3.0,-20.905922,4675.0,2465.0,0.3198920550537109,True,REGULAR,USD,Put,2026-11-20,NVDA,2026-10-06T00:29:09.099978+00:00,238.9,0.0401800012588501,0.0022226971865062345,0.3859572768879324
NVDA261120P00245000,2026-10-05 19:42:36+00:00,245.0,14.15,13.8,14.0,-2.8999996,-17.008797,439.0,1661.0,0.3117134259033203,True,REGULAR,USD,Put,2026-11-20,NVDA,2026-10-06T00:29:09.099978+00:00,238.9,0.0401800012588501,0.0022226971865062345,0.3859572768879324
NVDA261120P00250000,2026-10-05 19:58:21+00:00,250.0,17.2,16.75,17.0,-3.039999,-15.019758,171.0,2398.0,0.30451134948730463,True,REGULAR,USD,Put,2026-11-20,NVDA,2026-10-06T00:29:09.099978+00:00,238.9,0.0401800012588501,0.0022226971865062345,0.3859572768879324
NVDA261120P00255000,2026-10-05 19:54:33+00:00,255.0,20.25,20.05,20.7,-3.6000004,-15.09434,20.0,317.0,0.3089668713378906,True,REGULAR,USD,Put,2026-11-20,NVDA,2026-10-06T00:29:09.099978+00:00,238.9,0.0401800012588501,0.0022226971865062345,0.3859572768879324
NVDA261120P00260000,2026-10-05 19:28:40+00:00,260.0,23.59,23.25,24.45,-4.41,-15.75,27.0,1297.0,0.3051827294921875,True,REGULAR,USD,Put,2026-11-20,NVDA,2026-10-06T00:29:09.099978+00:00,238.9,0.0401800012588501,0.0022226971865062345,0.3859572768879324
NVDA261120P00265000,2026-10-05 19:48:27+00:00,265.0,27.5,27.0,28.75,-4.5699997,-14.250077,37.0,764.0,0.3136054968261719,True,REGULAR,USD,Put,2026-11-20,NVDA,2026-10-06T00:29:09.099978+00:00,238.9,0.0401800012588501,0.0022226971865062345,0.3859572768879324
NVDA261120P00270000,2026-10-05 18:42:14+00:00,270.0,32.55,30.95,33.05,-3.920002,-10.748565,62.0,666.0,0.3142158422851562,True,REGULAR,USD,Put,2026-11-20,NVDA,2026-10-06T00:29:09.099978+00:00,238.9,0.0401800012588501,0.0022226971865062345,0.3859572768879324
NVDA261120P00275000,2026-10-05 19:19:11+00:00,275.0,36.23,36.0,37.2,-4.0,-9.942829,46.0,132.0,0.29444064941406245,True,REGULAR,USD,Put,2026-11-20,NVDA,2026-10-06T00:29:09.099978+00:00,238.9,0.0401800012588501,0.0022226971865062345,0.3859572768879324
NVDA261120P00280000,2026-10-05 19:19:11+00:00,280.0,40.83,39.75,42.55,-7.669998,-15.814429,4.0,50.0,0.3450993225097656,True,REGULAR,USD,Put,2026-11-20,NVDA,2026-10-06T00:29:09.099978+00:00,238.9,0.0401800012588501,0.0022226971865062345,0.3859572768879324
NVDA261120P00285000,2026-10-01 19:49:28+00:00,285.0,53.59,43.95,48.2,0.0,0.0,4.0,95.0,0.4116269775390625,True,REGULAR,USD,Put,2026-11-20,NVDA,2026-10-06T00:29:09.099978+00:00,238.9,0.0401800012588501,0.0022226971865062345,0.3859572768879324
NVDA261120P00290000,2026-10-01 19:49:28+00:00,290.0,53.62,48.85,53.75,-4.970001,-8.482678,1.0,6.0,0.46973186523437505,True,REGULAR,USD,Put,2026-11-20,NVDA,2026-10-06T00:29:09.099978+00:00,238.9,0.0401800012588501,0.0022226971865062345,0.3859572768879324
NVDA261120P00295000,2026-09-11 16:47:27+00:00,295.0,75.78,52.15,60.2,0.0,0.0,9.0,0.0,0.5695843823242188,True,REGULAR,USD,Put,2026-11-20,NVDA,2026-10-06T00:29:09.099978+00:00,238.9,0.0401800012588501,0.0022226971865062345,0.3859572768879324
NVDA261120P00300000,2026-10-05 13:38:48+00:00,300.0,62.5,59.3,63.0,-3.1299973,-4.7691565,6.0,0.0,0.47913118530273435,True,REGULAR,USD,Put,2026-11-20,NVDA,2026-10-06T00:29:09.099978+00:00,238.9,0.0401800012588501,0.0022226971865062345,0.3859572768879324
NVDA261120P00310000,2026-10-05 16:25:51+00:00,310.0,73.65,67.2,75.35,-9.459999,-11.3825035,1.0,0.0,0.6599765447998047,True,REGULAR,USD,Put,2026-11-20,NVDA,2026-10-06T00:29:09.099978+00:00,238.9,0.0401800012588501,0.0022226971865062345,0.3859572768879324
NVDA261120P00320000,2026-06-23 16:49:27+00:00,320.0,117.81,110.25,112.75,0.0,0.0,1.0,0.0,1.6200580520629884,True,REGULAR,USD,Put,2026-11-20,NVDA,2026-10-06T00:29:09.099978+00:00,238.9,0.0401800012588501,0.0022226971865062345,0.3859572768879324
NVDA261120P00330000,2026-09-02 13:30:12+00:00,330.0,110.92,86.8,95.55,0.0,0.0,25.0,0.0,0.7706321765136719,True,REGULAR,USD,Put,2026-11-20,NVDA,2026-10-06T00:29:09.099978+00:00,238.9,0.0401800012588501,0.0022226971865062345,0.3859572768879324
NVDA261120P00340000,2026-09-28 19:25:07+00:00,340.0,110.16,97.15,105.35,0.0,0.0,1.0,1.0,0.80664255859375,True,REGULAR,USD,Put,2026-11-20,NVDA,2026-10-06T00:29:09.099978+00:00,238.9,0.0401800012588501,0.0022226971865062345,0.3859572768879324
NVDA261120P00345000,2026-09-24 19:52:56+00:00,345.0,120.82,102.1,110.35,0.0,0.0,1.0,0.0,0.828981202392578,True,REGULAR,USD,Put,2026-11-20,NVDA,2026-10-06T00:29:09.099978+00:00,238.9,0.0401800012588501,0.0022226971865062345,0.3859572768879324
NVDA261120P00350000,2026-06-09 19:44:57+00:00,350.0,144.05,135.4,139.75,0.0,0.0,1.0,0.0,1.6770646029663085,True,REGULAR,USD,Put,2026-11-20,NVDA,2026-10-06T00:29:09.099978+00:00,238.9,0.0401800012588501,0.0022226971865062345,0.3859572768879324
NVDA261120P00360000,2026-08-17 17:20:47+00:00,360.0,133.95,126.65,134.75,0.0,0.0,1.0,0.0,1.1435589697265625,True,REGULAR,USD,Put,2026-11-20,NVDA,2026-10-06T00:29:09.099978+00:00,238.9,0.0401800012588501,0.0022226971865062345,0.3859572768879324
NVDA261120P00390000,2026-09-22 19:51:53+00:00,390.0,160.43,147.2,155.35,0.0,0.0,2.0,0.0,0.5800823242187501,True,REGULAR,USD,Put,2026-11-20,NVDA,2026-10-06T00:29:09.099978+00:00,238.9,0.0401800012588501,0.0022226971865062345,0.3859572768879324
NVDA261120P00400000,2026-09-18 14:43:05+00:00,400.0,181.05,157.2,165.35,0.0,0.0,4.0,0.0,0.6049844189453126,True,REGULAR,USD,Put,2026-11-20,NVDA,2026-10-06T00:29:09.099978+00:00,238.9,0.0401800012588501,0.0022226971865062345,0.3859572768879324
NVDA261120P00460000,2026-09-16 13:45:51+00:00,460.0,246.25,217.2,225.35,0.0,0.0,1.0,0.0,0.7421900781249999,True,REGULAR,USD,Put,2026-11-20,NVDA,2026-10-06T00:29:09.099978+00:00,238.9,0.0401800012588501,0.0022226971865062345,0.3859572768879324
NVDA261218C00000500,2026-10-01 18:08:22+00:00,0.5,229.83,234.0,243.0,0.0,0.0,129.0,683.0,6.656251679687501,True,REGULAR,USD,Call,2026-12-18,NVDA,2026-10-06T00:29:09.099978+00:00,238.9,0.0401800012588501,0.0022226971865062345,0.3859572768879324
NVDA261218C00001000,2026-09-09 15:05:19+00:00,1.0,222.55,233.1,242.5,0.0,0.0,1.0,31.0,0.0,True,REGULAR,USD,Call,2026-12-18,NVDA,2026-10-06T00:29:09.099978+00:00,238.9,0.0401800012588501,0.0022226971865062345,0.3859572768879324
NVDA261218C00001500,2026-08-17 14:07:14+00:00,1.5,224.23,0.0,0.0,0.0,0.0,10.0,0.0,1.0000000000000003e-05,True,REGULAR,USD,Call,2026-12-18,NVDA,2026-10-06T00:29:09.099978+00:00,238.9,0.0401800012588501,0.0022226971865062345,0.3859572768879324
NVDA261218C00002000,2026-06-05 14:39:58+00:00,2.0,210.15,0.0,0.0,0.0,0.0,40.0,0.0,1.0000000000000003e-05,True,REGULAR,USD,Call,2026-12-18,NVDA,2026-10-06T00:29:09.099978+00:00,238.9,0.0401800012588501,0.0022226971865062345,0.3859572768879324
NVDA261218C00002500,2026-07-08 15:31:40+00:00,2.5,194.38,201.95,209.95,0.0,0.0,3.0,9.0,1.0000000000000003e-05,True,REGULAR,USD,Call,2026-12-18,NVDA,2026-10-06T00:29:09.099978+00:00,238.9,0.0401800012588501,0.0022226971865062345,0.3859572768879324
NVDA261218C00003000,2026-06-03 19:18:26+00:00,3.0,214.55,0.0,0.0,0.0,0.0,750.0,0.0,1.0000000000000003e-05,True,REGULAR,USD,Call,2026-12-18,NVDA,2026-10-06T00:29:09.099978+00:00,238.9,0.0401800012588501,0.0022226971865062345,0.3859572768879324
NVDA261218C00003500,2026-06-05 19:55:50+00:00,3.5,202.59,0.0,0.0,0.0,0.0,10.0,0.0,1.0000000000000003e-05,True,REGULAR,USD,Call,2026-12-18,NVDA,2026-10-06T00:29:09.099978+00:00,238.9,0.0401800012588501,0.0022226971865062345,0.3859572768879324
NVDA261218C00004000,2026-08-13 15:05:49+00:00,4.0,220.68,0.0,0.0,0.0,0.0,1.0,0.0,1.0000000000000003e-05,True,REGULAR,USD,Call,2026-12-18,NVDA,2026-10-06T00:29:09.099978+00:00,238.9,0.0401800012588501,0.0022226971865062345,0.3859572768879324
NVDA261218C00004500,2026-06-02 16:46:26+00:00,4.5,220.5,0.0,0.0,0.0,0.0,1.0,0.0,1.0000000000000003e-05,True,REGULAR,USD,Call,2026-12-18,NVDA,2026-10-06T00:29:09.099978+00:00,238.9,0.0401800012588501,0.0022226971865062345,0.3859572768879324
NVDA261218C00005000,2026-09-18 15:34:27+00:00,5.0,214.78,229.15,238.35,0.0,0.0,1.0,1.0,10.25781608886719,True,REGULAR,USD,Call,2026-12-18,NVDA,2026-10-06T00:29:09.099978+00:00,238.9,0.0401800012588501,0.0022226971865062345,0.3859572768879324
NVDA261218C00006000,2026-06-11 17:16:10+00:00,6.0,194.54,203.2,209.9,0.0,0.0,1.0,1001.0,1.0000000000000003e-05,True,REGULAR,USD,Call,2026-12-18,NVDA,2026-10-06T00:29:09.099978+00:00,238.9,0.0401800012588501,0.0022226971865062345,0.3859572768879324
NVDA261218C00007000,2026-06-09 13:59:18+00:00,7.0,203.1,202.25,208.9,0.0,0.0,1.0,256.0,1.0000000000000003e-05,True,REGULAR,USD,Call,2026-12-18,NVDA,2026-10-06T00:29:09.099978+00:00,238.9,0.0401800012588501,0.0022226971865062345,0.3859572768879324
NVDA261218C00008000,2026-06-04 13:30:01+00:00,8.0,205.92,0.0,0.0,0.0,0.0,15.0,0.0,1.0000000000000003e-05,True,REGULAR,USD,Call,2026-12-18,NVDA,2026-10-06T00:29:09.099978+00:00,238.9,0.0401800012588501,0.0022226971865062345,0.3859572768879324
NVDA261218C00009000,2026-05-28 19:38:26+00:00,9.0,205.3,0.0,0.0,0.0,0.0,1.0,0.0,1.0000000000000003e-05,True,REGULAR,USD,Call,2026-12-18,NVDA,2026-10-06T00:29:09.099978+00:00,238.9,0.0401800012588501,0.0022226971865062345,0.3859572768879324
NVDA261218C00010000,2026-09-25 15:16:28+00:00,10.0,214.5,224.15,233.35,0.0,0.0,5.0,34.0,6.074221157226562,True,REGULAR,USD,Call,2026-12-18,NVDA,2026-10-06T00:29:09.099978+00:00,238.9,0.0401800012588501,0.0022226971865062345,0.3859572768879324
NVDA261218C00011000,2026-06-04 14:38:32+00:00,11.0,203.35,0.0,0.0,0.0,0.0,82.0,0.0,1.0000000000000003e-05,True,REGULAR,USD,Call,2026-12-18,NVDA,2026-10-06T00:29:09.099978+00:00,238.9,0.0401800012588501,0.0022226971865062345,0.3859572768879324
NVDA261218C00012000,2026-09-14 19:50:20+00:00,12.0,199.9,222.2,231.4,0.0,0.0,1.0,143.0,5.53711245361328,True,REGULAR,USD,Call,2026-12-18,NVDA,2026-10-06T00:29:09.099978+00:00,238.9,0.0401800012588501,0.0022226971865062345,0.3859572768879324
NVDA261218C00013000,2026-04-20 14:20:36+00:00,13.0,187.1,192.95,198.8,0.0,0.0,2.0,661.0,1.0000000000000003e-05,True,REGULAR,USD,Call,2026-12-18,NVDA,2026-10-06T00:29:09.099978+00:00,238.9,0.0401800012588501,0.0022226971865062345,0.3859572768879324
NVDA261218C00014000,2026-08-05 16:29:36+00:00,14.0,206.91,212.4,221.0,0.0,0.0,2.0,49.0,1.0000000000000003e-05,True,REGULAR,USD,Call,2026-12-18,NVDA,2026-10-06T00:29:09.099978+00:00,238.9,0.0401800012588501,0.0022226971865062345,0.3859572768879324
NVDA261218C00015000,2026-09-03 18:46:35+00:00,15.0,214.42,219.2,228.4,0.0,0.0,1.0,362.0,4.937015547485351,True,REGULAR,USD,Call,2026-12-18,NVDA,2026-10-06T00:29:09.099978+00:00,238.9,0.0401800012588501,0.0022226971865062345,0.3859572768879324
NVDA261218C00016000,2026-09-16 19:47:32+00:00,16.0,199.1,218.2,227.4,0.0,0.0,2.0,135.0,4.77783605895996,True,REGULAR,USD,Call,2026-12-18,NVDA,2026-10-06T00:29:09.099978+00:00,238.9,0.0401800012588501,0.0022226971865062345,0.3859572768879324
NVDA261218C00017000,2026-09-10 13:58:42+00:00,17.0,200.75,217.2,226.4,0.0,0.0,9.0,216.0,4.6333049896240235,True,REGULAR,USD,Call,2026-12-18,NVDA,2026-10-06T00:29:09.099978+00:00,238.9,0.0401800012588501,0.0022226971865062345,0.3859572768879324
NVDA261218C00018000,2026-06-26 19:44:30+00:00,18.0,176.55,186.55,194.55,0.0,0.0,1.0,264.0,1.0000000000000003e-05,True,REGULAR,USD,Call,2026-12-18,NVDA,2026-10-06T00:29:09.099978+00:00,238.9,0.0401800012588501,0.0022226971865062345,0.3859572768879324
NVDA261218C00019000,2026-09-10 16:28:45+00:00,19.0,199.0,215.25,224.4,0.0,0.0,1.0,172.0,4.378910776367187,True,REGULAR,USD,Call,2026-12-18,NVDA,2026-10-06T00:29:09.099978+00:00,238.9,0.0401800012588501,0.0022226971865062345,0.3859572768879324
NVDA261218C00020000,2026-09-21 18:31:41+00:00,20.0,207.39,214.25,223.45,0.0,0.0,1.0,12978.0,4.280766367797852,True,REGULAR,USD,Call,2026-12-18,NVDA,2026-10-06T00:29:09.099978+00:00,238.9,0.0401800012588501,0.0022226971865062345,0.3859572768879324
NVDA261218C00021000,2026-09-24 14:24:08+00:00,21.0,201.13,213.25,222.45,0.0,0.0,1.0,3788.0,4.174809468994141,True,REGULAR,USD,Call,2026-12-18,NVDA,2026-10-06T00:29:09.099978+00:00,238.9,0.0401800012588501,0.0022226971865062345,0.3859572768879324
NVDA261218C00022000,2026-06-29 14:30:39+00:00,22.0,170.89,182.6,190.6,0.0,0.0,10.0,3697.0,1.0000000000000003e-05,True,REGULAR,USD,Call,2026-12-18,NVDA,2026-10-06T00:29:09.099978+00:00,238.9,0.0401800012588501,0.0022226971865062345,0.3859572768879324
NVDA261218C00023000,2026-10-05 18:16:21+00:00,23.0,214.88,213.7,218.3,25.130005,13.243744,2.0,327.0,2.02344244140625,True,REGULAR,USD,Call,2026-12-18,NVDA,2026-10-06T00:29:09.099978+00:00,238.9,0.0401800012588501,0.0022226971865062345,0.3859572768879324
NVDA261218C00024000,2026-08-28 19:50:46+00:00,24.0,195.99,210.15,218.75,0.0,0.0,1.0,653.0,3.713379622802734,True,REGULAR,USD,Call,2026-12-18,NVDA,2026-10-06T00:29:09.099978+00:00,238.9,0.0401800012588501,0.0022226971865062345,0.3859572768879324
NVDA261218C00025000,2026-09-15 19:34:52+00:00,25.0,187.95,209.25,218.45,0.0,0.0,14.0,1251.0,3.8139653088378904,True,REGULAR,USD,Call,2026-12-18,NVDA,2026-10-06T00:29:09.099978+00:00,238.9,0.0401800012588501,0.0022226971865062345,0.3859572768879324
NVDA261218C00026000,2026-09-22 17:53:01+00:00,26.0,203.55,208.25,217.45,0.0,0.0,10.0,662.0,3.735840504150391,True,REGULAR,USD,Call,2026-12-18,NVDA,2026-10-06T00:29:09.099978+00:00,238.9,0.0401800012588501,0.0022226971865062345,0.3859572768879324
NVDA261218C00027000,2026-09-28 16:59:35+00:00,27.0,204.6,207.3,216.45,0.0,0.0,20.0,1017.0,3.6616219396972665,True,REGULAR,USD,Call,2026-12-18,NVDA,2026-10-06T00:29:09.099978+00:00,238.9,0.0401800012588501,0.0022226971865062345,0.3859572768879324
NVDA261218C00028000,2026-08-27 18:02:52+00:00,28.0,200.0,206.3,215.5,0.0,0.0,2.0,532.0,0.500005,True,REGULAR,USD,Call,2026-12-18,NVDA,2026-10-06T00:29:09.099978+00:00,238.9,0.0401800012588501,0.0022226971865062345,0.3859572768879324
NVDA261218C00029000,2026-09-22 14:29:20+00:00,29.0,200.25,205.3,213.8,0.0,0.0,5.0,560.0,3.3764664025878903,True,REGULAR,USD,Call,2026-12-18,NVDA,2026-10-06T00:29:09.099978+00:00,238.9,0.0401800012588501,0.0022226971865062345,0.3859572768879324
NVDA261218C00030000,2026-10-05 14:43:11+00:00,30.0,210.9,204.75,212.8,5.3399963,2.59778,3.0,1858.0,3.3159196789550776,True,REGULAR,USD,Call,2026-12-18,NVDA,2026-10-06T00:29:09.099978+00:00,238.9,0.0401800012588501,0.0022226971865062345,0.3859572768879324
NVDA261218C00031000,2026-07-17 13:33:57+00:00,31.0,169.69,173.75,181.7,0.0,0.0,2.0,979.0,1.0000000000000003e-05,True,REGULAR,USD,Call,2026-12-18,NVDA,2026-10-06T00:29:09.099978+00:00,238.9,0.0401800012588501,0.0022226971865062345,0.3859572768879324
NVDA261218C00032000,2026-09-10 14:03:30+00:00,32.0,186.66,202.2,211.5,0.0,0.0,4.0,2460.0,3.350099281005859,True,REGULAR,USD,Call,2026-12-18,NVDA,2026-10-06T00:29:09.099978+00:00,238.9,0.0401800012588501,0.0022226971865062345,0.3859572768879324
NVDA261218C00033000,2026-07-14 15:12:13+00:00,33.0,175.07,171.75,179.75,0.0,0.0,1.0,342.0,1.0000000000000003e-05,True,REGULAR,USD,Call,2026-12-18,NVDA,2026-10-06T00:29:09.099978+00:00,238.9,0.0401800012588501,0.0022226971865062345,0.3859572768879324
NVDA261218C00034000,2026-09-22 13:36:08+00:00,34.0,196.0,200.25,209.5,0.0,0.0,1.0,361.0,3.2387714343261718,True,REGULAR,USD,Call,2026-12-18,NVDA,2026-10-06T00:29:09.099978+00:00,238.9,0.0401800012588501,0.0022226971865062345,0.3859572768879324
NVDA261218C00035000,2026-10-02 18:12:17+00:00,35.0,200.45,199.35,207.85,0.0,0.0,2.0,2221.0,3.057375403442383,True,REGULAR,USD,Call,2026-12-18,NVDA,2026-10-06T00:29:09.099978+00:00,238.9,0.0401800012588501,0.0022226971865062345,0.3859572768879324
NVDA261218C00036000,2026-09-28 14:52:26+00:00,36.0,193.62,198.35,207.55,0.0,0.0,3.0,265.0,1.5156274218749999,True,REGULAR,USD,Call,2026-12-18,NVDA,2026-10-06T00:29:09.099978+00:00,238.9,0.0401800012588501,0.0022226971865062345,0.3859572768879324
NVDA261218C00037000,2026-09-23 16:42:01+00:00,37.0,188.05,197.35,206.55,0.0,0.0,20.0,336.0,1.4921900390624998,True,REGULAR,USD,Call,2026-12-18,NVDA,2026-10-06T00:29:09.099978+00:00,238.9,0.0401800012588501,0.0022226971865062345,0.3859572768879324
NVDA261218C00038000,2026-09-21 13:35:25+00:00,38.0,185.67,196.35,205.55,0.0,0.0,40.0,948.0,1.46875265625,True,REGULAR,USD,Call,2026-12-18,NVDA,2026-10-06T00:29:09.099978+00:00,238.9,0.0401800012588501,0.0022226971865062345,0.3859572768879324
NVDA261218C00039000,2026-09-23 19:43:11+00:00,39.0,186.45,195.4,203.9,0.0,0.0,5.0,1272.0,2.8837918530273434,True,REGULAR,USD,Call,2026-12-18,NVDA,2026-10-06T00:29:09.099978+00:00,238.9,0.0401800012588501,0.0022226971865062345,0.3859572768879324
NVDA261218C00040000,2026-09-21 16:05:24+00:00,40.0,185.59,194.4,202.95,0.0,0.0,8.0,1764.0,2.8508329510498047,True,REGULAR,USD,Call,2026-12-18,NVDA,2026-10-06T00:29:09.099978+00:00,238.9,0.0401800012588501,0.0022226971865062345,0.3859572768879324
NVDA261218C00041000,2026-10-05 14:16:35+00:00,41.0,197.8,195.95,200.45,27.25,15.977719,5.0,877.0,1.732423212890625,True,REGULAR,USD,Call,2026-12-18,NVDA,2026-10-06T00:29:09.099978+00:00,238.9,0.0401800012588501,0.0022226971865062345,0.3859572768879324
NVDA261218C00042000,2026-07-29 14:26:27+00:00,42.0,150.19,184.6,193.7,0.0,0.0,2.0,1155.0,1.0000000000000003e-05,True,REGULAR,USD,Call,2026-12-18,NVDA,2026-10-06T00:29:09.099978+00:00,238.9,0.0401800012588501,0.0022226971865062345,0.3859572768879324
NVDA261218C00043000,2026-09-14 13:51:34+00:00,43.0,168.18,191.3,200.6,0.0,0.0,2.0,796.0,1.37109689453125,True,REGULAR,USD,Call,2026-12-18,NVDA,2026-10-06T00:29:09.099978+00:00,238.9,0.0401800012588501,0.0022226971865062345,0.3859572768879324
NVDA261218C00044000,2026-09-23 14:12:47+00:00,44.0,183.25,190.4,199.6,0.0,0.0,1.0,648.0,1.453127734375,True,REGULAR,USD,Call,2026-12-18,NVDA,2026-10-06T00:29:09.099978+00:00,238.9,0.0401800012588501,0.0022226971865062345,0.3859572768879324
NVDA261218C00045000,2026-09-29 13:51:06+00:00,45.0,185.95,189.4,198.6,0.0,0.0,2.0,592.0,1.435549697265625,True,REGULAR,USD,Call,2026-12-18,NVDA,2026-10-06T00:29:09.099978+00:00,238.9,0.0401800012588501,0.0022226971865062345,0.3859572768879324
NVDA261218C00046000,2026-09-29 16:57:26+00:00,46.0,184.0,188.4,197.6,0.0,0.0,1.0,909.0,1.4179716601562502,True,REGULAR,USD,Call,2026-12-18,NVDA,2026-10-06T00:29:09.099978+00:00,238.9,0.0401800012588501,0.0022226971865062345,0.3859572768879324
NVDA261218C00047000,2026-10-01 15:22:37+00:00,47.0,182.59,187.45,196.6,0.0,0.0,4.0,303.0,1.43359658203125,True,REGULAR,USD,Call,2026-12-18,NVDA,2026-10-06T00:29:09.099978+00:00,238.9,0.0401800012588501,0.0022226971865062345,0.3859572768879324
NVDA261218C00048000,2026-09-21 17:26:46+00:00,48.0,179.25,186.45,195.6,0.0,0.0,1.0,542.0,1.4160185449218752,True,REGULAR,USD,Call,2026-12-18,NVDA,2026-10-06T00:29:09.099978+00:00,238.9,0.0401800012588501,0.0022226971865062345,0.3859572768879324
NVDA261218C00049000,2026-09-21 18:44:57+00:00,49.0,179.25,185.45,194.65,0.0,0.0,1.0,2620.0,1.4277372363281249,True,REGULAR,USD,Call,2026-12-18,NVDA,2026-10-06T00:29:09.099978+00:00,238.9,0.0401800012588501,0.0022226971865062345,0.3859572768879324
NVDA261218C00050000,2026-10-02 17:44:49+00:00,50.0,185.01,184.45,192.95,0.0,0.0,6.0,6111.0,2.4873084692382816,True,REGULAR,USD,Call,2026-12-18,NVDA,2026-10-06T00:29:09.099978+00:00,238.9,0.0401800012588501,0.0022226971865062345,0.3859572768879324
NVDA261218C00051000,2026-08-27 13:41:56+00:00,51.0,174.43,183.45,191.95,0.0,0.0,8.0,1792.0,2.4555702673339845,True,REGULAR,USD,Call,2026-12-18,NVDA,2026-10-06T00:29:09.099978+00:00,238.9,0.0401800012588501,0.0022226971865062345,0.3859572768879324
NVDA261218C00052000,2026-10-05 17:12:28+00:00,52.0,186.0,182.45,190.95,10.550003,6.0131106,1.0,1048.0,2.4250527655029295,True,REGULAR,USD,Call,2026-12-18,NVDA,2026-10-06T00:29:09.099978+00:00,238.9,0.0401800012588501,0.0022226971865062345,0.3859572768879324
NVDA261218C00053000,2026-09-23 14:12:27+00:00,53.0,174.38,181.45,189.95,0.0,0.0,3.0,1035.0,2.3950235437011718,True,REGULAR,USD,Call,2026-12-18,NVDA,2026-10-06T00:29:09.099978+00:00,238.9,0.0401800012588501,0.0022226971865062345,0.3859572768879324
NVDA261218C00054000,2026-09-29 14:20:10+00:00,54.0,176.53,180.45,189.0,0.0,0.0,5.0,549.0,2.373050942382812,True,REGULAR,USD,Call,2026-12-18,NVDA,2026-10-06T00:29:09.099978+00:00,238.9,0.0401800012588501,0.0022226971865062345,0.3859572768879324
NVDA261218C00055000,2026-10-05 18:58:55+00:00,55.0,185.0,180.35,188.05,3.699997,2.0408146,4.0,2456.0,1.4472683886718751,True,REGULAR,USD,Call,2026-12-18,NVDA,2026-10-06T00:29:09.099978+00:00,238.9,0.0401800012588501,0.0022226971865062345,0.3859572768879324
NVDA261218C00056000,2026-09-01 19:30:07+00:00,56.0,161.88,178.45,187.0,0.0,0.0,4.0,933.0,2.316166318969726,True,REGULAR,USD,Call,2026-12-18,NVDA,2026-10-06T00:29:09.099978+00:00,238.9,0.0401800012588501,0.0022226971865062345,0.3859572768879324
NVDA261218C00057000,2026-09-22 16:06:16+00:00,57.0,172.05,177.5,186.7,0.0,0.0,9.0,733.0,1.3398470507812497,True,REGULAR,USD,Call,2026-12-18,NVDA,2026-10-06T00:29:09.099978+00:00,238.9,0.0401800012588501,0.0022226971865062345,0.3859572768879324
NVDA261218C00058000,2026-09-29 14:20:10+00:00,58.0,172.63,176.45,185.0,0.0,0.0,5.0,701.0,2.2614789556884762,True,REGULAR,USD,Call,2026-12-18,NVDA,2026-10-06T00:29:09.099978+00:00,238.9,0.0401800012588501,0.0022226971865062345,0.3859572768879324
NVDA261218C00059000,2026-10-05 17:17:40+00:00,59.0,178.23,175.55,184.0,6.7299957,3.9241958,1.0,7250.0,2.2348676940917964,True,REGULAR,USD,Call,2026-12-18,NVDA,2026-10-06T00:29:09.099978+00:00,238.9,0.0401800012588501,0.0022226971865062345,0.3859572768879324
NVDA261218C00060000,2026-10-02 17:52:00+00:00,60.0,175.2,174.5,183.05,0.0,0.0,24.0,3419.0,2.215824772949218,True,REGULAR,USD,Call,2026-12-18,NVDA,2026-10-06T00:29:09.099978+00:00,238.9,0.0401800012588501,0.0022226971865062345,0.3859572768879324
NVDA261218C00061000,2026-09-28 14:31:35+00:00,61.0,170.2,173.55,182.25,0.0,0.0,10.0,563.0,2.2172896130371087,True,REGULAR,USD,Call,2026-12-18,NVDA,2026-10-06T00:29:09.099978+00:00,238.9,0.0401800012588501,0.0022226971865062345,0.3859572768879324
NVDA261218C00062000,2026-09-28 17:31:39+00:00,62.0,170.0,172.4,181.7,0.0,0.0,4.0,972.0,1.220707021484375,True,REGULAR,USD,Call,2026-12-18,NVDA,2026-10-06T00:29:09.099978+00:00,238.9,0.0401800012588501,0.0022226971865062345,0.3859572768879324
NVDA261218C00063000,2026-09-02 15:31:51+00:00,63.0,163.17,171.55,180.05,0.0,0.0,100.0,2169.0,2.1406296484375,True,REGULAR,USD,Call,2026-12-18,NVDA,2026-10-06T00:29:09.099978+00:00,238.9,0.0401800012588501,0.0022226971865062345,0.3859572768879324
NVDA261218C00064000,2026-10-02 16:10:50+00:00,64.0,173.0,170.45,179.05,0.0,0.0,1.0,1053.0,2.1164597869873045,True,REGULAR,USD,Call,2026-12-18,NVDA,2026-10-06T00:29:09.099978+00:00,238.9,0.0401800012588501,0.0022226971865062345,0.3859572768879324
NVDA261218C00065000,2026-10-02 16:10:49+00:00,65.0,172.0,169.55,178.05,0.0,0.0,2.0,2136.0,2.0927782055664057,True,REGULAR,USD,Call,2026-12-18,NVDA,2026-10-06T00:29:09.099978+00:00,238.9,0.0401800012588501,0.0022226971865062345,0.3859572768879324
NVDA261218C00066000,2026-09-30 13:30:15+00:00,66.0,164.5,168.55,177.05,0.0,0.0,1.0,854.0,2.069340764160156,True,REGULAR,USD,Call,2026-12-18,NVDA,2026-10-06T00:29:09.099978+00:00,238.9,0.0401800012588501,0.0022226971865062345,0.3859572768879324
NVDA261218C00067000,2026-08-18 17:27:15+00:00,67.0,154.0,0.0,0.0,0.0,0.0,1.0,0.0,1.0000000000000003e-05,True,REGULAR,USD,Call,2026-12-18,NVDA,2026-10-06T00:29:09.099978+00:00,238.9,0.0401800012588501,0.0022226971865062345,0.3859572768879324
NVDA261218C00068000,2026-09-10 13:50:29+00:00,68.0,151.82,166.6,175.1,0.0,0.0,1.0,1109.0,2.030278361816406,True,REGULAR,USD,Call,2026-12-18,NVDA,2026-10-06T00:29:09.099978+00:00,238.9,0.0401800012588501,0.0022226971865062345,0.3859572768879324
NVDA261218C00069000,2026-09-28 16:28:15+00:00,69.0,163.95,165.65,174.15,0.0,0.0,1.0,4982.0,2.014165120849609,True,REGULAR,USD,Call,2026-12-18,NVDA,2026-10-06T00:29:09.099978+00:00,238.9,0.0401800012588501,0.0022226971865062345,0.3859572768879324
NVDA261218C00070000,2026-10-02 13:52:28+00:00,70.0,166.82,164.6,173.1,0.0,0.0,1.0,4009.0,1.986328193359375,True,REGULAR,USD,Call,2026-12-18,NVDA,2026-10-06T00:29:09.099978+00:00,238.9,0.0401800012588501,0.0022226971865062345,0.3859572768879324
NVDA261218C00071000,2026-09-16 18:49:35+00:00,71.0,144.75,164.0,172.1,0.0,0.0,1.0,1510.0,1.1015669921875002,True,REGULAR,USD,Call,2026-12-18,NVDA,2026-10-06T00:29:09.099978+00:00,238.9,0.0401800012588501,0.0022226971865062345,0.3859572768879324
NVDA261218C00072000,2026-10-05 19:34:48+00:00,72.0,168.11,163.5,171.1,9.389999,5.916078,1.0,628.0,1.2382850585937497,True,REGULAR,USD,Call,2026-12-18,NVDA,2026-10-06T00:29:09.099978+00:00,238.9,0.0401800012588501,0.0022226971865062345,0.3859572768879324
NVDA261218C00073000,2026-09-28 15:28:44+00:00,73.0,158.26,162.5,170.1,0.0,0.0,40.0,760.0,1.2251015307617186,True,REGULAR,USD,Call,2026-12-18,NVDA,2026-10-06T00:29:09.099978+00:00,238.9,0.0401800012588501,0.0022226971865062345,0.3859572768879324
NVDA261218C00074000,2026-08-26 16:29:01+00:00,74.0,137.72,161.5,169.15,0.0,0.0,1.0,4184.0,1.22266013671875,True,REGULAR,USD,Call,2026-12-18,NVDA,2026-10-06T00:29:09.099978+00:00,238.9,0.0401800012588501,0.0022226971865062345,0.3859572768879324
NVDA261218C00075000,2026-10-02 19:30:18+00:00,75.0,159.49,160.5,168.2,0.0,0.0,8.0,7202.0,1.2197304638671875,True,REGULAR,USD,Call,2026-12-18,NVDA,2026-10-06T00:29:09.099978+00:00,238.9,0.0401800012588501,0.0022226971865062345,0.3859572768879324
NVDA261218C00076000,2026-09-17 19:35:01+00:00,76.0,144.73,159.5,167.15,0.0,0.0,5.0,344.0,1.1962930810546877,True,REGULAR,USD,Call,2026-12-18,NVDA,2026-10-06T00:29:09.099978+00:00,238.9,0.0401800012588501,0.0022226971865062345,0.3859572768879324
NVDA261218C00077000,2026-09-22 18:46:04+00:00,77.0,153.35,158.55,166.15,0.0,0.0,3.0,1650.0,1.193363408203125,True,REGULAR,USD,Call,2026-12-18,NVDA,2026-10-06T00:29:09.099978+00:00,238.9,0.0401800012588501,0.0022226971865062345,0.3859572768879324
NVDA261218C00078000,2026-09-23 18:33:39+00:00,78.0,148.52,157.55,165.15,0.0,0.0,2.0,508.0,1.1806681591796875,True,REGULAR,USD,Call,2026-12-18,NVDA,2026-10-06T00:29:09.099978+00:00,238.9,0.0401800012588501,0.0022226971865062345,0.3859572768879324
NVDA261218C00079000,2026-09-25 19:56:48+00:00,79.0,146.94,156.55,164.15,0.0,0.0,95.0,1442.0,1.1679729101562502,True,REGULAR,USD,Call,2026-12-18,NVDA,2026-10-06T00:29:09.099978+00:00,238.9,0.0401800012588501,0.0022226971865062345,0.3859572768879324
NVDA261218C00080000,2026-10-05 18:58:11+00:00,80.0,160.0,157.3,161.7,2.4199982,1.5357267,37.0,14169.0,1.2070352148437498,True,REGULAR,USD,Call,2026-12-18,NVDA,2026-10-06T00:29:09.099978+00:00,238.9,0.0401800012588501,0.0022226971865062345,0.3859572768879324
NVDA261218C00081000,2026-09-21 18:52:21+00:00,81.0,148.0,154.55,162.2,0.0,0.0,1.0,1941.0,1.15234798828125,True,REGULAR,USD,Call,2026-12-18,NVDA,2026-10-06T00:29:09.099978+00:00,238.9,0.0401800012588501,0.0022226971865062345,0.3859572768879324
NVDA261218C00082000,2026-09-21 14:26:16+00:00,82.0,142.5,153.55,161.2,0.0,0.0,2.0,1856.0,1.1396527392578126,True,REGULAR,USD,Call,2026-12-18,NVDA,2026-10-06T00:29:09.099978+00:00,238.9,0.0401800012588501,0.0022226971865062345,0.3859572768879324
NVDA261218C00083000,2026-09-28 14:10:13+00:00,83.0,148.76,152.6,160.2,0.0,0.0,150.0,2723.0,1.1367230664062502,True,REGULAR,USD,Call,2026-12-18,NVDA,2026-10-06T00:29:09.099978+00:00,238.9,0.0401800012588501,0.0022226971865062345,0.3859572768879324
NVDA261218C00084000,2026-10-02 13:48:16+00:00,84.0,153.0,151.6,159.2,0.0,0.0,5.0,1788.0,1.1240278173828124,True,REGULAR,USD,Call,2026-12-18,NVDA,2026-10-06T00:29:09.099978+00:00,238.9,0.0401800012588501,0.0022226971865062345,0.3859572768879324
NVDA261218C00085000,2026-10-05 18:57:41+00:00,85.0,155.0,153.5,156.15,3.0,1.9736842,3.0,7250.0,1.2294960400390624,True,REGULAR,USD,Call,2026-12-18,NVDA,2026-10-06T00:29:09.099978+00:00,238.9,0.0401800012588501,0.0022226971865062345,0.3859572768879324
NVDA261218C00086000,2026-10-05 17:59:29+00:00,86.0,152.23,150.0,157.2,0.8999939,0.5947227,20.0,1852.0,1.1606487280273439,True,REGULAR,USD,Call,2026-12-18,NVDA,2026-10-06T00:29:09.099978+00:00,238.9,0.0401800012588501,0.0022226971865062345,0.3859572768879324
NVDA261218C00087000,2026-10-05 18:01:45+00:00,87.0,150.38,149.35,154.55,7.180008,5.0139723,10.0,1881.0,0.8164080859374999,True,REGULAR,USD,Call,2026-12-18,NVDA,2026-10-06T00:29:09.099978+00:00,238.9,0.0401800012588501,0.0022226971865062345,0.3859572768879324
NVDA261218C00088000,2026-10-05 18:01:45+00:00,88.0,150.44,148.4,154.75,13.389999,9.770157,50.0,4003.0,1.1298871630859377,True,REGULAR,USD,Call,2026-12-18,NVDA,2026-10-06T00:29:09.099978+00:00,238.9,0.0401800012588501,0.0022226971865062345,0.3859572768879324
NVDA261218C00089000,2026-10-02 13:50:20+00:00,89.0,148.0,146.65,154.25,0.0,0.0,1.0,1258.0,1.08203583984375,True,REGULAR,USD,Call,2026-12-18,NVDA,2026-10-06T00:29:09.099978+00:00,238.9,0.0401800012588501,0.0022226971865062345,0.3859572768879324
NVDA261218C00090000,2026-10-05 13:30:09+00:00,90.0,147.62,147.25,151.15,-0.05999756,-0.040626734,26.0,13686.0,0.9794923925781251,True,REGULAR,USD,Call,2026-12-18,NVDA,2026-10-06T00:29:09.099978+00:00,238.9,0.0401800012588501,0.0022226971865062345,0.3859572768879324
NVDA261218C00091000,2026-09-22 19:29:47+00:00,91.0,139.7,144.65,152.3,0.0,0.0,50.0,2421.0,1.066899196777344,True,REGULAR,USD,Call,2026-12-18,NVDA,2026-10-06T00:29:09.099978+00:00,238.9,0.0401800012588501,0.0022226971865062345,0.3859572768879324
NVDA261218C00092000,2026-09-30 13:30:08+00:00,92.0,138.04,143.65,149.65,0.0,0.0,5.0,1463.0,1.4228544482421874,True,REGULAR,USD,Call,2026-12-18,NVDA,2026-10-06T00:29:09.099978+00:00,238.9,0.0401800012588501,0.0022226971865062345,0.3859572768879324
NVDA261218C00093000,2026-09-25 15:21:55+00:00,93.0,132.39,142.65,150.3,0.0,0.0,5.0,3540.0,1.0444383715820313,True,REGULAR,USD,Call,2026-12-18,NVDA,2026-10-06T00:29:09.099978+00:00,238.9,0.0401800012588501,0.0022226971865062345,0.3859572768879324
NVDA261218C00094000,2026-09-02 14:59:55+00:00,94.0,131.0,141.7,149.3,0.0,0.0,2.0,1345.0,1.0405321411132817,True,REGULAR,USD,Call,2026-12-18,NVDA,2026-10-06T00:29:09.099978+00:00,238.9,0.0401800012588501,0.0022226971865062345,0.3859572768879324
NVDA261218C00095000,2026-10-05 17:07:21+00:00,95.0,142.89,142.4,148.3,0.069992065,0.049007185,6.0,1883.0,1.2038614025878904,True,REGULAR,USD,Call,2026-12-18,NVDA,2026-10-06T00:29:09.099978+00:00,238.9,0.0401800012588501,0.0022226971865062345,0.3859572768879324
NVDA261218C00096000,2026-08-19 13:47:34+00:00,96.0,126.15,0.0,0.0,0.0,0.0,2.0,0.0,1.0000000000000003e-05,True,REGULAR,USD,Call,2026-12-18,NVDA,2026-10-06T00:29:09.099978+00:00,238.9,0.0401800012588501,0.0022226971865062345,0.3859572768879324
NVDA261218C00097000,2026-09-23 16:49:39+00:00,97.0,128.35,138.7,146.4,0.0,0.0,4.0,4108.0,1.021489267578125,True,REGULAR,USD,Call,2026-12-18,NVDA,2026-10-06T00:29:09.099978+00:00,238.9,0.0401800012588501,0.0022226971865062345,0.3859572768879324
NVDA261218C00098000,2026-10-05 18:42:37+00:00,98.0,141.5,137.85,145.35,8.350006,6.2711277,2.0,697.0,1.0229541040039063,True,REGULAR,USD,Call,2026-12-18,NVDA,2026-10-06T00:29:09.099978+00:00,238.9,0.0401800012588501,0.0022226971865062345,0.3859572768879324
NVDA261218C00099000,2026-10-05 14:07:55+00:00,99.0,137.85,136.75,144.35,8.650009,6.6950536,3.0,0.0,1.000005,True,REGULAR,USD,Call,2026-12-18,NVDA,2026-10-06T00:29:09.099978+00:00,238.9,0.0401800012588501,0.0022226971865062345,0.3859572768879324
NVDA261218C00100000,2026-10-05 19:58:55+00:00,100.0,139.3,138.6,141.3,4.300003,3.1851873,184.0,16116.0,1.0751999365234377,True,REGULAR,USD,Call,2026-12-18,NVDA,2026-10-06T00:29:09.099978+00:00,238.9,0.0401800012588501,0.0022226971865062345,0.3859572768879324
NVDA261218C00101000,2026-10-02 19:26:04+00:00,101.0,134.27,135.05,142.4,0.0,0.0,8.0,12472.0,1.01953615234375,True,REGULAR,USD,Call,2026-12-18,NVDA,2026-10-06T00:29:09.099978+00:00,238.9,0.0401800012588501,0.0022226971865062345,0.3859572768879324
NVDA261218C00102000,2026-10-05 16:37:40+00:00,102.0,135.9,134.55,140.9,2.6299896,1.9734296,6.0,1355.0,1.0087940185546875,True,REGULAR,USD,Call,2026-12-18,NVDA,2026-10-06T00:29:09.099978+00:00,238.9,0.0401800012588501,0.0022226971865062345,0.3859572768879324
NVDA261218C00103000,2026-10-05 16:37:40+00:00,103.0,134.9,133.55,139.95,1.7099915,1.2838737,8.0,12156.0,1.003422951660156,True,REGULAR,USD,Call,2026-12-18,NVDA,2026-10-06T00:29:09.099978+00:00,238.9,0.0401800012588501,0.0022226971865062345,0.3859572768879324
NVDA261218C00104000,2026-10-05 18:26:27+00:00,104.0,134.55,132.15,139.4,2.3600006,1.7853094,13.0,453.0,0.99804689453125,True,REGULAR,USD,Call,2026-12-18,NVDA,2026-10-06T00:29:09.099978+00:00,238.9,0.0401800012588501,0.0022226971865062345,0.3859572768879324
NVDA261218C00105000,2026-10-05 18:26:27+00:00,105.0,133.55,131.15,138.4,3.5200043,2.7070708,62.0,12152.0,0.9877930908203125,True,REGULAR,USD,Call,2026-12-18,NVDA,2026-10-06T00:29:09.099978+00:00,238.9,0.0401800012588501,0.0022226971865062345,0.3859572768879324
NVDA261218C00106000,2026-10-05 18:55:40+00:00,106.0,132.6,130.65,134.65,3.5600128,2.7588446,61.0,889.0,1.1167036352539061,True,REGULAR,USD,Call,2026-12-18,NVDA,2026-10-06T00:29:09.099978+00:00,238.9,0.0401800012588501,0.0022226971865062345,0.3859572768879324
NVDA261218C00107000,2026-10-05 18:55:40+00:00,107.0,131.62,129.2,136.4,3.3499908,2.6116712,36.0,939.0,0.9721682470703125,True,REGULAR,USD,Call,2026-12-18,NVDA,2026-10-06T00:29:09.099978+00:00,238.9,0.0401800012588501,0.0022226971865062345,0.3859572768879324
NVDA261218C00108000,2026-10-05 18:50:37+00:00,108.0,130.55,128.2,135.4,3.2800064,2.5772033,28.0,1234.0,0.9619144433593749,True,REGULAR,USD,Call,2026-12-18,NVDA,2026-10-06T00:29:09.099978+00:00,238.9,0.0401800012588501,0.0022226971865062345,0.3859572768879324
NVDA261218C00109000,2026-10-05 18:45:37+00:00,109.0,129.65,127.2,134.4,4.3899918,3.5047035,54.0,418.0,0.9521489160156249,True,REGULAR,USD,Call,2026-12-18,NVDA,2026-10-06T00:29:09.099978+00:00,238.9,0.0401800012588501,0.0022226971865062345,0.3859572768879324
NVDA261218C00110000,2026-10-05 19:56:02+00:00,110.0,129.85,126.35,133.45,3.3200073,2.6238894,65.0,14781.0,0.9602054760742187,True,REGULAR,USD,Call,2026-12-18,NVDA,2026-10-06T00:29:09.099978+00:00,238.9,0.0401800012588501,0.0022226971865062345,0.3859572768879324
NVDA261218C00111000,2026-10-05 18:33:14+00:00,111.0,127.55,125.25,132.45,1.6000061,1.2703502,60.0,611.0,0.9414068359375,True,REGULAR,USD,Call,2026-12-18,NVDA,2026-10-06T00:29:09.099978+00:00,238.9,0.0401800012588501,0.0022226971865062345,0.3859572768879324
NVDA261218C00112000,2026-10-05 19:56:25+00:00,112.0,127.1,124.5,129.0,2.869995,2.310227,61.0,1366.0,1.091801416015625,True,REGULAR,USD,Call,2026-12-18,NVDA,2026-10-06T00:29:09.099978+00:00,238.9,0.0401800012588501,0.0022226971865062345,0.3859572768879324
NVDA261218C00113000,2026-10-05 19:56:25+00:00,113.0,126.2,123.6,128.1,3.119995,2.5349326,9.0,2152.0,1.091801416015625,True,REGULAR,USD,Call,2026-12-18,NVDA,2026-10-06T00:29:09.099978+00:00,238.9,0.0401800012588501,0.0022226971865062345,0.3859572768879324
NVDA261218C00114000,2026-10-05 19:51:11+00:00,114.0,125.27,122.25,129.45,3.1699982,2.5962312,24.0,667.0,0.91211025390625,True,REGULAR,USD,Call,2026-12-18,NVDA,2026-10-06T00:29:09.099978+00:00,238.9,0.0401800012588501,0.0022226971865062345,0.3859572768879324
NVDA261218C00115000,2026-10-05 19:51:11+00:00,115.0,124.27,121.05,127.05,3.7699966,3.128628,34.0,1746.0,0.6835969140625001,True,REGULAR,USD,Call,2026-12-18,NVDA,2026-10-06T00:29:09.099978+00:00,238.9,0.0401800012588501,0.0022226971865062345,0.3859572768879324
NVDA261218C00116000,2026-10-05 19:54:53+00:00,116.0,124.38,120.2,127.5,4.199997,3.4947553,69.0,944.0,0.8928233374023438,True,REGULAR,USD,Call,2026-12-18,NVDA,2026-10-06T00:29:09.099978+00:00,238.9,0.0401800012588501,0.0022226971865062345,0.3859572768879324
NVDA261218C00117000,2026-10-05 19:54:53+00:00,117.0,123.38,119.3,126.55,4.199997,3.5240786,87.0,1905.0,0.8959971337890623,True,REGULAR,USD,Call,2026-12-18,NVDA,2026-10-06T00:29:09.099978+00:00,238.9,0.0401800012588501,0.0022226971865062345,0.3859572768879324
NVDA261218C00118000,2026-10-05 19:52:16+00:00,118.0,122.47,118.3,124.4,4.630005,3.9290607,117.0,1887.0,0.770510107421875,True,REGULAR,USD,Call,2026-12-18,NVDA,2026-10-06T00:29:09.099978+00:00,238.9,0.0401800012588501,0.0022226971865062345,0.3859572768879324
NVDA261218C00119000,2026-10-05 19:52:16+00:00,119.0,121.47,117.3,124.55,4.630005,3.9626882,107.0,861.0,0.87695435546875,True,REGULAR,USD,Call,2026-12-18,NVDA,2026-10-06T00:29:09.099978+00:00,238.9,0.0401800012588501,0.0022226971865062345,0.3859572768879324
NVDA261218C00120000,2026-10-05 19:56:07+00:00,120.0,119.62,118.0,121.65,4.6200027,4.0173936,135.0,7745.0,0.851563984375,True,REGULAR,USD,Call,2026-12-18,NVDA,2026-10-06T00:29:09.099978+00:00,238.9,0.0401800012588501,0.0022226971865062345,0.3859572768879324
NVDA261218C00121000,2026-10-05 19:56:07+00:00,121.0,118.66,115.45,122.6,4.1900024,3.6603498,150.0,878.0,0.8737805590820311,True,REGULAR,USD,Call,2026-12-18,NVDA,2026-10-06T00:29:09.099978+00:00,238.9,0.0401800012588501,0.0022226971865062345,0.3859572768879324
NVDA261218C00122000,2026-10-05 19:14:47+00:00,122.0,117.6,114.45,121.6,3.7999954,3.3391874,42.0,2712.0,0.8645033081054687,True,REGULAR,USD,Call,2026-12-18,NVDA,2026-10-06T00:29:09.099978+00:00,238.9,0.0401800012588501,0.0022226971865062345,0.3859572768879324
NVDA261218C00123000,2026-10-05 19:14:47+00:00,123.0,116.6,113.4,120.6,3.7999954,3.3687901,63.0,940.0,0.851563984375,True,REGULAR,USD,Call,2026-12-18,NVDA,2026-10-06T00:29:09.099978+00:00,238.9,0.0401800012588501,0.0022226971865062345,0.3859572768879324
NVDA261218C00124000,2026-10-05 19:10:53+00:00,124.0,115.12,112.3,117.85,3.3899994,3.0340993,74.0,811.0,0.63086306640625,True,REGULAR,USD,Call,2026-12-18,NVDA,2026-10-06T00:29:09.099978+00:00,238.9,0.0401800012588501,0.0022226971865062345,0.3859572768879324
NVDA261218C00125000,2026-10-05 19:32:09+00:00,125.0,114.12,111.45,116.85,2.7000046,2.4232674,32.0,12358.0,0.6543003320312502,True,REGULAR,USD,Call,2026-12-18,NVDA,2026-10-06T00:29:09.099978+00:00,238.9,0.0401800012588501,0.0022226971865062345,0.3859572768879324
NVDA261218C00126000,2026-10-05 19:55:49+00:00,126.0,113.78,111.2,116.35,3.3600006,3.0429275,35.0,4398.0,0.7897970239257812,True,REGULAR,USD,Call,2026-12-18,NVDA,2026-10-06T00:29:09.099978+00:00,238.9,0.0401800012588501,0.0022226971865062345,0.3859572768879324
NVDA261218C00127000,2026-10-05 19:55:49+00:00,127.0,112.81,110.15,115.45,3.5799942,3.2774825,38.0,1697.0,0.7851583984375,True,REGULAR,USD,Call,2026-12-18,NVDA,2026-10-06T00:29:09.099978+00:00,238.9,0.0401800012588501,0.0022226971865062345,0.3859572768879324
NVDA261218C00128000,2026-10-05 18:47:18+00:00,128.0,111.98,108.4,115.65,3.7000046,3.417071,14.0,1305.0,0.8100604931640624,True,REGULAR,USD,Call,2026-12-18,NVDA,2026-10-06T00:29:09.099978+00:00,238.9,0.0401800012588501,0.0022226971865062345,0.3859572768879324
NVDA261218C00129000,2026-10-05 19:51:43+00:00,129.0,111.97,107.45,114.7,9.290001,9.047527,44.0,1199.0,0.8081073876953124,True,REGULAR,USD,Call,2026-12-18,NVDA,2026-10-06T00:29:09.099978+00:00,238.9,0.0401800012588501,0.0022226971865062345,0.3859572768879324
NVDA261218C00130000,2026-10-05 19:51:43+00:00,130.0,110.97,107.2,113.0,4.7700043,4.4915295,62.0,30561.0,0.8027363476562499,True,REGULAR,USD,Call,2026-12-18,NVDA,2026-10-06T00:29:09.099978+00:00,238.9,0.0401800012588501,0.0022226971865062345,0.3859572768879324
NVDA261218C00132000,2026-09-17 18:21:09+00:00,132.0,90.05,104.15,111.75,0.0,0.0,2.0,2371.0,0.7648949291992189,True,REGULAR,USD,Call,2026-12-18,NVDA,2026-10-06T00:29:09.099978+00:00,238.9,0.0401800012588501,0.0022226971865062345,0.3859572768879324
NVDA261218C00134000,2026-10-05 19:28:49+00:00,134.0,106.89,102.15,109.8,4.6299973,4.527672,2.0,2018.0,0.7514673291015624,True,REGULAR,USD,Call,2026-12-18,NVDA,2026-10-06T00:29:09.099978+00:00,238.9,0.0401800012588501,0.0022226971865062345,0.3859572768879324
NVDA261218C00135000,2026-10-05 19:28:49+00:00,135.0,105.89,101.3,107.3,4.790001,4.737884,7.0,3135.0,0.6254920263671876,True,REGULAR,USD,Call,2026-12-18,NVDA,2026-10-06T00:29:09.099978+00:00,238.9,0.0401800012588501,0.0022226971865062345,0.3859572768879324
NVDA261218C00136000,2026-10-02 19:18:38+00:00,136.0,99.77,100.2,107.8,0.0,0.0,12.0,2091.0,0.7382838671874999,True,REGULAR,USD,Call,2026-12-18,NVDA,2026-10-06T00:29:09.099978+00:00,238.9,0.0401800012588501,0.0022226971865062345,0.3859572768879324
NVDA261218C00138000,2026-10-02 17:07:48+00:00,138.0,98.0,101.5,105.85,0.0,0.0,3.0,2761.0,0.8867198828124999,True,REGULAR,USD,Call,2026-12-18,NVDA,2026-10-06T00:29:09.099978+00:00,238.9,0.0401800012588501,0.0022226971865062345,0.3859572768879324
NVDA261218C00140000,2026-10-05 17:37:10+00:00,140.0,100.0,98.0,101.6,4.6200027,4.843786,12.0,13090.0,0.6784700122070313,True,REGULAR,USD,Call,2026-12-18,NVDA,2026-10-06T00:29:09.099978+00:00,238.9,0.0401800012588501,0.0022226971865062345,0.3859572768879324
NVDA261218C00142000,2026-10-05 18:10:24+00:00,142.0,96.55,94.65,101.45,13.100006,15.69803,8.0,1271.0,0.6953155468750001,True,REGULAR,USD,Call,2026-12-18,NVDA,2026-10-06T00:29:09.099978+00:00,238.9,0.0401800012588501,0.0022226971865062345,0.3859572768879324
NVDA261218C00144000,2026-10-02 17:18:40+00:00,144.0,92.41,92.35,99.95,0.0,0.0,2.0,1249.0,0.6911651977539064,True,REGULAR,USD,Call,2026-12-18,NVDA,2026-10-06T00:29:09.099978+00:00,238.9,0.0401800012588501,0.0022226971865062345,0.3859572768879324
NVDA261218C00145000,2026-10-05 18:27:58+00:00,145.0,95.0,91.55,98.95,7.279999,8.299132,34.0,3233.0,0.6940948559570312,True,REGULAR,USD,Call,2026-12-18,NVDA,2026-10-06T00:29:09.099978+00:00,238.9,0.0401800012588501,0.0022226971865062345,0.3859572768879324
NVDA261218C00146000,2026-09-11 16:33:55+00:00,146.0,75.68,90.35,98.05,0.0,0.0,2.0,1912.0,0.6806672558593752,True,REGULAR,USD,Call,2026-12-18,NVDA,2026-10-06T00:29:09.099978+00:00,238.9,0.0401800012588501,0.0022226971865062345,0.3859572768879324
NVDA261218C00148000,2026-10-05 18:21:40+00:00,148.0,91.82,90.45,95.05,3.3099976,3.7396877,2.0,9103.0,0.7185086743164062,True,REGULAR,USD,Call,2026-12-18,NVDA,2026-10-06T00:29:09.099978+00:00,238.9,0.0401800012588501,0.0022226971865062345,0.3859572768879324
NVDA261218C00150000,2026-10-05 19:39:05+00:00,150.0,91.03,89.1,91.85,5.4799957,6.4056053,55.0,15570.0,0.6765169067382814,True,REGULAR,USD,Call,2026-12-18,NVDA,2026-10-06T00:29:09.099978+00:00,238.9,0.0401800012588501,0.0022226971865062345,0.3859572768879324
NVDA261218C00152000,2026-10-05 17:10:47+00:00,152.0,87.0,84.6,91.4,8.0,10.126582,11.0,969.0,0.6116982189941409,True,REGULAR,USD,Call,2026-12-18,NVDA,2026-10-06T00:29:09.099978+00:00,238.9,0.0401800012588501,0.0022226971865062345,0.3859572768879324
NVDA261218C00154000,2026-09-30 16:36:49+00:00,154.0,78.23,82.55,90.15,0.0,0.0,1.0,3690.0,0.632816171875,True,REGULAR,USD,Call,2026-12-18,NVDA,2026-10-06T00:29:09.099978+00:00,238.9,0.0401800012588501,0.0022226971865062345,0.3859572768879324
NVDA261218C00155000,2026-10-05 19:01:51+00:00,155.0,86.22,84.15,89.25,2.7799988,3.3317337,5.0,1064.0,0.7329128271484374,True,REGULAR,USD,Call,2026-12-18,NVDA,2026-10-06T00:29:09.099978+00:00,238.9,0.0401800012588501,0.0022226971865062345,0.3859572768879324
NVDA261218C00156000,2026-10-05 14:16:00+00:00,156.0,82.51,81.05,88.2,-2.2399979,-2.6430652,1.0,2282.0,0.6420934228515626,True,REGULAR,USD,Call,2026-12-18,NVDA,2026-10-06T00:29:09.099978+00:00,238.9,0.0401800012588501,0.0022226971865062345,0.3859572768879324
NVDA261218C00158000,2026-10-05 18:15:25+00:00,158.0,82.0,82.1,84.4,7.8199997,10.541925,2.0,1186.0,0.6752962158203126,True,REGULAR,USD,Call,2026-12-18,NVDA,2026-10-06T00:29:09.099978+00:00,238.9,0.0401800012588501,0.0022226971865062345,0.3859572768879324
NVDA261218C00160000,2026-10-05 18:43:18+00:00,160.0,80.6,80.05,82.1,4.720001,6.22035,23.0,15203.0,0.6459996337890624,True,REGULAR,USD,Call,2026-12-18,NVDA,2026-10-06T00:29:09.099978+00:00,238.9,0.0401800012588501,0.0022226971865062345,0.3859572768879324
NVDA261218C00162000,2026-10-05 18:22:05+00:00,162.0,78.2,74.85,82.45,2.7299957,3.6173258,15.0,1258.0,0.5972940661621093,True,REGULAR,USD,Call,2026-12-18,NVDA,2026-10-06T00:29:09.099978+00:00,238.9,0.0401800012588501,0.0022226971865062345,0.3859572768879324
NVDA261218C00164000,2026-10-05 18:57:49+00:00,164.0,77.17,76.1,79.45,5.169998,7.180553,4.0,29951.0,0.6610141320800782,True,REGULAR,USD,Call,2026-12-18,NVDA,2026-10-06T00:29:09.099978+00:00,238.9,0.0401800012588501,0.0022226971865062345,0.3859572768879324
NVDA261218C00165000,2026-10-05 16:27:08+00:00,165.0,73.3,74.35,77.65,1.0200043,1.4111847,2.0,1877.0,0.600712000732422,True,REGULAR,USD,Call,2026-12-18,NVDA,2026-10-06T00:29:09.099978+00:00,238.9,0.0401800012588501,0.0022226971865062345,0.3859572768879324
NVDA261218C00166000,2026-10-05 19:51:35+00:00,166.0,75.3,71.0,78.6,8.850006,13.318295,2.0,859.0,0.5782512878417969,True,REGULAR,USD,Call,2026-12-18,NVDA,2026-10-06T00:29:09.099978+00:00,238.9,0.0401800012588501,0.0022226971865062345,0.3859572768879324
NVDA261218C00167000,2026-09-30 16:42:49+00:00,167.0,65.95,69.9,77.6,0.0,0.0,1.0,600.0,0.5668988623046876,True,REGULAR,USD,Call,2026-12-18,NVDA,2026-10-06T00:29:09.099978+00:00,238.9,0.0401800012588501,0.0022226971865062345,0.3859572768879324
NVDA261218C00168000,2026-09-29 15:56:15+00:00,168.0,67.95,70.8,75.7,2.899994,4.4580994,4.0,1201.0,0.5943644079589845,True,REGULAR,USD,Call,2026-12-18,NVDA,2026-10-06T00:29:09.099978+00:00,238.9,0.0401800012588501,0.0022226971865062345,0.3859572768879324
NVDA261218C00169000,2026-10-05 17:47:05+00:00,169.0,70.5,69.2,74.55,0.66999817,0.95947033,11.0,1222.0,0.5607954077148438,True,REGULAR,USD,Call,2026-12-18,NVDA,2026-10-06T00:29:09.099978+00:00,238.9,0.0401800012588501,0.0022226971865062345,0.3859572768879324
NVDA261218C00170000,2026-10-05 19:32:42+00:00,170.0,71.82,70.2,71.3,5.1500015,7.724616,52.0,6938.0,0.5441940112304688,True,REGULAR,USD,Call,2026-12-18,NVDA,2026-10-06T00:29:09.099978+00:00,238.9,0.0401800012588501,0.0022226971865062345,0.3859572768879324
NVDA261218C00171000,2026-10-02 13:30:01+00:00,171.0,67.31,66.05,71.3,0.0,0.0,2.0,1293.0,0.6333044482421876,True,REGULAR,USD,Call,2026-12-18,NVDA,2026-10-06T00:29:09.099978+00:00,238.9,0.0401800012588501,0.0022226971865062345,0.3859572768879324
NVDA261218C00172000,2026-10-05 19:33:11+00:00,172.0,70.0,65.2,72.8,17.990002,34.589504,1.0,1621.0,0.5466353930664063,True,REGULAR,USD,Call,2026-12-18,NVDA,2026-10-06T00:29:09.099978+00:00,238.9,0.0401800012588501,0.0022226971865062345,0.3859572768879324
NVDA261218C00173000,2026-10-02 13:41:13+00:00,173.0,65.65,65.3,68.55,0.0,0.0,20.0,398.0,0.5738568005371094,True,REGULAR,USD,Call,2026-12-18,NVDA,2026-10-06T00:29:09.099978+00:00,238.9,0.0401800012588501,0.0022226971865062345,0.3859572768879324
NVDA261218C00174000,2026-10-05 19:44:59+00:00,174.0,64.35,65.25,69.1,1.3499985,2.1428547,2.0,2161.0,0.5428512512207033,True,REGULAR,USD,Call,2026-12-18,NVDA,2026-10-06T00:29:09.099978+00:00,238.9,0.0401800012588501,0.0022226971865062345,0.3859572768879324
NVDA261218C00175000,2026-10-05 19:57:38+00:00,175.0,66.05,65.3,67.5,3.9000015,6.275143,60.0,5373.0,0.549076774902344,True,REGULAR,USD,Call,2026-12-18,NVDA,2026-10-06T00:29:09.099978+00:00,238.9,0.0401800012588501,0.0022226971865062345,0.3859572768879324
NVDA261218C00176000,2026-10-05 18:43:19+00:00,176.0,66.0,64.3,68.0,3.119999,4.96183,11.0,14636.0,0.583866466064453,True,REGULAR,USD,Call,2026-12-18,NVDA,2026-10-06T00:29:09.099978+00:00,238.9,0.0401800012588501,0.0022226971865062345,0.3859572768879324
NVDA261218C00177000,2026-10-05 18:43:19+00:00,177.0,64.14,63.85,66.05,4.1399994,6.899999,14.0,1610.0,0.5649457568359376,True,REGULAR,USD,Call,2026-12-18,NVDA,2026-10-06T00:29:09.099978+00:00,238.9,0.0401800012588501,0.0022226971865062345,0.3859572768879324
NVDA261218C00178000,2026-10-05 19:44:46+00:00,178.0,63.5,61.55,65.8,4.1500015,6.9924207,2.0,2283.0,0.5417526293945314,True,REGULAR,USD,Call,2026-12-18,NVDA,2026-10-06T00:29:09.099978+00:00,238.9,0.0401800012588501,0.0022226971865062345,0.3859572768879324
NVDA261218C00179000,2026-10-02 14:59:35+00:00,179.0,60.47,60.55,66.0,0.0,0.0,11.0,3033.0,0.5660443786621094,True,REGULAR,USD,Call,2026-12-18,NVDA,2026-10-06T00:29:09.099978+00:00,238.9,0.0401800012588501,0.0022226971865062345,0.3859572768879324
NVDA261218C00180000,2026-10-05 19:37:58+00:00,180.0,62.6,60.35,62.2,5.359997,9.364076,317.0,23131.0,0.5033008654785156,True,REGULAR,USD,Call,2026-12-18,NVDA,2026-10-06T00:29:09.099978+00:00,238.9,0.0401800012588501,0.0022226971865062345,0.3859572768879324
NVDA261218C00181000,2026-10-02 14:43:36+00:00,181.0,56.75,58.55,63.15,0.0,0.0,6.0,3730.0,0.5278367529296876,True,REGULAR,USD,Call,2026-12-18,NVDA,2026-10-06T00:29:09.099978+00:00,238.9,0.0401800012588501,0.0022226971865062345,0.3859572768879324
NVDA261218C00182000,2026-10-05 13:34:21+00:00,182.0,58.0,58.45,60.75,6.029999,11.602845,34.0,1966.0,0.5065967309570312,True,REGULAR,USD,Call,2026-12-18,NVDA,2026-10-06T00:29:09.099978+00:00,238.9,0.0401800012588501,0.0022226971865062345,0.3859572768879324
NVDA261218C00183000,2026-10-01 15:40:13+00:00,183.0,49.96,56.65,60.15,0.0,0.0,1.0,2723.0,0.5753216296386718,True,REGULAR,USD,Call,2026-12-18,NVDA,2026-10-06T00:29:09.099978+00:00,238.9,0.0401800012588501,0.0022226971865062345,0.3859572768879324
NVDA261218C00184000,2026-10-05 19:16:10+00:00,184.0,58.54,56.25,58.2,2.2400017,3.9786887,4.0,2661.0,0.5220995056152342,True,REGULAR,USD,Call,2026-12-18,NVDA,2026-10-06T00:29:09.099978+00:00,238.9,0.0401800012588501,0.0022226971865062345,0.3859572768879324
NVDA261218C00185000,2026-10-05 19:51:35+00:00,185.0,57.29,55.4,57.6,4.3899994,8.298676,232.0,4733.0,0.5334519311523438,True,REGULAR,USD,Call,2026-12-18,NVDA,2026-10-06T00:29:09.099978+00:00,238.9,0.0401800012588501,0.0022226971865062345,0.3859572768879324
NVDA261218C00186000,2026-10-02 16:14:59+00:00,186.0,53.3,53.65,56.5,0.0,0.0,3.0,2256.0,0.5206346765136718,True,REGULAR,USD,Call,2026-12-18,NVDA,2026-10-06T00:29:09.099978+00:00,238.9,0.0401800012588501,0.0022226971865062345,0.3859572768879324
NVDA261218C00187000,2026-10-05 17:14:29+00:00,187.0,53.25,52.7,58.65,5.16,10.729881,2.0,1789.0,0.5206957110595702,True,REGULAR,USD,Call,2026-12-18,NVDA,2026-10-06T00:29:09.099978+00:00,238.9,0.0401800012588501,0.0022226971865062345,0.3859572768879324
NVDA261218C00188000,2026-10-05 19:37:58+00:00,188.0,55.0,52.9,56.0,1.4500008,2.7077513,39.0,1976.0,0.5023243127441408,True,REGULAR,USD,Call,2026-12-18,NVDA,2026-10-06T00:29:09.099978+00:00,238.9,0.0401800012588501,0.0022226971865062345,0.3859572768879324
NVDA261218C00189000,2026-10-05 19:20:35+00:00,189.0,53.74,51.95,55.65,3.8600006,7.7385736,2.0,5089.0,0.5101367346191408,True,REGULAR,USD,Call,2026-12-18,NVDA,2026-10-06T00:29:09.099978+00:00,238.9,0.0401800012588501,0.0022226971865062345,0.3859572768879324
NVDA261218C00190000,2026-10-05 19:35:01+00:00,190.0,52.87,51.6,52.65,4.619999,9.575127,78.0,11703.0,0.4953663745117188,True,REGULAR,USD,Call,2026-12-18,NVDA,2026-10-06T00:29:09.099978+00:00,238.9,0.0401800012588501,0.0022226971865062345,0.3859572768879324
NVDA261218C00191000,2026-10-05 19:02:34+00:00,191.0,51.83,50.25,51.65,3.8300018,7.9791703,6.0,1554.0,0.4873708489990235,True,REGULAR,USD,Call,2026-12-18,NVDA,2026-10-06T00:29:09.099978+00:00,238.9,0.0401800012588501,0.0022226971865062345,0.3859572768879324
NVDA261218C00192000,2026-10-05 13:30:03+00:00,192.0,48.52,49.35,50.85,3.7200012,8.303575,1.0,969.0,0.4880422290039063,True,REGULAR,USD,Call,2026-12-18,NVDA,2026-10-06T00:29:09.099978+00:00,238.9,0.0401800012588501,0.0022226971865062345,0.3859572768879324
NVDA261218C00193000,2026-10-05 13:57:17+00:00,193.0,47.34,48.4,50.65,0.20000076,0.42426977,5.0,1552.0,0.5129443237304687,True,REGULAR,USD,Call,2026-12-18,NVDA,2026-10-06T00:29:09.099978+00:00,238.9,0.0401800012588501,0.0022226971865062345,0.3859572768879324
NVDA261218C00194000,2026-10-05 19:10:13+00:00,194.0,48.55,47.05,50.6,3.8999977,8.734596,10.0,12754.0,0.5411422839355471,True,REGULAR,USD,Call,2026-12-18,NVDA,2026-10-06T00:29:09.099978+00:00,238.9,0.0401800012588501,0.0022226971865062345,0.3859572768879324
NVDA261218C00195000,2026-10-05 19:46:28+00:00,195.0,48.34,47.15,48.65,4.369999,9.938591,75.0,4148.0,0.49622085815429695,True,REGULAR,USD,Call,2026-12-18,NVDA,2026-10-06T00:29:09.099978+00:00,238.9,0.0401800012588501,0.0022226971865062345,0.3859572768879324
NVDA261218C00200000,2026-10-05 19:59:33+00:00,200.0,42.85,42.45,44.5,3.6800003,9.394946,517.0,49454.0,0.48560084716796875,True,REGULAR,USD,Call,2026-12-18,NVDA,2026-10-06T00:29:09.099978+00:00,238.9,0.0401800012588501,0.0022226971865062345,0.3859572768879324
NVDA261218C00205000,2026-10-05 19:42:46+00:00,205.0,38.8,38.5,39.75,3.3999977,9.604512,162.0,6104.0,0.4512383978271485,True,REGULAR,USD,Call,2026-12-18,NVDA,2026-10-06T00:29:09.099978+00:00,238.9,0.0401800012588501,0.0022226971865062345,0.3859572768879324
NVDA261218C00210000,2026-10-05 19:51:11+00:00,210.0,34.62,34.25,36.0,3.369999,10.783996,782.0,29420.0,0.4470880487060547,True,REGULAR,USD,Call,2026-12-18,NVDA,2026-10-06T00:29:09.099978+00:00,238.9,0.0401800012588501,0.0022226971865062345,0.3859572768879324
NVDA261218C00212000,2026-10-05 18:58:20+00:00,212.0,33.7,32.85,34.8,2.4000015,7.6677365,31.0,2350.0,0.4528252960205078,True,REGULAR,USD,Call,2026-12-18,NVDA,2026-10-06T00:29:09.099978+00:00,238.9,0.0401800012588501,0.0022226971865062345,0.3859572768879324
NVDA261218C00213000,2026-10-05 19:11:10+00:00,213.0,33.0,32.05,32.85,1.6299992,5.196044,8.0,2652.0,0.41547215393066406,True,REGULAR,USD,Call,2026-12-18,NVDA,2026-10-06T00:29:09.099978+00:00,238.9,0.0401800012588501,0.0022226971865062345,0.3859572768879324
NVDA261218C00214000,2026-10-05 18:53:10+00:00,214.0,31.75,29.9,31.8,3.5,12.38938,161.0,2240.0,0.4049742120361328,True,REGULAR,USD,Call,2026-12-18,NVDA,2026-10-06T00:29:09.099978+00:00,238.9,0.0401800012588501,0.0022226971865062345,0.3859572768879324
NVDA261218C00215000,2026-10-05 19:56:48+00:00,215.0,31.0,30.5,32.0,3.5,12.727273,265.0,13920.0,0.43066975585937506,True,REGULAR,USD,Call,2026-12-18,NVDA,2026-10-06T00:29:09.099978+00:00,238.9,0.0401800012588501,0.0022226971865062345,0.3859572768879324
NVDA261218C00216000,2026-10-05 19:37:54+00:00,216.0,31.0,29.75,31.0,1.8600006,6.382981,11.0,2852.0,0.42130095306396487,True,REGULAR,USD,Call,2026-12-18,NVDA,2026-10-06T00:29:09.099978+00:00,238.9,0.0401800012588501,0.0022226971865062345,0.3859572768879324
NVDA261218C00217000,2026-10-05 19:38:46+00:00,217.0,30.3,28.85,30.0,3.17,11.684483,31.0,3125.0,0.4118711157226562,True,REGULAR,USD,Call,2026-12-18,NVDA,2026-10-06T00:29:09.099978+00:00,238.9,0.0401800012588501,0.0022226971865062345,0.3859572768879324
NVDA261218C00218000,2026-10-05 19:36:49+00:00,218.0,29.41,28.25,29.75,4.1100006,16.245062,14.0,2637.0,0.4232235412597656,True,REGULAR,USD,Call,2026-12-18,NVDA,2026-10-06T00:29:09.099978+00:00,238.9,0.0401800012588501,0.0022226971865062345,0.3859572768879324
NVDA261218C00219000,2026-10-05 19:17:21+00:00,219.0,28.6,27.45,29.0,3.8000011,15.322586,17.0,1664.0,0.42035491760253907,True,REGULAR,USD,Call,2026-12-18,NVDA,2026-10-06T00:29:09.099978+00:00,238.9,0.0401800012588501,0.0022226971865062345,0.3859572768879324
NVDA261218C00220000,2026-10-05 19:59:58+00:00,220.0,27.15,26.75,27.4,2.8500004,11.728396,895.0,60082.0,0.39441523559570313,True,REGULAR,USD,Call,2026-12-18,NVDA,2026-10-06T00:29:09.099978+00:00,238.9,0.0401800012588501,0.0022226971865062345,0.3859572768879324
NVDA261218C00221000,2026-10-05 19:37:58+00:00,221.0,27.3,26.1,27.5,3.5,14.705883,20.0,2361.0,0.4141904284667969,True,REGULAR,USD,Call,2026-12-18,NVDA,2026-10-06T00:29:09.099978+00:00,238.9,0.0401800012588501,0.0022226971865062345,0.3859572768879324
NVDA261218C00222000,2026-10-05 19:20:02+00:00,222.0,25.72,25.55,27.15,3.2699986,14.565694,578.0,2877.0,0.4213314703369141,True,REGULAR,USD,Call,2026-12-18,NVDA,2026-10-06T00:29:09.099978+00:00,238.9,0.0401800012588501,0.0022226971865062345,0.3859572768879324
NVDA261218C00223000,2026-10-05 19:27:08+00:00,223.0,25.6,24.85,26.2,3.25,14.541387,34.0,2110.0,0.412542495727539,True,REGULAR,USD,Call,2026-12-18,NVDA,2026-10-06T00:29:09.099978+00:00,238.9,0.0401800012588501,0.0022226971865062345,0.3859572768879324
NVDA261218C00224000,2026-10-05 19:09:10+00:00,224.0,24.84,24.05,25.85,3.5499992,16.674492,39.0,1651.0,0.4190731921386719,True,REGULAR,USD,Call,2026-12-18,NVDA,2026-10-06T00:29:09.099978+00:00,238.9,0.0401800012588501,0.0022226971865062345,0.3859572768879324
NVDA261218C00225000,2026-10-05 19:58:09+00:00,225.0,23.6,23.5,24.2,2.8999996,14.00966,550.0,22046.0,0.3921569573974609,True,REGULAR,USD,Call,2026-12-18,NVDA,2026-10-06T00:29:09.099978+00:00,238.9,0.0401800012588501,0.0022226971865062345,0.3859572768879324
NVDA261218C00226000,2026-10-05 19:40:44+00:00,226.0,23.72,22.85,24.5,3.4699993,17.1358,39.0,3481.0,0.41473973937988284,True,REGULAR,USD,Call,2026-12-18,NVDA,2026-10-06T00:29:09.099978+00:00,238.9,0.0401800012588501,0.0022226971865062345,0.3859572768879324
NVDA261218C00227000,2026-10-05 19:40:46+00:00,227.0,22.77,20.95,23.5,3.1200008,15.877868,59.0,1725.0,0.4041197283935547,True,REGULAR,USD,Call,2026-12-18,NVDA,2026-10-06T00:29:09.099978+00:00,238.9,0.0401800012588501,0.0022226971865062345,0.3859572768879324
NVDA261218C00228000,2026-10-05 19:54:03+00:00,228.0,22.15,21.55,22.7,3.0499992,15.968583,334.0,17570.0,0.398443515625,True,REGULAR,USD,Call,2026-12-18,NVDA,2026-10-06T00:29:09.099978+00:00,238.9,0.0401800012588501,0.0022226971865062345,0.3859572768879324
NVDA261218C00230000,2026-10-05 19:59:58+00:00,230.0,20.3,20.3,21.35,2.6499996,15.014163,1239.0,25823.0,0.39276730285644534,True,REGULAR,USD,Call,2026-12-18,NVDA,2026-10-06T00:29:09.099978+00:00,238.9,0.0401800012588501,0.0022226971865062345,0.3859572768879324
NVDA261218C00235000,2026-10-05 19:58:49+00:00,235.0,17.42,17.3,18.05,2.4700003,16.521742,3783.0,14851.0,0.3768983209228516,True,REGULAR,USD,Call,2026-12-18,NVDA,2026-10-06T00:29:09.099978+00:00,238.9,0.0401800012588501,0.0022226971865062345,0.3859572768879324
NVDA261218C00240000,2026-10-05 19:59:40+00:00,240.0,14.68,14.65,15.25,1.9800005,15.590555,4878.0,28297.0,0.3675600354003906,False,REGULAR,USD,Call,2026-12-18,NVDA,2026-10-06T00:29:09.099978+00:00,238.9,0.0401800012588501,0.0022226971865062345,0.3859572768879324
NVDA261218C00245000,2026-10-05 19:58:27+00:00,245.0,12.35,12.25,12.55,1.8500004,17.619051,1949.0,19968.0,0.3548648498535155,False,REGULAR,USD,Call,2026-12-18,NVDA,2026-10-06T00:29:09.099978+00:00,238.9,0.0401800012588501,0.0022226971865062345,0.3859572768879324
NVDA261218C00250000,2026-10-05 19:59:59+00:00,250.0,10.35,10.15,10.7,1.7000008,19.653189,8035.0,51403.0,0.3562686444091796,False,REGULAR,USD,Call,2026-12-18,NVDA,2026-10-06T00:29:09.099978+00:00,238.9,0.0401800012588501,0.0022226971865062345,0.3859572768879324
NVDA261218C00255000,2026-10-05 19:57:16+00:00,255.0,8.5,8.35,9.9,1.3000002,18.055557,1723.0,11100.0,0.3777528045654296,False,REGULAR,USD,Call,2026-12-18,NVDA,2026-10-06T00:29:09.099978+00:00,238.9,0.0401800012588501,0.0022226971865062345,0.3859572768879324
NVDA261218C00260000,2026-10-05 19:58:38+00:00,260.0,6.95,6.65,7.2,1.1599998,20.03454,1800.0,25546.0,0.3469303588867187,False,REGULAR,USD,Call,2026-12-18,NVDA,2026-10-06T00:29:09.099978+00:00,238.9,0.0401800012588501,0.0022226971865062345,0.3859572768879324
NVDA261218C00265000,2026-10-05 19:59:27+00:00,265.0,5.54,5.45,6.0,0.88999987,19.139782,412.0,9663.0,0.34802898071289057,False,REGULAR,USD,Call,2026-12-18,NVDA,2026-10-06T00:29:09.099978+00:00,238.9,0.0401800012588501,0.0022226971865062345,0.3859572768879324
NVDA261218C00270000,2026-10-05 19:59:40+00:00,270.0,4.4,4.3,4.8,0.6500001,17.333336,1959.0,27974.0,0.3438786315917969,False,REGULAR,USD,Call,2026-12-18,NVDA,2026-10-06T00:29:09.099978+00:00,238.9,0.0401800012588501,0.0022226971865062345,0.3859572768879324
NVDA261218C00275000,2026-10-05 19:59:51+00:00,275.0,3.55,3.45,3.7,0.5799999,19.528616,2290.0,21387.0,0.33673758972167966,False,REGULAR,USD,Call,2026-12-18,NVDA,2026-10-06T00:29:09.099978+00:00,238.9,0.0401800012588501,0.0022226971865062345,0.3859572768879324
NVDA261218C00280000,2026-10-05 19:59:40+00:00,280.0,2.81,2.76,2.94,0.45000005,19.067799,2372.0,35520.0,0.33521172607421873,False,REGULAR,USD,Call,2026-12-18,NVDA,2026-10-06T00:29:09.099978+00:00,238.9,0.0401800012588501,0.0022226971865062345,0.3859572768879324
NVDA261218C00285000,2026-10-05 19:58:56+00:00,285.0,2.22,2.17,2.46,0.34000003,18.085108,658.0,7238.0,0.3398503515625,False,REGULAR,USD,Call,2026-12-18,NVDA,2026-10-06T00:29:09.099978+00:00,238.9,0.0401800012588501,0.0022226971865062345,0.3859572768879324
NVDA261218C00290000,2026-10-05 19:59:40+00:00,290.0,1.74,1.71,1.92,0.24000001,16.0,475.0,15733.0,0.33777517700195314,False,REGULAR,USD,Call,2026-12-18,NVDA,2026-10-06T00:29:09.099978+00:00,238.9,0.0401800012588501,0.0022226971865062345,0.3859572768879324
NVDA261218C00295000,2026-10-05 19:54:53+00:00,295.0,1.38,1.27,1.61,0.18999994,15.966381,157.0,5155.0,0.3425969061279296,False,REGULAR,USD,Call,2026-12-18,NVDA,2026-10-06T00:29:09.099978+00:00,238.9,0.0401800012588501,0.0022226971865062345,0.3859572768879324
NVDA261218C00300000,2026-10-05 19:59:40+00:00,300.0,1.11,1.05,1.2,0.15000004,15.625005,1547.0,48131.0,0.33789724609375,False,REGULAR,USD,Call,2026-12-18,NVDA,2026-10-06T00:29:09.099978+00:00,238.9,0.0401800012588501,0.0022226971865062345,0.3859572768879324
NVDA261218C00305000,2026-10-05 19:49:13+00:00,305.0,0.91,0.83,1.0,0.09000003,10.975615,431.0,6944.0,0.34229173339843744,False,REGULAR,USD,Call,2026-12-18,NVDA,2026-10-06T00:29:09.099978+00:00,238.9,0.0401800012588501,0.0022226971865062345,0.3859572768879324
NVDA261218C00310000,2026-10-05 18:34:50+00:00,310.0,0.72,0.68,0.85,0.050000012,7.462688,17.0,7329.0,0.3479069116210937,False,REGULAR,USD,Call,2026-12-18,NVDA,2026-10-06T00:29:09.099978+00:00,238.9,0.0401800012588501,0.0022226971865062345,0.3859572768879324
NVDA261218C00315000,2026-10-05 19:48:36+00:00,315.0,0.59,0.44,0.76,0.03999996,7.2727203,92.0,1109.0,0.35645174804687496,False,REGULAR,USD,Call,2026-12-18,NVDA,2026-10-06T00:29:09.099978+00:00,238.9,0.0401800012588501,0.0022226971865062345,0.3859572768879324
NVDA261218C00320000,2026-10-05 19:30:43+00:00,320.0,0.46,0.42,0.65,0.02000001,4.545457,46.0,6647.0,0.3617007189941406,False,REGULAR,USD,Call,2026-12-18,NVDA,2026-10-06T00:29:09.099978+00:00,238.9,0.0401800012588501,0.0022226971865062345,0.3859572768879324
NVDA261218C00325000,2026-10-05 18:55:04+00:00,325.0,0.38,0.34,0.5,0.0,0.0,6.0,3931.0,0.3601138208007812,False,REGULAR,USD,Call,2026-12-18,NVDA,2026-10-06T00:29:09.099978+00:00,238.9,0.0401800012588501,0.0022226971865062345,0.3859572768879324
NVDA261218C00330000,2026-10-05 19:51:31+00:00,330.0,0.34,0.29,0.39,0.050000012,17.241383,38.0,6132.0,0.35962554443359374,False,REGULAR,USD,Call,2026-12-18,NVDA,2026-10-06T00:29:09.099978+00:00,238.9,0.0401800012588501,0.0022226971865062345,0.3859572768879324
NVDA261218C00335000,2026-10-05 19:46:41+00:00,335.0,0.24,0.17,0.43,-0.010000005,-4.000002,4.0,775.0,0.3789124609375,False,REGULAR,USD,Call,2026-12-18,NVDA,2026-10-06T00:29:09.099978+00:00,238.9,0.0401800012588501,0.0022226971865062345,0.3859572768879324
NVDA261218C00340000,2026-10-05 19:47:35+00:00,340.0,0.27,0.15,0.31,0.050000012,22.727278,5.0,3318.0,0.37354142089843745,False,REGULAR,USD,Call,2026-12-18,NVDA,2026-10-06T00:29:09.099978+00:00,238.9,0.0401800012588501,0.0022226971865062345,0.3859572768879324
NVDA261218C00345000,2026-10-05 19:32:36+00:00,345.0,0.2,0.1,0.3,-0.00999999,-4.7619004,42.0,2752.0,0.3842835009765625,False,REGULAR,USD,Call,2026-12-18,NVDA,2026-10-06T00:29:09.099978+00:00,238.9,0.0401800012588501,0.0022226971865062345,0.3859572768879324
NVDA261218C00350000,2026-10-05 19:59:53+00:00,350.0,0.22,0.15,0.22,0.03999999,22.222216,24.0,3762.0,0.379889013671875,False,REGULAR,USD,Call,2026-12-18,NVDA,2026-10-06T00:29:09.099978+00:00,238.9,0.0401800012588501,0.0022226971865062345,0.3859572768879324
NVDA261218C00355000,2026-10-02 15:34:33+00:00,355.0,0.16,0.01,0.28,0.0,0.0,1.0,2970.0,0.40479110839843746,False,REGULAR,USD,Call,2026-12-18,NVDA,2026-10-06T00:29:09.099978+00:00,238.9,0.0401800012588501,0.0022226971865062345,0.3859572768879324
NVDA261218C00360000,2026-10-05 15:39:35+00:00,360.0,0.13,0.06,0.24,0.0,0.0,19.0,3445.0,0.40820904296875,False,REGULAR,USD,Call,2026-12-18,NVDA,2026-10-06T00:29:09.099978+00:00,238.9,0.0401800012588501,0.0022226971865062345,0.3859572768879324
NVDA261218C00365000,2026-10-02 18:54:09+00:00,365.0,0.12,0.07,0.24,0.0,0.0,3.0,486.0,0.4194393994140625,False,REGULAR,USD,Call,2026-12-18,NVDA,2026-10-06T00:29:09.099978+00:00,238.9,0.0401800012588501,0.0022226971865062345,0.3859572768879324
NVDA261218C00370000,2026-10-02 15:34:08+00:00,370.0,0.11,0.06,0.12,0.0,0.0,4.0,2585.0,0.39551385742187506,False,REGULAR,USD,Call,2026-12-18,NVDA,2026-10-06T00:29:09.099978+00:00,238.9,0.0401800012588501,0.0022226971865062345,0.3859572768879324
NVDA261218C00375000,2026-10-05 15:52:45+00:00,375.0,0.08,0.04,0.24,-0.09,-52.941177,7.0,595.0,0.4419001123046875,False,REGULAR,USD,Call,2026-12-18,NVDA,2026-10-06T00:29:09.099978+00:00,238.9,0.0401800012588501,0.0022226971865062345,0.3859572768879324
NVDA261218C00380000,2026-10-05 17:50:49+00:00,380.0,0.09,0.02,0.09,0.0,0.0,1082.0,1015.0,0.4023497265625,False,REGULAR,USD,Call,2026-12-18,NVDA,2026-10-06T00:29:09.099978+00:00,238.9,0.0401800012588501,0.0022226971865062345,0.3859572768879324
NVDA261218C00385000,2026-10-05 17:44:20+00:00,385.0,0.07,0.01,0.27,-0.04,-36.363636,1.0,1541.0,0.47070841796875,False,REGULAR,USD,Call,2026-12-18,NVDA,2026-10-06T00:29:09.099978+00:00,238.9,0.0401800012588501,0.0022226971865062345,0.3859572768879324
NVDA261218C00390000,2026-10-05 19:04:13+00:00,390.0,0.07,0.0,0.28,0.010000002,16.66667,8.0,4735.0,0.48389187988281257,False,REGULAR,USD,Call,2026-12-18,NVDA,2026-10-06T00:29:09.099978+00:00,238.9,0.0401800012588501,0.0022226971865062345,0.3859572768879324
NVDA261218C00400000,2026-10-05 17:27:31+00:00,400.0,0.06,0.05,0.06,0.009999998,19.999994,111.0,6912.0,0.42188078125,False,REGULAR,USD,Call,2026-12-18,NVDA,2026-10-06T00:29:09.099978+00:00,238.9,0.0401800012588501,0.0022226971865062345,0.3859572768879324
NVDA261218C00410000,2026-10-05 19:02:35+00:00,410.0,0.05,0.04,0.18,0.0,0.0,19.0,2914.0,0.49609878906250005,False,REGULAR,USD,Call,2026-12-18,NVDA,2026-10-06T00:29:09.099978+00:00,238.9,0.0401800012588501,0.0022226971865062345,0.3859572768879324
NVDA261218C00420000,2026-10-05 18:17:38+00:00,420.0,0.05,0.0,0.07,0.0,0.0,31.0,4771.0,0.46484910156250003,False,REGULAR,USD,Call,2026-12-18,NVDA,2026-10-06T00:29:09.099978+00:00,238.9,0.0401800012588501,0.0022226971865062345,0.3859572768879324
NVDA261218C00430000,2026-09-29 19:45:00+00:00,430.0,0.05,0.02,0.05,0.0,0.0,13.0,914.0,0.46484910156250003,False,REGULAR,USD,Call,2026-12-18,NVDA,2026-10-06T00:29:09.099978+00:00,238.9,0.0401800012588501,0.0022226971865062345,0.3859572768879324
NVDA261218C00440000,2026-10-05 19:39:08+00:00,440.0,0.05,0.0,0.1,0.010000002,25.000004,5.0,573.0,0.51562984375,False,REGULAR,USD,Call,2026-12-18,NVDA,2026-10-06T00:29:09.099978+00:00,238.9,0.0401800012588501,0.0022226971865062345,0.3859572768879324
NVDA261218C00450000,2026-10-05 18:39:08+00:00,450.0,0.01,0.0,0.08,-0.02,-66.66667,8.0,7867.0,0.5195360546875,False,REGULAR,USD,Call,2026-12-18,NVDA,2026-10-06T00:29:09.099978+00:00,238.9,0.0401800012588501,0.0022226971865062345,0.3859572768879324
NVDA261218C00455000,2026-10-02 14:39:41+00:00,455.0,0.03,0.01,0.04,0.0,0.0,85.0,3073.0,0.49414568359375005,False,REGULAR,USD,Call,2026-12-18,NVDA,2026-10-06T00:29:09.099978+00:00,238.9,0.0401800012588501,0.0022226971865062345,0.3859572768879324
NVDA261218C00460000,2026-10-05 16:44:38+00:00,460.0,0.02,0.0,0.03,0.0,0.0,80.0,17342.0,0.48828636718750007,False,REGULAR,USD,Call,2026-12-18,NVDA,2026-10-06T00:29:09.099978+00:00,238.9,0.0401800012588501,0.0022226971865062345,0.3859572768879324
NVDA261218C00470000,2024-06-06 18:40:08+00:00,470.0,810.3,812.7,828.8,0.0,0.0,2.0,39.0,0.0,False,REGULAR,USD,Call,2026-12-18,NVDA,2026-10-06T00:29:09.099978+00:00,238.9,0.0401800012588501,0.0022226971865062345,0.3859572768879324
NVDA261218C00480000,2024-06-07 19:41:58+00:00,480.0,813.2,806.0,821.4,-11.83,-1.43389,3.0,83.0,0.0,False,REGULAR,USD,Call,2026-12-18,NVDA,2026-10-06T00:29:09.099978+00:00,238.9,0.0401800012588501,0.0022226971865062345,0.3859572768879324
NVDA261218C00490000,2024-06-07 19:41:25+00:00,490.0,806.28,797.9,814.05,-0.23999,-0.0297563,1.0,276.0,0.0,False,REGULAR,USD,Call,2026-12-18,NVDA,2026-10-06T00:29:09.099978+00:00,238.9,0.0401800012588501,0.0022226971865062345,0.3859572768879324
NVDA261218C00500000,2024-06-07 19:51:48+00:00,500.0,797.0,790.85,805.9,1.0,0.125628,7.0,528.0,0.0,False,REGULAR,USD,Call,2026-12-18,NVDA,2026-10-06T00:29:09.099978+00:00,238.9,0.0401800012588501,0.0022226971865062345,0.3859572768879324
NVDA261218C00510000,2024-06-07 19:43:02+00:00,510.0,793.7,784.0,799.45,0.970032,0.122366,3.0,211.0,0.0,False,REGULAR,USD,Call,2026-12-18,NVDA,2026-10-06T00:29:09.099978+00:00,238.9,0.0401800012588501,0.0022226971865062345,0.3859572768879324
NVDA261218C00520000,2024-06-03 19:56:33+00:00,520.0,726.86,776.0,792.25,0.0,0.0,1.0,132.0,0.0,False,REGULAR,USD,Call,2026-12-18,NVDA,2026-10-06T00:29:09.099978+00:00,238.9,0.0401800012588501,0.0022226971865062345,0.3859572768879324
NVDA261218C00530000,2024-05-31 13:54:28+00:00,530.0,692.05,768.45,785.05,0.0,0.0,1.0,114.0,0.0,False,REGULAR,USD,Call,2026-12-18,NVDA,2026-10-06T00:29:09.099978+00:00,238.9,0.0401800012588501,0.0022226971865062345,0.3859572768879324
NVDA261218C00540000,2024-06-06 17:33:17+00:00,540.0,762.35,761.85,777.95,0.0,0.0,1.0,71.0,0.0,False,REGULAR,USD,Call,2026-12-18,NVDA,2026-10-06T00:29:09.099978+00:00,238.9,0.0401800012588501,0.0022226971865062345,0.3859572768879324
NVDA261218C00550000,2024-06-07 13:38:16+00:00,550.0,749.95,754.8,770.9,-43.05,-5.42875,1.0,389.0,0.0,False,REGULAR,USD,Call,2026-12-18,NVDA,2026-10-06T00:29:09.099978+00:00,238.9,0.0401800012588501,0.0022226971865062345,0.3859572768879324
NVDA261218C00560000,2024-06-06 15:56:22+00:00,560.0,755.0,748.0,763.95,0.0,0.0,2.0,96.0,0.0,False,REGULAR,USD,Call,2026-12-18,NVDA,2026-10-06T00:29:09.099978+00:00,238.9,0.0401800012588501,0.0022226971865062345,0.3859572768879324
NVDA261218C00570000,2024-06-06 13:55:07+00:00,570.0,739.64,740.0,757.0,0.0,0.0,1.0,69.0,0.0,False,REGULAR,USD,Call,2026-12-18,NVDA,2026-10-06T00:29:09.099978+00:00,238.9,0.0401800012588501,0.0022226971865062345,0.3859572768879324
NVDA261218C00580000,2024-06-07 16:00:12+00:00,580.0,727.94,734.2,749.25,-25.16,-3.34085,3.0,102.0,0.0,False,REGULAR,USD,Call,2026-12-18,NVDA,2026-10-06T00:29:09.099978+00:00,238.9,0.0401800012588501,0.0022226971865062345,0.3859572768879324
NVDA261218C00590000,2024-06-03 13:45:59+00:00,590.0,670.0,727.15,743.3,0.0,0.0,1.0,1167.0,0.0,False,REGULAR,USD,Call,2026-12-18,NVDA,2026-10-06T00:29:09.099978+00:00,238.9,0.0401800012588501,0.0022226971865062345,0.3859572768879324
NVDA261218C00600000,2024-06-07 13:43:21+00:00,600.0,710.0,720.35,736.5,-15.1,-2.08247,1.0,594.0,0.0,False,REGULAR,USD,Call,2026-12-18,NVDA,2026-10-06T00:29:09.099978+00:00,238.9,0.0401800012588501,0.0022226971865062345,0.3859572768879324
NVDA261218C00610000,2024-06-06 18:47:16+00:00,610.0,718.0,714.0,729.4,0.0,0.0,1.0,76.0,0.0,False,REGULAR,USD,Call,2026-12-18,NVDA,2026-10-06T00:29:09.099978+00:00,238.9,0.0401800012588501,0.0022226971865062345,0.3859572768879324
NVDA261218C00620000,2024-06-07 19:35:33+00:00,620.0,712.57,707.25,722.65,64.29,9.91701,6.0,193.0,0.0,False,REGULAR,USD,Call,2026-12-18,NVDA,2026-10-06T00:29:09.099978+00:00,238.9,0.0401800012588501,0.0022226971865062345,0.3859572768879324
NVDA261218C00630000,2024-06-07 19:48:38+00:00,630.0,709.5,700.4,716.55,58.55,8.99454,5.0,256.0,0.0,False,REGULAR,USD,Call,2026-12-18,NVDA,2026-10-06T00:29:09.099978+00:00,238.9,0.0401800012588501,0.0022226971865062345,0.3859572768879324
NVDA261218C00640000,2024-06-07 13:52:04+00:00,640.0,692.3,693.8,709.55,12.94,1.90473,1.0,116.0,0.0,False,REGULAR,USD,Call,2026-12-18,NVDA,2026-10-06T00:29:09.099978+00:00,238.9,0.0401800012588501,0.0022226971865062345,0.3859572768879324
NVDA261218C00650000,2024-06-07 19:48:38+00:00,650.0,696.13,687.3,703.45,5.20001,0.752611,8.0,320.0,0.0,False,REGULAR,USD,Call,2026-12-18,NVDA,2026-10-06T00:29:09.099978+00:00,238.9,0.0401800012588501,0.0022226971865062345,0.3859572768879324
NVDA261218C00660000,2024-06-07 14:09:30+00:00,660.0,675.89,681.1,696.15,-13.11,-1.90276,6.0,81.0,0.0,False,REGULAR,USD,Call,2026-12-18,NVDA,2026-10-06T00:29:09.099978+00:00,238.9,0.0401800012588501,0.0022226971865062345,0.3859572768879324
NVDA261218C00670000,2024-06-07 18:03:55+00:00,670.0,680.0,674.45,690.6,20.12,3.04904,2.0,128.0,0.0,False,REGULAR,USD,Call,2026-12-18,NVDA,2026-10-06T00:29:09.099978+00:00,238.9,0.0401800012588501,0.0022226971865062345,0.3859572768879324
NVDA261218C00680000,2024-06-05 18:58:59+00:00,680.0,684.02,668.0,684.25,0.0,0.0,2.0,129.0,0.0,False,REGULAR,USD,Call,2026-12-18,NVDA,2026-10-06T00:29:09.099978+00:00,238.9,0.0401800012588501,0.0022226971865062345,0.3859572768879324
NVDA261218C00690000,2024-06-07 19:45:50+00:00,690.0,671.94,661.85,677.55,-34.18,-4.84054,2.0,824.0,0.0,False,REGULAR,USD,Call,2026-12-18,NVDA,2026-10-06T00:29:09.099978+00:00,238.9,0.0401800012588501,0.0022226971865062345,0.3859572768879324
NVDA261218C00700000,2024-06-07 14:40:44+00:00,700.0,650.41,656.2,670.7,-8.99005,-1.36337,2.0,761.0,0.0,False,REGULAR,USD,Call,2026-12-18,NVDA,2026-10-06T00:29:09.099978+00:00,238.9,0.0401800012588501,0.0022226971865062345,0.3859572768879324
NVDA261218C00710000,2024-06-06 15:01:00+00:00,710.0,658.0,650.3,664.4,0.0,0.0,3.0,207.0,0.0,False,REGULAR,USD,Call,2026-12-18,NVDA,2026-10-06T00:29:09.099978+00:00,238.9,0.0401800012588501,0.0022226971865062345,0.3859572768879324
NVDA261218C00720000,2024-06-04 14:38:11+00:00,720.0,595.96,644.15,658.55,0.0,0.0,1.0,141.0,0.0,False,REGULAR,USD,Call,2026-12-18,NVDA,2026-10-06T00:29:09.099978+00:00,238.9,0.0401800012588501,0.0022226971865062345,0.3859572768879324
NVDA261218C00730000,2024-05-31 15:57:01+00:00,730.0,538.35,638.05,653.25,0.0,0.0,2.0,81.0,0.0,False,REGULAR,USD,Call,2026-12-18,NVDA,2026-10-06T00:29:09.099978+00:00,238.9,0.0401800012588501,0.0022226971865062345,0.3859572768879324
NVDA261218C00740000,2024-06-07 13:55:18+00:00,740.0,627.2,632.05,646.2,-16.98,-2.63591,1.0,539.0,0.0,False,REGULAR,USD,Call,2026-12-18,NVDA,2026-10-06T00:29:09.099978+00:00,238.9,0.0401800012588501,0.0022226971865062345,0.3859572768879324
NVDA261218C00750000,2024-06-07 16:59:47+00:00,750.0,638.0,626.1,641.0,5.90002,0.933401,2.0,640.0,0.0,False,REGULAR,USD,Call,2026-12-18,NVDA,2026-10-06T00:29:09.099978+00:00,238.9,0.0401800012588501,0.0022226971865062345,0.3859572768879324
NVDA261218C00760000,2024-06-07 17:27:21+00:00,760.0,631.55,620.05,634.65,25.55,4.21617,1.0,60.0,0.0,False,REGULAR,USD,Call,2026-12-18,NVDA,2026-10-06T00:29:09.099978+00:00,238.9,0.0401800012588501,0.0022226971865062345,0.3859572768879324
NVDA261218C00770000,2024-06-07 19:54:54+00:00,770.0,621.53,614.3,628.25,4.55005,0.737471,3.0,208.0,0.0,False,REGULAR,USD,Call,2026-12-18,NVDA,2026-10-06T00:29:09.099978+00:00,238.9,0.0401800012588501,0.0022226971865062345,0.3859572768879324
NVDA261218C00780000,2024-06-07 13:40:12+00:00,780.0,602.47,607.25,623.1,-18.58,-2.99171,2.0,93.0,0.0,False,REGULAR,USD,Call,2026-12-18,NVDA,2026-10-06T00:29:09.099978+00:00,238.9,0.0401800012588501,0.0022226971865062345,0.3859572768879324
NVDA261218C00790000,2024-06-07 13:40:12+00:00,790.0,596.47,602.75,616.9,-1.86005,-0.310873,2.0,150.0,0.0,False,REGULAR,USD,Call,2026-12-18,NVDA,2026-10-06T00:29:09.099978+00:00,238.9,0.0401800012588501,0.0022226971865062345,0.3859572768879324
NVDA261218C00800000,2024-06-07 14:52:18+00:00,800.0,591.15,597.05,611.2,-10.6,-1.76152,5.0,1713.0,0.0,False,REGULAR,USD,Call,2026-12-18,NVDA,2026-10-06T00:29:09.099978+00:00,238.9,0.0401800012588501,0.0022226971865062345,0.3859572768879324
NVDA261218C00810000,2024-06-07 15:11:48+00:00,810.0,582.67,591.45,605.75,4.76996,0.825395,3.0,238.0,0.0,False,REGULAR,USD,Call,2026-12-18,NVDA,2026-10-06T00:29:09.099978+00:00,238.9,0.0401800012588501,0.0022226971865062345,0.3859572768879324
NVDA261218C00820000,2024-06-07 14:14:16+00:00,820.0,582.1,585.85,600.25,-20.6,-3.41796,1.0,263.0,0.0,False,REGULAR,USD,Call,2026-12-18,NVDA,2026-10-06T00:29:09.099978+00:00,238.9,0.0401800012588501,0.0022226971865062345,0.3859572768879324
NVDA261218C00830000,2024-06-07 13:40:12+00:00,830.0,572.66,580.4,594.75,-16.44,-2.7907,2.0,302.0,0.0,False,REGULAR,USD,Call,2026-12-18,NVDA,2026-10-06T00:29:09.099978+00:00,238.9,0.0401800012588501,0.0022226971865062345,0.3859572768879324
NVDA261218C00840000,2024-06-06 14:59:21+00:00,840.0,584.48,574.9,589.65,0.0,0.0,7.0,230.0,0.0,False,REGULAR,USD,Call,2026-12-18,NVDA,2026-10-06T00:29:09.099978+00:00,238.9,0.0401800012588501,0.0022226971865062345,0.3859572768879324
NVDA261218C00850000,2024-06-07 16:16:49+00:00,850.0,572.0,569.5,583.65,-4.70001,-0.814984,2.0,585.0,0.0,False,REGULAR,USD,Call,2026-12-18,NVDA,2026-10-06T00:29:09.099978+00:00,238.9,0.0401800012588501,0.0022226971865062345,0.3859572768879324
NVDA261218C00860000,2024-06-07 16:32:27+00:00,860.0,573.0,564.0,578.05,-6.97998,-1.20349,7.0,271.0,0.0,False,REGULAR,USD,Call,2026-12-18,NVDA,2026-10-06T00:29:09.099978+00:00,238.9,0.0401800012588501,0.0022226971865062345,0.3859572768879324
NVDA261218C00870000,2024-06-07 16:20:31+00:00,870.0,563.49,558.75,572.6,-12.66,-2.19735,1.0,247.0,0.0,False,REGULAR,USD,Call,2026-12-18,NVDA,2026-10-06T00:29:09.099978+00:00,238.9,0.0401800012588501,0.0022226971865062345,0.3859572768879324
NVDA261218C00880000,2024-06-07 19:23:35+00:00,880.0,557.0,553.35,567.65,3.0,0.541516,2.0,720.0,0.0,False,REGULAR,USD,Call,2026-12-18,NVDA,2026-10-06T00:29:09.099978+00:00,238.9,0.0401800012588501,0.0022226971865062345,0.3859572768879324
NVDA261218C00890000,2024-06-07 18:01:31+00:00,890.0,553.4,548.15,562.2,5.45001,0.994619,35.0,124.0,0.0,False,REGULAR,USD,Call,2026-12-18,NVDA,2026-10-06T00:29:09.099978+00:00,238.9,0.0401800012588501,0.0022226971865062345,0.3859572768879324
NVDA261218C00900000,2024-06-07 19:55:53+00:00,900.0,548.77,543.05,557.1,-2.19,-0.397488,16.0,1874.0,0.0,False,REGULAR,USD,Call,2026-12-18,NVDA,2026-10-06T00:29:09.099978+00:00,238.9,0.0401800012588501,0.0022226971865062345,0.3859572768879324
NVDA261218C00910000,2024-06-07 13:33:31+00:00,910.0,529.62,537.8,551.8,-20.38,-3.70546,1.0,308.0,0.0,False,REGULAR,USD,Call,2026-12-18,NVDA,2026-10-06T00:29:09.099978+00:00,238.9,0.0401800012588501,0.0022226971865062345,0.3859572768879324
NVDA261218C00920000,2024-06-07 13:32:37+00:00,920.0,525.15,533.05,546.5,-10.55,-1.96938,1.0,255.0,0.0,False,REGULAR,USD,Call,2026-12-18,NVDA,2026-10-06T00:29:09.099978+00:00,238.9,0.0401800012588501,0.0022226971865062345,0.3859572768879324
NVDA261218C00930000,2024-06-07 18:11:47+00:00,930.0,529.6,527.95,541.85,13.38,2.59192,2.0,208.0,0.0,False,REGULAR,USD,Call,2026-12-18,NVDA,2026-10-06T00:29:09.099978+00:00,238.9,0.0401800012588501,0.0022226971865062345,0.3859572768879324
NVDA261218C00940000,2024-06-07 17:54:00+00:00,940.0,534.68,523.0,536.65,12.18,2.3311,2.0,198.0,0.0,False,REGULAR,USD,Call,2026-12-18,NVDA,2026-10-06T00:29:09.099978+00:00,238.9,0.0401800012588501,0.0022226971865062345,0.3859572768879324
NVDA261218C00950000,2024-06-07 18:12:59+00:00,950.0,520.0,517.95,531.8,5.71997,1.11223,1.0,306.0,0.0,False,REGULAR,USD,Call,2026-12-18,NVDA,2026-10-06T00:29:09.099978+00:00,238.9,0.0401800012588501,0.0022226971865062345,0.3859572768879324
NVDA261218C00960000,2024-06-07 15:09:16+00:00,960.0,505.85,513.0,526.9,-15.15,-2.90787,1.0,90.0,0.0,False,REGULAR,USD,Call,2026-12-18,NVDA,2026-10-06T00:29:09.099978+00:00,238.9,0.0401800012588501,0.0022226971865062345,0.3859572768879324
NVDA261218C00970000,2024-06-07 14:26:53+00:00,970.0,500.86,508.2,521.95,-23.26,-4.43792,2.0,432.0,0.0,False,REGULAR,USD,Call,2026-12-18,NVDA,2026-10-06T00:29:09.099978+00:00,238.9,0.0401800012588501,0.0022226971865062345,0.3859572768879324
NVDA261218C00980000,2024-06-07 14:26:53+00:00,980.0,496.14,503.7,517.15,-16.14,-3.15062,1.0,59.0,0.0,False,REGULAR,USD,Call,2026-12-18,NVDA,2026-10-06T00:29:09.099978+00:00,238.9,0.0401800012588501,0.0022226971865062345,0.3859572768879324
NVDA261218C00990000,2024-06-07 13:57:31+00:00,990.0,494.62,498.8,511.85,-12.86,-2.53409,1.0,130.0,0.0,False,REGULAR,USD,Call,2026-12-18,NVDA,2026-10-06T00:29:09.099978+00:00,238.9,0.0401800012588501,0.0022226971865062345,0.3859572768879324
NVDA261218C01000000,2024-06-07 19:56:47+00:00,1000.0,500.0,499.0,506.4,5.0,1.0101,29.0,1891.0,0.0,False,REGULAR,USD,Call,2026-12-18,NVDA,2026-10-06T00:29:09.099978+00:00,238.9,0.0401800012588501,0.0022226971865062345,0.3859572768879324
NVDA261218C01010000,2024-06-07 13:59:15+00:00,1010.0,483.7,489.35,503.3,-8.04999,-1.63701,5.0,87.0,0.0,False,REGULAR,USD,Call,2026-12-18,NVDA,2026-10-06T00:29:09.099978+00:00,238.9,0.0401800012588501,0.0022226971865062345,0.3859572768879324
NVDA261218C01020000,2024-06-07 14:41:15+00:00,1020.0,484.0,484.95,498.5,-11.85,-2.38984,7.0,160.0,0.0,False,REGULAR,USD,Call,2026-12-18,NVDA,2026-10-06T00:29:09.099978+00:00,238.9,0.0401800012588501,0.0022226971865062345,0.3859572768879324
NVDA261218C01030000,2024-06-07 14:41:25+00:00,1030.0,477.0,483.7,490.4,-13.95,-2.84143,2.0,60.0,0.0,False,REGULAR,USD,Call,2026-12-18,NVDA,2026-10-06T00:29:09.099978+00:00,238.9,0.0401800012588501,0.0022226971865062345,0.3859572768879324
NVDA261218C01040000,2024-06-05 18:01:32+00:00,1040.0,483.88,479.1,485.8,0.0,0.0,2.0,57.0,0.0,False,REGULAR,USD,Call,2026-12-18,NVDA,2026-10-06T00:29:09.099978+00:00,238.9,0.0401800012588501,0.0022226971865062345,0.3859572768879324
NVDA261218C01050000,2024-06-07 19:17:33+00:00,1050.0,475.32,474.5,481.9,0.320007,0.06737,5.0,1161.0,0.0,False,REGULAR,USD,Call,2026-12-18,NVDA,2026-10-06T00:29:09.099978+00:00,238.9,0.0401800012588501,0.0022226971865062345,0.3859572768879324
NVDA261218C01060000,2024-06-06 18:57:31+00:00,1060.0,466.0,470.3,476.95,0.0,0.0,1.0,51.0,0.0,False,REGULAR,USD,Call,2026-12-18,NVDA,2026-10-06T00:29:09.099978+00:00,238.9,0.0401800012588501,0.0022226971865062345,0.3859572768879324
NVDA261218C01070000,2024-06-07 17:34:55+00:00,1070.0,473.53,465.8,472.5,2.54999,0.541422,1.0,110.0,0.0,False,REGULAR,USD,Call,2026-12-18,NVDA,2026-10-06T00:29:09.099978+00:00,238.9,0.0401800012588501,0.0022226971865062345,0.3859572768879324
NVDA261218C01080000,2024-06-07 19:38:54+00:00,1080.0,464.85,461.45,468.2,-8.14999,-1.72304,1.0,147.0,0.0,False,REGULAR,USD,Call,2026-12-18,NVDA,2026-10-06T00:29:09.099978+00:00,238.9,0.0401800012588501,0.0022226971865062345,0.3859572768879324
NVDA261218C01090000,2024-06-07 19:38:54+00:00,1090.0,460.46,457.1,463.85,5.64999,1.24228,2.0,37.0,0.0,False,REGULAR,USD,Call,2026-12-18,NVDA,2026-10-06T00:29:09.099978+00:00,238.9,0.0401800012588501,0.0022226971865062345,0.3859572768879324
NVDA261218C01100000,2024-06-07 19:44:06+00:00,1100.0,458.14,453.45,459.2,5.94,1.31358,43.0,1802.0,0.0,False,REGULAR,USD,Call,2026-12-18,NVDA,2026-10-06T00:29:09.099978+00:00,238.9,0.0401800012588501,0.0022226971865062345,0.3859572768879324
NVDA261218C01110000,2024-06-07 19:58:18+00:00,1110.0,453.9,449.0,455.45,4.56,1.01482,4.0,77.0,0.0,False,REGULAR,USD,Call,2026-12-18,NVDA,2026-10-06T00:29:09.099978+00:00,238.9,0.0401800012588501,0.0022226971865062345,0.3859572768879324
NVDA261218C01120000,2024-06-07 19:39:44+00:00,1120.0,447.72,444.55,451.2,10.41,2.38046,3.0,197.0,0.0,False,REGULAR,USD,Call,2026-12-18,NVDA,2026-10-06T00:29:09.099978+00:00,238.9,0.0401800012588501,0.0022226971865062345,0.3859572768879324
NVDA261218C01130000,2024-06-07 16:43:02+00:00,1130.0,440.0,440.25,447.15,-10.91,-2.41955,2.0,278.0,0.0,False,REGULAR,USD,Call,2026-12-18,NVDA,2026-10-06T00:29:09.099978+00:00,238.9,0.0401800012588501,0.0022226971865062345,0.3859572768879324
NVDA261218C01140000,2024-06-06 19:04:37+00:00,1140.0,436.75,436.25,443.0,0.0,0.0,1.0,85.0,0.0,False,REGULAR,USD,Call,2026-12-18,NVDA,2026-10-06T00:29:09.099978+00:00,238.9,0.0401800012588501,0.0022226971865062345,0.3859572768879324
NVDA261218C01150000,2024-06-07 19:38:57+00:00,1150.0,436.0,432.7,438.45,0.410004,0.094126,6.0,181.0,0.0,False,REGULAR,USD,Call,2026-12-18,NVDA,2026-10-06T00:29:09.099978+00:00,238.9,0.0401800012588501,0.0022226971865062345,0.3859572768879324
NVDA261218C01160000,2024-06-07 19:27:26+00:00,1160.0,430.45,428.1,434.9,-0.569977,-0.132239,1.0,62.0,0.0,False,REGULAR,USD,Call,2026-12-18,NVDA,2026-10-06T00:29:09.099978+00:00,238.9,0.0401800012588501,0.0022226971865062345,0.3859572768879324
NVDA261218C01170000,2024-06-07 19:55:19+00:00,1170.0,428.05,424.1,428.0,3.97998,0.93852,26.0,114.0,0.0,False,REGULAR,USD,Call,2026-12-18,NVDA,2026-10-06T00:29:09.099978+00:00,238.9,0.0401800012588501,0.0022226971865062345,0.3859572768879324
NVDA261218C01180000,2024-06-07 14:42:24+00:00,1180.0,414.38,420.15,427.1,-5.88,-1.39913,1.0,149.0,0.0,False,REGULAR,USD,Call,2026-12-18,NVDA,2026-10-06T00:29:09.099978+00:00,238.9,0.0401800012588501,0.0022226971865062345,0.3859572768879324
NVDA261218C01190000,2024-06-07 17:22:35+00:00,1190.0,424.72,416.25,423.1,13.21,3.21013,10.0,87.0,0.0,False,REGULAR,USD,Call,2026-12-18,NVDA,2026-10-06T00:29:09.099978+00:00,238.9,0.0401800012588501,0.0022226971865062345,0.3859572768879324
NVDA261218C01200000,2024-06-07 19:59:28+00:00,1200.0,415.92,412.55,419.0,-1.40997,-0.337856,55.0,1201.0,0.0,False,REGULAR,USD,Call,2026-12-18,NVDA,2026-10-06T00:29:09.099978+00:00,238.9,0.0401800012588501,0.0022226971865062345,0.3859572768879324
NVDA261218C01210000,2024-06-07 19:50:43+00:00,1210.0,413.47,408.7,415.5,-1.07001,-0.258119,68.0,102.0,0.0,False,REGULAR,USD,Call,2026-12-18,NVDA,2026-10-06T00:29:09.099978+00:00,238.9,0.0401800012588501,0.0022226971865062345,0.3859572768879324
NVDA261218C01220000,2024-06-07 19:42:45+00:00,1220.0,411.05,404.85,411.7,6.04999,1.49382,16.0,350.0,0.0,False,REGULAR,USD,Call,2026-12-18,NVDA,2026-10-06T00:29:09.099978+00:00,238.9,0.0401800012588501,0.0022226971865062345,0.3859572768879324
NVDA261218C01230000,2024-06-07 16:01:49+00:00,1230.0,394.52,399.55,409.15,-12.22,-3.00438,2.0,1771.0,0.0,False,REGULAR,USD,Call,2026-12-18,NVDA,2026-10-06T00:29:09.099978+00:00,238.9,0.0401800012588501,0.0022226971865062345,0.3859572768879324
NVDA261218C01240000,2024-06-07 17:37:10+00:00,1240.0,405.0,397.3,404.3,2.29001,0.56865,15.0,49.0,0.0,False,REGULAR,USD,Call,2026-12-18,NVDA,2026-10-06T00:29:09.099978+00:00,238.9,0.0401800012588501,0.0022226971865062345,0.3859572768879324
NVDA261218C01250000,2024-06-07 19:47:41+00:00,1250.0,398.05,394.25,400.05,-5.20001,-1.28953,31.0,673.0,0.0,False,REGULAR,USD,Call,2026-12-18,NVDA,2026-10-06T00:29:09.099978+00:00,238.9,0.0401800012588501,0.0022226971865062345,0.3859572768879324
NVDA261218C01260000,2024-06-07 19:47:41+00:00,1260.0,394.28,389.95,397.05,3.87,0.991264,17.0,107.0,0.0,False,REGULAR,USD,Call,2026-12-18,NVDA,2026-10-06T00:29:09.099978+00:00,238.9,0.0401800012588501,0.0022226971865062345,0.3859572768879324
NVDA261218C01270000,2024-06-06 18:14:38+00:00,1270.0,382.61,386.5,393.4,0.0,0.0,3.0,35.0,0.0,False,REGULAR,USD,Call,2026-12-18,NVDA,2026-10-06T00:29:09.099978+00:00,238.9,0.0401800012588501,0.0022226971865062345,0.3859572768879324
NVDA261218C01280000,2024-06-06 19:53:12+00:00,1280.0,389.0,382.85,390.0,0.0,0.0,4.0,50.0,0.0,False,REGULAR,USD,Call,2026-12-18,NVDA,2026-10-06T00:29:09.099978+00:00,238.9,0.0401800012588501,0.0022226971865062345,0.3859572768879324
NVDA261218C01290000,2024-06-06 16:34:52+00:00,1290.0,369.28,379.3,386.3,0.0,0.0,4.0,93.0,0.0,False,REGULAR,USD,Call,2026-12-18,NVDA,2026-10-06T00:29:09.099978+00:00,238.9,0.0401800012588501,0.0022226971865062345,0.3859572768879324
NVDA261218C01300000,2024-06-07 17:06:32+00:00,1300.0,385.0,376.45,382.3,8.70001,2.31199,25.0,3764.0,0.0,False,REGULAR,USD,Call,2026-12-18,NVDA,2026-10-06T00:29:09.099978+00:00,238.9,0.0401800012588501,0.0022226971865062345,0.3859572768879324
NVDA261218C01320000,2024-06-07 18:37:51+00:00,1320.0,371.45,369.0,375.6,-3.85999,-1.02848,3.0,186.0,0.0,False,REGULAR,USD,Call,2026-12-18,NVDA,2026-10-06T00:29:09.099978+00:00,238.9,0.0401800012588501,0.0022226971865062345,0.3859572768879324
NVDA261218C01340000,2024-06-07 19:55:51+00:00,1340.0,365.23,362.2,368.95,-2.47,-0.671744,1.0,165.0,0.0,False,REGULAR,USD,Call,2026-12-18,NVDA,2026-10-06T00:29:09.099978+00:00,238.9,0.0401800012588501,0.0022226971865062345,0.3859572768879324
NVDA261218C01360000,2024-06-07 17:45:41+00:00,1360.0,361.2,355.6,362.35,5.49002,1.5434,2.0,54.0,0.0,False,REGULAR,USD,Call,2026-12-18,NVDA,2026-10-06T00:29:09.099978+00:00,238.9,0.0401800012588501,0.0022226971865062345,0.3859572768879324
NVDA261218C01380000,2024-06-06 17:24:38+00:00,1380.0,349.08,349.15,355.35,0.0,0.0,7.0,247.0,0.0,False,REGULAR,USD,Call,2026-12-18,NVDA,2026-10-06T00:29:09.099978+00:00,238.9,0.0401800012588501,0.0022226971865062345,0.3859572768879324
NVDA261218C01400000,2024-06-07 19:59:56+00:00,1400.0,346.75,343.0,348.9,2.25,0.65312,27.0,877.0,0.0,False,REGULAR,USD,Call,2026-12-18,NVDA,2026-10-06T00:29:09.099978+00:00,238.9,0.0401800012588501,0.0022226971865062345,0.3859572768879324
NVDA261218C01420000,2024-06-07 19:48:47+00:00,1420.0,341.32,336.6,342.85,12.97,3.95005,4.0,84.0,0.0,False,REGULAR,USD,Call,2026-12-18,NVDA,2026-10-06T00:29:09.099978+00:00,238.9,0.0401800012588501,0.0022226971865062345,0.3859572768879324
NVDA261218C01440000,2024-06-07 19:48:47+00:00,1440.0,335.07,330.6,338.55,5.07001,1.53637,1.0,114.0,0.0,False,REGULAR,USD,Call,2026-12-18,NVDA,2026-10-06T00:29:09.099978+00:00,238.9,0.0401800012588501,0.0022226971865062345,0.3859572768879324
NVDA261218C01460000,2024-06-06 14:27:02+00:00,1460.0,328.0,324.6,331.35,0.0,0.0,3.0,164.0,0.0,False,REGULAR,USD,Call,2026-12-18,NVDA,2026-10-06T00:29:09.099978+00:00,238.9,0.0401800012588501,0.0022226971865062345,0.3859572768879324
NVDA261218C01480000,2024-06-06 17:00:02+00:00,1480.0,309.0,318.8,326.35,0.0,0.0,27.0,597.0,0.0,False,REGULAR,USD,Call,2026-12-18,NVDA,2026-10-06T00:29:09.099978+00:00,238.9,0.0401800012588501,0.0022226971865062345,0.3859572768879324
NVDA261218C01500000,2024-06-07 19:38:06+00:00,1500.0,318.0,313.6,318.5,-2.0,-0.625,24.0,742.0,0.0,False,REGULAR,USD,Call,2026-12-18,NVDA,2026-10-06T00:29:09.099978+00:00,238.9,0.0401800012588501,0.0022226971865062345,0.3859572768879324
NVDA261218C01520000,2024-06-07 19:49:53+00:00,1520.0,312.57,307.5,314.15,-0.910004,-0.290291,8.0,50.0,0.0,False,REGULAR,USD,Call,2026-12-18,NVDA,2026-10-06T00:29:09.099978+00:00,238.9,0.0401800012588501,0.0022226971865062345,0.3859572768879324
NVDA261218C01540000,2024-06-07 19:49:53+00:00,1540.0,305.77,301.95,308.45,-1.94,-0.630465,80.0,100.0,0.0,False,REGULAR,USD,Call,2026-12-18,NVDA,2026-10-06T00:29:09.099978+00:00,238.9,0.0401800012588501,0.0022226971865062345,0.3859572768879324
NVDA261218C01560000,2024-06-06 19:16:47+00:00,1560.0,297.94,296.7,304.0,0.0,0.0,8.0,365.0,0.0,False,REGULAR,USD,Call,2026-12-18,NVDA,2026-10-06T00:29:09.099978+00:00,238.9,0.0401800012588501,0.0022226971865062345,0.3859572768879324
NVDA261218C01580000,2024-06-06 15:48:15+00:00,1580.0,294.32,291.3,298.3,0.0,0.0,8.0,42.0,0.0,False,REGULAR,USD,Call,2026-12-18,NVDA,2026-10-06T00:29:09.099978+00:00,238.9,0.0401800012588501,0.0022226971865062345,0.3859572768879324
NVDA261218C01600000,2024-06-07 19:42:27+00:00,1600.0,292.0,286.95,293.1,5.0,1.74216,16.0,155.0,0.0,False,REGULAR,USD,Call,2026-12-18,NVDA,2026-10-06T00:29:09.099978+00:00,238.9,0.0401800012588501,0.0022226971865062345,0.3859572768879324
NVDA261218C01620000,2024-06-07 17:11:08+00:00,1620.0,289.05,281.3,287.6,-1.95001,-0.670107,1.0,102.0,0.0,False,REGULAR,USD,Call,2026-12-18,NVDA,2026-10-06T00:29:09.099978+00:00,238.9,0.0401800012588501,0.0022226971865062345,0.3859572768879324
NVDA261218C01640000,2024-06-07 18:44:59+00:00,1640.0,280.0,275.15,284.6,3.60001,1.30246,5.0,3193.0,0.0,False,REGULAR,USD,Call,2026-12-18,NVDA,2026-10-06T00:29:09.099978+00:00,238.9,0.0401800012588501,0.0022226971865062345,0.3859572768879324
NVDA261218C01650000,2024-06-07 16:25:05+00:00,1650.0,280.5,274.45,280.0,7.31,2.67579,8.0,29.0,0.0,False,REGULAR,USD,Call,2026-12-18,NVDA,2026-10-06T00:29:09.099978+00:00,238.9,0.0401800012588501,0.0022226971865062345,0.3859572768879324
NVDA261218C01660000,2024-05-28 14:11:33+00:00,1660.0,219.12,271.35,277.75,0.0,0.0,10.0,67.0,0.0,False,REGULAR,USD,Call,2026-12-18,NVDA,2026-10-06T00:29:09.099978+00:00,238.9,0.0401800012588501,0.0022226971865062345,0.3859572768879324
NVDA261218C01670000,2024-05-23 17:30:53+00:00,1670.0,190.46,269.1,276.55,0.0,0.0,3.0,43.0,0.0,False,REGULAR,USD,Call,2026-12-18,NVDA,2026-10-06T00:29:09.099978+00:00,238.9,0.0401800012588501,0.0022226971865062345,0.3859572768879324
NVDA261218C01680000,2024-06-05 15:08:11+00:00,1680.0,262.92,266.8,272.55,0.0,0.0,4.0,95.0,0.0,False,REGULAR,USD,Call,2026-12-18,NVDA,2026-10-06T00:29:09.099978+00:00,238.9,0.0401800012588501,0.0022226971865062345,0.3859572768879324
NVDA261218C01690000,2024-06-07 13:33:21+00:00,1690.0,259.2,264.45,270.2,-7.79999,-2.92134,1.0,19.0,0.0,False,REGULAR,USD,Call,2026-12-18,NVDA,2026-10-06T00:29:09.099978+00:00,238.9,0.0401800012588501,0.0022226971865062345,0.3859572768879324
NVDA261218C01700000,2024-06-07 16:26:31+00:00,1700.0,265.62,262.75,268.85,1.62,0.613635,11.0,141.0,0.0,False,REGULAR,USD,Call,2026-12-18,NVDA,2026-10-06T00:29:09.099978+00:00,238.9,0.0401800012588501,0.0022226971865062345,0.3859572768879324
NVDA261218C01710000,2024-06-07 13:38:07+00:00,1710.0,258.3,259.7,265.6,-2.53,-0.96998,2.0,2.0,0.0,False,REGULAR,USD,Call,2026-12-18,NVDA,2026-10-06T00:29:09.099978+00:00,238.9,0.0401800012588501,0.0022226971865062345,0.3859572768879324
NVDA261218C01720000,2024-06-06 14:06:14+00:00,1720.0,262.55,258.65,263.4,0.0,0.0,2.0,6.0,0.0,False,REGULAR,USD,Call,2026-12-18,NVDA,2026-10-06T00:29:09.099978+00:00,238.9,0.0401800012588501,0.0022226971865062345,0.3859572768879324
NVDA261218C01730000,2024-06-05 17:11:27+00:00,1730.0,256.21,257.0,261.1,0.0,0.0,12.0,34.0,0.0,False,REGULAR,USD,Call,2026-12-18,NVDA,2026-10-06T00:29:09.099978+00:00,238.9,0.0401800012588501,0.0022226971865062345,0.3859572768879324
NVDA261218C01740000,2024-06-07 16:04:35+00:00,1740.0,250.06,254.8,258.8,-8.01001,-3.10381,2.0,256.0,0.0,False,REGULAR,USD,Call,2026-12-18,NVDA,2026-10-06T00:29:09.099978+00:00,238.9,0.0401800012588501,0.0022226971865062345,0.3859572768879324
NVDA261218C01750000,2024-06-05 19:38:43+00:00,1750.0,259.95,252.65,256.5,0.0,0.0,36.0,89.0,0.0,False,REGULAR,USD,Call,2026-12-18,NVDA,2026-10-06T00:29:09.099978+00:00,238.9,0.0401800012588501,0.0022226971865062345,0.3859572768879324
NVDA261218C01760000,2024-06-05 19:10:45+00:00,1760.0,256.85,248.9,256.0,0.0,0.0,10.0,1624.0,0.0,False,REGULAR,USD,Call,2026-12-18,NVDA,2026-10-06T00:29:09.099978+00:00,238.9,0.0401800012588501,0.0022226971865062345,0.3859572768879324
NVDA261218C01770000,2024-06-05 19:33:20+00:00,1770.0,252.6,248.3,252.6,0.0,0.0,6.0,32.0,0.0,False,REGULAR,USD,Call,2026-12-18,NVDA,2026-10-06T00:29:09.099978+00:00,238.9,0.0401800012588501,0.0022226971865062345,0.3859572768879324
NVDA261218C01780000,2024-06-06 18:47:41+00:00,1780.0,247.71,246.15,250.55,0.0,0.0,10.0,82.0,0.0,False,REGULAR,USD,Call,2026-12-18,NVDA,2026-10-06T00:29:09.099978+00:00,238.9,0.0401800012588501,0.0022226971865062345,0.3859572768879324
NVDA261218C01790000,2024-06-07 15:04:34+00:00,1790.0,239.0,244.1,248.4,-5.17,-2.11738,3.0,240.0,0.0,False,REGULAR,USD,Call,2026-12-18,NVDA,2026-10-06T00:29:09.099978+00:00,238.9,0.0401800012588501,0.0022226971865062345,0.3859572768879324
NVDA261218C01800000,2024-06-07 18:38:09+00:00,1800.0,241.93,242.1,245.9,0.109985,0.0454823,71.0,662.0,0.0,False,REGULAR,USD,Call,2026-12-18,NVDA,2026-10-06T00:29:09.099978+00:00,238.9,0.0401800012588501,0.0022226971865062345,0.3859572768879324
NVDA261218C01810000,2024-05-07 15:24:58+00:00,1810.0,116.85,239.6,244.55,0.0,0.0,8.0,18.0,0.0,False,REGULAR,USD,Call,2026-12-18,NVDA,2026-10-06T00:29:09.099978+00:00,238.9,0.0401800012588501,0.0022226971865062345,0.3859572768879324
NVDA261218C01820000,2024-06-07 19:02:11+00:00,1820.0,241.55,238.0,242.25,14.5,6.38626,4.0,68.0,0.0,False,REGULAR,USD,Call,2026-12-18,NVDA,2026-10-06T00:29:09.099978+00:00,238.9,0.0401800012588501,0.0022226971865062345,0.3859572768879324
NVDA261218C01830000,2024-06-05 14:18:27+00:00,1830.0,227.74,235.9,240.2,0.0,0.0,2.0,40.0,14.242188598632813,False,REGULAR,USD,Call,2026-12-18,NVDA,2026-10-06T00:29:09.099978+00:00,238.9,0.0401800012588501,0.0022226971865062345,0.3859572768879324
NVDA261218C01840000,2024-06-07 18:32:28+00:00,1840.0,234.85,233.9,238.2,-4.29999,-1.79803,2.0,101.0,12.606447433471683,False,REGULAR,USD,Call,2026-12-18,NVDA,2026-10-06T00:29:09.099978+00:00,238.9,0.0401800012588501,0.0022226971865062345,0.3859572768879324
NVDA261218C01850000,2024-06-06 15:58:15+00:00,1850.0,232.0,232.0,235.85,0.0,0.0,1.0,36.0,11.788576850891115,False,REGULAR,USD,Call,2026-12-18,NVDA,2026-10-06T00:29:09.099978+00:00,238.9,0.0401800012588501,0.0022226971865062345,0.3859572768879324
NVDA261218C01860000,2024-06-07 19:05:51+00:00,1860.0,232.85,229.95,234.3,0.0,0.0,5.0,33.0,11.31494433441162,False,REGULAR,USD,Call,2026-12-18,NVDA,2026-10-06T00:29:09.099978+00:00,238.9,0.0401800012588501,0.0022226971865062345,0.3859572768879324
NVDA261218C01870000,2024-06-05 19:18:53+00:00,1870.0,235.37,228.05,231.9,0.0,0.0,9.0,67.0,10.877444607849121,False,REGULAR,USD,Call,2026-12-18,NVDA,2026-10-06T00:29:09.099978+00:00,238.9,0.0401800012588501,0.0022226971865062345,0.3859572768879324
NVDA261218C01880000,2024-06-07 16:30:03+00:00,1880.0,230.0,226.05,230.4,1.92999,0.846228,1.0,54.0,10.586185024261479,False,REGULAR,USD,Call,2026-12-18,NVDA,2026-10-06T00:29:09.099978+00:00,238.9,0.0401800012588501,0.0022226971865062345,0.3859572768879324
NVDA261218C01890000,2024-06-06 17:15:47+00:00,1890.0,220.65,224.35,228.5,0.0,0.0,1.0,37.0,10.327640263977054,False,REGULAR,USD,Call,2026-12-18,NVDA,2026-10-06T00:29:09.099978+00:00,238.9,0.0401800012588501,0.0022226971865062345,0.3859572768879324
NVDA261218C01900000,2024-06-07 18:28:47+00:00,1900.0,224.0,222.35,226.3,3.39,1.53665,33.0,401.0,10.06348027282715,False,REGULAR,USD,Call,2026-12-18,NVDA,2026-10-06T00:29:09.099978+00:00,238.9,0.0401800012588501,0.0022226971865062345,0.3859572768879324
NVDA261218C01910000,2024-06-06 14:03:59+00:00,1910.0,220.97,220.55,224.45,0.0,0.0,3.0,20.0,9.860111259307864,False,REGULAR,USD,Call,2026-12-18,NVDA,2026-10-06T00:29:09.099978+00:00,238.9,0.0401800012588501,0.0022226971865062345,0.3859572768879324
NVDA261218C01920000,2024-05-29 16:36:08+00:00,1920.0,188.7,218.7,222.65,0.0,0.0,1.0,74.0,9.675541062164307,False,REGULAR,USD,Call,2026-12-18,NVDA,2026-10-06T00:29:09.099978+00:00,238.9,0.0401800012588501,0.0022226971865062345,0.3859572768879324
NVDA261218C01930000,2024-06-03 14:21:57+00:00,1930.0,181.4,216.8,220.8,0.0,0.0,2.0,101.0,9.501713045806884,False,REGULAR,USD,Call,2026-12-18,NVDA,2026-10-06T00:29:09.099978+00:00,238.9,0.0401800012588501,0.0022226971865062345,0.3859572768879324
NVDA261218C01940000,2024-06-07 19:58:31+00:00,1940.0,217.0,214.5,219.55,6.0,2.8436,5.0,1895.0,9.349613531494143,False,REGULAR,USD,Call,2026-12-18,NVDA,2026-10-06T00:29:09.099978+00:00,238.9,0.0401800012588501,0.0022226971865062345,0.3859572768879324
NVDA261218C01950000,2024-06-05 18:33:35+00:00,1950.0,217.01,213.6,217.25,0.0,0.0,7.0,8.0,9.221928064422606,False,REGULAR,USD,Call,2026-12-18,NVDA,2026-10-06T00:29:09.099978+00:00,238.9,0.0401800012588501,0.0022226971865062345,0.3859572768879324
NVDA261218C02000000,2024-06-07 19:30:30+00:00,2000.0,206.64,204.75,208.65,-4.16,-1.97344,212.0,283.0,8.631108121185303,False,REGULAR,USD,Call,2026-12-18,NVDA,2026-10-06T00:29:09.099978+00:00,238.9,0.0401800012588501,0.0022226971865062345,0.3859572768879324
NVDA261218C02050000,2024-06-07 18:49:12+00:00,2050.0,198.83,196.5,200.85,0.830002,0.419193,2.0,5.0,8.198124993362427,False,REGULAR,USD,Call,2026-12-18,NVDA,2026-10-06T00:29:09.099978+00:00,238.9,0.0401800012588501,0.0022226971865062345,0.3859572768879324
NVDA261218C02100000,2024-06-07 13:47:27+00:00,2100.0,186.4,188.9,192.6,-1.17001,-0.623774,4.0,64.0,7.835632529678345,False,REGULAR,USD,Call,2026-12-18,NVDA,2026-10-06T00:29:09.099978+00:00,238.9,0.0401800012588501,0.0022226971865062345,0.3859572768879324
NVDA261218C02120000,2024-06-07 17:33:12+00:00,2120.0,190.0,185.5,189.7,4.60001,2.48113,1.0,129.0,7.704956423492432,False,REGULAR,USD,Call,2026-12-18,NVDA,2026-10-06T00:29:09.099978+00:00,238.9,0.0401800012588501,0.0022226971865062345,0.3859572768879324
NVDA261218C02130000,2024-06-06 19:48:44+00:00,2130.0,186.65,184.0,188.15,186.65,,,6.0,7.6440434136962905,False,REGULAR,USD,Call,2026-12-18,NVDA,2026-10-06T00:29:09.099978+00:00,238.9,0.0401800012588501,0.0022226971865062345,0.3859572768879324
NVDA261218C02150000,2024-06-03 14:54:59+00:00,2150.0,147.0,181.25,185.1,0.0,0.0,2.0,1.0,7.532471287536621,False,REGULAR,USD,Call,2026-12-18,NVDA,2026-10-06T00:29:09.099978+00:00,238.9,0.0401800012588501,0.0022226971865062345,0.3859572768879324
NVDA261218C02170000,2024-05-29 15:43:35+00:00,2170.0,150.36,178.15,182.35,0.0,0.0,,1.0,7.4243171258544916,False,REGULAR,USD,Call,2026-12-18,NVDA,2026-10-06T00:29:09.099978+00:00,238.9,0.0401800012588501,0.0022226971865062345,0.3859572768879324
NVDA261218C02180000,2024-06-05 13:57:52+00:00,2180.0,170.5,176.8,180.95,170.5,,,1.0,7.375122851409912,False,REGULAR,USD,Call,2026-12-18,NVDA,2026-10-06T00:29:09.099978+00:00,238.9,0.0401800012588501,0.0022226971865062345,0.3859572768879324
NVDA261218C02200000,2024-06-07 19:30:30+00:00,2200.0,176.05,174.35,178.1,2.61,1.50484,2.0,87.0,7.283081950836182,False,REGULAR,USD,Call,2026-12-18,NVDA,2026-10-06T00:29:09.099978+00:00,238.9,0.0401800012588501,0.0022226971865062345,0.3859572768879324
NVDA261218C02210000,2024-06-06 15:39:14+00:00,2210.0,173.55,172.6,176.7,0.0,0.0,1.0,9.0,7.229065905075074,False,REGULAR,USD,Call,2026-12-18,NVDA,2026-10-06T00:29:09.099978+00:00,238.9,0.0401800012588501,0.0022226971865062345,0.3859572768879324
NVDA261218C02220000,2024-06-06 13:30:03+00:00,2220.0,184.7,171.25,175.35,184.7,,,1.0,7.184083051147462,False,REGULAR,USD,Call,2026-12-18,NVDA,2026-10-06T00:29:09.099978+00:00,238.9,0.0401800012588501,0.0022226971865062345,0.3859572768879324
NVDA261218C02230000,2024-05-30 19:22:51+00:00,2230.0,137.8,170.15,174.0,0.0,0.0,2.0,1.0,7.144227143936159,False,REGULAR,USD,Call,2026-12-18,NVDA,2026-10-06T00:29:09.099978+00:00,238.9,0.0401800012588501,0.0022226971865062345,0.3859572768879324
NVDA261218C02240000,2024-05-31 15:51:57+00:00,2240.0,125.0,168.55,172.65,0.0,0.0,4.0,1.0,7.096192536010743,False,REGULAR,USD,Call,2026-12-18,NVDA,2026-10-06T00:29:09.099978+00:00,238.9,0.0401800012588501,0.0022226971865062345,0.3859572768879324
NVDA261218C02250000,2024-06-07 16:11:09+00:00,2250.0,166.86,167.55,171.1,3.52,2.15502,40.0,16.0,7.0557873130798345,False,REGULAR,USD,Call,2026-12-18,NVDA,2026-10-06T00:29:09.099978+00:00,238.9,0.0401800012588501,0.0022226971865062345,0.3859572768879324
NVDA261218C02260000,2024-06-06 15:08:40+00:00,2260.0,170.5,165.95,170.0,0.0,0.0,2.0,3.0,7.0134289675903325,False,REGULAR,USD,Call,2026-12-18,NVDA,2026-10-06T00:29:09.099978+00:00,238.9,0.0401800012588501,0.0022226971865062345,0.3859572768879324
NVDA261218C02270000,2024-06-07 15:12:40+00:00,2270.0,162.3,164.7,168.7,18.46,12.8337,21.0,20.0,6.974122376098633,False,REGULAR,USD,Call,2026-12-18,NVDA,2026-10-06T00:29:09.099978+00:00,238.9,0.0401800012588501,0.0022226971865062345,0.3859572768879324
NVDA261218C02280000,2024-06-07 19:52:42+00:00,2280.0,165.0,163.4,167.35,-3.0,-1.78571,170.0,4395.0,6.933717153167724,False,REGULAR,USD,Call,2026-12-18,NVDA,2026-10-06T00:29:09.099978+00:00,238.9,0.0401800012588501,0.0022226971865062345,0.3859572768879324
NVDA261218C02300000,2024-06-07 19:06:33+00:00,2300.0,163.7,161.15,164.7,163.7,,82.0,0.0,6.860841267700195,False,REGULAR,USD,Call,2026-12-18,NVDA,2026-10-06T00:29:09.099978+00:00,238.9,0.0401800012588501,0.0022226971865062345,0.3859572768879324
NVDA261218C02350000,2024-06-07 13:30:00+00:00,2350.0,154.05,155.05,158.6,154.05,,1.0,5.0,6.68658611442566,False,REGULAR,USD,Call,2026-12-18,NVDA,2026-10-06T00:29:09.099978+00:00,238.9,0.0401800012588501,0.0022226971865062345,0.3859572768879324
NVDA261218C02400000,2024-06-07 19:24:02+00:00,2400.0,151.0,149.15,152.75,151.0,,13.0,107.0,6.527650766220094,False,REGULAR,USD,Call,2026-12-18,NVDA,2026-10-06T00:29:09.099978+00:00,238.9,0.0401800012588501,0.0022226971865062345,0.3859572768879324
NVDA261218C02450000,2024-06-07 19:25:44+00:00,2450.0,145.12,143.6,147.2,145.12,,14.0,,6.384889714202881,False,REGULAR,USD,Call,2026-12-18,NVDA,2026-10-06T00:29:09.099978+00:00,238.9,0.0401800012588501,0.0022226971865062345,0.3859572768879324
NVDA261218C02500000,2024-06-07 19:25:44+00:00,2500.0,139.77,138.55,140.8,139.77,,92.0,,6.242555907745361,False,REGULAR,USD,Call,2026-12-18,NVDA,2026-10-06T00:29:09.099978+00:00,238.9,0.0401800012588501,0.0022226971865062345,0.3859572768879324
NVDA261218P00000500,2026-09-03 13:32:32+00:00,0.5,0.01,0.0,0.01,0.0,0.0,9.0,31542.0,4.500004375,False,REGULAR,USD,Put,2026-12-18,NVDA,2026-10-06T00:29:09.099978+00:00,238.9,0.0401800012588501,0.0022226971865062345,0.3859572768879324
NVDA261218P00001000,2026-10-01 13:30:00+00:00,1.0,0.01,0.0,0.01,0.0,0.0,1.0,5945.0,3.8750003125,False,REGULAR,USD,Put,2026-12-18,NVDA,2026-10-06T00:29:09.099978+00:00,238.9,0.0401800012588501,0.0022226971865062345,0.3859572768879324
NVDA261218P00001500,2026-07-15 13:36:19+00:00,1.5,0.01,0.0,0.22,0.0,0.0,2.0,490.0,5.01562873046875,False,REGULAR,USD,Put,2026-12-18,NVDA,2026-10-06T00:29:09.099978+00:00,238.9,0.0401800012588501,0.0022226971865062345,0.3859572768879324
NVDA261218P00002000,2026-06-05 14:25:15+00:00,2.0,0.07,0.0,0.0,0.0,0.0,20.0,0.0,0.500005,False,REGULAR,USD,Put,2026-12-18,NVDA,2026-10-06T00:29:09.099978+00:00,238.9,0.0401800012588501,0.0022226971865062345,0.3859572768879324
NVDA261218P00002500,2026-08-04 13:42:08+00:00,2.5,0.01,0.0,0.01,0.0,0.0,1.0,4768.0,3.1250021875,False,REGULAR,USD,Put,2026-12-18,NVDA,2026-10-06T00:29:09.099978+00:00,238.9,0.0401800012588501,0.0022226971865062345,0.3859572768879324
NVDA261218P00003000,2026-07-23 14:33:21+00:00,3.0,0.01,0.0,0.01,0.0,0.0,1.0,1652.0,3.0000025,False,REGULAR,USD,Put,2026-12-18,NVDA,2026-10-06T00:29:09.099978+00:00,238.9,0.0401800012588501,0.0022226971865062345,0.3859572768879324
NVDA261218P00003500,2026-03-12 18:13:04+00:00,3.5,0.01,0.0,0.03,0.0,0.0,39.0,198.0,3.1875020312499998,False,REGULAR,USD,Put,2026-12-18,NVDA,2026-10-06T00:29:09.099978+00:00,238.9,0.0401800012588501,0.0022226971865062345,0.3859572768879324
NVDA261218P00004000,2026-08-17 15:50:46+00:00,4.0,0.01,0.0,0.0,0.0,0.0,5.0,0.0,0.500005,False,REGULAR,USD,Put,2026-12-18,NVDA,2026-10-06T00:29:09.099978+00:00,238.9,0.0401800012588501,0.0022226971865062345,0.3859572768879324
NVDA261218P00004500,2025-12-09 20:27:40+00:00,4.5,0.02,0.0,0.03,0.0,0.0,32.0,1079.0,2.9687525781249997,False,REGULAR,USD,Put,2026-12-18,NVDA,2026-10-06T00:29:09.099978+00:00,238.9,0.0401800012588501,0.0022226971865062345,0.3859572768879324
NVDA261218P00005000,2026-09-21 15:20:29+00:00,5.0,0.01,0.0,0.01,0.0,0.0,1.0,2552.0,2.6250034375,False,REGULAR,USD,Put,2026-12-18,NVDA,2026-10-06T00:29:09.099978+00:00,238.9,0.0401800012588501,0.0022226971865062345,0.3859572768879324
NVDA261218P00006000,2026-04-20 13:30:03+00:00,6.0,0.1,0.0,0.11,0.0,0.0,1.0,852.0,3.0937522656249996,False,REGULAR,USD,Put,2026-12-18,NVDA,2026-10-06T00:29:09.099978+00:00,238.9,0.0401800012588501,0.0022226971865062345,0.3859572768879324
NVDA261218P00007000,2026-01-22 19:09:49+00:00,7.0,0.01,0.0,0.04,0.0,0.0,1.0,1077.0,2.6718783203125005,False,REGULAR,USD,Put,2026-12-18,NVDA,2026-10-06T00:29:09.099978+00:00,238.9,0.0401800012588501,0.0022226971865062345,0.3859572768879324
NVDA261218P00008000,2026-07-13 16:05:35+00:00,8.0,0.01,0.0,0.02,0.0,0.0,20.0,891.0,2.4062539843749997,False,REGULAR,USD,Put,2026-12-18,NVDA,2026-10-06T00:29:09.099978+00:00,238.9,0.0401800012588501,0.0022226971865062345,0.3859572768879324
NVDA261218P00009000,2026-05-01 13:50:31+00:00,9.0,0.02,0.0,0.11,0.0,0.0,1.0,1198.0,2.718753203125,False,REGULAR,USD,Put,2026-12-18,NVDA,2026-10-06T00:29:09.099978+00:00,238.9,0.0401800012588501,0.0022226971865062345,0.3859572768879324
NVDA261218P00010000,2026-10-05 13:30:01+00:00,10.0,0.01,0.0,0.01,0.0,0.0,10.0,12628.0,2.1250046874999997,False,REGULAR,USD,Put,2026-12-18,NVDA,2026-10-06T00:29:09.099978+00:00,238.9,0.0401800012588501,0.0022226971865062345,0.3859572768879324
NVDA261218P00011000,2026-08-18 16:16:35+00:00,11.0,0.01,0.0,0.0,0.0,0.0,10.0,0.0,0.500005,False,REGULAR,USD,Put,2026-12-18,NVDA,2026-10-06T00:29:09.099978+00:00,238.9,0.0401800012588501,0.0022226971865062345,0.3859572768879324
NVDA261218P00012000,2026-07-13 16:15:01+00:00,12.0,0.01,0.0,0.34,0.0,0.0,3.0,215.0,2.800784248046875,False,REGULAR,USD,Put,2026-12-18,NVDA,2026-10-06T00:29:09.099978+00:00,238.9,0.0401800012588501,0.0022226971865062345,0.3859572768879324
NVDA261218P00013000,2026-03-16 19:55:27+00:00,13.0,0.05,0.0,0.04,0.0,0.0,2.0,13051.0,2.1718795703125,False,REGULAR,USD,Put,2026-12-18,NVDA,2026-10-06T00:29:09.099978+00:00,238.9,0.0401800012588501,0.0022226971865062345,0.3859572768879324
NVDA261218P00014000,2026-05-18 15:47:47+00:00,14.0,0.01,0.0,0.0,0.0,0.0,51.0,0.0,0.500005,False,REGULAR,USD,Put,2026-12-18,NVDA,2026-10-06T00:29:09.099978+00:00,238.9,0.0401800012588501,0.0022226971865062345,0.3859572768879324
NVDA261218P00015000,2026-08-03 13:30:02+00:00,15.0,0.01,0.0,2.16,0.0,0.0,1.0,7670.0,3.4335951660156248,False,REGULAR,USD,Put,2026-12-18,NVDA,2026-10-06T00:29:09.099978+00:00,238.9,0.0401800012588501,0.0022226971865062345,0.3859572768879324
NVDA261218P00016000,2026-08-21 15:32:00+00:00,16.0,0.02,0.0,0.0,0.0,0.0,9.0,0.0,0.500005,False,REGULAR,USD,Put,2026-12-18,NVDA,2026-10-06T00:29:09.099978+00:00,238.9,0.0401800012588501,0.0022226971865062345,0.3859572768879324
NVDA261218P00017000,2026-06-22 13:36:21+00:00,17.0,0.03,0.0,0.01,0.0,0.0,4.0,2815.0,1.75000125,False,REGULAR,USD,Put,2026-12-18,NVDA,2026-10-06T00:29:09.099978+00:00,238.9,0.0401800012588501,0.0022226971865062345,0.3859572768879324
NVDA261218P00018000,2026-08-10 19:16:40+00:00,18.0,0.03,0.0,0.0,0.0,0.0,2.0,0.0,0.500005,False,REGULAR,USD,Put,2026-12-18,NVDA,2026-10-06T00:29:09.099978+00:00,238.9,0.0401800012588501,0.0022226971865062345,0.3859572768879324
NVDA261218P00019000,2026-08-10 19:17:18+00:00,19.0,0.04,0.0,0.0,0.0,0.0,2.0,0.0,0.500005,False,REGULAR,USD,Put,2026-12-18,NVDA,2026-10-06T00:29:09.099978+00:00,238.9,0.0401800012588501,0.0022226971865062345,0.3859572768879324
NVDA261218P00020000,2026-08-18 15:51:41+00:00,20.0,0.01,0.0,0.0,0.0,0.0,10.0,0.0,0.500005,False,REGULAR,USD,Put,2026-12-18,NVDA,2026-10-06T00:29:09.099978+00:00,238.9,0.0401800012588501,0.0022226971865062345,0.3859572768879324
NVDA261218P00021000,2026-04-29 16:23:31+00:00,21.0,0.03,0.0,0.13,0.0,0.0,4.0,752.0,2.00781748046875,False,REGULAR,USD,Put,2026-12-18,NVDA,2026-10-06T00:29:09.099978+00:00,238.9,0.0401800012588501,0.0022226971865062345,0.3859572768879324
NVDA261218P00022000,2026-07-28 19:11:26+00:00,22.0,0.14,0.0,0.12,0.0,0.0,1.0,2262.0,1.953125234375,False,REGULAR,USD,Put,2026-12-18,NVDA,2026-10-06T00:29:09.099978+00:00,238.9,0.0401800012588501,0.0022226971865062345,0.3859572768879324
NVDA261218P00023000,2026-05-20 18:21:17+00:00,23.0,0.03,0.0,0.0,0.0,0.0,10.0,0.0,0.500005,False,REGULAR,USD,Put,2026-12-18,NVDA,2026-10-06T00:29:09.099978+00:00,238.9,0.0401800012588501,0.0022226971865062345,0.3859572768879324
NVDA261218P00024000,2026-08-28 15:38:17+00:00,24.0,0.01,0.0,0.08,0.0,0.0,11.0,804.0,1.8046884765624998,False,REGULAR,USD,Put,2026-12-18,NVDA,2026-10-06T00:29:09.099978+00:00,238.9,0.0401800012588501,0.0022226971865062345,0.3859572768879324
NVDA261218P00025000,2026-08-27 15:18:07+00:00,25.0,0.01,0.0,0.01,0.0,0.0,602.0,30133.0,1.5000025,False,REGULAR,USD,Put,2026-12-18,NVDA,2026-10-06T00:29:09.099978+00:00,238.9,0.0401800012588501,0.0022226971865062345,0.3859572768879324
NVDA261218P00026000,2026-09-22 17:16:37+00:00,26.0,0.01,0.0,0.01,0.0,0.0,1.0,1235.0,1.46875265625,False,REGULAR,USD,Put,2026-12-18,NVDA,2026-10-06T00:29:09.099978+00:00,238.9,0.0401800012588501,0.0022226971865062345,0.3859572768879324
NVDA261218P00027000,2026-09-18 16:10:47+00:00,27.0,0.02,0.0,0.01,0.0,0.0,10.0,1304.0,1.4375028125,False,REGULAR,USD,Put,2026-12-18,NVDA,2026-10-06T00:29:09.099978+00:00,238.9,0.0401800012588501,0.0022226971865062345,0.3859572768879324
NVDA261218P00028000,2026-08-21 17:55:49+00:00,28.0,0.01,0.0,0.0,0.0,0.0,2.0,0.0,0.500005,False,REGULAR,USD,Put,2026-12-18,NVDA,2026-10-06T00:29:09.099978+00:00,238.9,0.0401800012588501,0.0022226971865062345,0.3859572768879324
NVDA261218P00029000,2026-09-23 17:39:39+00:00,29.0,0.01,0.0,0.01,0.0,0.0,10.0,798.0,1.3750031249999999,False,REGULAR,USD,Put,2026-12-18,NVDA,2026-10-06T00:29:09.099978+00:00,238.9,0.0401800012588501,0.0022226971865062345,0.3859572768879324
NVDA261218P00030000,2026-09-21 16:18:06+00:00,30.0,0.01,0.0,0.01,0.0,0.0,719.0,5493.0,1.3750031249999999,False,REGULAR,USD,Put,2026-12-18,NVDA,2026-10-06T00:29:09.099978+00:00,238.9,0.0401800012588501,0.0022226971865062345,0.3859572768879324
NVDA261218P00031000,2026-09-21 16:18:09+00:00,31.0,0.01,0.0,1.96,0.0,0.0,250.0,1414.0,2.416019584960937,False,REGULAR,USD,Put,2026-12-18,NVDA,2026-10-06T00:29:09.099978+00:00,238.9,0.0401800012588501,0.0022226971865062345,0.3859572768879324
NVDA261218P00032000,2026-09-11 17:34:38+00:00,32.0,0.02,0.0,1.93,0.0,0.0,32.0,2313.0,2.3706095422363274,False,REGULAR,USD,Put,2026-12-18,NVDA,2026-10-06T00:29:09.099978+00:00,238.9,0.0401800012588501,0.0022226971865062345,0.3859572768879324
NVDA261218P00033000,2026-09-18 16:10:47+00:00,33.0,0.02,0.0,0.03,0.0,0.0,10.0,2722.0,1.421877890625,False,REGULAR,USD,Put,2026-12-18,NVDA,2026-10-06T00:29:09.099978+00:00,238.9,0.0401800012588501,0.0022226971865062345,0.3859572768879324
NVDA261218P00034000,2026-09-15 16:37:06+00:00,34.0,0.02,0.0,0.02,0.0,0.0,10.0,1923.0,1.359378203125,False,REGULAR,USD,Put,2026-12-18,NVDA,2026-10-06T00:29:09.099978+00:00,238.9,0.0401800012588501,0.0022226971865062345,0.3859572768879324
NVDA261218P00035000,2026-09-25 15:48:39+00:00,35.0,0.01,0.0,0.02,0.0,0.0,10.0,7151.0,1.3437532812499997,False,REGULAR,USD,Put,2026-12-18,NVDA,2026-10-06T00:29:09.099978+00:00,238.9,0.0401800012588501,0.0022226971865062345,0.3859572768879324
NVDA261218P00036000,2026-10-01 15:53:15+00:00,36.0,0.02,0.0,0.02,0.0,0.0,8.0,11213.0,1.3125034374999998,False,REGULAR,USD,Put,2026-12-18,NVDA,2026-10-06T00:29:09.099978+00:00,238.9,0.0401800012588501,0.0022226971865062345,0.3859572768879324
NVDA261218P00037000,2026-09-15 18:33:12+00:00,37.0,0.05,0.0,0.14,0.0,0.0,6.0,1029.0,1.5468772656249998,False,REGULAR,USD,Put,2026-12-18,NVDA,2026-10-06T00:29:09.099978+00:00,238.9,0.0401800012588501,0.0022226971865062345,0.3859572768879324
NVDA261218P00038000,2026-10-02 14:16:20+00:00,38.0,0.02,0.0,0.04,0.0,0.0,4.0,973.0,1.3515657421874998,False,REGULAR,USD,Put,2026-12-18,NVDA,2026-10-06T00:29:09.099978+00:00,238.9,0.0401800012588501,0.0022226971865062345,0.3859572768879324
NVDA261218P00039000,2026-10-02 17:25:16+00:00,39.0,0.06,0.0,1.88,0.0,0.0,1.0,455.0,2.1220750073242183,False,REGULAR,USD,Put,2026-12-18,NVDA,2026-10-06T00:29:09.099978+00:00,238.9,0.0401800012588501,0.0022226971865062345,0.3859572768879324
NVDA261218P00040000,2026-10-05 19:25:38+00:00,40.0,0.02,0.0,0.04,0.01,100.0,50.0,7319.0,1.3125034374999998,False,REGULAR,USD,Put,2026-12-18,NVDA,2026-10-06T00:29:09.099978+00:00,238.9,0.0401800012588501,0.0022226971865062345,0.3859572768879324
NVDA261218P00041000,2026-10-02 17:34:56+00:00,41.0,0.01,0.01,0.05,0.0,0.0,5.0,1315.0,1.3437532812499997,False,REGULAR,USD,Put,2026-12-18,NVDA,2026-10-06T00:29:09.099978+00:00,238.9,0.0401800012588501,0.0022226971865062345,0.3859572768879324
NVDA261218P00042000,2026-09-28 13:50:56+00:00,42.0,0.01,0.0,1.72,0.0,0.0,4.0,640.0,2.003422960205078,False,REGULAR,USD,Put,2026-12-18,NVDA,2026-10-06T00:29:09.099978+00:00,238.9,0.0401800012588501,0.0022226971865062345,0.3859572768879324
NVDA261218P00043000,2026-09-11 17:08:29+00:00,43.0,0.03,0.0,0.05,0.0,0.0,1.0,874.0,1.2890660546875,False,REGULAR,USD,Put,2026-12-18,NVDA,2026-10-06T00:29:09.099978+00:00,238.9,0.0401800012588501,0.0022226971865062345,0.3859572768879324
NVDA261218P00044000,2026-09-24 14:52:24+00:00,44.0,0.05,0.0,0.6,0.0,0.0,2.0,1576.0,1.6640641796875002,False,REGULAR,USD,Put,2026-12-18,NVDA,2026-10-06T00:29:09.099978+00:00,238.9,0.0401800012588501,0.0022226971865062345,0.3859572768879324
NVDA261218P00045000,2026-09-21 14:15:02+00:00,45.0,0.03,0.0,0.05,0.0,0.0,1.0,12972.0,1.2500037499999999,False,REGULAR,USD,Put,2026-12-18,NVDA,2026-10-06T00:29:09.099978+00:00,238.9,0.0401800012588501,0.0022226971865062345,0.3859572768879324
NVDA261218P00046000,2026-09-23 19:31:40+00:00,46.0,0.03,0.0,0.6,0.0,0.0,2.0,1885.0,1.62109564453125,False,REGULAR,USD,Put,2026-12-18,NVDA,2026-10-06T00:29:09.099978+00:00,238.9,0.0401800012588501,0.0022226971865062345,0.3859572768879324
NVDA261218P00047000,2026-09-01 17:50:29+00:00,47.0,0.07,0.0,0.06,0.0,0.0,12.0,2766.0,1.2421912890624998,False,REGULAR,USD,Put,2026-12-18,NVDA,2026-10-06T00:29:09.099978+00:00,238.9,0.0401800012588501,0.0022226971865062345,0.3859572768879324
NVDA261218P00048000,2026-09-23 16:59:08+00:00,48.0,0.03,0.0,0.6,0.0,0.0,8.0,1603.0,1.5791036669921872,False,REGULAR,USD,Put,2026-12-18,NVDA,2026-10-06T00:29:09.099978+00:00,238.9,0.0401800012588501,0.0022226971865062345,0.3859572768879324
NVDA261218P00049000,2026-09-23 18:11:40+00:00,49.0,0.03,0.0,0.6,0.0,0.0,13.0,1940.0,1.5585959570312498,False,REGULAR,USD,Put,2026-12-18,NVDA,2026-10-06T00:29:09.099978+00:00,238.9,0.0401800012588501,0.0022226971865062345,0.3859572768879324
NVDA261218P00050000,2026-10-01 15:45:35+00:00,50.0,0.03,0.0,0.06,0.0,0.0,10.0,13330.0,1.1953165234375,False,REGULAR,USD,Put,2026-12-18,NVDA,2026-10-06T00:29:09.099978+00:00,238.9,0.0401800012588501,0.0022226971865062345,0.3859572768879324
NVDA261218P00051000,2026-09-24 14:34:55+00:00,51.0,0.07,0.0,0.06,0.0,0.0,4.0,2035.0,1.1796916015624999,False,REGULAR,USD,Put,2026-12-18,NVDA,2026-10-06T00:29:09.099978+00:00,238.9,0.0401800012588501,0.0022226971865062345,0.3859572768879324
NVDA261218P00052000,2026-10-01 17:51:33+00:00,52.0,0.03,0.0,0.08,0.0,0.0,404.0,1121.0,1.1953165234375,False,REGULAR,USD,Put,2026-12-18,NVDA,2026-10-06T00:29:09.099978+00:00,238.9,0.0401800012588501,0.0022226971865062345,0.3859572768879324
NVDA261218P00053000,2026-09-24 14:23:07+00:00,53.0,0.09,0.0,1.73,0.0,0.0,1.0,745.0,1.7392591162109374,False,REGULAR,USD,Put,2026-12-18,NVDA,2026-10-06T00:29:09.099978+00:00,238.9,0.0401800012588501,0.0022226971865062345,0.3859572768879324
NVDA261218P00054000,2026-09-08 18:06:55+00:00,54.0,0.01,0.0,0.08,0.0,0.0,32.0,1894.0,1.1679729101562502,False,REGULAR,USD,Put,2026-12-18,NVDA,2026-10-06T00:29:09.099978+00:00,238.9,0.0401800012588501,0.0022226971865062345,0.3859572768879324
NVDA261218P00055000,2026-09-11 17:36:33+00:00,55.0,0.04,0.01,0.08,0.0,0.0,24.0,8430.0,1.1640666796875,False,REGULAR,USD,Put,2026-12-18,NVDA,2026-10-06T00:29:09.099978+00:00,238.9,0.0401800012588501,0.0022226971865062345,0.3859572768879324
NVDA261218P00056000,2026-09-24 17:58:47+00:00,56.0,0.04,0.0,0.04,0.0,0.0,2.0,1934.0,1.0703171484375003,False,REGULAR,USD,Put,2026-12-18,NVDA,2026-10-06T00:29:09.099978+00:00,238.9,0.0401800012588501,0.0022226971865062345,0.3859572768879324
NVDA261218P00057000,2026-09-10 15:12:06+00:00,57.0,0.04,0.0,1.87,0.0,0.0,7.0,5467.0,1.6796891015625,False,REGULAR,USD,Put,2026-12-18,NVDA,2026-10-06T00:29:09.099978+00:00,238.9,0.0401800012588501,0.0022226971865062345,0.3859572768879324
NVDA261218P00058000,2026-10-02 17:06:37+00:00,58.0,0.1,0.0,1.7,0.0,0.0,2.0,5132.0,1.6328143359374998,False,REGULAR,USD,Put,2026-12-18,NVDA,2026-10-06T00:29:09.099978+00:00,238.9,0.0401800012588501,0.0022226971865062345,0.3859572768879324
NVDA261218P00059000,2026-09-24 14:23:54+00:00,59.0,0.1,0.0,1.73,0.0,0.0,1.0,419.0,1.6186542504882815,False,REGULAR,USD,Put,2026-12-18,NVDA,2026-10-06T00:29:09.099978+00:00,238.9,0.0401800012588501,0.0022226971865062345,0.3859572768879324
NVDA261218P00060000,2026-09-30 14:00:03+00:00,60.0,0.04,0.01,0.08,0.0,0.0,1.0,13549.0,1.0976607617187502,False,REGULAR,USD,Put,2026-12-18,NVDA,2026-10-06T00:29:09.099978+00:00,238.9,0.0401800012588501,0.0022226971865062345,0.3859572768879324
NVDA261218P00061000,2026-09-24 14:34:09+00:00,61.0,0.09,0.0,1.84,0.0,0.0,3.0,1997.0,1.5981465405273436,False,REGULAR,USD,Put,2026-12-18,NVDA,2026-10-06T00:29:09.099978+00:00,238.9,0.0401800012588501,0.0022226971865062345,0.3859572768879324
NVDA261218P00062000,2026-09-02 17:00:58+00:00,62.0,0.06,0.0,0.1,0.0,0.0,10.0,1230.0,1.0859420703125,False,REGULAR,USD,Put,2026-12-18,NVDA,2026-10-06T00:29:09.099978+00:00,238.9,0.0401800012588501,0.0022226971865062345,0.3859572768879324
NVDA261218P00063000,2026-09-24 14:24:54+00:00,63.0,0.1,0.0,1.67,0.0,0.0,2.0,686.0,1.5361351318359375,False,REGULAR,USD,Put,2026-12-18,NVDA,2026-10-06T00:29:09.099978+00:00,238.9,0.0401800012588501,0.0022226971865062345,0.3859572768879324
NVDA261218P00064000,2026-10-05 17:37:22+00:00,64.0,0.04,0.0,0.1,-0.02,-33.333336,33.0,1747.0,1.05859845703125,False,REGULAR,USD,Put,2026-12-18,NVDA,2026-10-06T00:29:09.099978+00:00,238.9,0.0401800012588501,0.0022226971865062345,0.3859572768879324
NVDA261218P00065000,2026-09-24 14:24:55+00:00,65.0,0.03,0.0,0.14,0.0,0.0,5.0,15687.0,1.083988955078125,False,REGULAR,USD,Put,2026-12-18,NVDA,2026-10-06T00:29:09.099978+00:00,238.9,0.0401800012588501,0.0022226971865062345,0.3859572768879324
NVDA261218P00066000,2026-09-24 15:09:22+00:00,66.0,0.05,0.0,1.69,0.0,0.0,8.0,474.0,1.487795529785156,False,REGULAR,USD,Put,2026-12-18,NVDA,2026-10-06T00:29:09.099978+00:00,238.9,0.0401800012588501,0.0022226971865062345,0.3859572768879324
NVDA261218P00067000,2026-10-05 17:22:58+00:00,67.0,0.06,0.01,0.11,0.04,200.0,10.0,1236.0,1.0429735351562504,False,REGULAR,USD,Put,2026-12-18,NVDA,2026-10-06T00:29:09.099978+00:00,238.9,0.0401800012588501,0.0022226971865062345,0.3859572768879324
NVDA261218P00068000,2026-09-18 16:03:38+00:00,68.0,0.05,0.0,0.11,0.0,0.0,1.0,4391.0,1.0234423828125,False,REGULAR,USD,Put,2026-12-18,NVDA,2026-10-06T00:29:09.099978+00:00,238.9,0.0401800012588501,0.0022226971865062345,0.3859572768879324
NVDA261218P00069000,2026-10-05 18:50:43+00:00,69.0,0.06,0.02,0.23,-0.010000002,-14.285716,19.0,1554.0,1.1035201074218752,False,REGULAR,USD,Put,2026-12-18,NVDA,2026-10-06T00:29:09.099978+00:00,238.9,0.0401800012588501,0.0022226971865062345,0.3859572768879324
NVDA261218P00070000,2026-10-05 18:51:14+00:00,70.0,0.04,0.02,0.11,0.01,33.333336,16.0,9833.0,1.015629921875,False,REGULAR,USD,Put,2026-12-18,NVDA,2026-10-06T00:29:09.099978+00:00,238.9,0.0401800012588501,0.0022226971865062345,0.3859572768879324
NVDA261218P00071000,2026-10-05 14:43:40+00:00,71.0,0.02,0.0,0.13,-0.05,-71.42857,3.0,2708.0,1.0039112304687499,False,REGULAR,USD,Put,2026-12-18,NVDA,2026-10-06T00:29:09.099978+00:00,238.9,0.0401800012588501,0.0022226971865062345,0.3859572768879324
NVDA261218P00072000,2026-10-05 14:43:41+00:00,72.0,0.02,0.0,0.3,-0.09,-81.818184,3.0,14519.0,1.08984830078125,False,REGULAR,USD,Put,2026-12-18,NVDA,2026-10-06T00:29:09.099978+00:00,238.9,0.0401800012588501,0.0022226971865062345,0.3859572768879324
NVDA261218P00073000,2026-09-24 15:24:33+00:00,73.0,0.06,0.0,0.3,0.0,0.0,2.0,614.0,1.0781296093750001,False,REGULAR,USD,Put,2026-12-18,NVDA,2026-10-06T00:29:09.099978+00:00,238.9,0.0401800012588501,0.0022226971865062345,0.3859572768879324
NVDA261218P00074000,2026-10-05 14:53:51+00:00,74.0,0.02,0.0,0.61,-0.04,-66.66667,5.0,993.0,1.1669963525390625,False,REGULAR,USD,Put,2026-12-18,NVDA,2026-10-06T00:29:09.099978+00:00,238.9,0.0401800012588501,0.0022226971865062345,0.3859572768879324
NVDA261218P00075000,2026-10-05 18:57:00+00:00,75.0,0.04,0.01,0.04,-0.04,-50.0,13.0,17853.0,0.87500125,False,REGULAR,USD,Put,2026-12-18,NVDA,2026-10-06T00:29:09.099978+00:00,238.9,0.0401800012588501,0.0022226971865062345,0.3859572768879324
NVDA261218P00076000,2026-09-24 15:20:51+00:00,76.0,0.06,0.0,0.04,0.0,0.0,9.0,2341.0,0.851563984375,False,REGULAR,USD,Put,2026-12-18,NVDA,2026-10-06T00:29:09.099978+00:00,238.9,0.0401800012588501,0.0022226971865062345,0.3859572768879324
NVDA261218P00077000,2026-09-24 15:25:08+00:00,77.0,0.06,0.0,0.74,0.0,0.0,12.0,2007.0,1.16016044921875,False,REGULAR,USD,Put,2026-12-18,NVDA,2026-10-06T00:29:09.099978+00:00,238.9,0.0401800012588501,0.0022226971865062345,0.3859572768879324
NVDA261218P00078000,2026-10-05 17:19:33+00:00,78.0,0.04,0.0,0.6,-0.060000002,-60.0,3.0,2110.0,1.115238798828125,False,REGULAR,USD,Put,2026-12-18,NVDA,2026-10-06T00:29:09.099978+00:00,238.9,0.0401800012588501,0.0022226971865062345,0.3859572768879324
NVDA261218P00079000,2026-10-05 17:22:00+00:00,79.0,0.07,0.02,0.14,0.030000001,75.0,10.0,829.0,0.9414068359375,False,REGULAR,USD,Put,2026-12-18,NVDA,2026-10-06T00:29:09.099978+00:00,238.9,0.0401800012588501,0.0022226971865062345,0.3859572768879324
NVDA261218P00080000,2026-10-05 17:19:33+00:00,80.0,0.04,0.0,0.07,0.01,33.333336,196.0,14186.0,0.8554701953125,False,REGULAR,USD,Put,2026-12-18,NVDA,2026-10-06T00:29:09.099978+00:00,238.9,0.0401800012588501,0.0022226971865062345,0.3859572768879324
NVDA261218P00081000,2026-10-05 18:50:05+00:00,81.0,0.07,0.02,0.19,-0.009999998,-12.499997,7.0,1924.0,0.94726615234375,False,REGULAR,USD,Put,2026-12-18,NVDA,2026-10-06T00:29:09.099978+00:00,238.9,0.0401800012588501,0.0022226971865062345,0.3859572768879324
NVDA261218P00082000,2026-10-05 18:50:18+00:00,82.0,0.04,0.01,0.19,-0.02,-33.333336,17.0,3375.0,0.9335944140625,False,REGULAR,USD,Put,2026-12-18,NVDA,2026-10-06T00:29:09.099978+00:00,238.9,0.0401800012588501,0.0022226971865062345,0.3859572768879324
NVDA261218P00083000,2026-10-01 19:20:42+00:00,83.0,0.06,0.0,0.78,0.0,0.0,18.0,1140.0,1.0957076464843751,False,REGULAR,USD,Put,2026-12-18,NVDA,2026-10-06T00:29:09.099978+00:00,238.9,0.0401800012588501,0.0022226971865062345,0.3859572768879324
NVDA261218P00084000,2026-10-01 16:35:28+00:00,84.0,0.06,0.0,1.17,0.0,0.0,13.0,1191.0,1.15234798828125,False,REGULAR,USD,Put,2026-12-18,NVDA,2026-10-06T00:29:09.099978+00:00,238.9,0.0401800012588501,0.0022226971865062345,0.3859572768879324
NVDA261218P00085000,2026-10-05 19:45:36+00:00,85.0,0.04,0.03,0.05,0.0,0.0,3.0,8319.0,0.8203142968749999,False,REGULAR,USD,Put,2026-12-18,NVDA,2026-10-06T00:29:09.099978+00:00,238.9,0.0401800012588501,0.0022226971865062345,0.3859572768879324
NVDA261218P00086000,2026-10-01 16:37:25+00:00,86.0,0.07,0.0,1.11,0.0,0.0,2.0,4125.0,1.119145029296875,False,REGULAR,USD,Put,2026-12-18,NVDA,2026-10-06T00:29:09.099978+00:00,238.9,0.0401800012588501,0.0022226971865062345,0.3859572768879324
NVDA261218P00087000,2026-10-01 19:13:42+00:00,87.0,0.06,0.0,1.08,0.0,0.0,12.0,772.0,1.1025435498046878,False,REGULAR,USD,Put,2026-12-18,NVDA,2026-10-06T00:29:09.099978+00:00,238.9,0.0401800012588501,0.0022226971865062345,0.3859572768879324
NVDA261218P00088000,2026-10-05 14:24:50+00:00,88.0,0.09,0.01,0.18,-0.009999998,-9.999997,2.0,1019.0,0.86914193359375,False,REGULAR,USD,Put,2026-12-18,NVDA,2026-10-06T00:29:09.099978+00:00,238.9,0.0401800012588501,0.0022226971865062345,0.3859572768879324
NVDA261218P00089000,2026-10-05 13:53:48+00:00,89.0,0.05,0.0,0.7,-0.06999999,-58.333332,2.0,7726.0,1.0127002490234376,False,REGULAR,USD,Put,2026-12-18,NVDA,2026-10-06T00:29:09.099978+00:00,238.9,0.0401800012588501,0.0022226971865062345,0.3859572768879324
NVDA261218P00090000,2026-10-05 15:28:39+00:00,90.0,0.04,0.04,0.08,-0.010000002,-20.000002,154.0,19169.0,0.8085956640624999,False,REGULAR,USD,Put,2026-12-18,NVDA,2026-10-06T00:29:09.099978+00:00,238.9,0.0401800012588501,0.0022226971865062345,0.3859572768879324
NVDA261218P00091000,2026-10-05 18:48:32+00:00,91.0,0.07,0.0,0.4,0.0,0.0,6.0,2091.0,0.918946123046875,False,REGULAR,USD,Put,2026-12-18,NVDA,2026-10-06T00:29:09.099978+00:00,238.9,0.0401800012588501,0.0022226971865062345,0.3859572768879324
NVDA261218P00092000,2026-10-05 14:23:14+00:00,92.0,0.11,0.0,0.23,0.0,0.0,3.0,2397.0,0.850587431640625,False,REGULAR,USD,Put,2026-12-18,NVDA,2026-10-06T00:29:09.099978+00:00,238.9,0.0401800012588501,0.0022226971865062345,0.3859572768879324
NVDA261218P00093000,2026-10-05 14:34:57+00:00,93.0,0.05,0.0,0.25,-0.06999999,-58.333332,6.0,2462.0,0.84961087890625,False,REGULAR,USD,Put,2026-12-18,NVDA,2026-10-06T00:29:09.099978+00:00,238.9,0.0401800012588501,0.0022226971865062345,0.3859572768879324
NVDA261218P00094000,2026-10-05 14:13:36+00:00,94.0,0.12,0.0,0.32,0.06999999,139.99997,1.0,1001.0,0.8652357226562499,False,REGULAR,USD,Put,2026-12-18,NVDA,2026-10-06T00:29:09.099978+00:00,238.9,0.0401800012588501,0.0022226971865062345,0.3859572768879324
NVDA261218P00095000,2026-10-05 18:49:15+00:00,95.0,0.1,0.0,0.21,0.040000003,66.66668,1.0,5828.0,0.81445498046875,False,REGULAR,USD,Put,2026-12-18,NVDA,2026-10-06T00:29:09.099978+00:00,238.9,0.0401800012588501,0.0022226971865062345,0.3859572768879324
NVDA261218P00096000,2026-10-02 17:14:22+00:00,96.0,0.08,0.0,0.32,0.0,0.0,2.0,2012.0,0.8476577734374999,False,REGULAR,USD,Put,2026-12-18,NVDA,2026-10-06T00:29:09.099978+00:00,238.9,0.0401800012588501,0.0022226971865062345,0.3859572768879324
NVDA261218P00097000,2026-10-05 14:13:04+00:00,97.0,0.12,0.0,0.24,0.0,0.0,1.0,1710.0,0.8105487695312499,False,REGULAR,USD,Put,2026-12-18,NVDA,2026-10-06T00:29:09.099978+00:00,238.9,0.0401800012588501,0.0022226971865062345,0.3859572768879324
NVDA261218P00098000,2026-10-02 19:54:33+00:00,98.0,0.17,0.04,0.29,0.0,0.0,13.0,940.0,0.8330094824218748,False,REGULAR,USD,Put,2026-12-18,NVDA,2026-10-06T00:29:09.099978+00:00,238.9,0.0401800012588501,0.0022226971865062345,0.3859572768879324
NVDA261218P00099000,2026-10-05 13:41:01+00:00,99.0,0.07,0.0,0.24,0.02,40.0,2.0,2660.0,0.7929708203125,False,REGULAR,USD,Put,2026-12-18,NVDA,2026-10-06T00:29:09.099978+00:00,238.9,0.0401800012588501,0.0022226971865062345,0.3859572768879324
NVDA261218P00100000,2026-10-05 17:53:14+00:00,100.0,0.06,0.06,0.07,-0.030000005,-33.333336,7.0,30319.0,0.7324245507812499,False,REGULAR,USD,Put,2026-12-18,NVDA,2026-10-06T00:29:09.099978+00:00,238.9,0.0401800012588501,0.0022226971865062345,0.3859572768879324
NVDA261218P00101000,2026-10-05 18:49:30+00:00,101.0,0.05,0.0,0.21,0.0,0.0,4.0,5314.0,0.76367423828125,False,REGULAR,USD,Put,2026-12-18,NVDA,2026-10-06T00:29:09.099978+00:00,238.9,0.0401800012588501,0.0022226971865062345,0.3859572768879324
NVDA261218P00102000,2026-10-05 14:24:08+00:00,102.0,0.05,0.0,0.24,-0.029999997,-37.499996,3.0,926.0,0.7675804492187501,False,REGULAR,USD,Put,2026-12-18,NVDA,2026-10-06T00:29:09.099978+00:00,238.9,0.0401800012588501,0.0022226971865062345,0.3859572768879324
NVDA261218P00103000,2026-10-05 15:11:53+00:00,103.0,0.05,0.0,0.33,-0.009999998,-16.666662,7.0,1627.0,0.789064609375,False,REGULAR,USD,Put,2026-12-18,NVDA,2026-10-06T00:29:09.099978+00:00,238.9,0.0401800012588501,0.0022226971865062345,0.3859572768879324
NVDA261218P00104000,2026-09-29 15:19:54+00:00,104.0,0.15,0.05,0.28,0.0,0.0,3.0,793.0,0.7812521875,False,REGULAR,USD,Put,2026-12-18,NVDA,2026-10-06T00:29:09.099978+00:00,238.9,0.0401800012588501,0.0022226971865062345,0.3859572768879324
NVDA261218P00105000,2026-10-02 19:55:36+00:00,105.0,0.09,0.05,0.1,0.0,0.0,80.0,5752.0,0.7050810742187501,False,REGULAR,USD,Put,2026-12-18,NVDA,2026-10-06T00:29:09.099978+00:00,238.9,0.0401800012588501,0.0022226971865062345,0.3859572768879324
NVDA261218P00106000,2026-10-05 14:25:36+00:00,106.0,0.06,0.04,0.22,0.0,0.0,3.0,892.0,0.7421900781249999,False,REGULAR,USD,Put,2026-12-18,NVDA,2026-10-06T00:29:09.099978+00:00,238.9,0.0401800012588501,0.0022226971865062345,0.3859572768879324
NVDA261218P00107000,2026-10-02 19:57:19+00:00,107.0,0.09,0.08,0.22,0.0,0.0,10.0,1539.0,0.747072841796875,False,REGULAR,USD,Put,2026-12-18,NVDA,2026-10-06T00:29:09.099978+00:00,238.9,0.0401800012588501,0.0022226971865062345,0.3859572768879324
NVDA261218P00108000,2026-10-05 19:18:37+00:00,108.0,0.09,0.03,0.22,-0.009999998,-9.999997,74.0,2548.0,0.7226590234375,False,REGULAR,USD,Put,2026-12-18,NVDA,2026-10-06T00:29:09.099978+00:00,238.9,0.0401800012588501,0.0022226971865062345,0.3859572768879324
NVDA261218P00109000,2026-10-05 14:02:21+00:00,109.0,0.09,0.08,0.14,-0.06999999,-43.749996,5.0,629.0,0.7050810742187501,False,REGULAR,USD,Put,2026-12-18,NVDA,2026-10-06T00:29:09.099978+00:00,238.9,0.0401800012588501,0.0022226971865062345,0.3859572768879324
NVDA261218P00110000,2026-10-05 17:27:26+00:00,110.0,0.08,0.08,0.22,-0.030000001,-27.272728,18.0,18210.0,0.7226590234375,False,REGULAR,USD,Put,2026-12-18,NVDA,2026-10-06T00:29:09.099978+00:00,238.9,0.0401800012588501,0.0022226971865062345,0.3859572768879324
NVDA261218P00111000,2026-10-02 15:23:22+00:00,111.0,0.1,0.01,0.23,0.0,0.0,19.0,797.0,0.6962920996093751,False,REGULAR,USD,Put,2026-12-18,NVDA,2026-10-06T00:29:09.099978+00:00,238.9,0.0401800012588501,0.0022226971865062345,0.3859572768879324
NVDA261218P00112000,2026-10-05 16:33:01+00:00,112.0,0.1,0.04,0.1,-0.009999998,-9.090907,48.0,3863.0,0.648441015625,False,REGULAR,USD,Put,2026-12-18,NVDA,2026-10-06T00:29:09.099978+00:00,238.9,0.0401800012588501,0.0022226971865062345,0.3859572768879324
NVDA261218P00113000,2026-10-02 18:01:46+00:00,113.0,0.06,0.06,0.12,-0.09,-59.999996,1.0,3269.0,0.65820654296875,False,REGULAR,USD,Put,2026-12-18,NVDA,2026-10-06T00:29:09.099978+00:00,238.9,0.0401800012588501,0.0022226971865062345,0.3859572768879324
NVDA261218P00114000,2026-10-05 18:58:17+00:00,114.0,0.09,0.03,0.12,-0.019999996,-18.181814,3.0,2165.0,0.63867548828125,False,REGULAR,USD,Put,2026-12-18,NVDA,2026-10-06T00:29:09.099978+00:00,238.9,0.0401800012588501,0.0022226971865062345,0.3859572768879324
NVDA261218P00115000,2026-10-05 15:48:56+00:00,115.0,0.1,0.1,0.12,-0.019999996,-16.666662,6.0,6489.0,0.6601596484375001,False,REGULAR,USD,Put,2026-12-18,NVDA,2026-10-06T00:29:09.099978+00:00,238.9,0.0401800012588501,0.0022226971865062345,0.3859572768879324
NVDA261218P00116000,2026-10-05 13:50:41+00:00,116.0,0.07,0.05,0.13,-0.049999997,-41.666664,2.0,4987.0,0.6367223828125,False,REGULAR,USD,Put,2026-12-18,NVDA,2026-10-06T00:29:09.099978+00:00,238.9,0.0401800012588501,0.0022226971865062345,0.3859572768879324
NVDA261218P00117000,2026-10-05 18:57:56+00:00,117.0,0.18,0.11,0.18,0.030000001,20.0,6.0,1812.0,0.6669955175781253,False,REGULAR,USD,Put,2026-12-18,NVDA,2026-10-06T00:29:09.099978+00:00,238.9,0.0401800012588501,0.0022226971865062345,0.3859572768879324
NVDA261218P00118000,2026-10-05 15:20:10+00:00,118.0,0.14,0.06,0.26,-0.040000007,-22.222223,9.0,1843.0,0.6679720703125002,False,REGULAR,USD,Put,2026-12-18,NVDA,2026-10-06T00:29:09.099978+00:00,238.9,0.0401800012588501,0.0022226971865062345,0.3859572768879324
NVDA261218P00119000,2026-10-05 14:34:55+00:00,119.0,0.13,0.12,0.21,0.009999998,8.333331,6.0,1284.0,0.6630893066406252,False,REGULAR,USD,Put,2026-12-18,NVDA,2026-10-06T00:29:09.099978+00:00,238.9,0.0401800012588501,0.0022226971865062345,0.3859572768879324
NVDA261218P00120000,2026-10-05 19:58:28+00:00,120.0,0.14,0.13,0.15,-0.010000005,-6.6666694,362.0,18754.0,0.6425816992187501,False,REGULAR,USD,Put,2026-12-18,NVDA,2026-10-06T00:29:09.099978+00:00,238.9,0.0401800012588501,0.0022226971865062345,0.3859572768879324
NVDA261218P00121000,2026-10-05 18:42:15+00:00,121.0,0.12,0.0,0.27,-0.1,-45.454544,7.0,892.0,0.632816171875,False,REGULAR,USD,Put,2026-12-18,NVDA,2026-10-06T00:29:09.099978+00:00,238.9,0.0401800012588501,0.0022226971865062345,0.3859572768879324
NVDA261218P00122000,2026-10-05 19:50:43+00:00,122.0,0.14,0.08,0.16,-0.08,-36.363636,10.0,1574.0,0.6162147753906251,False,REGULAR,USD,Put,2026-12-18,NVDA,2026-10-06T00:29:09.099978+00:00,238.9,0.0401800012588501,0.0022226971865062345,0.3859572768879324
NVDA261218P00123000,2026-10-05 14:00:04+00:00,123.0,0.15,0.03,0.28,-0.15,-50.0,2.0,1445.0,0.6289099609375001,False,REGULAR,USD,Put,2026-12-18,NVDA,2026-10-06T00:29:09.099978+00:00,238.9,0.0401800012588501,0.0022226971865062345,0.3859572768879324
NVDA261218P00124000,2026-10-05 14:36:52+00:00,124.0,0.16,0.07,0.21,-0.060000002,-27.272728,3.0,7539.0,0.614261669921875,False,REGULAR,USD,Put,2026-12-18,NVDA,2026-10-06T00:29:09.099978+00:00,238.9,0.0401800012588501,0.0022226971865062345,0.3859572768879324
NVDA261218P00125000,2026-10-05 17:19:58+00:00,125.0,0.15,0.12,0.22,-0.00999999,-6.2499943,91.0,18919.0,0.622074091796875,False,REGULAR,USD,Put,2026-12-18,NVDA,2026-10-06T00:29:09.099978+00:00,238.9,0.0401800012588501,0.0022226971865062345,0.3859572768879324
NVDA261218P00126000,2026-10-02 13:30:00+00:00,126.0,0.27,0.05,0.3,0.0,0.0,1.0,2974.0,0.6171913281250001,False,REGULAR,USD,Put,2026-12-18,NVDA,2026-10-06T00:29:09.099978+00:00,238.9,0.0401800012588501,0.0022226971865062345,0.3859572768879324
NVDA261218P00127000,2026-10-02 15:33:32+00:00,127.0,0.2,0.05,0.3,0.0,0.0,4.0,3370.0,0.6103554589843752,False,REGULAR,USD,Put,2026-12-18,NVDA,2026-10-06T00:29:09.099978+00:00,238.9,0.0401800012588501,0.0022226971865062345,0.3859572768879324
NVDA261218P00128000,2026-10-05 17:56:23+00:00,128.0,0.18,0.06,0.31,-0.16999999,-48.571423,1.0,1421.0,0.6084023535156251,False,REGULAR,USD,Put,2026-12-18,NVDA,2026-10-06T00:29:09.099978+00:00,238.9,0.0401800012588501,0.0022226971865062345,0.3859572768879324
NVDA261218P00129000,2026-10-05 17:38:16+00:00,129.0,0.19,0.09,0.23,-0.06999999,-26.923075,2.0,1631.0,0.5898478515625001,False,REGULAR,USD,Put,2026-12-18,NVDA,2026-10-06T00:29:09.099978+00:00,238.9,0.0401800012588501,0.0022226971865062345,0.3859572768879324
NVDA261218P00130000,2026-10-05 19:54:20+00:00,130.0,0.19,0.17,0.23,-0.019999996,-9.523808,11.0,14046.0,0.6005899316406251,False,REGULAR,USD,Put,2026-12-18,NVDA,2026-10-06T00:29:09.099978+00:00,238.9,0.0401800012588501,0.0022226971865062345,0.3859572768879324
NVDA261218P00132000,2026-10-02 18:01:09+00:00,132.0,0.23,0.0,0.34,0.0,0.0,1.0,3168.0,0.5742230078125,False,REGULAR,USD,Put,2026-12-18,NVDA,2026-10-06T00:29:09.099978+00:00,238.9,0.0401800012588501,0.0022226971865062345,0.3859572768879324
NVDA261218P00134000,2026-10-05 16:21:28+00:00,134.0,0.22,0.09,0.35,-0.099999994,-31.249998,2.0,3372.0,0.5810588769531251,False,REGULAR,USD,Put,2026-12-18,NVDA,2026-10-06T00:29:09.099978+00:00,238.9,0.0401800012588501,0.0022226971865062345,0.3859572768879324
NVDA261218P00135000,2026-10-05 19:00:24+00:00,135.0,0.22,0.2,0.24,-0.03999999,-15.384612,22.0,6935.0,0.5742230078125,False,REGULAR,USD,Put,2026-12-18,NVDA,2026-10-06T00:29:09.099978+00:00,238.9,0.0401800012588501,0.0022226971865062345,0.3859572768879324
NVDA261218P00136000,2026-10-01 18:29:58+00:00,136.0,0.37,0.11,0.36,0.0,0.0,1.0,1719.0,0.5722699023437501,False,REGULAR,USD,Put,2026-12-18,NVDA,2026-10-06T00:29:09.099978+00:00,238.9,0.0401800012588501,0.0022226971865062345,0.3859572768879324
NVDA261218P00138000,2026-10-05 13:30:04+00:00,138.0,0.28,0.12,0.38,-0.00999999,-3.4482727,2.0,3630.0,0.5639692041015626,False,REGULAR,USD,Put,2026-12-18,NVDA,2026-10-06T00:29:09.099978+00:00,238.9,0.0401800012588501,0.0022226971865062345,0.3859572768879324
NVDA261218P00140000,2026-10-05 19:57:43+00:00,140.0,0.27,0.24,0.39,-0.03999999,-12.903223,106.0,17951.0,0.569340244140625,False,REGULAR,USD,Put,2026-12-18,NVDA,2026-10-06T00:29:09.099978+00:00,238.9,0.0401800012588501,0.0022226971865062345,0.3859572768879324
NVDA261218P00142000,2026-10-05 17:12:05+00:00,142.0,0.26,0.04,0.42,-0.07000002,-21.212128,20.0,2319.0,0.5312546875,False,REGULAR,USD,Put,2026-12-18,NVDA,2026-10-06T00:29:09.099978+00:00,238.9,0.0401800012588501,0.0022226971865062345,0.3859572768879324
NVDA261218P00144000,2026-10-05 14:39:29+00:00,144.0,0.31,0.18,0.31,-0.03999999,-11.428569,12.0,2381.0,0.5229539892578124,False,REGULAR,USD,Put,2026-12-18,NVDA,2026-10-06T00:29:09.099978+00:00,238.9,0.0401800012588501,0.0022226971865062345,0.3859572768879324
NVDA261218P00145000,2026-10-05 13:43:06+00:00,145.0,0.33,0.19,0.44,-0.03999999,-10.810808,5.0,7441.0,0.5361374511718751,False,REGULAR,USD,Put,2026-12-18,NVDA,2026-10-06T00:29:09.099978+00:00,238.9,0.0401800012588501,0.0022226971865062345,0.3859572768879324
NVDA261218P00146000,2026-10-02 18:01:09+00:00,146.0,0.39,0.2,0.45,0.0,0.0,2.0,4690.0,0.532231240234375,False,REGULAR,USD,Put,2026-12-18,NVDA,2026-10-06T00:29:09.099978+00:00,238.9,0.0401800012588501,0.0022226971865062345,0.3859572768879324
NVDA261218P00148000,2026-10-05 18:21:40+00:00,148.0,0.32,0.25,0.41,-0.09,-21.95122,1.0,4517.0,0.5200243310546875,False,REGULAR,USD,Put,2026-12-18,NVDA,2026-10-06T00:29:09.099978+00:00,238.9,0.0401800012588501,0.0022226971865062345,0.3859572768879324
NVDA261218P00150000,2026-10-05 19:59:19+00:00,150.0,0.37,0.35,0.41,-0.09,-19.565218,130.0,27555.0,0.5185595019531251,False,REGULAR,USD,Put,2026-12-18,NVDA,2026-10-06T00:29:09.099978+00:00,238.9,0.0401800012588501,0.0022226971865062345,0.3859572768879324
NVDA261218P00152000,2026-10-02 16:22:22+00:00,152.0,0.49,0.26,0.53,0.0,0.0,13.0,2045.0,0.508793974609375,False,REGULAR,USD,Put,2026-12-18,NVDA,2026-10-06T00:29:09.099978+00:00,238.9,0.0401800012588501,0.0022226971865062345,0.3859572768879324
NVDA261218P00154000,2026-10-05 19:12:16+00:00,154.0,0.44,0.29,0.56,-0.060000002,-12.0,12.0,1584.0,0.5017139672851563,False,REGULAR,USD,Put,2026-12-18,NVDA,2026-10-06T00:29:09.099978+00:00,238.9,0.0401800012588501,0.0022226971865062345,0.3859572768879324
NVDA261218P00155000,2026-10-05 19:39:42+00:00,155.0,0.45,0.38,0.5,-0.060000002,-11.764706,96.0,12882.0,0.508793974609375,False,REGULAR,USD,Put,2026-12-18,NVDA,2026-10-06T00:29:09.099978+00:00,238.9,0.0401800012588501,0.0022226971865062345,0.3859572768879324
NVDA261218P00156000,2026-10-05 15:34:53+00:00,156.0,0.48,0.32,0.59,-0.049999982,-9.433959,1.0,1769.0,0.5170946728515625,False,REGULAR,USD,Put,2026-12-18,NVDA,2026-10-06T00:29:09.099978+00:00,238.9,0.0401800012588501,0.0022226971865062345,0.3859572768879324
NVDA261218P00158000,2026-10-05 19:48:48+00:00,158.0,0.5,0.35,0.63,-0.060000002,-10.714286,5.0,3736.0,0.5095263891601562,False,REGULAR,USD,Put,2026-12-18,NVDA,2026-10-06T00:29:09.099978+00:00,238.9,0.0401800012588501,0.0022226971865062345,0.3859572768879324
NVDA261218P00160000,2026-10-05 19:59:10+00:00,160.0,0.55,0.5,0.55,-0.07999998,-12.69841,46.0,45080.0,0.48438015625,False,REGULAR,USD,Put,2026-12-18,NVDA,2026-10-06T00:29:09.099978+00:00,238.9,0.0401800012588501,0.0022226971865062345,0.3859572768879324
NVDA261218P00162000,2026-10-05 15:27:02+00:00,162.0,0.59,0.42,0.58,-0.050000012,-7.8125014,31.0,4075.0,0.4758353198242187,False,REGULAR,USD,Put,2026-12-18,NVDA,2026-10-06T00:29:09.099978+00:00,238.9,0.0401800012588501,0.0022226971865062345,0.3859572768879324
NVDA261218P00164000,2026-10-05 19:49:39+00:00,164.0,0.61,0.6,0.67,-0.07999998,-11.5942,4.0,9773.0,0.4753470434570312,False,REGULAR,USD,Put,2026-12-18,NVDA,2026-10-06T00:29:09.099978+00:00,238.9,0.0401800012588501,0.0022226971865062345,0.3859572768879324
NVDA261218P00165000,2026-10-05 19:53:07+00:00,165.0,0.66,0.54,0.65,-0.109999955,-14.285708,330.0,22131.0,0.46631393066406257,False,REGULAR,USD,Put,2026-12-18,NVDA,2026-10-06T00:29:09.099978+00:00,238.9,0.0401800012588501,0.0022226971865062345,0.3859572768879324
NVDA261218P00166000,2026-10-05 19:33:16+00:00,166.0,0.66,0.59,0.73,-0.07999998,-10.810808,8.0,2036.0,0.4699760034179688,False,REGULAR,USD,Put,2026-12-18,NVDA,2026-10-06T00:29:09.099978+00:00,238.9,0.0401800012588501,0.0022226971865062345,0.3859572768879324
NVDA261218P00167000,2026-10-05 19:49:40+00:00,167.0,0.68,0.64,0.7,-0.120000005,-15.0,40.0,4336.0,0.45972219970703126,False,REGULAR,USD,Put,2026-12-18,NVDA,2026-10-06T00:29:09.099978+00:00,238.9,0.0401800012588501,0.0022226971865062345,0.3859572768879324
NVDA261218P00168000,2026-10-02 19:24:30+00:00,168.0,0.84,0.55,0.82,0.0,0.0,3.0,2248.0,0.46753462158203124,False,REGULAR,USD,Put,2026-12-18,NVDA,2026-10-06T00:29:09.099978+00:00,238.9,0.0401800012588501,0.0022226971865062345,0.3859572768879324
NVDA261218P00169000,2026-10-05 18:40:46+00:00,169.0,0.76,0.62,0.84,-0.13,-14.606742,4.0,4130.0,0.4631401342773438,False,REGULAR,USD,Put,2026-12-18,NVDA,2026-10-06T00:29:09.099978+00:00,238.9,0.0401800012588501,0.0022226971865062345,0.3859572768879324
NVDA261218P00170000,2026-10-05 19:59:05+00:00,170.0,0.76,0.7,0.81,-0.13999999,-15.555553,217.0,19074.0,0.45313046875,False,REGULAR,USD,Put,2026-12-18,NVDA,2026-10-06T00:29:09.099978+00:00,238.9,0.0401800012588501,0.0022226971865062345,0.3859572768879324
NVDA261218P00171000,2026-10-05 19:16:12+00:00,171.0,0.78,0.63,0.95,-0.14000005,-15.217396,5.0,3444.0,0.46143116699218756,False,REGULAR,USD,Put,2026-12-18,NVDA,2026-10-06T00:29:09.099978+00:00,238.9,0.0401800012588501,0.0022226971865062345,0.3859572768879324
NVDA261218P00172000,2026-10-05 14:00:57+00:00,172.0,0.77,0.71,0.84,-0.19,-19.791668,1.0,2228.0,0.44336494140625,False,REGULAR,USD,Put,2026-12-18,NVDA,2026-10-06T00:29:09.099978+00:00,238.9,0.0401800012588501,0.0022226971865062345,0.3859572768879324
NVDA261218P00173000,2026-10-05 19:02:31+00:00,173.0,0.85,0.7,0.87,-0.13,-13.2653055,2.0,3295.0,0.43994700683593746,False,REGULAR,USD,Put,2026-12-18,NVDA,2026-10-06T00:29:09.099978+00:00,238.9,0.0401800012588501,0.0022226971865062345,0.3859572768879324
NVDA261218P00174000,2026-10-05 19:49:02+00:00,174.0,0.88,0.77,0.91,-0.15999997,-15.384612,79.0,3265.0,0.437505625,False,REGULAR,USD,Put,2026-12-18,NVDA,2026-10-06T00:29:09.099978+00:00,238.9,0.0401800012588501,0.0022226971865062345,0.3859572768879324
NVDA261218P00175000,2026-10-05 19:59:05+00:00,175.0,0.89,0.85,0.94,-0.21000004,-19.090912,1193.0,13689.0,0.4338435522460938,False,REGULAR,USD,Put,2026-12-18,NVDA,2026-10-06T00:29:09.099978+00:00,238.9,0.0401800012588501,0.0022226971865062345,0.3859572768879324
NVDA261218P00176000,2026-10-05 19:24:00+00:00,176.0,0.95,0.79,1.03,-0.20999998,-18.103447,15.0,2574.0,0.43579665771484377,False,REGULAR,USD,Put,2026-12-18,NVDA,2026-10-06T00:29:09.099978+00:00,238.9,0.0401800012588501,0.0022226971865062345,0.3859572768879324
NVDA261218P00177000,2026-10-05 19:49:39+00:00,177.0,1.0,0.89,1.02,-0.15999997,-13.7931,18.0,2238.0,0.4282283740234375,False,REGULAR,USD,Put,2026-12-18,NVDA,2026-10-06T00:29:09.099978+00:00,238.9,0.0401800012588501,0.0022226971865062345,0.3859572768879324
NVDA261218P00178000,2026-10-05 17:44:56+00:00,178.0,1.06,0.87,1.18,-0.1400001,-11.666675,8.0,4213.0,0.43555251953125,False,REGULAR,USD,Put,2026-12-18,NVDA,2026-10-06T00:29:09.099978+00:00,238.9,0.0401800012588501,0.0022226971865062345,0.3859572768879324
NVDA261218P00179000,2026-10-05 18:54:19+00:00,179.0,1.09,0.92,1.11,-0.18999994,-14.843746,16.0,3217.0,0.4229794030761719,False,REGULAR,USD,Put,2026-12-18,NVDA,2026-10-06T00:29:09.099978+00:00,238.9,0.0401800012588501,0.0022226971865062345,0.3859572768879324
NVDA261218P00180000,2026-10-05 19:37:13+00:00,180.0,1.11,1.1,1.15,-0.25,-18.382353,728.0,27800.0,0.41968353759765625,False,REGULAR,USD,Put,2026-12-18,NVDA,2026-10-06T00:29:09.099978+00:00,238.9,0.0401800012588501,0.0022226971865062345,0.3859572768879324
NVDA261218P00181000,2026-10-05 18:50:16+00:00,181.0,1.17,1.13,1.2,-0.26,-18.181818,479.0,4348.0,0.41712008666992184,False,REGULAR,USD,Put,2026-12-18,NVDA,2026-10-06T00:29:09.099978+00:00,238.9,0.0401800012588501,0.0022226971865062345,0.3859572768879324
NVDA261218P00182000,2026-10-05 18:54:19+00:00,182.0,1.24,1.05,1.25,-0.26,-17.333334,13.0,3172.0,0.4144345666503906,False,REGULAR,USD,Put,2026-12-18,NVDA,2026-10-06T00:29:09.099978+00:00,238.9,0.0401800012588501,0.0022226971865062345,0.3859572768879324
NVDA261218P00183000,2026-10-05 16:12:50+00:00,183.0,1.32,1.18,1.31,-0.26,-16.455696,79.0,2846.0,0.41223732299804683,False,REGULAR,USD,Put,2026-12-18,NVDA,2026-10-06T00:29:09.099978+00:00,238.9,0.0401800012588501,0.0022226971865062345,0.3859572768879324
NVDA261218P00184000,2026-10-05 19:45:29+00:00,184.0,1.37,1.23,1.5,-0.25,-15.432098,51.0,1763.0,0.41919526123046874,False,REGULAR,USD,Put,2026-12-18,NVDA,2026-10-06T00:29:09.099978+00:00,238.9,0.0401800012588501,0.0022226971865062345,0.3859572768879324
NVDA261218P00185000,2026-10-05 19:53:55+00:00,185.0,1.39,1.3,1.43,-0.32000005,-18.713451,262.0,14078.0,0.4074766284179688,False,REGULAR,USD,Put,2026-12-18,NVDA,2026-10-06T00:29:09.099978+00:00,238.9,0.0401800012588501,0.0022226971865062345,0.3859572768879324
NVDA261218P00186000,2026-10-05 19:44:19+00:00,186.0,1.43,1.44,1.54,-0.36,-20.111732,70.0,5416.0,0.40820904296875,False,REGULAR,USD,Put,2026-12-18,NVDA,2026-10-06T00:29:09.099978+00:00,238.9,0.0401800012588501,0.0022226971865062345,0.3859572768879324
NVDA261218P00187000,2026-10-05 19:42:47+00:00,187.0,1.5,1.49,1.69,-0.39,-20.63492,24.0,3571.0,0.411138701171875,False,REGULAR,USD,Put,2026-12-18,NVDA,2026-10-06T00:29:09.099978+00:00,238.9,0.0401800012588501,0.0022226971865062345,0.3859572768879324
NVDA261218P00188000,2026-10-05 18:37:21+00:00,188.0,1.57,1.28,1.82,-0.41999996,-21.105526,1068.0,2863.0,0.41223732299804683,False,REGULAR,USD,Put,2026-12-18,NVDA,2026-10-06T00:29:09.099978+00:00,238.9,0.0401800012588501,0.0022226971865062345,0.3859572768879324
NVDA261218P00189000,2026-10-05 19:41:40+00:00,189.0,1.67,1.54,1.73,-0.35000002,-17.326735,27.0,2297.0,0.39978627563476565,False,REGULAR,USD,Put,2026-12-18,NVDA,2026-10-06T00:29:09.099978+00:00,238.9,0.0401800012588501,0.0022226971865062345,0.3859572768879324
NVDA261218P00190000,2026-10-05 19:59:40+00:00,190.0,1.75,1.69,1.78,-0.3900001,-18.224304,3502.0,30818.0,0.39588006469726567,False,REGULAR,USD,Put,2026-12-18,NVDA,2026-10-06T00:29:09.099978+00:00,238.9,0.0401800012588501,0.0022226971865062345,0.3859572768879324
NVDA261218P00191000,2026-10-05 19:58:18+00:00,191.0,1.89,1.62,1.85,-0.38,-16.740088,26.0,2758.0,0.3930724755859375,False,REGULAR,USD,Put,2026-12-18,NVDA,2026-10-06T00:29:09.099978+00:00,238.9,0.0401800012588501,0.0022226971865062345,0.3859572768879324
NVDA261218P00192000,2026-10-05 19:58:29+00:00,192.0,1.91,1.84,1.97,-0.47000015,-19.747904,185.0,2421.0,0.39288937194824214,False,REGULAR,USD,Put,2026-12-18,NVDA,2026-10-06T00:29:09.099978+00:00,238.9,0.0401800012588501,0.0022226971865062345,0.3859572768879324
NVDA261218P00193000,2026-10-05 19:44:17+00:00,193.0,2.02,1.92,2.07,-0.46000004,-18.54839,69.0,2272.0,0.3913635083007812,False,REGULAR,USD,Put,2026-12-18,NVDA,2026-10-06T00:29:09.099978+00:00,238.9,0.0401800012588501,0.0022226971865062345,0.3859572768879324
NVDA261218P00194000,2026-10-05 19:35:54+00:00,194.0,2.08,2.02,2.15,-0.61000013,-22.676584,1090.0,3317.0,0.3885559191894531,False,REGULAR,USD,Put,2026-12-18,NVDA,2026-10-06T00:29:09.099978+00:00,238.9,0.0401800012588501,0.0022226971865062345,0.3859572768879324
NVDA261218P00195000,2026-10-05 19:58:32+00:00,195.0,2.18,2.07,2.23,-0.53,-19.557194,386.0,19029.0,0.38550419189453117,False,REGULAR,USD,Put,2026-12-18,NVDA,2026-10-06T00:29:09.099978+00:00,238.9,0.0401800012588501,0.0022226971865062345,0.3859572768879324
NVDA261218P00200000,2026-10-05 19:59:40+00:00,200.0,2.74,2.62,2.78,-0.6099999,-18.208952,7672.0,60367.0,0.3753724572753906,False,REGULAR,USD,Put,2026-12-18,NVDA,2026-10-06T00:29:09.099978+00:00,238.9,0.0401800012588501,0.0022226971865062345,0.3859572768879324
NVDA261218P00205000,2026-10-05 19:51:42+00:00,205.0,3.35,3.3,3.5,-0.9000001,-21.176472,836.0,13847.0,0.3673158972167969,False,REGULAR,USD,Put,2026-12-18,NVDA,2026-10-06T00:29:09.099978+00:00,238.9,0.0401800012588501,0.0022226971865062345,0.3859572768879324
NVDA261218P00210000,2026-10-05 19:58:48+00:00,210.0,4.26,4.1,4.35,-1.04,-19.62264,6000.0,26034.0,0.35864899169921877,False,REGULAR,USD,Put,2026-12-18,NVDA,2026-10-06T00:29:09.099978+00:00,238.9,0.0401800012588501,0.0022226971865062345,0.3859572768879324
NVDA261218P00212000,2026-10-05 19:40:44+00:00,212.0,4.5,4.55,4.75,-1.2199998,-21.328669,2062.0,2712.0,0.3556582989501953,False,REGULAR,USD,Put,2026-12-18,NVDA,2026-10-06T00:29:09.099978+00:00,238.9,0.0401800012588501,0.0022226971865062345,0.3859572768879324
NVDA261218P00213000,2026-10-05 19:34:54+00:00,213.0,4.7,4.75,4.95,-1.3500004,-22.314054,80.0,2425.0,0.35382726257324215,False,REGULAR,USD,Put,2026-12-18,NVDA,2026-10-06T00:29:09.099978+00:00,238.9,0.0401800012588501,0.0022226971865062345,0.3859572768879324
NVDA261218P00214000,2026-10-05 19:33:43+00:00,214.0,4.92,4.8,5.15,-1.3299999,-21.28,224.0,2953.0,0.3517520880126953,False,REGULAR,USD,Put,2026-12-18,NVDA,2026-10-06T00:29:09.099978+00:00,238.9,0.0401800012588501,0.0022226971865062345,0.3859572768879324
NVDA261218P00215000,2026-10-05 19:59:07+00:00,215.0,5.35,5.0,5.6,-1.1600003,-17.818745,1360.0,6871.0,0.35712312805175783,False,REGULAR,USD,Put,2026-12-18,NVDA,2026-10-06T00:29:09.099978+00:00,238.9,0.0401800012588501,0.0022226971865062345,0.3859572768879324
NVDA261218P00216000,2026-10-05 19:21:52+00:00,216.0,5.45,5.25,5.6,-1.4300003,-20.784887,569.0,1806.0,0.3485172570800781,False,REGULAR,USD,Put,2026-12-18,NVDA,2026-10-06T00:29:09.099978+00:00,238.9,0.0401800012588501,0.0022226971865062345,0.3859572768879324
NVDA261218P00217000,2026-10-05 19:42:19+00:00,217.0,5.6,4.3,5.85,-1.5500002,-21.678324,130.0,3620.0,0.34729656616210935,False,REGULAR,USD,Put,2026-12-18,NVDA,2026-10-06T00:29:09.099978+00:00,238.9,0.0401800012588501,0.0022226971865062345,0.3859572768879324
NVDA261218P00218000,2026-10-05 18:58:20+00:00,218.0,5.9,5.45,6.4,-1.5499997,-20.805367,141.0,1055.0,0.3544986425781249,False,REGULAR,USD,Put,2026-12-18,NVDA,2026-10-06T00:29:09.099978+00:00,238.9,0.0401800012588501,0.0022226971865062345,0.3859572768879324
NVDA261218P00219000,2026-10-05 19:41:13+00:00,219.0,6.26,5.95,6.35,-1.4899998,-19.225803,31.0,1467.0,0.3440617352294921,False,REGULAR,USD,Put,2026-12-18,NVDA,2026-10-06T00:29:09.099978+00:00,238.9,0.0401800012588501,0.0022226971865062345,0.3859572768879324
NVDA261218P00220000,2026-10-05 19:58:24+00:00,220.0,6.5,6.35,6.65,-1.5500002,-19.25466,1003.0,43304.0,0.3435124243164062,False,REGULAR,USD,Put,2026-12-18,NVDA,2026-10-06T00:29:09.099978+00:00,238.9,0.0401800012588501,0.0022226971865062345,0.3859572768879324
NVDA261218P00221000,2026-10-05 19:33:27+00:00,221.0,6.6,6.35,6.9,-1.9000001,-22.352943,20.0,5998.0,0.3413151806640625,False,REGULAR,USD,Put,2026-12-18,NVDA,2026-10-06T00:29:09.099978+00:00,238.9,0.0401800012588501,0.0022226971865062345,0.3859572768879324
NVDA261218P00222000,2026-10-05 19:42:19+00:00,222.0,7.11,6.6,7.3,-1.6399999,-18.742855,512.0,904.0,0.34299363067626953,False,REGULAR,USD,Put,2026-12-18,NVDA,2026-10-06T00:29:09.099978+00:00,238.9,0.0401800012588501,0.0022226971865062345,0.3859572768879324
NVDA261218P00223000,2026-10-05 19:21:47+00:00,223.0,7.3,6.9,8.15,-1.8999996,-20.65217,18.0,915.0,0.3562686444091796,False,REGULAR,USD,Put,2026-12-18,NVDA,2026-10-06T00:29:09.099978+00:00,238.9,0.0401800012588501,0.0022226971865062345,0.3859572768879324
NVDA261218P00224000,2026-10-05 19:54:49+00:00,224.0,7.7,7.35,7.8,-1.9000006,-19.791672,22.0,2031.0,0.33740896972656254,False,REGULAR,USD,Put,2026-12-18,NVDA,2026-10-06T00:29:09.099978+00:00,238.9,0.0401800012588501,0.0022226971865062345,0.3859572768879324
NVDA261218P00225000,2026-10-05 19:54:29+00:00,225.0,8.05,7.55,8.1,-1.8000002,-18.274113,563.0,9361.0,0.3355779333496094,False,REGULAR,USD,Put,2026-12-18,NVDA,2026-10-06T00:29:09.099978+00:00,238.9,0.0401800012588501,0.0022226971865062345,0.3859572768879324
NVDA261218P00226000,2026-10-05 19:53:12+00:00,226.0,8.2,6.9,8.55,-1.9000006,-18.811886,24.0,1434.0,0.33740896972656254,False,REGULAR,USD,Put,2026-12-18,NVDA,2026-10-06T00:29:09.099978+00:00,238.9,0.0401800012588501,0.0022226971865062345,0.3859572768879324
NVDA261218P00227000,2026-10-05 19:14:32+00:00,227.0,8.69,8.15,8.8,-1.8100004,-17.2381,195.0,1962.0,0.3338079315185547,False,REGULAR,USD,Put,2026-12-18,NVDA,2026-10-06T00:29:09.099978+00:00,238.9,0.0401800012588501,0.0022226971865062345,0.3859572768879324
NVDA261218P00228000,2026-10-05 19:48:29+00:00,228.0,8.85,8.75,9.15,-1.8999996,-17.674416,285.0,2712.0,0.3325262060546875,False,REGULAR,USD,Put,2026-12-18,NVDA,2026-10-06T00:29:09.099978+00:00,238.9,0.0401800012588501,0.0022226971865062345,0.3859572768879324
NVDA261218P00230000,2026-10-05 19:59:24+00:00,230.0,9.8,9.55,9.85,-2.0199995,-17.089676,2153.0,16097.0,0.3291693060302734,False,REGULAR,USD,Put,2026-12-18,NVDA,2026-10-06T00:29:09.099978+00:00,238.9,0.0401800012588501,0.0022226971865062345,0.3859572768879324
NVDA261218P00235000,2026-10-05 19:55:53+00:00,235.0,11.7,11.45,11.9,-2.5500002,-17.894737,1262.0,5046.0,0.32367619689941396,False,REGULAR,USD,Put,2026-12-18,NVDA,2026-10-06T00:29:09.099978+00:00,238.9,0.0401800012588501,0.0022226971865062345,0.3859572768879324
NVDA261218P00240000,2026-10-05 19:58:21+00:00,240.0,14.2,13.55,14.2,-2.590001,-15.425855,4176.0,2956.0,0.3175117077636719,True,REGULAR,USD,Put,2026-12-18,NVDA,2026-10-06T00:29:09.099978+00:00,238.9,0.0401800012588501,0.0022226971865062345,0.3859572768879324
NVDA261218P00245000,2026-10-05 19:43:04+00:00,245.0,16.29,16.15,18.05,-3.3499985,-17.05702,203.0,1052.0,0.3409489733886719,True,REGULAR,USD,Put,2026-12-18,NVDA,2026-10-06T00:29:09.099978+00:00,238.9,0.0401800012588501,0.0022226971865062345,0.3859572768879324
NVDA261218P00250000,2026-10-05 19:59:10+00:00,250.0,19.66,18.9,20.65,-2.9400005,-13.008852,639.0,2582.0,0.3289556851196288,True,REGULAR,USD,Put,2026-12-18,NVDA,2026-10-06T00:29:09.099978+00:00,238.9,0.0401800012588501,0.0022226971865062345,0.3859572768879324
NVDA261218P00255000,2026-10-05 19:50:56+00:00,255.0,22.45,22.2,23.5,-3.6499996,-13.984673,238.0,1308.0,0.3161079132080078,True,REGULAR,USD,Put,2026-12-18,NVDA,2026-10-06T00:29:09.099978+00:00,238.9,0.0401800012588501,0.0022226971865062345,0.3859572768879324
NVDA261218P00260000,2026-10-05 19:57:41+00:00,260.0,25.5,25.5,27.0,-2.5499992,-9.090906,24.0,1183.0,0.3128120477294921,True,REGULAR,USD,Put,2026-12-18,NVDA,2026-10-06T00:29:09.099978+00:00,238.9,0.0401800012588501,0.0022226971865062345,0.3859572768879324
NVDA261218P00265000,2026-10-05 19:18:41+00:00,265.0,30.0,28.25,30.25,-3.4500008,-10.313903,4.0,799.0,0.2951120294189453,True,REGULAR,USD,Put,2026-12-18,NVDA,2026-10-06T00:29:09.099978+00:00,238.9,0.0401800012588501,0.0022226971865062345,0.3859572768879324
NVDA261218P00270000,2026-10-05 19:28:40+00:00,270.0,33.27,33.15,34.75,-4.8600006,-12.745871,11.0,1565.0,0.30823445678710937,True,REGULAR,USD,Put,2026-12-18,NVDA,2026-10-06T00:29:09.099978+00:00,238.9,0.0401800012588501,0.0022226971865062345,0.3859572768879324
NVDA261218P00275000,2026-10-05 19:14:21+00:00,275.0,37.5,37.25,38.35,-4.700001,-11.137442,1.0,1241.0,0.28443098388671867,True,REGULAR,USD,Put,2026-12-18,NVDA,2026-10-06T00:29:09.099978+00:00,238.9,0.0401800012588501,0.0022226971865062345,0.3859572768879324
NVDA261218P00280000,2026-10-05 14:58:03+00:00,280.0,41.57,40.35,44.25,-3.4300003,-7.622223,3.0,339.0,0.343207251586914,True,REGULAR,USD,Put,2026-12-18,NVDA,2026-10-06T00:29:09.099978+00:00,238.9,0.0401800012588501,0.0022226971865062345,0.3859572768879324
NVDA261218P00285000,2026-10-05 19:11:37+00:00,285.0,46.2,45.25,48.6,-20.249996,-30.474037,42.0,338.0,0.3417424224853516,True,REGULAR,USD,Put,2026-12-18,NVDA,2026-10-06T00:29:09.099978+00:00,238.9,0.0401800012588501,0.0022226971865062345,0.3859572768879324
NVDA261218P00290000,2026-10-05 19:55:35+00:00,290.0,51.5,49.85,53.25,-3.619999,-6.5674872,2.0,344.0,0.3487613952636719,True,REGULAR,USD,Put,2026-12-18,NVDA,2026-10-06T00:29:09.099978+00:00,238.9,0.0401800012588501,0.0022226971865062345,0.3859572768879324
NVDA261218P00295000,2026-10-01 17:43:48+00:00,295.0,64.05,54.65,58.9,0.0,0.0,10.0,25.0,0.3986876538085938,True,REGULAR,USD,Put,2026-12-18,NVDA,2026-10-06T00:29:09.099978+00:00,238.9,0.0401800012588501,0.0022226971865062345,0.3859572768879324
NVDA261218P00300000,2026-10-05 15:49:57+00:00,300.0,63.14,56.9,65.0,-5.9000015,-8.545773,14.0,16.0,0.46417772155761716,True,REGULAR,USD,Put,2026-12-18,NVDA,2026-10-06T00:29:09.099978+00:00,238.9,0.0401800012588501,0.0022226971865062345,0.3859572768879324
NVDA261218P00305000,2026-08-31 14:17:28+00:00,305.0,85.32,63.45,68.85,0.0,0.0,1.0,1.0,0.4382990740966797,True,REGULAR,USD,Put,2026-12-18,NVDA,2026-10-06T00:29:09.099978+00:00,238.9,0.0401800012588501,0.0022226971865062345,0.3859572768879324
NVDA261218P00310000,2026-10-05 17:57:13+00:00,310.0,72.42,66.8,74.3,-10.25,-12.398694,1.0,0.0,0.478093598022461,True,REGULAR,USD,Put,2026-12-18,NVDA,2026-10-06T00:29:09.099978+00:00,238.9,0.0401800012588501,0.0022226971865062345,0.3859572768879324
NVDA261218P00315000,2026-08-20 15:53:24+00:00,315.0,98.86,0.0,0.0,0.0,0.0,46.0,0.0,1.0000000000000003e-05,True,REGULAR,USD,Put,2026-12-18,NVDA,2026-10-06T00:29:09.099978+00:00,238.9,0.0401800012588501,0.0022226971865062345,0.3859572768879324
NVDA261218P00320000,2026-08-13 15:17:49+00:00,320.0,95.38,0.0,0.0,0.0,0.0,45.0,0.0,1.0000000000000003e-05,True,REGULAR,USD,Put,2026-12-18,NVDA,2026-10-06T00:29:09.099978+00:00,238.9,0.0401800012588501,0.0022226971865062345,0.3859572768879324
NVDA261218P00325000,2026-08-13 15:17:48+00:00,325.0,100.12,92.7,97.45,0.0,0.0,35.0,0.0,0.7440821490478515,True,REGULAR,USD,Put,2026-12-18,NVDA,2026-10-06T00:29:09.099978+00:00,238.9,0.0401800012588501,0.0022226971865062345,0.3859572768879324
NVDA261218P00330000,2026-08-20 15:53:24+00:00,330.0,113.78,96.9,104.75,0.0,0.0,46.0,0.0,0.7883321948242188,True,REGULAR,USD,Put,2026-12-18,NVDA,2026-10-06T00:29:09.099978+00:00,238.9,0.0401800012588501,0.0022226971865062345,0.3859572768879324
NVDA261218P00340000,2026-08-28 15:53:49+00:00,340.0,117.17,97.2,105.35,0.0,0.0,3.0,0.0,0.6361120373535156,True,REGULAR,USD,Put,2026-12-18,NVDA,2026-10-06T00:29:09.099978+00:00,238.9,0.0401800012588501,0.0022226971865062345,0.3859572768879324
NVDA261218P00345000,2026-08-13 15:17:48+00:00,345.0,120.04,111.9,119.35,0.0,0.0,35.0,0.0,0.8428970788574219,True,REGULAR,USD,Put,2026-12-18,NVDA,2026-10-06T00:29:09.099978+00:00,238.9,0.0401800012588501,0.0022226971865062345,0.3859572768879324
NVDA261218P00350000,2026-10-02 19:32:49+00:00,350.0,115.0,106.75,115.35,0.0,0.0,1.0,0.0,0.6709017285156251,True,REGULAR,USD,Put,2026-12-18,NVDA,2026-10-06T00:29:09.099978+00:00,238.9,0.0401800012588501,0.0022226971865062345,0.3859572768879324
NVDA261218P00355000,2026-05-11 14:31:43+00:00,355.0,138.0,144.8,146.8,0.0,0.0,,0.0,1.422732378540039,True,REGULAR,USD,Put,2026-12-18,NVDA,2026-10-06T00:29:09.099978+00:00,238.9,0.0401800012588501,0.0022226971865062345,0.3859572768879324
NVDA261218P00360000,2026-03-24 15:08:58+00:00,360.0,183.78,0.0,0.0,0.0,0.0,1.0,0.0,1.0000000000000003e-05,True,REGULAR,USD,Put,2026-12-18,NVDA,2026-10-06T00:29:09.099978+00:00,238.9,0.0401800012588501,0.0022226971865062345,0.3859572768879324
NVDA261218P00370000,2026-06-03 19:32:25+00:00,370.0,155.05,0.0,0.0,0.0,0.0,3.0,0.0,1.0000000000000003e-05,True,REGULAR,USD,Put,2026-12-18,NVDA,2026-10-06T00:29:09.099978+00:00,238.9,0.0401800012588501,0.0022226971865062345,0.3859572768879324
NVDA261218P00380000,2026-05-26 16:19:23+00:00,380.0,167.35,0.0,0.0,0.0,0.0,10.0,0.0,1.0000000000000003e-05,True,REGULAR,USD,Put,2026-12-18,NVDA,2026-10-06T00:29:09.099978+00:00,238.9,0.0401800012588501,0.0022226971865062345,0.3859572768879324
NVDA261218P00390000,2026-06-02 13:53:01+00:00,390.0,159.5,0.0,0.0,0.0,0.0,1.0,0.0,1.0000000000000003e-05,True,REGULAR,USD,Put,2026-12-18,NVDA,2026-10-06T00:29:09.099978+00:00,238.9,0.0401800012588501,0.0022226971865062345,0.3859572768879324
NVDA261218P00400000,2026-08-27 16:30:10+00:00,400.0,171.37,156.8,165.35,0.0,0.0,1.0,0.0,0.8240984387207031,True,REGULAR,USD,Put,2026-12-18,NVDA,2026-10-06T00:29:09.099978+00:00,238.9,0.0401800012588501,0.0022226971865062345,0.3859572768879324
NVDA261218P00410000,2026-05-15 14:46:01+00:00,410.0,183.0,199.25,202.1,0.0,0.0,1.0,0.0,1.627016025085449,True,REGULAR,USD,Put,2026-12-18,NVDA,2026-10-06T00:29:09.099978+00:00,238.9,0.0401800012588501,0.0022226971865062345,0.3859572768879324
NVDA261218P00420000,2024-06-06 14:22:04+00:00,420.0,18.75,16.45,18.8,0.0,0.0,1.0,58.0,1.0000000000000003e-05,True,REGULAR,USD,Put,2026-12-18,NVDA,2026-10-06T00:29:09.099978+00:00,238.9,0.0401800012588501,0.0022226971865062345,0.3859572768879324
NVDA261218P00430000,2024-05-30 19:28:17+00:00,430.0,22.05,17.65,20.1,0.0,0.0,1.0,92.0,1.0000000000000003e-05,True,REGULAR,USD,Put,2026-12-18,NVDA,2026-10-06T00:29:09.099978+00:00,238.9,0.0401800012588501,0.0022226971865062345,0.3859572768879324
NVDA261218P00440000,2024-06-05 18:19:19+00:00,440.0,20.99,18.85,21.35,0.0,0.0,5.0,117.0,1.0000000000000003e-05,True,REGULAR,USD,Put,2026-12-18,NVDA,2026-10-06T00:29:09.099978+00:00,238.9,0.0401800012588501,0.0022226971865062345,0.3859572768879324
NVDA261218P00450000,2024-06-07 19:56:37+00:00,450.0,22.1,20.55,22.2,-0.25,-1.11857,15.0,1614.0,1.0000000000000003e-05,True,REGULAR,USD,Put,2026-12-18,NVDA,2026-10-06T00:29:09.099978+00:00,238.9,0.0401800012588501,0.0022226971865062345,0.3859572768879324
NVDA261218P00460000,2024-06-07 16:45:20+00:00,460.0,23.35,21.4,24.05,-0.25,-1.05932,1.0,100.0,1.0000000000000003e-05,True,REGULAR,USD,Put,2026-12-18,NVDA,2026-10-06T00:29:09.099978+00:00,238.9,0.0401800012588501,0.0022226971865062345,0.3859572768879324
NVDA261218P00470000,2024-06-05 16:33:34+00:00,470.0,25.19,22.8,25.45,0.0,0.0,5.0,142.0,1.0000000000000003e-05,True,REGULAR,USD,Put,2026-12-18,NVDA,2026-10-06T00:29:09.099978+00:00,238.9,0.0401800012588501,0.0022226971865062345,0.3859572768879324
NVDA261218P00480000,2024-06-07 16:34:30+00:00,480.0,26.25,24.2,26.95,-0.18,-0.681045,2.0,110.0,1.0000000000000003e-05,True,REGULAR,USD,Put,2026-12-18,NVDA,2026-10-06T00:29:09.099978+00:00,238.9,0.0401800012588501,0.0022226971865062345,0.3859572768879324
NVDA261218P00490000,2024-06-06 19:55:36+00:00,490.0,28.1,25.7,28.45,0.0,0.0,4.0,76.0,1.0000000000000003e-05,True,REGULAR,USD,Put,2026-12-18,NVDA,2026-10-06T00:29:09.099978+00:00,238.9,0.0401800012588501,0.0022226971865062345,0.3859572768879324
NVDA261218P00500000,2024-06-07 19:56:19+00:00,500.0,28.8,28.8,29.65,-1.2,-4.0,11.0,1244.0,1.0000000000000003e-05,True,REGULAR,USD,Put,2026-12-18,NVDA,2026-10-06T00:29:09.099978+00:00,238.9,0.0401800012588501,0.0022226971865062345,0.3859572768879324
NVDA261218P00510000,2024-06-07 19:37:43+00:00,510.0,30.6,29.6,31.35,-0.969999,-3.07254,2.0,177.0,1.0000000000000003e-05,True,REGULAR,USD,Put,2026-12-18,NVDA,2026-10-06T00:29:09.099978+00:00,238.9,0.0401800012588501,0.0022226971865062345,0.3859572768879324
NVDA261218P00520000,2024-06-06 18:09:28+00:00,520.0,33.8,31.0,33.0,0.0,0.0,18.0,85.0,1.0000000000000003e-05,True,REGULAR,USD,Put,2026-12-18,NVDA,2026-10-06T00:29:09.099978+00:00,238.9,0.0401800012588501,0.0022226971865062345,0.3859572768879324
NVDA261218P00530000,2024-06-06 16:41:21+00:00,530.0,35.45,32.95,34.8,0.0,0.0,2.0,79.0,1.0000000000000003e-05,True,REGULAR,USD,Put,2026-12-18,NVDA,2026-10-06T00:29:09.099978+00:00,238.9,0.0401800012588501,0.0022226971865062345,0.3859572768879324
NVDA261218P00540000,2024-06-05 17:03:15+00:00,540.0,36.2,34.55,37.25,0.0,0.0,1.0,242.0,1.0000000000000003e-05,True,REGULAR,USD,Put,2026-12-18,NVDA,2026-10-06T00:29:09.099978+00:00,238.9,0.0401800012588501,0.0022226971865062345,0.3859572768879324
NVDA261218P00550000,2024-06-07 18:03:58+00:00,550.0,38.0,36.85,38.5,1.1,2.98103,3.0,292.0,1.0000000000000003e-05,True,REGULAR,USD,Put,2026-12-18,NVDA,2026-10-06T00:29:09.099978+00:00,238.9,0.0401800012588501,0.0022226971865062345,0.3859572768879324
NVDA261218P00560000,2024-05-31 18:01:18+00:00,560.0,47.87,38.05,40.45,0.0,0.0,2.0,148.0,1.0000000000000003e-05,True,REGULAR,USD,Put,2026-12-18,NVDA,2026-10-06T00:29:09.099978+00:00,238.9,0.0401800012588501,0.0022226971865062345,0.3859572768879324
NVDA261218P00570000,2024-06-07 19:16:58+00:00,570.0,42.75,41.0,42.45,-0.720001,-1.65632,2.0,532.0,1.0000000000000003e-05,True,REGULAR,USD,Put,2026-12-18,NVDA,2026-10-06T00:29:09.099978+00:00,238.9,0.0401800012588501,0.0022226971865062345,0.3859572768879324
NVDA261218P00580000,2024-05-31 15:19:38+00:00,580.0,51.5,42.6,44.65,0.0,0.0,30.0,685.0,1.0000000000000003e-05,True,REGULAR,USD,Put,2026-12-18,NVDA,2026-10-06T00:29:09.099978+00:00,238.9,0.0401800012588501,0.0022226971865062345,0.3859572768879324
NVDA261218P00590000,2024-06-06 15:04:52+00:00,590.0,46.26,44.0,47.3,0.0,0.0,1.0,46.0,1.0000000000000003e-05,True,REGULAR,USD,Put,2026-12-18,NVDA,2026-10-06T00:29:09.099978+00:00,238.9,0.0401800012588501,0.0022226971865062345,0.3859572768879324
NVDA261218P00600000,2024-06-07 17:47:52+00:00,600.0,47.7,46.0,47.9,-1.8,-3.63636,22.0,1771.0,1.0000000000000003e-05,True,REGULAR,USD,Put,2026-12-18,NVDA,2026-10-06T00:29:09.099978+00:00,238.9,0.0401800012588501,0.0022226971865062345,0.3859572768879324
NVDA261218P00610000,2024-06-07 19:15:18+00:00,610.0,50.02,48.55,50.8,-1.37,-2.66589,2.0,291.0,1.0000000000000003e-05,True,REGULAR,USD,Put,2026-12-18,NVDA,2026-10-06T00:29:09.099978+00:00,238.9,0.0401800012588501,0.0022226971865062345,0.3859572768879324
NVDA261218P00620000,2024-06-07 13:48:52+00:00,620.0,54.47,50.5,53.05,-0.0299988,-0.0550436,2.0,207.0,1.0000000000000003e-05,True,REGULAR,USD,Put,2026-12-18,NVDA,2026-10-06T00:29:09.099978+00:00,238.9,0.0401800012588501,0.0022226971865062345,0.3859572768879324
NVDA261218P00630000,2024-06-07 19:54:35+00:00,630.0,54.66,54.4,55.55,0.619999,1.1473,2.0,117.0,1.0000000000000003e-05,True,REGULAR,USD,Put,2026-12-18,NVDA,2026-10-06T00:29:09.099978+00:00,238.9,0.0401800012588501,0.0022226971865062345,0.3859572768879324
NVDA261218P00640000,2024-06-05 13:54:05+00:00,640.0,58.9,55.25,58.75,0.0,0.0,3.0,50.0,1.0000000000000003e-05,True,REGULAR,USD,Put,2026-12-18,NVDA,2026-10-06T00:29:09.099978+00:00,238.9,0.0401800012588501,0.0022226971865062345,0.3859572768879324
NVDA261218P00650000,2024-06-07 19:06:54+00:00,650.0,60.6,58.9,60.65,-0.400002,-0.65574,4.0,2038.0,1.0000000000000003e-05,True,REGULAR,USD,Put,2026-12-18,NVDA,2026-10-06T00:29:09.099978+00:00,238.9,0.0401800012588501,0.0022226971865062345,0.3859572768879324
NVDA261218P00660000,2024-05-30 18:25:56+00:00,660.0,68.38,60.0,63.8,0.0,0.0,5.0,96.0,1.0000000000000003e-05,True,REGULAR,USD,Put,2026-12-18,NVDA,2026-10-06T00:29:09.099978+00:00,238.9,0.0401800012588501,0.0022226971865062345,0.3859572768879324
NVDA261218P00670000,2024-06-07 18:41:34+00:00,670.0,65.0,62.5,66.4,-2.3,-3.41754,1.0,110.0,1.0000000000000003e-05,True,REGULAR,USD,Put,2026-12-18,NVDA,2026-10-06T00:29:09.099978+00:00,238.9,0.0401800012588501,0.0022226971865062345,0.3859572768879324
NVDA261218P00680000,2024-06-06 16:02:57+00:00,680.0,68.8,65.65,68.8,0.0,0.0,2.0,182.0,1.0000000000000003e-05,True,REGULAR,USD,Put,2026-12-18,NVDA,2026-10-06T00:29:09.099978+00:00,238.9,0.0401800012588501,0.0022226971865062345,0.3859572768879324
NVDA261218P00690000,2024-06-07 15:04:34+00:00,690.0,72.9,68.4,71.5,1.4,1.95804,1.0,279.0,1.0000000000000003e-05,True,REGULAR,USD,Put,2026-12-18,NVDA,2026-10-06T00:29:09.099978+00:00,238.9,0.0401800012588501,0.0022226971865062345,0.3859572768879324
NVDA261218P00700000,2024-06-07 18:57:12+00:00,700.0,73.05,70.4,73.6,-2.2,-2.92358,2.0,827.0,1.0000000000000003e-05,True,REGULAR,USD,Put,2026-12-18,NVDA,2026-10-06T00:29:09.099978+00:00,238.9,0.0401800012588501,0.0022226971865062345,0.3859572768879324
NVDA261218P00710000,2024-06-05 19:24:51+00:00,710.0,74.69,73.85,76.65,0.0,0.0,12.0,77.0,1.0000000000000003e-05,True,REGULAR,USD,Put,2026-12-18,NVDA,2026-10-06T00:29:09.099978+00:00,238.9,0.0401800012588501,0.0022226971865062345,0.3859572768879324
NVDA261218P00720000,2024-06-07 14:12:01+00:00,720.0,81.85,76.15,79.25,2.25,2.82663,20.0,1667.0,1.0000000000000003e-05,True,REGULAR,USD,Put,2026-12-18,NVDA,2026-10-06T00:29:09.099978+00:00,238.9,0.0401800012588501,0.0022226971865062345,0.3859572768879324
NVDA261218P00730000,2024-06-07 14:12:01+00:00,730.0,84.65,79.45,82.5,5.87,7.45113,20.0,57.0,1.0000000000000003e-05,True,REGULAR,USD,Put,2026-12-18,NVDA,2026-10-06T00:29:09.099978+00:00,238.9,0.0401800012588501,0.0022226971865062345,0.3859572768879324
NVDA261218P00740000,2024-06-07 19:09:30+00:00,740.0,84.61,82.3,85.5,-2.6,-2.98131,6.0,124.0,1.0000000000000003e-05,True,REGULAR,USD,Put,2026-12-18,NVDA,2026-10-06T00:29:09.099978+00:00,238.9,0.0401800012588501,0.0022226971865062345,0.3859572768879324
NVDA261218P00750000,2024-06-07 19:45:24+00:00,750.0,87.25,85.55,88.35,-0.0500031,-0.0572773,12.0,399.0,1.0000000000000003e-05,True,REGULAR,USD,Put,2026-12-18,NVDA,2026-10-06T00:29:09.099978+00:00,238.9,0.0401800012588501,0.0022226971865062345,0.3859572768879324
NVDA261218P00760000,2024-06-07 13:40:58+00:00,760.0,93.4,88.35,91.65,-0.900002,-0.954402,2.0,188.0,1.0000000000000003e-05,True,REGULAR,USD,Put,2026-12-18,NVDA,2026-10-06T00:29:09.099978+00:00,238.9,0.0401800012588501,0.0022226971865062345,0.3859572768879324
NVDA261218P00770000,2024-06-07 17:04:45+00:00,770.0,92.8,91.6,94.85,-2.7,-2.82722,3.0,117.0,1.0000000000000003e-05,True,REGULAR,USD,Put,2026-12-18,NVDA,2026-10-06T00:29:09.099978+00:00,238.9,0.0401800012588501,0.0022226971865062345,0.3859572768879324
NVDA261218P00780000,2024-06-07 19:04:41+00:00,780.0,97.0,94.9,98.05,-2.4,-2.41449,8.0,154.0,1.0000000000000003e-05,True,REGULAR,USD,Put,2026-12-18,NVDA,2026-10-06T00:29:09.099978+00:00,238.9,0.0401800012588501,0.0022226971865062345,0.3859572768879324
NVDA261218P00790000,2024-06-07 19:07:29+00:00,790.0,100.25,98.2,101.25,1.1,1.10943,1.0,78.0,1.0000000000000003e-05,True,REGULAR,USD,Put,2026-12-18,NVDA,2026-10-06T00:29:09.099978+00:00,238.9,0.0401800012588501,0.0022226971865062345,0.3859572768879324
NVDA261218P00800000,2024-06-07 19:54:36+00:00,800.0,102.78,101.45,104.5,-2.72,-2.5782,20.0,405.0,1.0000000000000003e-05,True,REGULAR,USD,Put,2026-12-18,NVDA,2026-10-06T00:29:09.099978+00:00,238.9,0.0401800012588501,0.0022226971865062345,0.3859572768879324
NVDA261218P00810000,2024-06-07 18:06:30+00:00,810.0,107.18,104.85,108.05,-2.02,-1.84981,8.0,221.0,1.0000000000000003e-05,True,REGULAR,USD,Put,2026-12-18,NVDA,2026-10-06T00:29:09.099978+00:00,238.9,0.0401800012588501,0.0022226971865062345,0.3859572768879324
NVDA261218P00820000,2024-06-07 19:12:32+00:00,820.0,110.6,108.25,111.55,-10.65,-8.78351,12.0,121.0,1.0000000000000003e-05,True,REGULAR,USD,Put,2026-12-18,NVDA,2026-10-06T00:29:09.099978+00:00,238.9,0.0401800012588501,0.0022226971865062345,0.3859572768879324
NVDA261218P00830000,2024-06-07 17:20:50+00:00,830.0,112.93,111.7,115.05,2.88,2.61699,1.0,141.0,1.0000000000000003e-05,True,REGULAR,USD,Put,2026-12-18,NVDA,2026-10-06T00:29:09.099978+00:00,238.9,0.0401800012588501,0.0022226971865062345,0.3859572768879324
NVDA261218P00840000,2024-06-07 13:43:09+00:00,840.0,122.23,115.25,118.55,5.28001,4.51476,5.0,57.0,1.0000000000000003e-05,True,REGULAR,USD,Put,2026-12-18,NVDA,2026-10-06T00:29:09.099978+00:00,238.9,0.0401800012588501,0.0022226971865062345,0.3859572768879324
NVDA261218P00850000,2024-06-07 13:47:15+00:00,850.0,124.75,118.8,122.1,-0.199997,-0.160062,7.0,183.0,1.0000000000000003e-05,True,REGULAR,USD,Put,2026-12-18,NVDA,2026-10-06T00:29:09.099978+00:00,238.9,0.0401800012588501,0.0022226971865062345,0.3859572768879324
NVDA261218P00860000,2024-06-07 19:55:38+00:00,860.0,124.0,122.4,125.95,-3.3,-2.5923,2.0,61.0,1.0000000000000003e-05,True,REGULAR,USD,Put,2026-12-18,NVDA,2026-10-06T00:29:09.099978+00:00,238.9,0.0401800012588501,0.0022226971865062345,0.3859572768879324
NVDA261218P00870000,2024-06-07 14:22:17+00:00,870.0,133.0,126.05,129.75,2.78999,2.14269,1.0,55.0,1.0000000000000003e-05,True,REGULAR,USD,Put,2026-12-18,NVDA,2026-10-06T00:29:09.099978+00:00,238.9,0.0401800012588501,0.0022226971865062345,0.3859572768879324
NVDA261218P00880000,2024-06-07 14:22:29+00:00,880.0,137.0,129.9,133.55,5.71001,4.34916,1.0,78.0,1.0000000000000003e-05,True,REGULAR,USD,Put,2026-12-18,NVDA,2026-10-06T00:29:09.099978+00:00,238.9,0.0401800012588501,0.0022226971865062345,0.3859572768879324
NVDA261218P00890000,2024-06-06 15:42:18+00:00,890.0,138.4,133.6,137.0,0.0,0.0,6.0,114.0,1.0000000000000003e-05,True,REGULAR,USD,Put,2026-12-18,NVDA,2026-10-06T00:29:09.099978+00:00,238.9,0.0401800012588501,0.0022226971865062345,0.3859572768879324
NVDA261218P00900000,2024-06-07 19:58:13+00:00,900.0,139.0,137.7,141.1,-5.07001,-3.51913,11.0,317.0,1.0000000000000003e-05,True,REGULAR,USD,Put,2026-12-18,NVDA,2026-10-06T00:29:09.099978+00:00,238.9,0.0401800012588501,0.0022226971865062345,0.3859572768879324
NVDA261218P00910000,2024-06-07 16:07:18+00:00,910.0,147.8,141.55,145.2,0.949997,0.646917,2.0,107.0,1.0000000000000003e-05,True,REGULAR,USD,Put,2026-12-18,NVDA,2026-10-06T00:29:09.099978+00:00,238.9,0.0401800012588501,0.0022226971865062345,0.3859572768879324
NVDA261218P00920000,2024-06-06 16:30:57+00:00,920.0,152.0,145.5,149.0,0.0,0.0,1.0,111.0,1.0000000000000003e-05,True,REGULAR,USD,Put,2026-12-18,NVDA,2026-10-06T00:29:09.099978+00:00,238.9,0.0401800012588501,0.0022226971865062345,0.3859572768879324
NVDA261218P00930000,2024-06-05 15:26:58+00:00,930.0,154.25,149.65,152.9,0.0,0.0,32.0,127.0,1.0000000000000003e-05,True,REGULAR,USD,Put,2026-12-18,NVDA,2026-10-06T00:29:09.099978+00:00,238.9,0.0401800012588501,0.0022226971865062345,0.3859572768879324
NVDA261218P00940000,2024-06-07 14:53:45+00:00,940.0,161.0,153.45,157.5,0.850006,0.530756,1.0,59.0,1.0000000000000003e-05,True,REGULAR,USD,Put,2026-12-18,NVDA,2026-10-06T00:29:09.099978+00:00,238.9,0.0401800012588501,0.0022226971865062345,0.3859572768879324
NVDA261218P00950000,2024-06-07 19:38:10+00:00,950.0,160.28,157.8,161.5,-2.22,-1.36615,1.0,148.0,1.0000000000000003e-05,True,REGULAR,USD,Put,2026-12-18,NVDA,2026-10-06T00:29:09.099978+00:00,238.9,0.0401800012588501,0.0022226971865062345,0.3859572768879324
NVDA261218P00960000,2024-06-07 19:29:53+00:00,960.0,164.74,161.95,165.95,2.59001,1.59729,1.0,44.0,1.0000000000000003e-05,True,REGULAR,USD,Put,2026-12-18,NVDA,2026-10-06T00:29:09.099978+00:00,238.9,0.0401800012588501,0.0022226971865062345,0.3859572768879324
NVDA261218P00970000,2024-06-06 19:07:43+00:00,970.0,172.5,166.15,170.3,0.0,0.0,53.0,70.0,1.0000000000000003e-05,True,REGULAR,USD,Put,2026-12-18,NVDA,2026-10-06T00:29:09.099978+00:00,238.9,0.0401800012588501,0.0022226971865062345,0.3859572768879324
NVDA261218P00980000,2024-06-05 16:09:07+00:00,980.0,174.74,170.4,174.65,0.0,0.0,2.0,30.0,1.0000000000000003e-05,True,REGULAR,USD,Put,2026-12-18,NVDA,2026-10-06T00:29:09.099978+00:00,238.9,0.0401800012588501,0.0022226971865062345,0.3859572768879324
NVDA261218P00990000,2024-06-07 19:13:33+00:00,990.0,178.45,174.75,179.0,2.3,1.30571,2.0,133.0,1.0000000000000003e-05,True,REGULAR,USD,Put,2026-12-18,NVDA,2026-10-06T00:29:09.099978+00:00,238.9,0.0401800012588501,0.0022226971865062345,0.3859572768879324
NVDA261218P01000000,2024-06-07 19:59:57+00:00,1000.0,182.0,179.25,182.65,-3.85001,-2.07157,12.0,444.0,1.0000000000000003e-05,True,REGULAR,USD,Put,2026-12-18,NVDA,2026-10-06T00:29:09.099978+00:00,238.9,0.0401800012588501,0.0022226971865062345,0.3859572768879324
NVDA261218P01010000,2024-06-06 13:55:05+00:00,1010.0,190.0,183.75,188.0,0.0,0.0,2.0,28.0,1.0000000000000003e-05,True,REGULAR,USD,Put,2026-12-18,NVDA,2026-10-06T00:29:09.099978+00:00,238.9,0.0401800012588501,0.0022226971865062345,0.3859572768879324
NVDA261218P01020000,2024-06-06 15:22:27+00:00,1020.0,194.0,188.25,192.25,0.0,0.0,2.0,18.0,1.0000000000000003e-05,True,REGULAR,USD,Put,2026-12-18,NVDA,2026-10-06T00:29:09.099978+00:00,238.9,0.0401800012588501,0.0022226971865062345,0.3859572768879324
NVDA261218P01030000,2024-06-07 19:50:17+00:00,1030.0,197.8,192.7,197.25,-4.2,-2.07921,1.0,19.0,1.0000000000000003e-05,True,REGULAR,USD,Put,2026-12-18,NVDA,2026-10-06T00:29:09.099978+00:00,238.9,0.0401800012588501,0.0022226971865062345,0.3859572768879324
NVDA261218P01040000,2024-06-07 19:25:13+00:00,1040.0,200.62,197.2,201.9,-2.55,-1.25511,2.0,33.0,1.0000000000000003e-05,True,REGULAR,USD,Put,2026-12-18,NVDA,2026-10-06T00:29:09.099978+00:00,238.9,0.0401800012588501,0.0022226971865062345,0.3859572768879324
NVDA261218P01050000,2024-06-07 19:52:33+00:00,1050.0,204.22,202.2,206.15,4.17,2.08448,4.0,95.0,1.0000000000000003e-05,True,REGULAR,USD,Put,2026-12-18,NVDA,2026-10-06T00:29:09.099978+00:00,238.9,0.0401800012588501,0.0022226971865062345,0.3859572768879324
NVDA261218P01060000,2024-05-31 14:01:46+00:00,1060.0,234.33,206.8,211.3,0.0,0.0,1.0,20.0,1.0000000000000003e-05,True,REGULAR,USD,Put,2026-12-18,NVDA,2026-10-06T00:29:09.099978+00:00,238.9,0.0401800012588501,0.0022226971865062345,0.3859572768879324
NVDA261218P01070000,2024-06-07 19:25:13+00:00,1070.0,214.95,211.5,216.2,8.11,3.92091,5.0,7.0,1.0000000000000003e-05,True,REGULAR,USD,Put,2026-12-18,NVDA,2026-10-06T00:29:09.099978+00:00,238.9,0.0401800012588501,0.0022226971865062345,0.3859572768879324
NVDA261218P01080000,2024-06-06 13:43:35+00:00,1080.0,212.8,216.4,221.1,0.0,0.0,1.0,16.0,1.0000000000000003e-05,True,REGULAR,USD,Put,2026-12-18,NVDA,2026-10-06T00:29:09.099978+00:00,238.9,0.0401800012588501,0.0022226971865062345,0.3859572768879324
NVDA261218P01090000,2024-06-07 19:36:30+00:00,1090.0,224.53,221.2,225.65,-2.87,-1.26209,3.0,6.0,1.0000000000000003e-05,True,REGULAR,USD,Put,2026-12-18,NVDA,2026-10-06T00:29:09.099978+00:00,238.9,0.0401800012588501,0.0022226971865062345,0.3859572768879324
NVDA261218P01100000,2024-06-07 19:25:13+00:00,1100.0,229.6,226.35,230.75,-4.89999,-2.08955,2.0,336.0,1.0000000000000003e-05,True,REGULAR,USD,Put,2026-12-18,NVDA,2026-10-06T00:29:09.099978+00:00,238.9,0.0401800012588501,0.0022226971865062345,0.3859572768879324
NVDA261218P01110000,2024-06-07 19:52:33+00:00,1110.0,234.0,231.25,236.0,2.0,0.862069,6.0,37.0,1.0000000000000003e-05,True,REGULAR,USD,Put,2026-12-18,NVDA,2026-10-06T00:29:09.099978+00:00,238.9,0.0401800012588501,0.0022226971865062345,0.3859572768879324
NVDA261218P01120000,2024-06-06 13:33:07+00:00,1120.0,231.27,236.15,240.65,0.0,0.0,1.0,194.0,1.0000000000000003e-05,True,REGULAR,USD,Put,2026-12-18,NVDA,2026-10-06T00:29:09.099978+00:00,238.9,0.0401800012588501,0.0022226971865062345,0.3859572768879324
NVDA261218P01130000,2024-06-07 19:13:33+00:00,1130.0,245.58,241.15,245.55,-5.74001,-2.28394,2.0,254.0,1.0000000000000003e-05,True,REGULAR,USD,Put,2026-12-18,NVDA,2026-10-06T00:29:09.099978+00:00,238.9,0.0401800012588501,0.0022226971865062345,0.3859572768879324
NVDA261218P01140000,2024-06-07 19:25:13+00:00,1140.0,249.98,246.1,250.8,-6.64,-2.58748,4.0,29.0,1.0000000000000003e-05,True,REGULAR,USD,Put,2026-12-18,NVDA,2026-10-06T00:29:09.099978+00:00,238.9,0.0401800012588501,0.0022226971865062345,0.3859572768879324
NVDA261218P01150000,2024-06-07 19:54:35+00:00,1150.0,254.66,251.7,255.55,9.12001,3.71427,8.0,119.0,1.0000000000000003e-05,True,REGULAR,USD,Put,2026-12-18,NVDA,2026-10-06T00:29:09.099978+00:00,238.9,0.0401800012588501,0.0022226971865062345,0.3859572768879324
NVDA261218P01160000,2024-06-07 19:36:30+00:00,1160.0,260.37,256.7,259.7,-1.38,-0.527223,3.0,5.0,1.0000000000000003e-05,True,REGULAR,USD,Put,2026-12-18,NVDA,2026-10-06T00:29:09.099978+00:00,238.9,0.0401800012588501,0.0022226971865062345,0.3859572768879324
NVDA261218P01170000,2024-06-07 14:37:52+00:00,1170.0,271.37,262.05,266.5,3.76999,1.40882,1.0,4.0,1.0000000000000003e-05,True,REGULAR,USD,Put,2026-12-18,NVDA,2026-10-06T00:29:09.099978+00:00,238.9,0.0401800012588501,0.0022226971865062345,0.3859572768879324
NVDA261218P01180000,2024-06-07 14:37:52+00:00,1180.0,276.73,267.25,271.95,3.63,1.32919,1.0,240.0,1.0000000000000003e-05,True,REGULAR,USD,Put,2026-12-18,NVDA,2026-10-06T00:29:09.099978+00:00,238.9,0.0401800012588501,0.0022226971865062345,0.3859572768879324
NVDA261218P01190000,2024-06-07 17:25:44+00:00,1190.0,272.8,272.4,277.25,-7.20001,-2.57143,14.0,8.0,1.0000000000000003e-05,True,REGULAR,USD,Put,2026-12-18,NVDA,2026-10-06T00:29:09.099978+00:00,238.9,0.0401800012588501,0.0022226971865062345,0.3859572768879324
NVDA261218P01200000,2024-06-07 19:55:28+00:00,1200.0,280.36,274.65,287.8,-2.79001,-0.985346,26.0,238.0,1.0000000000000003e-05,True,REGULAR,USD,Put,2026-12-18,NVDA,2026-10-06T00:29:09.099978+00:00,238.9,0.0401800012588501,0.0022226971865062345,0.3859572768879324
NVDA261218P01210000,2024-06-07 19:50:43+00:00,1210.0,285.37,278.0,288.8,-3.13,-1.08492,1.0,41.0,1.0000000000000003e-05,True,REGULAR,USD,Put,2026-12-18,NVDA,2026-10-06T00:29:09.099978+00:00,238.9,0.0401800012588501,0.0022226971865062345,0.3859572768879324
NVDA261218P01220000,2024-06-07 18:46:45+00:00,1220.0,294.0,282.8,295.4,-2.73001,-0.920032,1.0,104.0,1.0000000000000003e-05,True,REGULAR,USD,Put,2026-12-18,NVDA,2026-10-06T00:29:09.099978+00:00,238.9,0.0401800012588501,0.0022226971865062345,0.3859572768879324
NVDA261218P01230000,2024-06-07 19:56:21+00:00,1230.0,296.85,288.7,301.05,-3.85001,-1.28035,1.0,8.0,1.0000000000000003e-05,True,REGULAR,USD,Put,2026-12-18,NVDA,2026-10-06T00:29:09.099978+00:00,238.9,0.0401800012588501,0.0022226971865062345,0.3859572768879324
NVDA261218P01240000,2024-06-06 13:33:30+00:00,1240.0,293.1,294.8,309.3,0.0,0.0,1.0,30.0,1.0000000000000003e-05,True,REGULAR,USD,Put,2026-12-18,NVDA,2026-10-06T00:29:09.099978+00:00,238.9,0.0401800012588501,0.0022226971865062345,0.3859572768879324
NVDA261218P01250000,2024-06-07 14:35:26+00:00,1250.0,316.94,300.7,315.85,6.83002,2.20245,2.0,32.0,1.0000000000000003e-05,True,REGULAR,USD,Put,2026-12-18,NVDA,2026-10-06T00:29:09.099978+00:00,238.9,0.0401800012588501,0.0022226971865062345,0.3859572768879324
NVDA261218P01260000,2024-06-06 13:58:37+00:00,1260.0,324.9,306.7,318.2,0.0,0.0,1.0,68.0,1.0000000000000003e-05,True,REGULAR,USD,Put,2026-12-18,NVDA,2026-10-06T00:29:09.099978+00:00,238.9,0.0401800012588501,0.0022226971865062345,0.3859572768879324
NVDA261218P01270000,2024-05-30 18:15:52+00:00,1270.0,344.51,312.45,324.55,0.0,0.0,1.0,66.0,1.0000000000000003e-05,True,REGULAR,USD,Put,2026-12-18,NVDA,2026-10-06T00:29:09.099978+00:00,238.9,0.0401800012588501,0.0022226971865062345,0.3859572768879324
NVDA261218P01280000,2024-06-06 16:33:35+00:00,1280.0,337.0,318.5,329.1,0.0,0.0,38.0,4.0,1.0000000000000003e-05,True,REGULAR,USD,Put,2026-12-18,NVDA,2026-10-06T00:29:09.099978+00:00,238.9,0.0401800012588501,0.0022226971865062345,0.3859572768879324
NVDA261218P01290000,2024-06-06 14:05:05+00:00,1290.0,335.3,324.65,336.2,0.0,0.0,2.0,7.0,1.0000000000000003e-05,True,REGULAR,USD,Put,2026-12-18,NVDA,2026-10-06T00:29:09.099978+00:00,238.9,0.0401800012588501,0.0022226971865062345,0.3859572768879324
NVDA261218P01300000,2024-06-07 14:24:25+00:00,1300.0,348.5,328.85,343.2,3.29999,0.955964,8.0,69.0,1.0000000000000003e-05,True,REGULAR,USD,Put,2026-12-18,NVDA,2026-10-06T00:29:09.099978+00:00,238.9,0.0401800012588501,0.0022226971865062345,0.3859572768879324
NVDA261218P01320000,2024-06-03 14:15:21+00:00,1320.0,373.72,340.7,354.15,0.0,0.0,1.0,25.0,1.0000000000000003e-05,True,REGULAR,USD,Put,2026-12-18,NVDA,2026-10-06T00:29:09.099978+00:00,238.9,0.0401800012588501,0.0022226971865062345,0.3859572768879324
NVDA261218P01340000,2024-06-06 19:29:19+00:00,1340.0,369.0,354.1,366.6,0.0,0.0,40.0,51.0,1.0000000000000003e-05,True,REGULAR,USD,Put,2026-12-18,NVDA,2026-10-06T00:29:09.099978+00:00,238.9,0.0401800012588501,0.0022226971865062345,0.3859572768879324
NVDA261218P01360000,2024-06-04 14:46:21+00:00,1360.0,396.7,366.55,379.85,0.0,0.0,1.0,41.0,1.0000000000000003e-05,True,REGULAR,USD,Put,2026-12-18,NVDA,2026-10-06T00:29:09.099978+00:00,238.9,0.0401800012588501,0.0022226971865062345,0.3859572768879324
NVDA261218P01380000,2024-06-03 14:34:39+00:00,1380.0,412.78,378.7,395.2,0.0,0.0,1.0,219.0,1.0000000000000003e-05,True,REGULAR,USD,Put,2026-12-18,NVDA,2026-10-06T00:29:09.099978+00:00,238.9,0.0401800012588501,0.0022226971865062345,0.3859572768879324
NVDA261218P01400000,2024-06-06 14:46:10+00:00,1400.0,397.0,390.65,407.15,0.0,0.0,38.0,80.0,1.0000000000000003e-05,True,REGULAR,USD,Put,2026-12-18,NVDA,2026-10-06T00:29:09.099978+00:00,238.9,0.0401800012588501,0.0022226971865062345,0.3859572768879324
NVDA261218P01420000,2024-06-07 13:42:42+00:00,1420.0,425.0,404.55,420.85,7.5,1.79641,18.0,37.0,1.0000000000000003e-05,True,REGULAR,USD,Put,2026-12-18,NVDA,2026-10-06T00:29:09.099978+00:00,238.9,0.0401800012588501,0.0022226971865062345,0.3859572768879324
NVDA261218P01440000,2024-05-29 15:15:10+00:00,1440.0,454.22,416.55,433.1,0.0,0.0,2.0,3.0,1.0000000000000003e-05,True,REGULAR,USD,Put,2026-12-18,NVDA,2026-10-06T00:29:09.099978+00:00,238.9,0.0401800012588501,0.0022226971865062345,0.3859572768879324
NVDA261218P01460000,2024-05-24 15:49:01+00:00,1460.0,511.29,430.4,446.9,0.0,0.0,2.0,104.0,1.0000000000000003e-05,True,REGULAR,USD,Put,2026-12-18,NVDA,2026-10-06T00:29:09.099978+00:00,238.9,0.0401800012588501,0.0022226971865062345,0.3859572768879324
NVDA261218P01480000,2024-06-07 15:49:41+00:00,1480.0,460.85,442.7,459.25,3.86002,0.844661,1.0,206.0,1.0000000000000003e-05,True,REGULAR,USD,Put,2026-12-18,NVDA,2026-10-06T00:29:09.099978+00:00,238.9,0.0401800012588501,0.0022226971865062345,0.3859572768879324
NVDA261218P01500000,2024-06-06 13:59:36+00:00,1500.0,475.43,456.4,473.4,0.0,0.0,26.0,70.0,1.0000000000000003e-05,True,REGULAR,USD,Put,2026-12-18,NVDA,2026-10-06T00:29:09.099978+00:00,238.9,0.0401800012588501,0.0022226971865062345,0.3859572768879324
NVDA261218P01520000,2024-06-07 13:58:11+00:00,1520.0,489.0,470.35,487.05,24.17,5.19975,14.0,16.0,1.0000000000000003e-05,True,REGULAR,USD,Put,2026-12-18,NVDA,2026-10-06T00:29:09.099978+00:00,238.9,0.0401800012588501,0.0022226971865062345,0.3859572768879324
NVDA261218P01540000,2024-03-06 17:35:25+00:00,1540.0,677.55,684.0,702.0,0.0,0.0,2.0,0.0,1.0000000000000003e-05,True,REGULAR,USD,Put,2026-12-18,NVDA,2026-10-06T00:29:09.099978+00:00,238.9,0.0401800012588501,0.0022226971865062345,0.3859572768879324
NVDA261218P01560000,2024-06-06 13:47:12+00:00,1560.0,496.98,496.25,515.2,0.0,0.0,100.0,7.0,1.0000000000000003e-05,True,REGULAR,USD,Put,2026-12-18,NVDA,2026-10-06T00:29:09.099978+00:00,238.9,0.0401800012588501,0.0022226971865062345,0.3859572768879324
NVDA261218P01580000,2024-06-06 13:47:12+00:00,1580.0,510.82,512.05,528.8,0.0,0.0,100.0,12.0,1.0000000000000003e-05,True,REGULAR,USD,Put,2026-12-18,NVDA,2026-10-06T00:29:09.099978+00:00,238.9,0.0401800012588501,0.0022226971865062345,0.3859572768879324
NVDA261218P01600000,2024-06-06 14:01:23+00:00,1600.0,540.0,526.0,543.15,0.0,0.0,6.0,101.0,1.0000000000000003e-05,True,REGULAR,USD,Put,2026-12-18,NVDA,2026-10-06T00:29:09.099978+00:00,238.9,0.0401800012588501,0.0022226971865062345,0.3859572768879324
NVDA261218P01620000,2024-05-24 15:52:54+00:00,1620.0,634.81,540.1,557.1,0.0,0.0,6.0,3.0,1.0000000000000003e-05,True,REGULAR,USD,Put,2026-12-18,NVDA,2026-10-06T00:29:09.099978+00:00,238.9,0.0401800012588501,0.0022226971865062345,0.3859572768879324
NVDA261218P01640000,2024-06-05 19:48:45+00:00,1640.0,558.06,554.05,571.4,0.0,0.0,2.0,25.0,1.0000000000000003e-05,True,REGULAR,USD,Put,2026-12-18,NVDA,2026-10-06T00:29:09.099978+00:00,238.9,0.0401800012588501,0.0022226971865062345,0.3859572768879324
NVDA261218P01650000,2024-06-05 19:48:45+00:00,1650.0,565.33,562.05,579.2,0.0,0.0,2.0,2.0,1.0000000000000003e-05,True,REGULAR,USD,Put,2026-12-18,NVDA,2026-10-06T00:29:09.099978+00:00,238.9,0.0401800012588501,0.0022226971865062345,0.3859572768879324
NVDA261218P01660000,2024-05-24 15:49:01+00:00,1660.0,667.03,568.1,587.1,0.0,0.0,6.0,3.0,1.0000000000000003e-05,True,REGULAR,USD,Put,2026-12-18,NVDA,2026-10-06T00:29:09.099978+00:00,238.9,0.0401800012588501,0.0022226971865062345,0.3859572768879324
NVDA261218P01670000,2024-05-23 14:40:21+00:00,1670.0,675.3,576.0,593.7,0.0,0.0,1.0,0.0,1.0000000000000003e-05,True,REGULAR,USD,Put,2026-12-18,NVDA,2026-10-06T00:29:09.099978+00:00,238.9,0.0401800012588501,0.0022226971865062345,0.3859572768879324
NVDA261218P01700000,2024-06-07 19:54:54+00:00,1700.0,607.33,598.0,618.0,-27.67,-4.35748,1.0,30.0,1.0000000000000003e-05,True,REGULAR,USD,Put,2026-12-18,NVDA,2026-10-06T00:29:09.099978+00:00,238.9,0.0401800012588501,0.0022226971865062345,0.3859572768879324
NVDA261218P01710000,2024-06-05 18:08:14+00:00,1710.0,612.54,606.0,623.7,0.0,0.0,10.0,59.0,1.0000000000000003e-05,True,REGULAR,USD,Put,2026-12-18,NVDA,2026-10-06T00:29:09.099978+00:00,238.9,0.0401800012588501,0.0022226971865062345,0.3859572768879324
NVDA261218P01720000,2024-05-24 15:52:54+00:00,1720.0,716.7,614.0,632.0,0.0,0.0,4.0,2.0,1.0000000000000003e-05,True,REGULAR,USD,Put,2026-12-18,NVDA,2026-10-06T00:29:09.099978+00:00,238.9,0.0401800012588501,0.0022226971865062345,0.3859572768879324
NVDA261218P01740000,2024-05-29 19:15:10+00:00,1740.0,668.85,628.0,647.3,0.0,0.0,5.0,73.0,1.0000000000000003e-05,True,REGULAR,USD,Put,2026-12-18,NVDA,2026-10-06T00:29:09.099978+00:00,238.9,0.0401800012588501,0.0022226971865062345,0.3859572768879324
NVDA261218P01750000,2024-06-05 18:08:14+00:00,1750.0,642.94,636.0,655.8,0.0,0.0,10.0,59.0,1.0000000000000003e-05,True,REGULAR,USD,Put,2026-12-18,NVDA,2026-10-06T00:29:09.099978+00:00,238.9,0.0401800012588501,0.0022226971865062345,0.3859572768879324
NVDA261218P01760000,2024-05-24 15:49:01+00:00,1760.0,750.22,644.0,661.85,0.0,0.0,4.0,2.0,1.0000000000000003e-05,True,REGULAR,USD,Put,2026-12-18,NVDA,2026-10-06T00:29:09.099978+00:00,238.9,0.0401800012588501,0.0022226971865062345,0.3859572768879324
NVDA261218P01770000,2024-04-18 15:54:41+00:00,1770.0,917.64,852.35,870.0,0.0,0.0,,0.0,1.0000000000000003e-05,True,REGULAR,USD,Put,2026-12-18,NVDA,2026-10-06T00:29:09.099978+00:00,238.9,0.0401800012588501,0.0022226971865062345,0.3859572768879324
NVDA261218P01780000,2024-05-29 19:15:10+00:00,1780.0,700.85,660.0,674.9,0.0,0.0,5.0,72.0,1.0000000000000003e-05,True,REGULAR,USD,Put,2026-12-18,NVDA,2026-10-06T00:29:09.099978+00:00,238.9,0.0401800012588501,0.0022226971865062345,0.3859572768879324
NVDA261218P01790000,2024-03-12 19:49:56+00:00,1790.0,899.7,884.0,904.0,0.0,0.0,2.0,1.0,1.0000000000000003e-05,True,REGULAR,USD,Put,2026-12-18,NVDA,2026-10-06T00:29:09.099978+00:00,238.9,0.0401800012588501,0.0022226971865062345,0.3859572768879324
NVDA261218P01800000,2024-06-04 13:38:40+00:00,1800.0,718.0,675.0,694.0,0.0,0.0,1.0,3.0,1.0000000000000003e-05,True,REGULAR,USD,Put,2026-12-18,NVDA,2026-10-06T00:29:09.099978+00:00,238.9,0.0401800012588501,0.0022226971865062345,0.3859572768879324
NVDA261218P01840000,2024-06-03 14:07:09+00:00,1840.0,759.1,706.0,724.0,0.0,0.0,10.0,1.0,1.0000000000000003e-05,True,REGULAR,USD,Put,2026-12-18,NVDA,2026-10-06T00:29:09.099978+00:00,238.9,0.0401800012588501,0.0022226971865062345,0.3859572768879324
NVDA261218P01850000,2024-06-06 13:49:15+00:00,1850.0,720.0,714.0,732.0,0.0,0.0,3.0,5.0,1.0000000000000003e-05,True,REGULAR,USD,Put,2026-12-18,NVDA,2026-10-06T00:29:09.099978+00:00,238.9,0.0401800012588501,0.0022226971865062345,0.3859572768879324
NVDA261218P01860000,2024-03-12 14:48:40+00:00,1860.0,974.0,970.1,983.9,0.0,0.0,1.0,3.0,1.0000000000000003e-05,True,REGULAR,USD,Put,2026-12-18,NVDA,2026-10-06T00:29:09.099978+00:00,238.9,0.0401800012588501,0.0022226971865062345,0.3859572768879324
NVDA261218P01870000,2024-05-28 14:55:11+00:00,1870.0,791.76,730.0,748.0,0.0,0.0,1.0,1.0,1.0000000000000003e-05,True,REGULAR,USD,Put,2026-12-18,NVDA,2026-10-06T00:29:09.099978+00:00,238.9,0.0401800012588501,0.0022226971865062345,0.3859572768879324
NVDA261218P01880000,2024-03-11 14:20:41+00:00,1880.0,1019.0,1002.0,1021.95,0.0,0.0,3.0,3.0,1.0000000000000003e-05,True,REGULAR,USD,Put,2026-12-18,NVDA,2026-10-06T00:29:09.099978+00:00,238.9,0.0401800012588501,0.0022226971865062345,0.3859572768879324
NVDA261218P01890000,2024-05-14 13:30:03+00:00,1890.0,999.0,746.0,766.0,0.0,0.0,2.0,2.0,1.0000000000000003e-05,True,REGULAR,USD,Put,2026-12-18,NVDA,2026-10-06T00:29:09.099978+00:00,238.9,0.0401800012588501,0.0022226971865062345,0.3859572768879324
NVDA261218P01900000,2024-04-23 19:36:37+00:00,1900.0,1064.0,0.0,0.0,0.0,0.0,10.0,0.0,1.0000000000000003e-05,True,REGULAR,USD,Put,2026-12-18,NVDA,2026-10-06T00:29:09.099978+00:00,238.9,0.0401800012588501,0.0022226971865062345,0.3859572768879324
NVDA261218P01910000,2024-04-18 15:54:41+00:00,1910.0,1053.0,984.15,1002.0,0.0,0.0,2.0,0.0,1.0000000000000003e-05,True,REGULAR,USD,Put,2026-12-18,NVDA,2026-10-06T00:29:09.099978+00:00,238.9,0.0401800012588501,0.0022226971865062345,0.3859572768879324
NVDA261218P01920000,2024-03-11 14:53:02+00:00,1920.0,1043.9,1042.0,1059.8,0.0,0.0,3.0,3.0,1.0000000000000003e-05,True,REGULAR,USD,Put,2026-12-18,NVDA,2026-10-06T00:29:09.099978+00:00,238.9,0.0401800012588501,0.0022226971865062345,0.3859572768879324
NVDA261218P01930000,2024-04-08 13:53:19+00:00,1930.0,1060.61,1025.3,1039.7,0.0,0.0,2.0,0.0,1.0000000000000003e-05,True,REGULAR,USD,Put,2026-12-18,NVDA,2026-10-06T00:29:09.099978+00:00,238.9,0.0401800012588501,0.0022226971865062345,0.3859572768879324
NVDA261218P01940000,2024-06-06 13:32:24+00:00,1940.0,778.86,788.0,806.0,0.0,0.0,1.0,0.0,1.0000000000000003e-05,True,REGULAR,USD,Put,2026-12-18,NVDA,2026-10-06T00:29:09.099978+00:00,238.9,0.0401800012588501,0.0022226971865062345,0.3859572768879324
NVDA261218P01950000,2024-06-07 19:36:30+00:00,1950.0,806.05,796.0,813.95,806.05,,2.0,0.0,1.0000000000000003e-05,True,REGULAR,USD,Put,2026-12-18,NVDA,2026-10-06T00:29:09.099978+00:00,238.9,0.0401800012588501,0.0022226971865062345,0.3859572768879324
NVDA261218P02000000,2024-06-06 13:33:30+00:00,2000.0,821.1,836.0,856.0,0.0,0.0,1.0,16.0,1.0000000000000003e-05,True,REGULAR,USD,Put,2026-12-18,NVDA,2026-10-06T00:29:09.099978+00:00,238.9,0.0401800012588501,0.0022226971865062345,0.3859572768879324
NVDA261218P02160000,2024-06-05 13:40:27+00:00,2160.0,1001.03,974.0,994.0,1001.03,,,1.0,1.0000000000000003e-05,True,REGULAR,USD,Put,2026-12-18,NVDA,2026-10-06T00:29:09.099978+00:00,238.9,0.0401800012588501,0.0022226971865062345,0.3859572768879324
NVDA261218P02260000,2024-06-06 17:57:56+00:00,2260.0,1082.97,1064.0,1084.0,1082.97,,,102.0,1.0000000000000003e-05,True,REGULAR,USD,Put,2026-12-18,NVDA,2026-10-06T00:29:09.099978+00:00,238.9,0.0401800012588501,0.0022226971865062345,0.3859572768879324
NVDA261218P02270000,2024-06-06 17:57:56+00:00,2270.0,1091.72,1072.0,1092.0,1091.72,,,2.0,1.0000000000000003e-05,True,REGULAR,USD,Put,2026-12-18,NVDA,2026-10-06T00:29:09.099978+00:00,238.9,0.0401800012588501,0.0022226971865062345,0.3859572768879324
NVDA261218P02280000,2024-06-06 14:45:46+00:00,2280.0,1083.0,1082.0,1100.0,1083.0,,,101.0,1.0000000000000003e-05,True,REGULAR,USD,Put,2026-12-18,NVDA,2026-10-06T00:29:09.099978+00:00,238.9,0.0401800012588501,0.0022226971865062345,0.3859572768879324
NVDA261218P02300000,2024-06-06 18:42:55+00:00,2300.0,1117.23,1100.0,1118.0,1117.23,,,1.0,1.0000000000000003e-05,True,REGULAR,USD,Put,2026-12-18,NVDA,2026-10-06T00:29:09.099978+00:00,238.9,0.0401800012588501,0.0022226971865062345,0.3859572768879324
NVDA261218P02400000,2024-06-06 18:42:55+00:00,2400.0,1209.78,1192.0,1212.0,1209.78,,,1.0,1.0000000000000003e-05,True,REGULAR,USD,Put,2026-12-18,NVDA,2026-10-06T00:29:09.099978+00:00,238.9,0.0401800012588501,0.0022226971865062345,0.3859572768879324
NVDA270115C00005000,2026-10-01 18:33:52+00:00,5.0,226.76,229.1,238.35,0.0,0.0,60.0,194.0,8.734379541015624,True,REGULAR,USD,Call,2027-01-15,NVDA,2026-10-06T00:29:09.099978+00:00,238.9,0.0401800012588501,0.0022226971865062345,0.3859572768879324
NVDA270115C00010000,2026-09-14 19:55:00+00:00,10.0,201.5,224.2,233.4,0.0,0.0,1.0,216.0,5.198245689697266,True,REGULAR,USD,Call,2027-01-15,NVDA,2026-10-06T00:29:09.099978+00:00,238.9,0.0401800012588501,0.0022226971865062345,0.3859572768879324
NVDA270115C00015000,2026-09-09 18:02:59+00:00,15.0,211.0,219.2,228.55,0.0,0.0,1.0,187.0,4.25293437133789,True,REGULAR,USD,Call,2027-01-15,NVDA,2026-10-06T00:29:09.099978+00:00,238.9,0.0401800012588501,0.0022226971865062345,0.3859572768879324
NVDA270115C00020000,2026-09-30 15:04:41+00:00,20.0,211.16,214.25,223.5,0.0,0.0,1.0,3101.0,3.658692259521485,True,REGULAR,USD,Call,2027-01-15,NVDA,2026-10-06T00:29:09.099978+00:00,238.9,0.0401800012588501,0.0022226971865062345,0.3859572768879324
NVDA270115C00025000,2026-10-05 17:00:40+00:00,25.0,212.5,209.35,218.5,6.649994,3.2305045,1.0,552.0,1.4375028125,True,REGULAR,USD,Call,2027-01-15,NVDA,2026-10-06T00:29:09.099978+00:00,238.9,0.0401800012588501,0.0022226971865062345,0.3859572768879324
NVDA270115C00030000,2026-10-02 19:29:55+00:00,30.0,204.83,204.35,213.25,0.0,0.0,3.0,444.0,2.909914834594727,True,REGULAR,USD,Call,2027-01-15,NVDA,2026-10-06T00:29:09.099978+00:00,238.9,0.0401800012588501,0.0022226971865062345,0.3859572768879324
NVDA270115C00035000,2026-10-02 18:26:17+00:00,35.0,200.15,199.4,208.65,0.0,0.0,5.0,1867.0,1.44140904296875,True,REGULAR,USD,Call,2027-01-15,NVDA,2026-10-06T00:29:09.099978+00:00,238.9,0.0401800012588501,0.0022226971865062345,0.3859572768879324
NVDA270115C00040000,2026-10-05 19:55:26+00:00,40.0,199.25,195.55,202.95,7.7299957,4.0361295,5.0,602.0,1.5283226708984374,True,REGULAR,USD,Call,2027-01-15,NVDA,2026-10-06T00:29:09.099978+00:00,238.9,0.0401800012588501,0.0022226971865062345,0.3859572768879324
NVDA270115C00045000,2026-09-09 15:01:42+00:00,45.0,179.99,189.55,198.75,0.0,0.0,1.0,1064.0,1.3642609912109376,True,REGULAR,USD,Call,2027-01-15,NVDA,2026-10-06T00:29:09.099978+00:00,238.9,0.0401800012588501,0.0022226971865062345,0.3859572768879324
NVDA270115C00050000,2026-10-01 13:45:14+00:00,50.0,182.0,187.65,193.85,0.0,0.0,1.0,1506.0,1.7705089599609374,True,REGULAR,USD,Call,2027-01-15,NVDA,2026-10-06T00:29:09.099978+00:00,238.9,0.0401800012588501,0.0022226971865062345,0.3859572768879324
NVDA270115C00055000,2026-09-18 18:44:16+00:00,55.0,165.18,180.0,188.9,0.0,0.0,2.0,2412.0,1.3437532812499997,True,REGULAR,USD,Call,2027-01-15,NVDA,2026-10-06T00:29:09.099978+00:00,238.9,0.0401800012588501,0.0022226971865062345,0.3859572768879324
NVDA270115C00060000,2026-10-05 17:53:27+00:00,60.0,177.77,176.85,181.8,9.040009,5.357677,19.0,2414.0,1.21875390625,True,REGULAR,USD,Call,2027-01-15,NVDA,2026-10-06T00:29:09.099978+00:00,238.9,0.0401800012588501,0.0022226971865062345,0.3859572768879324
NVDA270115C00065000,2026-10-01 18:05:58+00:00,65.0,166.07,170.0,179.05,0.0,0.0,20.0,679.0,1.2197304638671875,True,REGULAR,USD,Call,2027-01-15,NVDA,2026-10-06T00:29:09.099978+00:00,238.9,0.0401800012588501,0.0022226971865062345,0.3859572768879324
NVDA270115C00070000,2026-10-02 17:01:26+00:00,70.0,166.25,165.55,173.4,0.0,0.0,3.0,5128.0,1.138676181640625,True,REGULAR,USD,Call,2027-01-15,NVDA,2026-10-06T00:29:09.099978+00:00,238.9,0.0401800012588501,0.0022226971865062345,0.3859572768879324
NVDA270115C00075000,2026-10-05 19:20:55+00:00,75.0,162.0,162.45,166.85,5.220001,3.329507,7.0,3331.0,1.1245160961914062,True,REGULAR,USD,Call,2027-01-15,NVDA,2026-10-06T00:29:09.099978+00:00,238.9,0.0401800012588501,0.0022226971865062345,0.3859572768879324
NVDA270115C00080000,2026-10-05 16:54:48+00:00,80.0,157.88,155.9,163.5,2.4600067,1.5828122,2.0,14144.0,1.0771530517578127,True,REGULAR,USD,Call,2027-01-15,NVDA,2026-10-06T00:29:09.099978+00:00,238.9,0.0401800012588501,0.0022226971865062345,0.3859572768879324
NVDA270115C00085000,2026-10-05 18:57:23+00:00,85.0,155.27,150.95,158.6,4.7700043,3.1694381,2.0,1437.0,1.0371141894531253,True,REGULAR,USD,Call,2027-01-15,NVDA,2026-10-06T00:29:09.099978+00:00,238.9,0.0401800012588501,0.0022226971865062345,0.3859572768879324
NVDA270115C00090000,2026-10-05 18:49:02+00:00,90.0,150.0,147.5,152.0,2.0,1.3513514,12.0,7583.0,0.9790041162109376,True,REGULAR,USD,Call,2027-01-15,NVDA,2026-10-06T00:29:09.099978+00:00,238.9,0.0401800012588501,0.0022226971865062345,0.3859572768879324
NVDA270115C00095000,2026-09-25 19:32:34+00:00,95.0,130.5,141.1,146.95,0.0,0.0,1.0,3075.0,0.7070341796875,True,REGULAR,USD,Call,2027-01-15,NVDA,2026-10-06T00:29:09.099978+00:00,238.9,0.0401800012588501,0.0022226971865062345,0.3859572768879324
NVDA270115C00100000,2026-10-05 19:42:53+00:00,100.0,140.0,137.85,142.0,4.130005,3.039674,44.0,29546.0,0.9116219775390625,True,REGULAR,USD,Call,2027-01-15,NVDA,2026-10-06T00:29:09.099978+00:00,238.9,0.0401800012588501,0.0022226971865062345,0.3859572768879324
NVDA270115C00105000,2026-10-05 19:54:12+00:00,105.0,135.0,132.75,137.5,4.649994,3.567314,35.0,5468.0,0.8947764428710936,True,REGULAR,USD,Call,2027-01-15,NVDA,2026-10-06T00:29:09.099978+00:00,238.9,0.0401800012588501,0.0022226971865062345,0.3859572768879324
NVDA270115C00110000,2026-10-05 19:54:06+00:00,110.0,130.83,127.95,134.05,3.8300018,3.0157495,11.0,3871.0,0.9492192578124999,True,REGULAR,USD,Call,2027-01-15,NVDA,2026-10-06T00:29:09.099978+00:00,238.9,0.0401800012588501,0.0022226971865062345,0.3859572768879324
NVDA270115C00115000,2026-10-05 19:55:50+00:00,115.0,125.0,124.65,126.7,1.4800034,1.1981893,1.0,5922.0,0.86914193359375,True,REGULAR,USD,Call,2027-01-15,NVDA,2026-10-06T00:29:09.099978+00:00,238.9,0.0401800012588501,0.0022226971865062345,0.3859572768879324
NVDA270115C00120000,2026-10-05 19:56:55+00:00,120.0,120.0,119.9,121.7,4.459999,3.8601341,13.0,8989.0,0.8371598315429687,True,REGULAR,USD,Call,2027-01-15,NVDA,2026-10-06T00:29:09.099978+00:00,238.9,0.0401800012588501,0.0022226971865062345,0.3859572768879324
NVDA270115C00125000,2026-10-05 18:15:17+00:00,125.0,115.0,112.95,117.7,2.5,2.2222223,16.0,6640.0,0.747072841796875,True,REGULAR,USD,Call,2027-01-15,NVDA,2026-10-06T00:29:09.099978+00:00,238.9,0.0401800012588501,0.0022226971865062345,0.3859572768879324
NVDA270115C00130000,2026-10-05 19:59:03+00:00,130.0,110.85,107.9,113.75,4.1299973,3.8699374,37.0,13888.0,0.7551294018554688,True,REGULAR,USD,Call,2027-01-15,NVDA,2026-10-06T00:29:09.099978+00:00,238.9,0.0401800012588501,0.0022226971865062345,0.3859572768879324
NVDA270115C00135000,2026-10-05 18:56:31+00:00,135.0,105.25,103.4,107.0,1.9000015,1.8384147,18.0,18215.0,0.6573520593261719,True,REGULAR,USD,Call,2027-01-15,NVDA,2026-10-06T00:29:09.099978+00:00,238.9,0.0401800012588501,0.0022226971865062345,0.3859572768879324
NVDA270115C00140000,2026-10-05 19:33:30+00:00,140.0,102.0,98.55,102.5,5.0999985,5.2631564,48.0,11836.0,0.651492742919922,True,REGULAR,USD,Call,2027-01-15,NVDA,2026-10-06T00:29:09.099978+00:00,238.9,0.0401800012588501,0.0022226971865062345,0.3859572768879324
NVDA270115C00145000,2026-10-05 18:36:21+00:00,145.0,96.0,92.25,97.6,3.9000015,4.2345295,8.0,3574.0,0.5588423022460938,True,REGULAR,USD,Call,2027-01-15,NVDA,2026-10-06T00:29:09.099978+00:00,238.9,0.0401800012588501,0.0022226971865062345,0.3859572768879324
NVDA270115C00150000,2026-10-05 19:54:46+00:00,150.0,91.5,88.85,91.95,4.9800034,5.7558985,67.0,25575.0,0.5699505895996093,True,REGULAR,USD,Call,2027-01-15,NVDA,2026-10-06T00:29:09.099978+00:00,238.9,0.0401800012588501,0.0022226971865062345,0.3859572768879324
NVDA270115C00155000,2026-10-05 19:50:02+00:00,155.0,86.7,84.5,87.2,4.3499985,5.2823296,2.0,7202.0,0.5698285205078125,True,REGULAR,USD,Call,2027-01-15,NVDA,2026-10-06T00:29:09.099978+00:00,238.9,0.0401800012588501,0.0022226971865062345,0.3859572768879324
NVDA270115C00160000,2026-10-05 19:32:27+00:00,160.0,82.2,79.5,82.2,5.0,6.476684,36.0,37811.0,0.5356491748046875,True,REGULAR,USD,Call,2027-01-15,NVDA,2026-10-06T00:29:09.099978+00:00,238.9,0.0401800012588501,0.0022226971865062345,0.3859572768879324
NVDA270115C00165000,2026-10-05 18:54:11+00:00,165.0,77.1,75.0,77.35,4.510002,6.2129803,39.0,6807.0,0.5220995056152342,True,REGULAR,USD,Call,2027-01-15,NVDA,2026-10-06T00:29:09.099978+00:00,238.9,0.0401800012588501,0.0022226971865062345,0.3859572768879324
NVDA270115C00170000,2026-10-05 19:34:34+00:00,170.0,72.35,71.75,72.5,4.75,7.0266275,70.0,14884.0,0.5381515911865236,True,REGULAR,USD,Call,2027-01-15,NVDA,2026-10-06T00:29:09.099978+00:00,238.9,0.0401800012588501,0.0022226971865062345,0.3859572768879324
NVDA270115C00175000,2026-10-05 19:37:54+00:00,175.0,67.2,67.05,68.9,3.3199959,5.197238,33.0,16778.0,0.5406540075683595,True,REGULAR,USD,Call,2027-01-15,NVDA,2026-10-06T00:29:09.099978+00:00,238.9,0.0401800012588501,0.0022226971865062345,0.3859572768879324
NVDA270115C00180000,2026-10-05 19:51:49+00:00,180.0,63.5,62.25,63.5,4.799999,8.177171,178.0,44789.0,0.5004932763671875,True,REGULAR,USD,Call,2027-01-15,NVDA,2026-10-06T00:29:09.099978+00:00,238.9,0.0401800012588501,0.0022226971865062345,0.3859572768879324
NVDA270115C00185000,2026-10-05 19:51:45+00:00,185.0,58.95,57.3,59.1,4.6000023,8.463666,89.0,14771.0,0.5107470800781251,True,REGULAR,USD,Call,2027-01-15,NVDA,2026-10-06T00:29:09.099978+00:00,238.9,0.0401800012588501,0.0022226971865062345,0.3859572768879324
NVDA270115C00190000,2026-10-05 19:54:14+00:00,190.0,54.25,53.45,54.7,4.7599983,9.6181,123.0,23499.0,0.49396257995605475,True,REGULAR,USD,Call,2027-01-15,NVDA,2026-10-06T00:29:09.099978+00:00,238.9,0.0401800012588501,0.0022226971865062345,0.3859572768879324
NVDA270115C00195000,2026-10-05 19:40:20+00:00,195.0,49.3,48.9,50.75,3.5599976,7.7831163,26.0,19324.0,0.48895774719238294,True,REGULAR,USD,Call,2027-01-15,NVDA,2026-10-06T00:29:09.099978+00:00,238.9,0.0401800012588501,0.0022226971865062345,0.3859572768879324
NVDA270115C00200000,2026-10-05 19:59:36+00:00,200.0,45.15,44.85,45.75,3.4500008,8.273382,1246.0,286559.0,0.4505670178222656,True,REGULAR,USD,Call,2027-01-15,NVDA,2026-10-06T00:29:09.099978+00:00,238.9,0.0401800012588501,0.0022226971865062345,0.3859572768879324
NVDA270115C00205000,2026-10-05 19:43:55+00:00,205.0,42.02,40.75,42.3,4.799999,12.89629,96.0,5200.0,0.45416805603027344,True,REGULAR,USD,Call,2027-01-15,NVDA,2026-10-06T00:29:09.099978+00:00,238.9,0.0401800012588501,0.0022226971865062345,0.3859572768879324
NVDA270115C00210000,2026-10-05 19:59:08+00:00,210.0,37.25,36.85,37.75,3.6500015,10.8631,643.0,42233.0,0.4255428540039063,True,REGULAR,USD,Call,2027-01-15,NVDA,2026-10-06T00:29:09.099978+00:00,238.9,0.0401800012588501,0.0022226971865062345,0.3859572768879324
NVDA270115C00215000,2026-10-05 19:51:28+00:00,215.0,33.45,33.1,34.5,3.5900002,12.022773,392.0,12661.0,0.4265194067382813,True,REGULAR,USD,Call,2027-01-15,NVDA,2026-10-06T00:29:09.099978+00:00,238.9,0.0401800012588501,0.0022226971865062345,0.3859572768879324
NVDA270115C00220000,2026-10-05 19:56:59+00:00,220.0,30.0,29.5,30.45,3.5200005,13.293054,615.0,39504.0,0.4052183502197265,True,REGULAR,USD,Call,2027-01-15,NVDA,2026-10-06T00:29:09.099978+00:00,238.9,0.0401800012588501,0.0022226971865062345,0.3859572768879324
NVDA270115C00225000,2026-10-05 19:58:46+00:00,225.0,26.4,26.3,26.95,3.0499992,13.062096,836.0,14364.0,0.3933471310424804,True,REGULAR,USD,Call,2027-01-15,NVDA,2026-10-06T00:29:09.099978+00:00,238.9,0.0401800012588501,0.0022226971865062345,0.3859572768879324
NVDA270115C00230000,2026-10-05 19:58:52+00:00,230.0,23.4,23.15,24.0,2.75,13.317191,2144.0,44787.0,0.38944092010498044,True,REGULAR,USD,Call,2027-01-15,NVDA,2026-10-06T00:29:09.099978+00:00,238.9,0.0401800012588501,0.0022226971865062345,0.3859572768879324
NVDA270115C00235000,2026-10-05 19:58:23+00:00,235.0,20.35,20.3,21.25,2.3999996,13.370471,831.0,18346.0,0.38556522644042956,True,REGULAR,USD,Call,2027-01-15,NVDA,2026-10-06T00:29:09.099978+00:00,238.9,0.0401800012588501,0.0022226971865062345,0.3859572768879324
NVDA270115C00240000,2026-10-05 19:59:43+00:00,240.0,17.85,17.6,18.1,2.3500004,15.161292,3254.0,47188.0,0.36975727905273437,False,REGULAR,USD,Call,2027-01-15,NVDA,2026-10-06T00:29:09.099978+00:00,238.9,0.0401800012588501,0.0022226971865062345,0.3859572768879324
NVDA270115C00245000,2026-10-05 19:58:16+00:00,245.0,15.26,15.15,15.75,1.6599998,12.205881,609.0,13244.0,0.3658510681152344,False,REGULAR,USD,Call,2027-01-15,NVDA,2026-10-06T00:29:09.099978+00:00,238.9,0.0401800012588501,0.0022226971865062345,0.3859572768879324
NVDA270115C00250000,2026-10-05 19:59:34+00:00,250.0,13.05,13.05,13.4,1.6500006,14.47369,3186.0,66731.0,0.35785554260253905,False,REGULAR,USD,Call,2027-01-15,NVDA,2026-10-06T00:29:09.099978+00:00,238.9,0.0401800012588501,0.0022226971865062345,0.3859572768879324
NVDA270115C00255000,2026-10-05 19:53:59+00:00,255.0,11.55,10.5,11.7,1.75,17.857143,525.0,21462.0,0.35883209533691407,False,REGULAR,USD,Call,2027-01-15,NVDA,2026-10-06T00:29:09.099978+00:00,238.9,0.0401800012588501,0.0022226971865062345,0.3859572768879324
NVDA270115C00260000,2026-10-05 19:59:58+00:00,260.0,9.5,9.4,9.65,1.3000002,15.853661,3593.0,56929.0,0.3484562225341796,False,REGULAR,USD,Call,2027-01-15,NVDA,2026-10-06T00:29:09.099978+00:00,238.9,0.0401800012588501,0.0022226971865062345,0.3859572768879324
NVDA270115C00265000,2026-10-05 19:54:00+00:00,265.0,8.3,7.9,8.1,1.3500004,19.424465,774.0,13437.0,0.3443669079589844,False,REGULAR,USD,Call,2027-01-15,NVDA,2026-10-06T00:29:09.099978+00:00,238.9,0.0401800012588501,0.0022226971865062345,0.3859572768879324
NVDA270115C00270000,2026-10-05 19:57:25+00:00,270.0,6.8,6.6,7.0,1.0300002,17.850958,1245.0,29734.0,0.3465336343383788,False,REGULAR,USD,Call,2027-01-15,NVDA,2026-10-06T00:29:09.099978+00:00,238.9,0.0401800012588501,0.0022226971865062345,0.3859572768879324
NVDA270115C00275000,2026-10-05 19:58:47+00:00,275.0,5.6,5.5,5.85,0.8499999,17.894735,3108.0,9195.0,0.34393966613769533,False,REGULAR,USD,Call,2027-01-15,NVDA,2026-10-06T00:29:09.099978+00:00,238.9,0.0401800012588501,0.0022226971865062345,0.3859572768879324
NVDA270115C00280000,2026-10-05 19:59:59+00:00,280.0,4.7,4.55,4.8,0.6999998,17.499996,1633.0,34733.0,0.33991138610839844,False,REGULAR,USD,Call,2027-01-15,NVDA,2026-10-06T00:29:09.099978+00:00,238.9,0.0401800012588501,0.0022226971865062345,0.3859572768879324
NVDA270115C00285000,2026-10-05 19:54:32+00:00,285.0,3.89,3.8,4.1,0.49,14.411764,525.0,12162.0,0.3418644915771484,False,REGULAR,USD,Call,2027-01-15,NVDA,2026-10-06T00:29:09.099978+00:00,238.9,0.0401800012588501,0.0022226971865062345,0.3859572768879324
NVDA270115C00290000,2026-10-05 19:54:03+00:00,290.0,3.22,3.1,3.3,0.47000003,17.09091,377.0,40934.0,0.33740896972656254,False,REGULAR,USD,Call,2027-01-15,NVDA,2026-10-06T00:29:09.099978+00:00,238.9,0.0401800012588501,0.0022226971865062345,0.3859572768879324
NVDA270115C00295000,2026-10-05 19:42:07+00:00,295.0,2.7,2.35,2.77,0.4000001,17.391308,113.0,5845.0,0.3382634533691406,False,REGULAR,USD,Call,2027-01-15,NVDA,2026-10-06T00:29:09.099978+00:00,238.9,0.0401800012588501,0.0022226971865062345,0.3859572768879324
NVDA270115C00300000,2026-10-05 19:58:21+00:00,300.0,2.22,2.17,2.29,0.29000008,15.025911,2085.0,67337.0,0.33789724609375,False,REGULAR,USD,Call,2027-01-15,NVDA,2026-10-06T00:29:09.099978+00:00,238.9,0.0401800012588501,0.0022226971865062345,0.3859572768879324
NVDA270115C00310000,2026-10-05 19:53:08+00:00,310.0,1.57,1.43,1.59,0.2600001,19.847338,248.0,15539.0,0.3393620751953125,False,REGULAR,USD,Call,2027-01-15,NVDA,2026-10-06T00:29:09.099978+00:00,238.9,0.0401800012588501,0.0022226971865062345,0.3859572768879324
NVDA270115C00320000,2026-10-05 19:47:06+00:00,320.0,1.1,0.98,1.15,0.14000005,14.583339,354.0,14007.0,0.3442448388671875,False,REGULAR,USD,Call,2027-01-15,NVDA,2026-10-06T00:29:09.099978+00:00,238.9,0.0401800012588501,0.0022226971865062345,0.3859572768879324
NVDA270115C00330000,2026-10-05 19:48:36+00:00,330.0,0.75,0.66,0.8,0.04000002,5.6338058,125.0,6072.0,0.34632001342773433,False,REGULAR,USD,Call,2027-01-15,NVDA,2026-10-06T00:29:09.099978+00:00,238.9,0.0401800012588501,0.0022226971865062345,0.3859572768879324
NVDA270115C00340000,2026-10-05 19:47:51+00:00,340.0,0.55,0.51,0.58,0.04000002,7.843141,181.0,72963.0,0.35108070800781244,False,REGULAR,USD,Call,2027-01-15,NVDA,2026-10-06T00:29:09.099978+00:00,238.9,0.0401800012588501,0.0022226971865062345,0.3859572768879324
NVDA270115C00350000,2026-10-05 19:47:51+00:00,350.0,0.42,0.35,0.45,0.01999998,4.999995,154.0,12466.0,0.3591372680664062,False,REGULAR,USD,Call,2027-01-15,NVDA,2026-10-06T00:29:09.099978+00:00,238.9,0.0401800012588501,0.0022226971865062345,0.3859572768879324
NVDA270115C00360000,2026-10-05 19:19:11+00:00,360.0,0.37,0.3,0.46,0.060000002,19.35484,60.0,7672.0,0.38184211914062494,False,REGULAR,USD,Call,2027-01-15,NVDA,2026-10-06T00:29:09.099978+00:00,238.9,0.0401800012588501,0.0022226971865062345,0.3859572768879324
NVDA270115C00370000,2026-10-05 19:40:39+00:00,370.0,0.23,0.23,0.4,-0.059999987,-20.689651,28.0,5151.0,0.3942931665039063,False,REGULAR,USD,Call,2027-01-15,NVDA,2026-10-06T00:29:09.099978+00:00,238.9,0.0401800012588501,0.0022226971865062345,0.3859572768879324
NVDA270115C00380000,2026-10-05 15:06:57+00:00,380.0,0.28,0.15,0.28,0.0,0.0,1.0,3035.0,0.393560751953125,False,REGULAR,USD,Call,2027-01-15,NVDA,2026-10-06T00:29:09.099978+00:00,238.9,0.0401800012588501,0.0022226971865062345,0.3859572768879324
NVDA270115C00390000,2026-10-05 18:50:04+00:00,390.0,0.16,0.12,0.17,0.0,0.0,123.0,3536.0,0.38672488281249995,False,REGULAR,USD,Call,2027-01-15,NVDA,2026-10-06T00:29:09.099978+00:00,238.9,0.0401800012588501,0.0022226971865062345,0.3859572768879324
NVDA270115C00400000,2026-10-05 19:40:39+00:00,400.0,0.12,0.1,0.15,-0.009999998,-7.692306,270.0,7828.0,0.397466962890625,False,REGULAR,USD,Call,2027-01-15,NVDA,2026-10-06T00:29:09.099978+00:00,238.9,0.0401800012588501,0.0022226971865062345,0.3859572768879324
NVDA270115C00410000,2026-10-05 19:40:39+00:00,410.0,0.09,0.01,0.12,-0.009999998,-9.999997,58.0,2240.0,0.40332627929687503,False,REGULAR,USD,Call,2027-01-15,NVDA,2026-10-06T00:29:09.099978+00:00,238.9,0.0401800012588501,0.0022226971865062345,0.3859572768879324
NVDA270115C00420000,2026-10-05 19:52:34+00:00,420.0,0.09,0.07,0.09,0.010000005,12.500007,315.0,11226.0,0.4062559375,False,REGULAR,USD,Call,2027-01-15,NVDA,2026-10-06T00:29:09.099978+00:00,238.9,0.0401800012588501,0.0022226971865062345,0.3859572768879324
NVDA270115C00430000,2026-10-05 18:57:21+00:00,430.0,0.08,0.04,0.12,-0.07000001,-46.66667,3.0,2614.0,0.4335994140625,False,REGULAR,USD,Call,2027-01-15,NVDA,2026-10-06T00:29:09.099978+00:00,238.9,0.0401800012588501,0.0022226971865062345,0.3859572768879324
NVDA270115C00440000,2026-10-05 17:54:00+00:00,440.0,0.06,0.02,0.13,0.0,0.0,237.0,1311.0,0.45215391601562505,False,REGULAR,USD,Call,2027-01-15,NVDA,2026-10-06T00:29:09.099978+00:00,238.9,0.0401800012588501,0.0022226971865062345,0.3859572768879324
NVDA270115C00450000,2026-10-05 19:59:18+00:00,450.0,0.06,0.02,0.06,0.0,0.0,26.0,2983.0,0.43066975585937506,False,REGULAR,USD,Call,2027-01-15,NVDA,2026-10-06T00:29:09.099978+00:00,238.9,0.0401800012588501,0.0022226971865062345,0.3859572768879324
NVDA270115C00455000,2026-10-05 16:05:27+00:00,455.0,0.06,0.01,0.11,-0.02,-25.0,11.0,890.0,0.46484910156250003,False,REGULAR,USD,Call,2027-01-15,NVDA,2026-10-06T00:29:09.099978+00:00,238.9,0.0401800012588501,0.0022226971865062345,0.3859572768879324
NVDA270115C00460000,2026-10-05 19:57:48+00:00,460.0,0.04,0.04,0.05,-0.010000002,-20.000002,5790.0,33317.0,0.43555251953125,False,REGULAR,USD,Call,2027-01-15,NVDA,2026-10-06T00:29:09.099978+00:00,238.9,0.0401800012588501,0.0022226971865062345,0.3859572768879324
NVDA270115P00005000,2026-09-22 19:00:33+00:00,5.0,0.01,0.0,0.01,0.0,0.0,1.0,9183.0,2.2500043749999996,False,REGULAR,USD,Put,2027-01-15,NVDA,2026-10-06T00:29:09.099978+00:00,238.9,0.0401800012588501,0.0022226971865062345,0.3859572768879324
NVDA270115P00010000,2026-08-27 14:08:02+00:00,10.0,0.01,0.0,0.01,0.0,0.0,10.0,3238.0,1.8125009374999999,False,REGULAR,USD,Put,2027-01-15,NVDA,2026-10-06T00:29:09.099978+00:00,238.9,0.0401800012588501,0.0022226971865062345,0.3859572768879324
NVDA270115P00015000,2026-10-01 15:13:31+00:00,15.0,0.01,0.0,0.01,0.0,0.0,5.0,33276.0,1.5625021874999998,False,REGULAR,USD,Put,2027-01-15,NVDA,2026-10-06T00:29:09.099978+00:00,238.9,0.0401800012588501,0.0022226971865062345,0.3859572768879324
NVDA270115P00020000,2026-09-25 13:30:01+00:00,20.0,0.01,0.0,0.01,0.0,0.0,1.0,12614.0,1.40625296875,False,REGULAR,USD,Put,2027-01-15,NVDA,2026-10-06T00:29:09.099978+00:00,238.9,0.0401800012588501,0.0022226971865062345,0.3859572768879324
NVDA270115P00025000,2026-10-05 19:58:09+00:00,25.0,0.02,0.01,0.1,0.01,100.0,14.0,17995.0,1.5585959570312498,False,REGULAR,USD,Put,2027-01-15,NVDA,2026-10-06T00:29:09.099978+00:00,238.9,0.0401800012588501,0.0022226971865062345,0.3859572768879324
NVDA270115P00030000,2026-10-05 17:06:14+00:00,30.0,0.01,0.0,0.03,0.0,0.0,15.0,2998.0,1.2656286718749998,False,REGULAR,USD,Put,2027-01-15,NVDA,2026-10-06T00:29:09.099978+00:00,238.9,0.0401800012588501,0.0022226971865062345,0.3859572768879324
NVDA270115P00035000,2026-08-28 18:19:06+00:00,35.0,0.03,0.0,0.03,0.0,0.0,145.0,6600.0,1.171879140625,False,REGULAR,USD,Put,2027-01-15,NVDA,2026-10-06T00:29:09.099978+00:00,238.9,0.0401800012588501,0.0022226971865062345,0.3859572768879324
NVDA270115P00040000,2026-10-05 14:20:49+00:00,40.0,0.05,0.01,0.1,0.0,0.0,1.0,2620.0,1.23047259765625,False,REGULAR,USD,Put,2027-01-15,NVDA,2026-10-06T00:29:09.099978+00:00,238.9,0.0401800012588501,0.0022226971865062345,0.3859572768879324
NVDA270115P00045000,2026-09-22 17:52:11+00:00,45.0,0.05,0.01,0.08,0.0,0.0,4.0,7258.0,1.125004375,False,REGULAR,USD,Put,2027-01-15,NVDA,2026-10-06T00:29:09.099978+00:00,238.9,0.0401800012588501,0.0022226971865062345,0.3859572768879324
NVDA270115P00050000,2026-10-05 16:56:46+00:00,50.0,0.01,0.02,0.06,0.0,0.0,30.0,12486.0,1.0468797656250002,False,REGULAR,USD,Put,2027-01-15,NVDA,2026-10-06T00:29:09.099978+00:00,238.9,0.0401800012588501,0.0022226971865062345,0.3859572768879324
NVDA270115P00055000,2026-10-05 16:56:46+00:00,55.0,0.01,0.0,0.09,-0.049999997,-83.333336,16.0,3586.0,0.992187578125,False,REGULAR,USD,Put,2027-01-15,NVDA,2026-10-06T00:29:09.099978+00:00,238.9,0.0401800012588501,0.0022226971865062345,0.3859572768879324
NVDA270115P00060000,2026-09-28 15:47:48+00:00,60.0,0.06,0.02,0.1,0.0,0.0,53.0,15920.0,0.96289099609375,False,REGULAR,USD,Put,2027-01-15,NVDA,2026-10-06T00:29:09.099978+00:00,238.9,0.0401800012588501,0.0022226971865062345,0.3859572768879324
NVDA270115P00065000,2026-10-05 18:50:41+00:00,65.0,0.04,0.03,0.22,0.01,33.333336,13.0,6219.0,0.98437515625,False,REGULAR,USD,Put,2027-01-15,NVDA,2026-10-06T00:29:09.099978+00:00,238.9,0.0401800012588501,0.0022226971865062345,0.3859572768879324
NVDA270115P00070000,2026-10-05 19:07:06+00:00,70.0,0.04,0.02,0.12,-0.010000002,-20.000002,10.0,13326.0,0.8730481445312499,False,REGULAR,USD,Put,2027-01-15,NVDA,2026-10-06T00:29:09.099978+00:00,238.9,0.0401800012588501,0.0022226971865062345,0.3859572768879324
NVDA270115P00075000,2026-10-05 14:11:59+00:00,75.0,0.06,0.05,0.06,-0.06,-50.0,3.0,10507.0,0.804689453125,False,REGULAR,USD,Put,2027-01-15,NVDA,2026-10-06T00:29:09.099978+00:00,238.9,0.0401800012588501,0.0022226971865062345,0.3859572768879324
NVDA270115P00080000,2026-10-02 16:13:02+00:00,80.0,0.1,0.06,0.1,0.0,0.0,25.0,25963.0,0.7929708203125,False,REGULAR,USD,Put,2027-01-15,NVDA,2026-10-06T00:29:09.099978+00:00,238.9,0.0401800012588501,0.0022226971865062345,0.3859572768879324
NVDA270115P00085000,2026-10-05 18:10:45+00:00,85.0,0.08,0.07,0.27,-0.020000003,-20.000002,1.0,13652.0,0.8183611914062499,False,REGULAR,USD,Put,2027-01-15,NVDA,2026-10-06T00:29:09.099978+00:00,238.9,0.0401800012588501,0.0022226971865062345,0.3859572768879324
NVDA270115P00090000,2026-10-05 17:58:41+00:00,90.0,0.1,0.08,0.21,-0.009999998,-9.090907,25.0,28736.0,0.7607445800781252,False,REGULAR,USD,Put,2027-01-15,NVDA,2026-10-06T00:29:09.099978+00:00,238.9,0.0401800012588501,0.0022226971865062345,0.3859572768879324
NVDA270115P00095000,2026-10-02 19:22:40+00:00,95.0,0.14,0.1,0.17,0.0,0.0,21.0,22468.0,0.7148466015625,False,REGULAR,USD,Put,2027-01-15,NVDA,2026-10-06T00:29:09.099978+00:00,238.9,0.0401800012588501,0.0022226971865062345,0.3859572768879324
NVDA270115P00100000,2026-10-05 19:51:14+00:00,100.0,0.13,0.12,0.13,-0.02000001,-13.333339,99.0,185485.0,0.6718782812500002,False,REGULAR,USD,Put,2027-01-15,NVDA,2026-10-06T00:29:09.099978+00:00,238.9,0.0401800012588501,0.0022226971865062345,0.3859572768879324
NVDA270115P00105000,2026-10-05 17:39:17+00:00,105.0,0.15,0.1,0.2,-0.059999987,-28.571423,4.0,16920.0,0.65039412109375,False,REGULAR,USD,Put,2027-01-15,NVDA,2026-10-06T00:29:09.099978+00:00,238.9,0.0401800012588501,0.0022226971865062345,0.3859572768879324
NVDA270115P00110000,2026-10-05 19:50:26+00:00,110.0,0.14,0.14,0.17,-0.060000002,-30.0,213.0,23084.0,0.6181678808593751,False,REGULAR,USD,Put,2027-01-15,NVDA,2026-10-06T00:29:09.099978+00:00,238.9,0.0401800012588501,0.0022226971865062345,0.3859572768879324
NVDA270115P00115000,2026-10-05 16:54:16+00:00,115.0,0.19,0.15,0.22,-0.030000001,-13.636364,38.0,20574.0,0.5986368261718751,False,REGULAR,USD,Put,2027-01-15,NVDA,2026-10-06T00:29:09.099978+00:00,238.9,0.0401800012588501,0.0022226971865062345,0.3859572768879324
NVDA270115P00120000,2026-10-05 19:42:17+00:00,120.0,0.22,0.2,0.27,-0.03999999,-15.384612,100.0,32270.0,0.584965087890625,False,REGULAR,USD,Put,2027-01-15,NVDA,2026-10-06T00:29:09.099978+00:00,238.9,0.0401800012588501,0.0022226971865062345,0.3859572768879324
NVDA270115P00125000,2026-10-05 19:53:20+00:00,125.0,0.25,0.25,0.28,-0.050000012,-16.66667,79.0,18589.0,0.5625043750000001,False,REGULAR,USD,Put,2027-01-15,NVDA,2026-10-06T00:29:09.099978+00:00,238.9,0.0401800012588501,0.0022226971865062345,0.3859572768879324
NVDA270115P00130000,2026-10-05 19:42:29+00:00,130.0,0.3,0.25,0.31,-0.049999982,-14.285709,940.0,27990.0,0.5356491748046875,False,REGULAR,USD,Put,2027-01-15,NVDA,2026-10-06T00:29:09.099978+00:00,238.9,0.0401800012588501,0.0022226971865062345,0.3859572768879324
NVDA270115P00135000,2026-10-05 18:28:11+00:00,135.0,0.35,0.26,0.42,-0.060000002,-14.634147,64.0,17501.0,0.5205126074218749,False,REGULAR,USD,Put,2027-01-15,NVDA,2026-10-06T00:29:09.099978+00:00,238.9,0.0401800012588501,0.0022226971865062345,0.3859572768879324
NVDA270115P00140000,2026-10-05 19:38:49+00:00,140.0,0.4,0.4,0.46,-0.06999999,-14.893615,106.0,26681.0,0.508793974609375,False,REGULAR,USD,Put,2027-01-15,NVDA,2026-10-06T00:29:09.099978+00:00,238.9,0.0401800012588501,0.0022226971865062345,0.3859572768879324
NVDA270115P00145000,2026-10-05 17:21:07+00:00,145.0,0.5,0.45,0.65,-0.04000002,-7.4074106,28.0,22600.0,0.5136767382812499,False,REGULAR,USD,Put,2027-01-15,NVDA,2026-10-06T00:29:09.099978+00:00,238.9,0.0401800012588501,0.0022226971865062345,0.3859572768879324
NVDA270115P00150000,2026-10-05 19:53:11+00:00,150.0,0.64,0.54,0.66,-0.050000012,-7.2463784,587.0,136555.0,0.4846242944335938,False,REGULAR,USD,Put,2027-01-15,NVDA,2026-10-06T00:29:09.099978+00:00,238.9,0.0401800012588501,0.0022226971865062345,0.3859572768879324
NVDA270115P00155000,2026-10-05 19:32:23+00:00,155.0,0.69,0.65,0.8,-0.100000024,-12.65823,80.0,16083.0,0.471684970703125,False,REGULAR,USD,Put,2027-01-15,NVDA,2026-10-06T00:29:09.099978+00:00,238.9,0.0401800012588501,0.0022226971865062345,0.3859572768879324
NVDA270115P00160000,2026-10-05 19:28:27+00:00,160.0,0.82,0.81,0.86,-0.13999999,-14.583332,134.0,27232.0,0.44824770507812495,False,REGULAR,USD,Put,2027-01-15,NVDA,2026-10-06T00:29:09.099978+00:00,238.9,0.0401800012588501,0.0022226971865062345,0.3859572768879324
NVDA270115P00165000,2026-10-05 19:14:10+00:00,165.0,0.99,0.97,1.05,-0.17999995,-15.384611,488.0,20670.0,0.436529072265625,False,REGULAR,USD,Put,2027-01-15,NVDA,2026-10-06T00:29:09.099978+00:00,238.9,0.0401800012588501,0.0022226971865062345,0.3859572768879324
NVDA270115P00170000,2026-10-05 19:51:41+00:00,170.0,1.17,1.09,1.31,-0.23000002,-16.428574,25351.0,39602.0,0.42737389038085943,False,REGULAR,USD,Put,2027-01-15,NVDA,2026-10-06T00:29:09.099978+00:00,238.9,0.0401800012588501,0.0022226971865062345,0.3859572768879324
NVDA270115P00175000,2026-10-05 19:57:42+00:00,175.0,1.45,1.45,1.49,-0.27999997,-16.184969,285.0,23363.0,0.4097959411621094,False,REGULAR,USD,Put,2027-01-15,NVDA,2026-10-06T00:29:09.099978+00:00,238.9,0.0401800012588501,0.0022226971865062345,0.3859572768879324
NVDA270115P00180000,2026-10-05 19:35:25+00:00,180.0,1.78,1.56,1.81,-0.32999992,-15.639808,1046.0,147220.0,0.39893179199218753,False,REGULAR,USD,Put,2027-01-15,NVDA,2026-10-06T00:29:09.099978+00:00,238.9,0.0401800012588501,0.0022226971865062345,0.3859572768879324
NVDA270115P00185000,2026-10-05 19:44:15+00:00,185.0,2.2,2.13,2.26,-0.3599999,-14.062496,292.0,20667.0,0.39148557739257805,False,REGULAR,USD,Put,2027-01-15,NVDA,2026-10-06T00:29:09.099978+00:00,238.9,0.0401800012588501,0.0022226971865062345,0.3859572768879324
NVDA270115P00190000,2026-10-05 19:54:12+00:00,190.0,2.63,2.52,2.75,-0.53999996,-17.034698,1408.0,42929.0,0.3820862573242187,False,REGULAR,USD,Put,2027-01-15,NVDA,2026-10-06T00:29:09.099978+00:00,238.9,0.0401800012588501,0.0022226971865062345,0.3859572768879324
NVDA270115P00195000,2026-10-05 19:59:02+00:00,195.0,3.25,3.0,3.3,-0.5999999,-15.584414,274.0,18415.0,0.3715883154296875,False,REGULAR,USD,Put,2027-01-15,NVDA,2026-10-06T00:29:09.099978+00:00,238.9,0.0401800012588501,0.0022226971865062345,0.3859572768879324
NVDA270115P00200000,2026-10-05 19:59:09+00:00,200.0,3.9,3.9,4.0,-0.8199997,-17.372875,1534.0,80358.0,0.3629214099121094,False,REGULAR,USD,Put,2027-01-15,NVDA,2026-10-06T00:29:09.099978+00:00,238.9,0.0401800012588501,0.0022226971865062345,0.3859572768879324
NVDA270115P00205000,2026-10-05 19:58:15+00:00,205.0,4.81,4.65,5.0,-0.90999985,-15.909089,206.0,17614.0,0.3596865789794922,False,REGULAR,USD,Put,2027-01-15,NVDA,2026-10-06T00:29:09.099978+00:00,238.9,0.0401800012588501,0.0022226971865062345,0.3859572768879324
NVDA270115P00210000,2026-10-05 19:58:36+00:00,210.0,5.77,5.45,5.9,-1.1399999,-16.497828,1207.0,22156.0,0.3490055334472656,False,REGULAR,USD,Put,2027-01-15,NVDA,2026-10-06T00:29:09.099978+00:00,238.9,0.0401800012588501,0.0022226971865062345,0.3859572768879324
NVDA270115P00215000,2026-10-05 19:37:56+00:00,215.0,6.94,6.8,7.1,-1.3799996,-16.586535,1564.0,19081.0,0.3423527679443359,False,REGULAR,USD,Put,2027-01-15,NVDA,2026-10-06T00:29:09.099978+00:00,238.9,0.0401800012588501,0.0022226971865062345,0.3859572768879324
NVDA270115P00220000,2026-10-05 19:58:37+00:00,220.0,8.34,8.3,8.5,-1.6099997,-16.180902,26418.0,19042.0,0.3360662097167969,False,REGULAR,USD,Put,2027-01-15,NVDA,2026-10-06T00:29:09.099978+00:00,238.9,0.0401800012588501,0.0022226971865062345,0.3859572768879324
NVDA270115P00225000,2026-10-05 19:50:57+00:00,225.0,9.85,9.5,10.1,-1.9499998,-16.525423,588.0,11908.0,0.3297796514892578,False,REGULAR,USD,Put,2027-01-15,NVDA,2026-10-06T00:29:09.099978+00:00,238.9,0.0401800012588501,0.0022226971865062345,0.3859572768879324
NVDA270115P00230000,2026-10-05 19:58:10+00:00,230.0,11.85,11.6,11.9,-2.0499992,-14.748197,1746.0,12566.0,0.3232184378051757,False,REGULAR,USD,Put,2027-01-15,NVDA,2026-10-06T00:29:09.099978+00:00,238.9,0.0401800012588501,0.0022226971865062345,0.3859572768879324
NVDA270115P00235000,2026-10-05 19:59:40+00:00,235.0,14.0,13.55,14.0,-2.1900005,-13.526872,576.0,5164.0,0.3181220532226562,False,REGULAR,USD,Put,2027-01-15,NVDA,2026-10-06T00:29:09.099978+00:00,238.9,0.0401800012588501,0.0022226971865062345,0.3859572768879324
NVDA270115P00240000,2026-10-05 19:56:59+00:00,240.0,16.26,15.9,16.35,-2.5699997,-13.648432,244.0,7529.0,0.31317825500488283,True,REGULAR,USD,Put,2027-01-15,NVDA,2026-10-06T00:29:09.099978+00:00,238.9,0.0401800012588501,0.0022226971865062345,0.3859572768879324
NVDA270115P00245000,2026-10-05 19:58:59+00:00,245.0,18.84,18.05,19.7,-2.2600002,-10.710901,159.0,2564.0,0.3232794723510741,True,REGULAR,USD,Put,2027-01-15,NVDA,2026-10-06T00:29:09.099978+00:00,238.9,0.0401800012588501,0.0022226971865062345,0.3859572768879324
NVDA270115P00250000,2026-10-05 19:58:59+00:00,250.0,21.69,20.8,22.95,-3.0199986,-12.221766,95.0,2865.0,0.3268194760131836,True,REGULAR,USD,Put,2027-01-15,NVDA,2026-10-06T00:29:09.099978+00:00,238.9,0.0401800012588501,0.0022226971865062345,0.3859572768879324
NVDA270115P00255000,2026-10-05 16:31:14+00:00,255.0,26.19,23.4,26.05,-1.5599995,-5.621619,20.0,742.0,0.3229132650756835,True,REGULAR,USD,Put,2027-01-15,NVDA,2026-10-06T00:29:09.099978+00:00,238.9,0.0401800012588501,0.0022226971865062345,0.3859572768879324
NVDA270115P00260000,2026-10-05 17:20:26+00:00,260.0,29.1,27.4,28.25,-2.3999996,-7.6190467,2.0,3253.0,0.29453220123291013,True,REGULAR,USD,Put,2027-01-15,NVDA,2026-10-06T00:29:09.099978+00:00,238.9,0.0401800012588501,0.0022226971865062345,0.3859572768879324
NVDA270115P00265000,2026-10-05 19:17:31+00:00,265.0,31.0,30.9,31.9,-3.0,-8.823529,16.0,640.0,0.291877198486328,True,REGULAR,USD,Put,2027-01-15,NVDA,2026-10-06T00:29:09.099978+00:00,238.9,0.0401800012588501,0.0022226971865062345,0.3859572768879324
NVDA270115P00270000,2026-10-05 19:13:57+00:00,270.0,34.7,34.75,35.6,-3.25,-8.5639,109.0,1627.0,0.2853465020751953,True,REGULAR,USD,Put,2027-01-15,NVDA,2026-10-06T00:29:09.099978+00:00,238.9,0.0401800012588501,0.0022226971865062345,0.3859572768879324
NVDA270115P00275000,2026-10-05 19:08:06+00:00,275.0,38.8,38.1,40.0,-3.6500015,-8.598354,96.0,1403.0,0.29267064758300776,True,REGULAR,USD,Put,2027-01-15,NVDA,2026-10-06T00:29:09.099978+00:00,238.9,0.0401800012588501,0.0022226971865062345,0.3859572768879324
NVDA270115P00280000,2026-10-05 19:21:07+00:00,280.0,42.75,41.25,45.4,-4.799999,-10.094636,47.0,2683.0,0.3263006823730469,True,REGULAR,USD,Put,2027-01-15,NVDA,2026-10-06T00:29:09.099978+00:00,238.9,0.0401800012588501,0.0022226971865062345,0.3859572768879324
NVDA270115P00285000,2026-10-02 16:23:31+00:00,285.0,50.13,44.95,49.65,0.0,0.0,3.0,450.0,0.32556826782226556,True,REGULAR,USD,Put,2027-01-15,NVDA,2026-10-06T00:29:09.099978+00:00,238.9,0.0401800012588501,0.0022226971865062345,0.3859572768879324
NVDA270115P00290000,2026-10-05 19:02:29+00:00,290.0,51.5,51.55,52.8,-2.3300018,-4.3284445,50.0,567.0,0.2788158056640625,True,REGULAR,USD,Put,2027-01-15,NVDA,2026-10-06T00:29:09.099978+00:00,238.9,0.0401800012588501,0.0022226971865062345,0.3859572768879324
NVDA270115P00295000,2026-10-05 18:25:06+00:00,295.0,58.03,53.75,59.3,-11.169998,-16.141615,8.0,31.0,0.35352208984374994,True,REGULAR,USD,Put,2027-01-15,NVDA,2026-10-06T00:29:09.099978+00:00,238.9,0.0401800012588501,0.0022226971865062345,0.3859572768879324
NVDA270115P00300000,2026-10-05 19:54:10+00:00,300.0,61.0,60.5,62.45,-2.8300018,-4.433655,20.0,1670.0,0.29614961669921874,True,REGULAR,USD,Put,2027-01-15,NVDA,2026-10-06T00:29:09.099978+00:00,238.9,0.0401800012588501,0.0022226971865062345,0.3859572768879324
NVDA270115P00310000,2026-09-30 18:58:08+00:00,310.0,79.8,67.25,74.25,0.0,0.0,1.0,1.0,0.40546248840332033,True,REGULAR,USD,Put,2027-01-15,NVDA,2026-10-06T00:29:09.099978+00:00,238.9,0.0401800012588501,0.0022226971865062345,0.3859572768879324
NVDA270115P00320000,2026-07-17 13:50:46+00:00,320.0,120.59,109.85,113.8,0.0,0.0,1.0,1.0,1.0946090191650393,True,REGULAR,USD,Put,2027-01-15,NVDA,2026-10-06T00:29:09.099978+00:00,238.9,0.0401800012588501,0.0022226971865062345,0.3859572768879324
NVDA270115P00330000,2026-09-08 13:53:53+00:00,330.0,101.0,86.85,95.55,0.0,0.0,5.0,0.0,0.5177050183105469,True,REGULAR,USD,Put,2027-01-15,NVDA,2026-10-06T00:29:09.099978+00:00,238.9,0.0401800012588501,0.0022226971865062345,0.3859572768879324
NVDA270115P00340000,2026-08-31 13:30:57+00:00,340.0,120.7,97.15,105.35,0.0,0.0,3.0,0.0,0.5418746984863283,True,REGULAR,USD,Put,2027-01-15,NVDA,2026-10-06T00:29:09.099978+00:00,238.9,0.0401800012588501,0.0022226971865062345,0.3859572768879324
NVDA270115P00350000,2026-06-05 13:51:56+00:00,350.0,137.49,0.0,0.0,0.0,0.0,25.0,0.0,1.0000000000000003e-05,True,REGULAR,USD,Put,2027-01-15,NVDA,2026-10-06T00:29:09.099978+00:00,238.9,0.0401800012588501,0.0022226971865062345,0.3859572768879324
NVDA270115P00360000,2026-08-11 14:43:32+00:00,360.0,140.95,0.0,0.0,0.0,0.0,2.0,0.0,1.0000000000000003e-05,True,REGULAR,USD,Put,2027-01-15,NVDA,2026-10-06T00:29:09.099978+00:00,238.9,0.0401800012588501,0.0022226971865062345,0.3859572768879324
NVDA270115P00370000,2026-06-04 17:34:53+00:00,370.0,150.97,0.0,0.0,0.0,0.0,260.0,0.0,1.0000000000000003e-05,True,REGULAR,USD,Put,2027-01-15,NVDA,2026-10-06T00:29:09.099978+00:00,238.9,0.0401800012588501,0.0022226971865062345,0.3859572768879324
NVDA270115P00380000,2026-08-28 16:02:27+00:00,380.0,158.12,137.2,145.35,0.0,0.0,15.0,0.0,0.6530186065673829,True,REGULAR,USD,Put,2027-01-15,NVDA,2026-10-06T00:29:09.099978+00:00,238.9,0.0401800012588501,0.0022226971865062345,0.3859572768879324
NVDA270115P00390000,2026-03-26 19:54:38+00:00,390.0,222.05,0.0,0.0,0.0,0.0,1.0,0.0,1.0000000000000003e-05,True,REGULAR,USD,Put,2027-01-15,NVDA,2026-10-06T00:29:09.099978+00:00,238.9,0.0401800012588501,0.0022226971865062345,0.3859572768879324
NVDA270115P00400000,2026-08-27 15:06:50+00:00,400.0,174.17,156.8,165.35,0.0,0.0,5.0,0.0,0.7020903814697266,True,REGULAR,USD,Put,2027-01-15,NVDA,2026-10-06T00:29:09.099978+00:00,238.9,0.0401800012588501,0.0022226971865062345,0.3859572768879324
NVDA270115P00410000,2026-05-19 17:58:01+00:00,410.0,187.4,0.0,0.0,0.0,0.0,1.0,0.0,1.0000000000000003e-05,True,REGULAR,USD,Put,2027-01-15,NVDA,2026-10-06T00:29:09.099978+00:00,238.9,0.0401800012588501,0.0022226971865062345,0.3859572768879324
NVDA270115P00420000,2026-08-27 18:09:18+00:00,420.0,192.15,177.2,185.35,0.0,0.0,5.0,0.0,0.7476831872558594,True,REGULAR,USD,Put,2027-01-15,NVDA,2026-10-06T00:29:09.099978+00:00,238.9,0.0401800012588501,0.0022226971865062345,0.3859572768879324
NVDA270115P00455000,2026-08-19 19:48:06+00:00,455.0,235.56,0.0,0.0,0.0,0.0,,0.0,1.0000000000000003e-05,True,REGULAR,USD,Put,2027-01-15,NVDA,2026-10-06T00:29:09.099978+00:00,238.9,0.0401800012588501,0.0022226971865062345,0.3859572768879324
NVDA270115P00460000,2026-08-20 19:23:17+00:00,460.0,242.87,0.0,0.0,0.0,0.0,1.0,0.0,1.0000000000000003e-05,True,REGULAR,USD,Put,2027-01-15,NVDA,2026-10-06T00:29:09.099978+00:00,238.9,0.0401800012588501,0.0022226971865062345,0.3859572768879324
NVDA270219C00020000,2026-09-28 15:47:02+00:00,20.0,209.8,214.3,223.7,0.0,0.0,,2.0,1.5781271093749998,True,REGULAR,USD,Call,2027-02-19,NVDA,2026-10-06T00:29:09.099978+00:00,238.9,0.0401800012588501,0.0022226971865062345,0.3859572768879324
NVDA270219C00030000,2026-10-02 19:29:55+00:00,30.0,204.93,204.45,213.85,0.0,0.0,3.0,3.0,1.4658229833984375,True,REGULAR,USD,Call,2027-02-19,NVDA,2026-10-06T00:29:09.099978+00:00,238.9,0.0401800012588501,0.0022226971865062345,0.3859572768879324
NVDA270219C00035000,2026-09-23 16:42:01+00:00,35.0,190.25,200.0,208.95,0.0,0.0,,20.0,1.5253929980468748,True,REGULAR,USD,Call,2027-02-19,NVDA,2026-10-06T00:29:09.099978+00:00,238.9,0.0401800012588501,0.0022226971865062345,0.3859572768879324
NVDA270219C00040000,2026-09-24 18:42:28+00:00,40.0,184.02,195.0,204.05,0.0,0.0,,3.0,1.4365262548828124,True,REGULAR,USD,Call,2027-02-19,NVDA,2026-10-06T00:29:09.099978+00:00,238.9,0.0401800012588501,0.0022226971865062345,0.3859572768879324
NVDA270219C00050000,2026-09-21 14:05:51+00:00,50.0,173.75,185.0,194.1,0.0,0.0,1.0,27.0,1.2656286718749998,True,REGULAR,USD,Call,2027-02-19,NVDA,2026-10-06T00:29:09.099978+00:00,238.9,0.0401800012588501,0.0022226971865062345,0.3859572768879324
NVDA270219C00055000,2026-09-14 18:38:56+00:00,55.0,158.65,180.0,189.3,0.0,0.0,1.0,1.0,1.2177773486328123,True,REGULAR,USD,Call,2027-02-19,NVDA,2026-10-06T00:29:09.099978+00:00,238.9,0.0401800012588501,0.0022226971865062345,0.3859572768879324
NVDA270219C00060000,2026-09-28 19:18:12+00:00,60.0,172.27,175.0,184.35,0.0,0.0,2.0,6.0,1.1538128247070314,True,REGULAR,USD,Call,2027-02-19,NVDA,2026-10-06T00:29:09.099978+00:00,238.9,0.0401800012588501,0.0022226971865062345,0.3859572768879324
NVDA270219C00065000,2026-09-10 17:47:18+00:00,65.0,155.05,170.1,179.35,0.0,0.0,10.0,10.0,1.1010787133789064,True,REGULAR,USD,Call,2027-02-19,NVDA,2026-10-06T00:29:09.099978+00:00,238.9,0.0401800012588501,0.0022226971865062345,0.3859572768879324
NVDA270219C00070000,2026-09-04 14:50:20+00:00,70.0,164.54,165.55,173.75,0.0,0.0,3.0,10.0,1.0249072192382815,True,REGULAR,USD,Call,2027-02-19,NVDA,2026-10-06T00:29:09.099978+00:00,238.9,0.0401800012588501,0.0022226971865062345,0.3859572768879324
NVDA270219C00075000,2026-08-27 16:13:11+00:00,75.0,153.12,161.35,168.85,0.0,0.0,4.0,5.0,1.0529832507324217,True,REGULAR,USD,Call,2027-02-19,NVDA,2026-10-06T00:29:09.099978+00:00,238.9,0.0401800012588501,0.0022226971865062345,0.3859572768879324
NVDA270219C00080000,2026-09-16 14:36:49+00:00,80.0,158.11,156.3,163.95,21.419998,15.670493,5.0,5.0,1.001958115234375,True,REGULAR,USD,Call,2027-02-19,NVDA,2026-10-06T00:29:09.099978+00:00,238.9,0.0401800012588501,0.0022226971865062345,0.3859572768879324
NVDA270219C00085000,2026-10-05 13:34:31+00:00,85.0,153.12,151.4,159.05,-0.7700043,-0.5003602,1.0,7.0,0.9645999633789062,True,REGULAR,USD,Call,2027-02-19,NVDA,2026-10-06T00:29:09.099978+00:00,238.9,0.0401800012588501,0.0022226971865062345,0.3859572768879324
NVDA270219C00090000,2026-09-10 16:53:56+00:00,90.0,130.75,146.5,154.15,0.0,0.0,2.0,3.0,0.9284675122070312,True,REGULAR,USD,Call,2027-02-19,NVDA,2026-10-06T00:29:09.099978+00:00,238.9,0.0401800012588501,0.0022226971865062345,0.3859572768879324
NVDA270219C00095000,2026-07-15 18:03:02+00:00,95.0,118.45,111.95,119.65,0.0,0.0,2.0,1.0,1.0000000000000003e-05,True,REGULAR,USD,Call,2027-02-19,NVDA,2026-10-06T00:29:09.099978+00:00,238.9,0.0401800012588501,0.0022226971865062345,0.3859572768879324
NVDA270219C00100000,2026-09-18 14:45:28+00:00,100.0,121.26,137.05,142.95,0.0,0.0,1.0,34.0,0.79687703125,True,REGULAR,USD,Call,2027-02-19,NVDA,2026-10-06T00:29:09.099978+00:00,238.9,0.0401800012588501,0.0022226971865062345,0.3859572768879324
NVDA270219C00105000,2026-07-13 17:58:11+00:00,105.0,102.75,102.4,109.3,0.0,0.0,,1.0,1.0000000000000003e-05,True,REGULAR,USD,Call,2027-02-19,NVDA,2026-10-06T00:29:09.099978+00:00,238.9,0.0401800012588501,0.0022226971865062345,0.3859572768879324
NVDA270219C00110000,2026-09-09 18:51:03+00:00,110.0,113.15,126.95,134.6,0.0,0.0,29.0,36.0,0.7989522058105469,True,REGULAR,USD,Call,2027-02-19,NVDA,2026-10-06T00:29:09.099978+00:00,238.9,0.0401800012588501,0.0022226971865062345,0.3859572768879324
NVDA270219C00115000,2026-10-02 15:26:52+00:00,115.0,122.0,122.1,129.7,0.0,0.0,2.0,139.0,0.7695335546875001,True,REGULAR,USD,Call,2027-02-19,NVDA,2026-10-06T00:29:09.099978+00:00,238.9,0.0401800012588501,0.0022226971865062345,0.3859572768879324
NVDA270219C00120000,2026-10-02 14:15:15+00:00,120.0,119.4,117.2,124.85,0.0,0.0,5.0,77.0,0.7404811108398437,True,REGULAR,USD,Call,2027-02-19,NVDA,2026-10-06T00:29:09.099978+00:00,238.9,0.0401800012588501,0.0022226971865062345,0.3859572768879324
NVDA270219C00125000,2026-10-05 18:27:44+00:00,125.0,116.2,112.35,120.0,8.0,7.3937154,5.0,11.0,0.7137479797363282,True,REGULAR,USD,Call,2027-02-19,NVDA,2026-10-06T00:29:09.099978+00:00,238.9,0.0401800012588501,0.0022226971865062345,0.3859572768879324
NVDA270219C00130000,2026-09-11 14:44:45+00:00,130.0,93.9,107.5,115.2,0.0,0.0,1.0,52.0,0.6888458850097658,True,REGULAR,USD,Call,2027-02-19,NVDA,2026-10-06T00:29:09.099978+00:00,238.9,0.0401800012588501,0.0022226971865062345,0.3859572768879324
NVDA270219C00135000,2026-09-10 14:36:14+00:00,135.0,88.0,102.7,110.3,0.0,0.0,1.0,53.0,0.6623568920898439,True,REGULAR,USD,Call,2027-02-19,NVDA,2026-10-06T00:29:09.099978+00:00,238.9,0.0401800012588501,0.0022226971865062345,0.3859572768879324
NVDA270219C00140000,2026-10-01 17:19:37+00:00,140.0,93.61,98.8,103.15,0.0,0.0,1.0,99.0,0.5939982006835938,True,REGULAR,USD,Call,2027-02-19,NVDA,2026-10-06T00:29:09.099978+00:00,238.9,0.0401800012588501,0.0022226971865062345,0.3859572768879324
NVDA270219C00145000,2026-09-29 18:13:04+00:00,145.0,87.93,94.8,97.45,0.0,0.0,10.0,148.0,0.5708050732421875,True,REGULAR,USD,Call,2027-02-19,NVDA,2026-10-06T00:29:09.099978+00:00,238.9,0.0401800012588501,0.0022226971865062345,0.3859572768879324
NVDA270219C00150000,2026-10-05 18:15:17+00:00,150.0,91.6,88.45,94.0,1.6500015,1.8343542,3.0,242.0,0.5446822875976562,True,REGULAR,USD,Call,2027-02-19,NVDA,2026-10-06T00:29:09.099978+00:00,238.9,0.0401800012588501,0.0022226971865062345,0.3859572768879324
NVDA270219C00155000,2026-10-05 13:34:31+00:00,155.0,85.1,83.6,91.3,-1.2700043,-1.4704229,1.0,117.0,0.5747112841796875,True,REGULAR,USD,Call,2027-02-19,NVDA,2026-10-06T00:29:09.099978+00:00,238.9,0.0401800012588501,0.0022226971865062345,0.3859572768879324
NVDA270219C00160000,2026-10-01 19:40:41+00:00,160.0,76.2,82.3,84.7,0.0,0.0,3.0,259.0,0.5853312951660157,True,REGULAR,USD,Call,2027-02-19,NVDA,2026-10-06T00:29:09.099978+00:00,238.9,0.0401800012588501,0.0022226971865062345,0.3859572768879324
NVDA270219C00165000,2026-10-05 18:51:27+00:00,165.0,77.05,77.35,80.7,7.2000046,10.30781,5.0,120.0,0.5708050732421875,True,REGULAR,USD,Call,2027-02-19,NVDA,2026-10-06T00:29:09.099978+00:00,238.9,0.0401800012588501,0.0022226971865062345,0.3859572768879324
NVDA270219C00170000,2026-10-05 19:28:03+00:00,170.0,74.5,72.2,75.95,4.449997,6.3526006,105.0,200.0,0.5384567639160158,True,REGULAR,USD,Call,2027-02-19,NVDA,2026-10-06T00:29:09.099978+00:00,238.9,0.0401800012588501,0.0022226971865062345,0.3859572768879324
NVDA270219C00175000,2026-10-05 19:29:18+00:00,175.0,69.64,67.55,70.6,1.7799988,2.6230457,137.0,741.0,0.5049487982177734,True,REGULAR,USD,Call,2027-02-19,NVDA,2026-10-06T00:29:09.099978+00:00,238.9,0.0401800012588501,0.0022226971865062345,0.3859572768879324
NVDA270219C00180000,2026-10-05 19:37:50+00:00,180.0,65.0,63.9,66.2,4.34,7.1546326,7.0,775.0,0.5026294854736328,True,REGULAR,USD,Call,2027-02-19,NVDA,2026-10-06T00:29:09.099978+00:00,238.9,0.0401800012588501,0.0022226971865062345,0.3859572768879324
NVDA270219C00185000,2026-10-05 18:58:59+00:00,185.0,60.92,59.4,61.6,4.6899986,8.340741,52.0,382.0,0.5129138064575195,True,REGULAR,USD,Call,2027-02-19,NVDA,2026-10-06T00:29:09.099978+00:00,238.9,0.0401800012588501,0.0022226971865062345,0.3859572768879324
NVDA270219C00190000,2026-10-05 19:30:38+00:00,190.0,56.54,55.4,57.45,4.8899994,9.467568,44.0,1335.0,0.5001881036376954,True,REGULAR,USD,Call,2027-02-19,NVDA,2026-10-06T00:29:09.099978+00:00,238.9,0.0401800012588501,0.0022226971865062345,0.3859572768879324
NVDA270219C00195000,2026-10-05 19:53:02+00:00,195.0,51.35,51.3,52.7,1.5499992,3.1124482,5.0,326.0,0.4710746252441406,True,REGULAR,USD,Call,2027-02-19,NVDA,2026-10-06T00:29:09.099978+00:00,238.9,0.0401800012588501,0.0022226971865062345,0.3859572768879324
NVDA270219C00200000,2026-10-05 19:48:17+00:00,200.0,48.3,46.7,48.95,3.9500008,8.906427,66.0,2073.0,0.46497117065429694,True,REGULAR,USD,Call,2027-02-19,NVDA,2026-10-06T00:29:09.099978+00:00,238.9,0.0401800012588501,0.0022226971865062345,0.3859572768879324
NVDA270219C00205000,2026-10-05 17:01:08+00:00,205.0,44.0,43.15,44.8,3.8499985,9.589037,28.0,1152.0,0.44751529052734373,True,REGULAR,USD,Call,2027-02-19,NVDA,2026-10-06T00:29:09.099978+00:00,238.9,0.0401800012588501,0.0022226971865062345,0.3859572768879324
NVDA270219C00210000,2026-10-05 19:43:55+00:00,210.0,40.75,39.6,40.35,4.0,10.884354,39.0,2338.0,0.42233854034423823,True,REGULAR,USD,Call,2027-02-19,NVDA,2026-10-06T00:29:09.099978+00:00,238.9,0.0401800012588501,0.0022226971865062345,0.3859572768879324
NVDA270219C00215000,2026-10-05 19:48:29+00:00,215.0,36.98,36.0,37.0,3.6800003,11.051052,44.0,2146.0,0.41806612213134764,True,REGULAR,USD,Call,2027-02-19,NVDA,2026-10-06T00:29:09.099978+00:00,238.9,0.0401800012588501,0.0022226971865062345,0.3859572768879324
NVDA270219C00220000,2026-10-05 19:41:26+00:00,220.0,33.52,32.6,33.7,3.8199997,12.861952,229.0,2363.0,0.41181008117675777,True,REGULAR,USD,Call,2027-02-19,NVDA,2026-10-06T00:29:09.099978+00:00,238.9,0.0401800012588501,0.0022226971865062345,0.3859572768879324
NVDA270219C00225000,2026-10-05 19:35:32+00:00,225.0,30.32,29.45,30.0,3.5699997,13.345794,179.0,3641.0,0.39551385742187506,True,REGULAR,USD,Call,2027-02-19,NVDA,2026-10-06T00:29:09.099978+00:00,238.9,0.0401800012588501,0.0022226971865062345,0.3859572768879324
NVDA270219C00230000,2026-10-05 19:58:22+00:00,230.0,26.65,26.4,27.35,2.6999989,11.273481,454.0,6183.0,0.39572747833251964,True,REGULAR,USD,Call,2027-02-19,NVDA,2026-10-06T00:29:09.099978+00:00,238.9,0.0401800012588501,0.0022226971865062345,0.3859572768879324
NVDA270219C00235000,2026-10-05 19:56:12+00:00,235.0,23.75,23.55,24.65,2.6000004,12.293146,271.0,2484.0,0.3919128192138671,True,REGULAR,USD,Call,2027-02-19,NVDA,2026-10-06T00:29:09.099978+00:00,238.9,0.0401800012588501,0.0022226971865062345,0.3859572768879324
NVDA270219C00240000,2026-10-05 19:59:47+00:00,240.0,21.0,20.9,21.45,2.040001,10.759499,407.0,3263.0,0.3765931481933594,False,REGULAR,USD,Call,2027-02-19,NVDA,2026-10-06T00:29:09.099978+00:00,238.9,0.0401800012588501,0.0022226971865062345,0.3859572768879324
NVDA270219C00245000,2026-10-05 19:58:26+00:00,245.0,18.57,18.5,19.45,1.8799992,11.264224,436.0,2225.0,0.3790345300292969,False,REGULAR,USD,Call,2027-02-19,NVDA,2026-10-06T00:29:09.099978+00:00,238.9,0.0401800012588501,0.0022226971865062345,0.3859572768879324
NVDA270219C00250000,2026-10-05 19:58:44+00:00,250.0,16.45,16.3,16.7,2.000001,13.840837,523.0,7983.0,0.365667964477539,False,REGULAR,USD,Call,2027-02-19,NVDA,2026-10-06T00:29:09.099978+00:00,238.9,0.0401800012588501,0.0022226971865062345,0.3859572768879324
NVDA270219C00255000,2026-10-05 19:41:03+00:00,255.0,14.88,14.0,15.0,2.0600004,16.068647,253.0,3311.0,0.3674074490356446,False,REGULAR,USD,Call,2027-02-19,NVDA,2026-10-06T00:29:09.099978+00:00,238.9,0.0401800012588501,0.0022226971865062345,0.3859572768879324
NVDA270219C00260000,2026-10-05 19:51:03+00:00,260.0,12.88,12.45,13.0,1.8299999,16.561085,935.0,5482.0,0.3610293389892578,False,REGULAR,USD,Call,2027-02-19,NVDA,2026-10-06T00:29:09.099978+00:00,238.9,0.0401800012588501,0.0022226971865062345,0.3859572768879324
NVDA270219C00265000,2026-10-05 19:41:55+00:00,265.0,11.29,10.8,12.0,1.4399996,14.619284,1055.0,2967.0,0.36975727905273437,False,REGULAR,USD,Call,2027-02-19,NVDA,2026-10-06T00:29:09.099978+00:00,238.9,0.0401800012588501,0.0022226971865062345,0.3859572768879324
NVDA270219C00270000,2026-10-05 19:58:19+00:00,270.0,9.45,7.95,10.15,0.9499998,11.176469,663.0,7466.0,0.36035795898437495,False,REGULAR,USD,Call,2027-02-19,NVDA,2026-10-06T00:29:09.099978+00:00,238.9,0.0401800012588501,0.0022226971865062345,0.3859572768879324
NVDA270219C00275000,2026-10-05 19:54:10+00:00,275.0,8.4,8.1,8.45,0.4499998,5.660375,101.0,5105.0,0.350470362548828,False,REGULAR,USD,Call,2027-02-19,NVDA,2026-10-06T00:29:09.099978+00:00,238.9,0.0401800012588501,0.0022226971865062345,0.3859572768879324
NVDA270219C00280000,2026-10-05 19:51:00+00:00,280.0,7.3,7.0,7.25,1.1000004,17.741941,162.0,7226.0,0.34738811798095703,False,REGULAR,USD,Call,2027-02-19,NVDA,2026-10-06T00:29:09.099978+00:00,238.9,0.0401800012588501,0.0022226971865062345,0.3859572768879324
NVDA270219C00285000,2026-10-05 19:42:22+00:00,285.0,6.3,6.0,6.25,0.97000027,18.198881,188.0,2837.0,0.3458012197875976,False,REGULAR,USD,Call,2027-02-19,NVDA,2026-10-06T00:29:09.099978+00:00,238.9,0.0401800012588501,0.0022226971865062345,0.3859572768879324
NVDA270219C00290000,2026-10-05 19:54:10+00:00,290.0,5.39,5.15,5.35,0.78999996,17.173914,792.0,2162.0,0.3438786315917969,False,REGULAR,USD,Call,2027-02-19,NVDA,2026-10-06T00:29:09.099978+00:00,238.9,0.0401800012588501,0.0022226971865062345,0.3859572768879324
NVDA270219C00295000,2026-10-05 19:33:07+00:00,295.0,4.65,4.4,4.65,0.6500001,16.250002,71.0,1084.0,0.34430587341308594,False,REGULAR,USD,Call,2027-02-19,NVDA,2026-10-06T00:29:09.099978+00:00,238.9,0.0401800012588501,0.0022226971865062345,0.3859572768879324
NVDA270219C00300000,2026-10-05 19:58:19+00:00,300.0,3.85,3.8,4.2,0.39999986,11.594198,225.0,2476.0,0.34918863708496095,False,REGULAR,USD,Call,2027-02-19,NVDA,2026-10-06T00:29:09.099978+00:00,238.9,0.0401800012588501,0.0022226971865062345,0.3859572768879324
NVDA270219C00305000,2026-10-05 18:41:53+00:00,305.0,3.3,3.25,3.45,0.29999995,9.999999,410.0,1469.0,0.3437565625,False,REGULAR,USD,Call,2027-02-19,NVDA,2026-10-06T00:29:09.099978+00:00,238.9,0.0401800012588501,0.0022226971865062345,0.3859572768879324
NVDA270219C00310000,2026-10-05 19:41:34+00:00,310.0,2.97,2.79,2.95,0.4000001,15.564206,141.0,831.0,0.34314621704101556,False,REGULAR,USD,Call,2027-02-19,NVDA,2026-10-06T00:29:09.099978+00:00,238.9,0.0401800012588501,0.0022226971865062345,0.3859572768879324
NVDA270219C00315000,2026-10-05 18:55:01+00:00,315.0,2.44,2.21,2.76,0.45000005,22.613068,22.0,531.0,0.35108070800781244,False,REGULAR,USD,Call,2027-02-19,NVDA,2026-10-06T00:29:09.099978+00:00,238.9,0.0401800012588501,0.0022226971865062345,0.3859572768879324
NVDA270219C00320000,2026-10-05 18:58:15+00:00,320.0,2.2,2.04,2.21,0.25,12.820513,162.0,1223.0,0.344733115234375,False,REGULAR,USD,Call,2027-02-19,NVDA,2026-10-06T00:29:09.099978+00:00,238.9,0.0401800012588501,0.0022226971865062345,0.3859572768879324
NVDA270219C00325000,2026-10-05 19:43:41+00:00,325.0,1.85,1.74,2.03,0.21000004,12.80488,32.0,572.0,0.350470362548828,False,REGULAR,USD,Call,2027-02-19,NVDA,2026-10-06T00:29:09.099978+00:00,238.9,0.0401800012588501,0.0022226971865062345,0.3859572768879324
NVDA270219C00330000,2026-10-05 19:36:16+00:00,330.0,1.6,1.49,1.62,0.13,8.843537,62.0,539.0,0.3448551843261719,False,REGULAR,USD,Call,2027-02-19,NVDA,2026-10-06T00:29:09.099978+00:00,238.9,0.0401800012588501,0.0022226971865062345,0.3859572768879324
NVDA270219C00335000,2026-10-05 18:14:35+00:00,335.0,1.23,1.11,1.5,-0.09000003,-6.8181844,6.0,275.0,0.3508365698242187,False,REGULAR,USD,Call,2027-02-19,NVDA,2026-10-06T00:29:09.099978+00:00,238.9,0.0401800012588501,0.0022226971865062345,0.3859572768879324
NVDA270219C00340000,2026-10-05 19:26:25+00:00,340.0,1.18,1.09,1.3,-0.07000005,-5.600004,5.0,971.0,0.35169105346679685,False,REGULAR,USD,Call,2027-02-19,NVDA,2026-10-06T00:29:09.099978+00:00,238.9,0.0401800012588501,0.0022226971865062345,0.3859572768879324
NVDA270219C00345000,2026-10-05 18:07:00+00:00,345.0,0.99,0.78,1.17,0.07999998,8.791206,3.0,220.0,0.3552310571289062,False,REGULAR,USD,Call,2027-02-19,NVDA,2026-10-06T00:29:09.099978+00:00,238.9,0.0401800012588501,0.0022226971865062345,0.3859572768879324
NVDA270219C00350000,2026-10-05 19:37:58+00:00,350.0,0.86,0.8,1.0,0.060000002,7.5,8.0,627.0,0.35510898803710933,False,REGULAR,USD,Call,2027-02-19,NVDA,2026-10-06T00:29:09.099978+00:00,238.9,0.0401800012588501,0.0022226971865062345,0.3859572768879324
NVDA270219C00355000,2026-10-05 19:35:19+00:00,355.0,0.78,0.64,0.85,0.049999952,6.8493085,171.0,562.0,0.35474278076171867,False,REGULAR,USD,Call,2027-02-19,NVDA,2026-10-06T00:29:09.099978+00:00,238.9,0.0401800012588501,0.0022226971865062345,0.3859572768879324
NVDA270219C00360000,2026-10-02 14:04:27+00:00,360.0,0.75,0.5,0.87,0.0,0.0,2.0,386.0,0.3660952062988281,False,REGULAR,USD,Call,2027-02-19,NVDA,2026-10-06T00:29:09.099978+00:00,238.9,0.0401800012588501,0.0022226971865062345,0.3859572768879324
NVDA270219C00365000,2026-09-28 16:07:30+00:00,365.0,0.66,0.36,0.78,0.0,0.0,15.0,427.0,0.36865865722656255,False,REGULAR,USD,Call,2027-02-19,NVDA,2026-10-06T00:29:09.099978+00:00,238.9,0.0401800012588501,0.0022226971865062345,0.3859572768879324
NVDA270219C00370000,2026-10-05 18:39:18+00:00,370.0,0.51,0.38,0.75,-0.00999999,-1.9230752,10.0,401.0,0.3754945263671875,False,REGULAR,USD,Call,2027-02-19,NVDA,2026-10-06T00:29:09.099978+00:00,238.9,0.0401800012588501,0.0022226971865062345,0.3859572768879324
NVDA270219C00375000,2026-10-05 13:34:21+00:00,375.0,0.42,0.25,0.67,-0.04000002,-8.695656,1.0,183.0,0.37756970092773434,False,REGULAR,USD,Call,2027-02-19,NVDA,2026-10-06T00:29:09.099978+00:00,238.9,0.0401800012588501,0.0022226971865062345,0.3859572768879324
NVDA270219C00380000,2026-10-05 15:31:49+00:00,380.0,0.41,0.19,0.63,0.060000002,17.142857,4.0,182.0,0.3825745336914062,False,REGULAR,USD,Call,2027-02-19,NVDA,2026-10-06T00:29:09.099978+00:00,238.9,0.0401800012588501,0.0022226971865062345,0.3859572768879324
NVDA270219C00385000,2026-10-05 17:05:13+00:00,385.0,0.38,0.14,0.58,0.03999999,11.764703,12.0,237.0,0.38623660644531244,False,REGULAR,USD,Call,2027-02-19,NVDA,2026-10-06T00:29:09.099978+00:00,238.9,0.0401800012588501,0.0022226971865062345,0.3859572768879324
NVDA270219C00390000,2026-10-05 18:57:17+00:00,390.0,0.33,0.1,0.54,0.0,0.0,48.0,1335.0,0.39038695556640624,False,REGULAR,USD,Call,2027-02-19,NVDA,2026-10-06T00:29:09.099978+00:00,238.9,0.0401800012588501,0.0022226971865062345,0.3859572768879324
NVDA270219C00395000,2026-09-28 18:08:26+00:00,395.0,0.36,0.08,0.5,0.0,0.0,1.0,64.0,0.3940490283203125,False,REGULAR,USD,Call,2027-02-19,NVDA,2026-10-06T00:29:09.099978+00:00,238.9,0.0401800012588501,0.0022226971865062345,0.3859572768879324
NVDA270219C00400000,2026-10-05 19:40:39+00:00,400.0,0.25,0.2,0.36,-0.030000001,-10.714286,31.0,94.0,0.38355108642578123,False,REGULAR,USD,Call,2027-02-19,NVDA,2026-10-06T00:29:09.099978+00:00,238.9,0.0401800012588501,0.0022226971865062345,0.3859572768879324
NVDA270219C00405000,2026-10-01 18:44:30+00:00,405.0,0.23,0.03,0.44,0.0,0.0,2.0,148.0,0.4023497265625,False,REGULAR,USD,Call,2027-02-19,NVDA,2026-10-06T00:29:09.099978+00:00,238.9,0.0401800012588501,0.0022226971865062345,0.3859572768879324
NVDA270219C00410000,2026-10-01 18:44:25+00:00,410.0,0.21,0.01,0.41,0.0,0.0,2.0,40.0,0.40601179931640624,False,REGULAR,USD,Call,2027-02-19,NVDA,2026-10-06T00:29:09.099978+00:00,238.9,0.0401800012588501,0.0022226971865062345,0.3859572768879324
NVDA270219C00415000,2026-10-02 17:30:20+00:00,415.0,0.2,0.01,0.39,0.0,0.0,1.0,19.0,0.4106504248046875,False,REGULAR,USD,Call,2027-02-19,NVDA,2026-10-06T00:29:09.099978+00:00,238.9,0.0401800012588501,0.0022226971865062345,0.3859572768879324
NVDA270219C00420000,2026-10-05 17:38:17+00:00,420.0,0.18,0.03,0.37,0.050000012,38.461548,9.0,122.0,0.415044912109375,False,REGULAR,USD,Call,2027-02-19,NVDA,2026-10-06T00:29:09.099978+00:00,238.9,0.0401800012588501,0.0022226971865062345,0.3859572768879324
NVDA270219C00425000,2026-10-05 17:41:18+00:00,425.0,0.13,0.01,0.33,-0.040000007,-23.529415,8.0,52.0,0.4155331884765625,False,REGULAR,USD,Call,2027-02-19,NVDA,2026-10-06T00:29:09.099978+00:00,238.9,0.0401800012588501,0.0022226971865062345,0.3859572768879324
NVDA270219C00430000,2026-10-05 17:38:17+00:00,430.0,0.21,0.01,0.25,0.029999986,16.666658,5.0,14.0,0.40772076660156253,False,REGULAR,USD,Call,2027-02-19,NVDA,2026-10-06T00:29:09.099978+00:00,238.9,0.0401800012588501,0.0022226971865062345,0.3859572768879324
NVDA270219C00435000,2026-10-05 18:28:24+00:00,435.0,0.13,0.06,0.31,0.009999998,8.333331,50.0,1.0,0.42627526855468756,False,REGULAR,USD,Call,2027-02-19,NVDA,2026-10-06T00:29:09.099978+00:00,238.9,0.0401800012588501,0.0022226971865062345,0.3859572768879324
NVDA270219C00440000,2026-10-05 18:28:24+00:00,440.0,0.11,0.05,0.3,0.030000001,37.5,50.0,5.0,0.43115803222656257,False,REGULAR,USD,Call,2027-02-19,NVDA,2026-10-06T00:29:09.099978+00:00,238.9,0.0401800012588501,0.0022226971865062345,0.3859572768879324
NVDA270219C00445000,2026-10-02 17:29:06+00:00,445.0,0.09,0.01,0.29,0.0,0.0,1.0,3.0,0.43579665771484377,False,REGULAR,USD,Call,2027-02-19,NVDA,2026-10-06T00:29:09.099978+00:00,238.9,0.0401800012588501,0.0022226971865062345,0.3859572768879324
NVDA270219C00450000,2026-10-05 19:12:37+00:00,450.0,0.11,0.06,0.17,0.030000001,37.5,64.0,6.0,0.4145566357421875,False,REGULAR,USD,Call,2027-02-19,NVDA,2026-10-06T00:29:09.099978+00:00,238.9,0.0401800012588501,0.0022226971865062345,0.3859572768879324
NVDA270219C00455000,2026-10-02 17:28:29+00:00,455.0,0.15,0.01,0.27,0.0,0.0,1.0,21.0,0.44482977050781247,False,REGULAR,USD,Call,2027-02-19,NVDA,2026-10-06T00:29:09.099978+00:00,238.9,0.0401800012588501,0.0022226971865062345,0.3859572768879324
NVDA270219C00460000,2026-10-05 17:39:00+00:00,460.0,0.08,0.04,0.1,0.0,0.0,28.0,659.0,0.4028380029296875,False,REGULAR,USD,Call,2027-02-19,NVDA,2026-10-06T00:29:09.099978+00:00,238.9,0.0401800012588501,0.0022226971865062345,0.3859572768879324
NVDA270219P00010000,2026-09-11 16:14:45+00:00,10.0,0.02,0.0,0.01,0.0,0.0,,1000.0,1.5625021874999998,False,REGULAR,USD,Put,2027-02-19,NVDA,2026-10-06T00:29:09.099978+00:00,238.9,0.0401800012588501,0.0022226971865062345,0.3859572768879324
NVDA270219P00020000,2026-09-16 13:30:01+00:00,20.0,0.05,0.0,0.07,0.0,0.0,,2.0,1.421877890625,False,REGULAR,USD,Put,2027-02-19,NVDA,2026-10-06T00:29:09.099978+00:00,238.9,0.0401800012588501,0.0022226971865062345,0.3859572768879324
NVDA270219P00030000,2026-09-09 19:46:01+00:00,30.0,0.08,0.0,0.1,0.0,0.0,,1.0,1.22266013671875,False,REGULAR,USD,Put,2027-02-19,NVDA,2026-10-06T00:29:09.099978+00:00,238.9,0.0401800012588501,0.0022226971865062345,0.3859572768879324
NVDA270219P00035000,2026-09-25 17:25:37+00:00,35.0,0.07,0.0,0.71,0.0,0.0,2.0,3.0,1.421877890625,False,REGULAR,USD,Put,2027-02-19,NVDA,2026-10-06T00:29:09.099978+00:00,238.9,0.0401800012588501,0.0022226971865062345,0.3859572768879324
NVDA270219P00040000,2026-10-02 18:46:06+00:00,40.0,0.03,0.0,0.13,0.0,0.0,4.0,4.0,1.0781296093750001,False,REGULAR,USD,Put,2027-02-19,NVDA,2026-10-06T00:29:09.099978+00:00,238.9,0.0401800012588501,0.0022226971865062345,0.3859572768879324
NVDA270219P00045000,2026-10-02 16:12:09+00:00,45.0,0.08,0.0,0.3,0.0,0.0,3.0,5.0,1.1054732226562503,False,REGULAR,USD,Put,2027-02-19,NVDA,2026-10-06T00:29:09.099978+00:00,238.9,0.0401800012588501,0.0022226971865062345,0.3859572768879324
NVDA270219P00050000,2026-10-05 19:58:16+00:00,50.0,0.03,0.0,0.15,0.0,0.0,86.0,277.0,0.9609378906249999,False,REGULAR,USD,Put,2027-02-19,NVDA,2026-10-06T00:29:09.099978+00:00,238.9,0.0401800012588501,0.0022226971865062345,0.3859572768879324
NVDA270219P00055000,2026-10-05 19:58:16+00:00,55.0,0.01,0.0,0.22,-0.02,-66.66667,46.0,222.0,0.9414068359375,False,REGULAR,USD,Put,2027-02-19,NVDA,2026-10-06T00:29:09.099978+00:00,238.9,0.0401800012588501,0.0022226971865062345,0.3859572768879324
NVDA270219P00060000,2026-10-05 14:50:58+00:00,60.0,0.04,0.0,0.23,0.01,33.333336,4.0,179.0,0.8906260937499999,False,REGULAR,USD,Put,2027-02-19,NVDA,2026-10-06T00:29:09.099978+00:00,238.9,0.0401800012588501,0.0022226971865062345,0.3859572768879324
NVDA270219P00065000,2026-10-05 19:32:59+00:00,65.0,0.04,0.0,0.27,0.0,0.0,12.0,114.0,0.8564467480468749,False,REGULAR,USD,Put,2027-02-19,NVDA,2026-10-06T00:29:09.099978+00:00,238.9,0.0401800012588501,0.0022226971865062345,0.3859572768879324
NVDA270219P00070000,2026-10-05 16:21:19+00:00,70.0,0.07,0.0,0.44,0.02,40.0,2.0,91.0,0.85937640625,False,REGULAR,USD,Put,2027-02-19,NVDA,2026-10-06T00:29:09.099978+00:00,238.9,0.0401800012588501,0.0022226971865062345,0.3859572768879324
NVDA270219P00075000,2026-10-05 16:21:48+00:00,75.0,0.09,0.0,0.33,-0.009999998,-9.999997,2.0,496.0,0.7841818457031251,False,REGULAR,USD,Put,2027-02-19,NVDA,2026-10-06T00:29:09.099978+00:00,238.9,0.0401800012588501,0.0022226971865062345,0.3859572768879324
NVDA270219P00080000,2026-10-05 16:22:00+00:00,80.0,0.08,0.0,0.27,0.0,0.0,2.0,226.0,0.7246121289062499,False,REGULAR,USD,Put,2027-02-19,NVDA,2026-10-06T00:29:09.099978+00:00,238.9,0.0401800012588501,0.0022226971865062345,0.3859572768879324
NVDA270219P00085000,2026-10-05 16:22:10+00:00,85.0,0.09,0.04,0.27,-0.009999998,-9.999997,2.0,133.0,0.6982452050781252,False,REGULAR,USD,Put,2027-02-19,NVDA,2026-10-06T00:29:09.099978+00:00,238.9,0.0401800012588501,0.0022226971865062345,0.3859572768879324
NVDA270219P00090000,2026-10-05 16:22:37+00:00,90.0,0.15,0.05,0.29,-0.00999999,-6.2499943,2.0,166.0,0.6689486230468751,False,REGULAR,USD,Put,2027-02-19,NVDA,2026-10-06T00:29:09.099978+00:00,238.9,0.0401800012588501,0.0022226971865062345,0.3859572768879324
NVDA270219P00095000,2026-10-05 13:58:48+00:00,95.0,0.15,0.1,0.27,-0.049999997,-24.999998,5.0,198.0,0.64062859375,False,REGULAR,USD,Put,2027-02-19,NVDA,2026-10-06T00:29:09.099978+00:00,238.9,0.0401800012588501,0.0022226971865062345,0.3859572768879324
NVDA270219P00100000,2026-10-05 19:25:24+00:00,100.0,0.22,0.15,0.34,-0.010000005,-4.347828,3.0,607.0,0.6303747900390625,False,REGULAR,USD,Put,2027-02-19,NVDA,2026-10-06T00:29:09.099978+00:00,238.9,0.0401800012588501,0.0022226971865062345,0.3859572768879324
NVDA270219P00105000,2026-10-05 19:25:28+00:00,105.0,0.15,0.07,0.37,-0.13,-46.42857,3.0,155.0,0.5888712988281251,False,REGULAR,USD,Put,2027-02-19,NVDA,2026-10-06T00:29:09.099978+00:00,238.9,0.0401800012588501,0.0022226971865062345,0.3859572768879324
NVDA270219P00110000,2026-10-05 19:17:29+00:00,110.0,0.08,0.07,0.4,-0.23,-74.19355,1.0,5453.0,0.5629926513671876,False,REGULAR,USD,Put,2027-02-19,NVDA,2026-10-06T00:29:09.099978+00:00,238.9,0.0401800012588501,0.0022226971865062345,0.3859572768879324
NVDA270219P00115000,2026-09-21 13:47:09+00:00,115.0,0.49,0.16,0.44,0.0,0.0,2.0,391.0,0.551762294921875,False,REGULAR,USD,Put,2027-02-19,NVDA,2026-10-06T00:29:09.099978+00:00,238.9,0.0401800012588501,0.0022226971865062345,0.3859572768879324
NVDA270219P00120000,2026-10-05 19:10:06+00:00,120.0,0.33,0.33,0.49,-0.01999998,-5.71428,11.0,1003.0,0.5468795312500001,False,REGULAR,USD,Put,2027-02-19,NVDA,2026-10-06T00:29:09.099978+00:00,238.9,0.0401800012588501,0.0022226971865062345,0.3859572768879324
NVDA270219P00125000,2026-10-05 18:27:44+00:00,125.0,0.38,0.25,0.55,-0.030000001,-7.3170733,5.0,367.0,0.51562984375,False,REGULAR,USD,Put,2027-02-19,NVDA,2026-10-06T00:29:09.099978+00:00,238.9,0.0401800012588501,0.0022226971865062345,0.3859572768879324
NVDA270219P00130000,2026-10-05 19:23:02+00:00,130.0,0.45,0.41,0.53,-0.04000002,-8.163269,62.0,677.0,0.500005,False,REGULAR,USD,Put,2027-02-19,NVDA,2026-10-06T00:29:09.099978+00:00,238.9,0.0401800012588501,0.0022226971865062345,0.3859572768879324
NVDA270219P00135000,2026-10-05 15:19:15+00:00,135.0,0.58,0.44,0.58,0.00999999,1.7543843,2.0,2083.0,0.4887746435546876,False,REGULAR,USD,Put,2027-02-19,NVDA,2026-10-06T00:29:09.099978+00:00,238.9,0.0401800012588501,0.0022226971865062345,0.3859572768879324
NVDA270219P00140000,2026-10-05 18:27:21+00:00,140.0,0.63,0.53,0.84,-0.07999998,-11.267603,40.0,597.0,0.49268085449218757,False,REGULAR,USD,Put,2027-02-19,NVDA,2026-10-06T00:29:09.099978+00:00,238.9,0.0401800012588501,0.0022226971865062345,0.3859572768879324
NVDA270219P00145000,2026-10-05 18:31:18+00:00,145.0,0.75,0.66,0.88,-0.110000014,-12.7907,55.0,672.0,0.46851117431640626,False,REGULAR,USD,Put,2027-02-19,NVDA,2026-10-06T00:29:09.099978+00:00,238.9,0.0401800012588501,0.0022226971865062345,0.3859572768879324
NVDA270219P00150000,2026-10-05 19:24:15+00:00,150.0,0.88,0.81,0.97,-0.13,-12.871287,81.0,3566.0,0.44946839599609373,False,REGULAR,USD,Put,2027-02-19,NVDA,2026-10-06T00:29:09.099978+00:00,238.9,0.0401800012588501,0.0022226971865062345,0.3859572768879324
NVDA270219P00155000,2026-10-05 19:43:54+00:00,155.0,1.06,0.99,1.2,-0.120000005,-10.169492,19.0,4169.0,0.4412897668457031,False,REGULAR,USD,Put,2027-02-19,NVDA,2026-10-06T00:29:09.099978+00:00,238.9,0.0401800012588501,0.0022226971865062345,0.3859572768879324
NVDA270219P00160000,2026-10-05 19:55:52+00:00,160.0,1.28,1.1,1.41,-0.17000008,-11.724143,89.0,4507.0,0.4288387194824219,False,REGULAR,USD,Put,2027-02-19,NVDA,2026-10-06T00:29:09.099978+00:00,238.9,0.0401800012588501,0.0022226971865062345,0.3859572768879324
NVDA270219P00165000,2026-10-05 19:30:18+00:00,165.0,1.47,1.37,1.64,-0.30999994,-17.415728,11.0,6968.0,0.4158993957519531,False,REGULAR,USD,Put,2027-02-19,NVDA,2026-10-06T00:29:09.099978+00:00,238.9,0.0401800012588501,0.0022226971865062345,0.3859572768879324
NVDA270219P00170000,2026-10-05 19:36:51+00:00,170.0,1.83,1.79,1.94,-0.28999984,-13.679239,62.0,4423.0,0.40491317749023437,False,REGULAR,USD,Put,2027-02-19,NVDA,2026-10-06T00:29:09.099978+00:00,238.9,0.0401800012588501,0.0022226971865062345,0.3859572768879324
NVDA270219P00175000,2026-10-05 19:34:35+00:00,175.0,2.17,2.11,2.46,-0.3499999,-13.8888855,20.0,5011.0,0.4019835192871094,False,REGULAR,USD,Put,2027-02-19,NVDA,2026-10-06T00:29:09.099978+00:00,238.9,0.0401800012588501,0.0022226971865062345,0.3859572768879324
NVDA270219P00180000,2026-10-05 19:40:10+00:00,180.0,2.63,2.6,2.8,-0.4499998,-14.610384,90.0,8708.0,0.38788453918457033,False,REGULAR,USD,Put,2027-02-19,NVDA,2026-10-06T00:29:09.099978+00:00,238.9,0.0401800012588501,0.0022226971865062345,0.3859572768879324
NVDA270219P00185000,2026-10-05 19:07:06+00:00,185.0,3.25,3.15,3.3,-0.47000003,-12.63441,25.0,8315.0,0.37805797729492185,False,REGULAR,USD,Put,2027-02-19,NVDA,2026-10-06T00:29:09.099978+00:00,238.9,0.0401800012588501,0.0022226971865062345,0.3859572768879324
NVDA270219P00190000,2026-10-05 19:36:11+00:00,190.0,3.85,3.65,3.9,-0.5999999,-13.483145,40.0,8034.0,0.3690858990478516,False,REGULAR,USD,Put,2027-02-19,NVDA,2026-10-06T00:29:09.099978+00:00,238.9,0.0401800012588501,0.0022226971865062345,0.3859572768879324
NVDA270219P00195000,2026-10-05 19:51:04+00:00,195.0,4.59,4.5,4.7,-0.65999985,-12.571425,70.0,3789.0,0.3633486517333985,False,REGULAR,USD,Put,2027-02-19,NVDA,2026-10-06T00:29:09.099978+00:00,238.9,0.0401800012588501,0.0022226971865062345,0.3859572768879324
NVDA270219P00200000,2026-10-05 19:59:34+00:00,200.0,5.45,5.3,5.55,-0.8500004,-13.492069,169.0,8244.0,0.3557193334960937,False,REGULAR,USD,Put,2027-02-19,NVDA,2026-10-06T00:29:09.099978+00:00,238.9,0.0401800012588501,0.0022226971865062345,0.3859572768879324
NVDA270219P00205000,2026-10-05 19:43:39+00:00,205.0,6.32,5.9,7.0,-1.1399999,-15.281499,131.0,3657.0,0.35950347534179683,False,REGULAR,USD,Put,2027-02-19,NVDA,2026-10-06T00:29:09.099978+00:00,238.9,0.0401800012588501,0.0022226971865062345,0.3859572768879324
NVDA270219P00210000,2026-10-05 19:58:15+00:00,210.0,7.65,7.25,7.8,-1.2400002,-13.948258,304.0,4471.0,0.34433639068603517,False,REGULAR,USD,Put,2027-02-19,NVDA,2026-10-06T00:29:09.099978+00:00,238.9,0.0401800012588501,0.0022226971865062345,0.3859572768879324
NVDA270219P00215000,2026-10-05 19:39:43+00:00,215.0,8.73,8.55,9.1,-1.6700001,-16.057693,125.0,3656.0,0.337470004272461,False,REGULAR,USD,Put,2027-02-19,NVDA,2026-10-06T00:29:09.099978+00:00,238.9,0.0401800012588501,0.0022226971865062345,0.3859572768879324
NVDA270219P00220000,2026-10-05 19:42:21+00:00,220.0,10.27,9.0,11.05,-1.6799994,-14.058573,343.0,2138.0,0.3401250070190429,False,REGULAR,USD,Put,2027-02-19,NVDA,2026-10-06T00:29:09.099978+00:00,238.9,0.0401800012588501,0.0022226971865062345,0.3859572768879324
NVDA270219P00225000,2026-10-05 19:53:22+00:00,225.0,12.02,11.7,12.4,-1.8499994,-13.338136,100.0,2077.0,0.3274908560180664,False,REGULAR,USD,Put,2027-02-19,NVDA,2026-10-06T00:29:09.099978+00:00,238.9,0.0401800012588501,0.0022226971865062345,0.3859572768879324
NVDA270219P00230000,2026-10-05 19:56:31+00:00,230.0,14.08,13.5,14.25,-2.08,-12.871287,77.0,3751.0,0.3209906768798828,False,REGULAR,USD,Put,2027-02-19,NVDA,2026-10-06T00:29:09.099978+00:00,238.9,0.0401800012588501,0.0022226971865062345,0.3859572768879324
NVDA270219P00235000,2026-10-05 19:41:19+00:00,235.0,15.91,15.55,16.4,-2.5900002,-14.0,127.0,921.0,0.31629101684570304,False,REGULAR,USD,Put,2027-02-19,NVDA,2026-10-06T00:29:09.099978+00:00,238.9,0.0401800012588501,0.0022226971865062345,0.3859572768879324
NVDA270219P00240000,2026-10-05 19:51:59+00:00,240.0,18.28,18.15,18.75,-2.7699986,-13.159138,85.0,1649.0,0.31143877044677726,True,REGULAR,USD,Put,2027-02-19,NVDA,2026-10-06T00:29:09.099978+00:00,238.9,0.0401800012588501,0.0022226971865062345,0.3859572768879324
NVDA270219P00245000,2026-10-05 17:19:14+00:00,245.0,21.9,19.6,21.35,-1.7000008,-7.203393,223.0,236.0,0.30725790405273434,True,REGULAR,USD,Put,2027-02-19,NVDA,2026-10-06T00:29:09.099978+00:00,238.9,0.0401800012588501,0.0022226971865062345,0.3859572768879324
NVDA270219P00250000,2026-10-05 18:56:23+00:00,250.0,23.48,23.45,24.9,-3.17,-11.894935,15.0,302.0,0.31583325775146476,True,REGULAR,USD,Put,2027-02-19,NVDA,2026-10-06T00:29:09.099978+00:00,238.9,0.0401800012588501,0.0022226971865062345,0.3859572768879324
NVDA270219P00255000,2026-10-05 13:34:40+00:00,255.0,28.0,26.05,27.15,-1.75,-5.882353,8.0,205.0,0.29825530853271476,True,REGULAR,USD,Put,2027-02-19,NVDA,2026-10-06T00:29:09.099978+00:00,238.9,0.0401800012588501,0.0022226971865062345,0.3859572768879324
NVDA270219P00260000,2026-10-05 18:15:07+00:00,260.0,30.5,29.35,30.35,-2.5499992,-7.7155805,9.0,194.0,0.29349461395263665,True,REGULAR,USD,Put,2027-02-19,NVDA,2026-10-06T00:29:09.099978+00:00,238.9,0.0401800012588501,0.0022226971865062345,0.3859572768879324
NVDA270219P00265000,2026-09-30 19:16:11+00:00,265.0,40.1,32.6,34.4,0.0,0.0,4.0,155.0,0.3011544494628906,True,REGULAR,USD,Put,2027-02-19,NVDA,2026-10-06T00:29:09.099978+00:00,238.9,0.0401800012588501,0.0022226971865062345,0.3859572768879324
NVDA270219P00270000,2026-10-05 14:12:56+00:00,270.0,38.4,35.25,37.6,-3.0499992,-7.3582616,83.0,184.0,0.28900857482910147,True,REGULAR,USD,Put,2027-02-19,NVDA,2026-10-06T00:29:09.099978+00:00,238.9,0.0401800012588501,0.0022226971865062345,0.3859572768879324
NVDA270219P00275000,2026-09-29 19:03:07+00:00,275.0,49.6,38.85,42.0,0.0,0.0,15.0,218.0,0.2980416876220703,True,REGULAR,USD,Put,2027-02-19,NVDA,2026-10-06T00:29:09.099978+00:00,238.9,0.0401800012588501,0.0022226971865062345,0.3859572768879324
NVDA270219P00280000,2026-10-05 18:33:28+00:00,280.0,45.23,43.05,46.25,-4.2700005,-8.626264,52.0,162.0,0.3016427258300781,True,REGULAR,USD,Put,2027-02-19,NVDA,2026-10-06T00:29:09.099978+00:00,238.9,0.0401800012588501,0.0022226971865062345,0.3859572768879324
NVDA270219P00285000,2026-10-05 18:33:28+00:00,285.0,49.43,47.45,50.1,-13.919998,-21.973162,108.0,191.0,0.29273168212890616,True,REGULAR,USD,Put,2027-02-19,NVDA,2026-10-06T00:29:09.099978+00:00,238.9,0.0401800012588501,0.0022226971865062345,0.3859572768879324
NVDA270219P00290000,2026-09-21 14:15:20+00:00,290.0,67.75,50.85,54.5,0.0,0.0,2.0,58.0,0.2942575457763671,True,REGULAR,USD,Put,2027-02-19,NVDA,2026-10-06T00:29:09.099978+00:00,238.9,0.0401800012588501,0.0022226971865062345,0.3859572768879324
NVDA270219P00295000,2026-09-08 14:05:12+00:00,295.0,69.3,55.3,59.85,0.0,0.0,1.0,80.0,0.320746538696289,True,REGULAR,USD,Put,2027-02-19,NVDA,2026-10-06T00:29:09.099978+00:00,238.9,0.0401800012588501,0.0022226971865062345,0.3859572768879324
NVDA270219P00300000,2026-10-05 19:46:09+00:00,300.0,61.43,60.7,63.45,-8.57,-12.242857,1.0,81.0,0.2940134075927734,True,REGULAR,USD,Put,2027-02-19,NVDA,2026-10-06T00:29:09.099978+00:00,238.9,0.0401800012588501,0.0022226971865062345,0.3859572768879324
NVDA270219P00305000,2026-09-08 16:23:28+00:00,305.0,80.5,64.45,70.05,0.0,0.0,,5.0,0.35864899169921877,True,REGULAR,USD,Put,2027-02-19,NVDA,2026-10-06T00:29:09.099978+00:00,238.9,0.0401800012588501,0.0022226971865062345,0.3859572768879324
NVDA270219P00310000,2026-09-09 19:20:05+00:00,310.0,86.15,68.3,74.05,0.0,0.0,7.0,8.0,0.3435124243164062,True,REGULAR,USD,Put,2027-02-19,NVDA,2026-10-06T00:29:09.099978+00:00,238.9,0.0401800012588501,0.0022226971865062345,0.3859572768879324
NVDA270219P00315000,2026-08-07 15:13:09+00:00,315.0,93.15,0.0,0.0,0.0,0.0,20.0,0.0,1.0000000000000003e-05,True,REGULAR,USD,Put,2027-02-19,NVDA,2026-10-06T00:29:09.099978+00:00,238.9,0.0401800012588501,0.0022226971865062345,0.3859572768879324
NVDA270219P00380000,2026-09-01 13:45:38+00:00,380.0,163.99,137.2,145.35,0.0,0.0,5.0,0.0,0.5635419622802735,True,REGULAR,USD,Put,2027-02-19,NVDA,2026-10-06T00:29:09.099978+00:00,238.9,0.0401800012588501,0.0022226971865062345,0.3859572768879324
NVDA270319C00002500,2026-09-16 19:37:54+00:00,2.5,211.05,231.6,241.0,0.0,0.0,,3.0,0.0,True,REGULAR,USD,Call,2027-03-19,NVDA,2026-10-06T00:29:09.099978+00:00,238.9,0.0401800012588501,0.0022226971865062345,0.3859572768879324
NVDA270319C00005000,2026-09-24 19:23:05+00:00,5.0,219.05,229.15,237.95,0.0,0.0,12.0,94.0,6.1679710400390615,True,REGULAR,USD,Call,2027-03-19,NVDA,2026-10-06T00:29:09.099978+00:00,238.9,0.0401800012588501,0.0022226971865062345,0.3859572768879324
NVDA270319C00010000,2026-07-27 16:03:53+00:00,10.0,187.5,216.4,225.0,0.0,0.0,2.0,0.0,1.0000000000000003e-05,True,REGULAR,USD,Call,2027-03-19,NVDA,2026-10-06T00:29:09.099978+00:00,238.9,0.0401800012588501,0.0022226971865062345,0.3859572768879324
NVDA270319C00030000,2026-08-26 14:23:07+00:00,30.0,182.31,205.0,213.4,0.0,0.0,2.0,4.0,1.369143779296875,True,REGULAR,USD,Call,2027-03-19,NVDA,2026-10-06T00:29:09.099978+00:00,238.9,0.0401800012588501,0.0022226971865062345,0.3859572768879324
NVDA270319C00035000,2026-08-27 16:39:59+00:00,35.0,195.25,200.0,209.05,0.0,0.0,2.0,2.0,1.408206083984375,True,REGULAR,USD,Call,2027-03-19,NVDA,2026-10-06T00:29:09.099978+00:00,238.9,0.0401800012588501,0.0022226971865062345,0.3859572768879324
NVDA270319C00040000,2026-09-08 13:30:00+00:00,40.0,193.87,195.0,204.2,0.0,0.0,10.0,12.0,1.3330111474609372,True,REGULAR,USD,Call,2027-03-19,NVDA,2026-10-06T00:29:09.099978+00:00,238.9,0.0401800012588501,0.0022226971865062345,0.3859572768879324
NVDA270319C00045000,2026-08-25 14:34:42+00:00,45.0,168.05,190.0,199.3,0.0,0.0,1.0,1.0,1.2587927685546876,True,REGULAR,USD,Call,2027-03-19,NVDA,2026-10-06T00:29:09.099978+00:00,238.9,0.0401800012588501,0.0022226971865062345,0.3859572768879324
NVDA270319C00050000,2026-10-05 19:25:45+00:00,50.0,189.68,186.6,192.9,8.529999,4.708804,2.0,56.0,1.205082099609375,True,REGULAR,USD,Call,2027-03-19,NVDA,2026-10-06T00:29:09.099978+00:00,238.9,0.0401800012588501,0.0022226971865062345,0.3859572768879324
NVDA270319C00055000,2026-09-29 13:30:05+00:00,55.0,176.9,180.15,189.4,0.0,0.0,1.0,34.0,1.138676181640625,True,REGULAR,USD,Call,2027-03-19,NVDA,2026-10-06T00:29:09.099978+00:00,238.9,0.0401800012588501,0.0022226971865062345,0.3859572768879324
NVDA270319C00060000,2026-09-21 18:31:41+00:00,60.0,167.89,175.2,184.5,0.0,0.0,1.0,313.0,1.0883834643554686,True,REGULAR,USD,Call,2027-03-19,NVDA,2026-10-06T00:29:09.099978+00:00,238.9,0.0401800012588501,0.0022226971865062345,0.3859572768879324
NVDA270319C00065000,2026-10-01 18:05:58+00:00,65.0,166.52,170.35,179.6,0.0,0.0,2.0,48.0,1.0502977172851562,True,REGULAR,USD,Call,2027-03-19,NVDA,2026-10-06T00:29:09.099978+00:00,238.9,0.0401800012588501,0.0022226971865062345,0.3859572768879324
NVDA270319C00070000,2026-09-28 19:24:59+00:00,70.0,162.57,165.35,173.95,0.0,0.0,4.0,321.0,0.9335944140625,True,REGULAR,USD,Call,2027-03-19,NVDA,2026-10-06T00:29:09.099978+00:00,238.9,0.0401800012588501,0.0022226971865062345,0.3859572768879324
NVDA270319C00075000,2026-10-02 14:17:10+00:00,75.0,163.37,162.9,168.4,0.0,0.0,3.0,3460.0,1.031987261962891,True,REGULAR,USD,Call,2027-03-19,NVDA,2026-10-06T00:29:09.099978+00:00,238.9,0.0401800012588501,0.0022226971865062345,0.3859572768879324
NVDA270319C00080000,2026-09-17 14:24:58+00:00,80.0,140.6,156.55,164.2,0.0,0.0,1.0,74.0,0.9458013232421875,True,REGULAR,USD,Call,2027-03-19,NVDA,2026-10-06T00:29:09.099978+00:00,238.9,0.0401800012588501,0.0022226971865062345,0.3859572768879324
NVDA270319C00085000,2026-10-05 17:23:09+00:00,85.0,153.68,151.7,159.3,21.48999,16.256895,3.0,132.0,0.9116219775390625,True,REGULAR,USD,Call,2027-03-19,NVDA,2026-10-06T00:29:09.099978+00:00,238.9,0.0401800012588501,0.0022226971865062345,0.3859572768879324
NVDA270319C00090000,2026-09-22 17:03:31+00:00,90.0,142.0,146.8,154.4,0.0,0.0,2.0,844.0,0.8762219409179688,True,REGULAR,USD,Call,2027-03-19,NVDA,2026-10-06T00:29:09.099978+00:00,238.9,0.0401800012588501,0.0022226971865062345,0.3859572768879324
NVDA270319C00095000,2026-09-22 16:14:19+00:00,95.0,135.74,141.95,149.55,0.0,0.0,1.0,83.0,0.8466812207031249,True,REGULAR,USD,Call,2027-03-19,NVDA,2026-10-06T00:29:09.099978+00:00,238.9,0.0401800012588501,0.0022226971865062345,0.3859572768879324
NVDA270319C00100000,2026-10-05 14:36:20+00:00,100.0,139.2,137.05,144.7,3.199997,2.352939,7.0,390.0,0.8156756713867187,True,REGULAR,USD,Call,2027-03-19,NVDA,2026-10-06T00:29:09.099978+00:00,238.9,0.0401800012588501,0.0022226971865062345,0.3859572768879324
NVDA270319C00105000,2026-09-21 16:25:36+00:00,105.0,123.0,132.2,139.8,0.0,0.0,9.0,184.0,0.7854025366210937,True,REGULAR,USD,Call,2027-03-19,NVDA,2026-10-06T00:29:09.099978+00:00,238.9,0.0401800012588501,0.0022226971865062345,0.3859572768879324
NVDA270319C00110000,2026-10-02 13:30:00+00:00,110.0,128.3,127.35,135.0,0.0,0.0,1.0,508.0,0.7595238891601563,True,REGULAR,USD,Call,2027-03-19,NVDA,2026-10-06T00:29:09.099978+00:00,238.9,0.0401800012588501,0.0022226971865062345,0.3859572768879324
NVDA270319C00115000,2026-09-28 14:45:01+00:00,115.0,118.0,122.5,130.2,0.0,0.0,1.0,415.0,0.7338893798828124,True,REGULAR,USD,Call,2027-03-19,NVDA,2026-10-06T00:29:09.099978+00:00,238.9,0.0401800012588501,0.0022226971865062345,0.3859572768879324
NVDA270319C00120000,2026-10-05 13:57:57+00:00,120.0,119.79,119.9,124.8,6.290001,5.5418515,100.0,601.0,0.7581811291503908,True,REGULAR,USD,Call,2027-03-19,NVDA,2026-10-06T00:29:09.099978+00:00,238.9,0.0401800012588501,0.0022226971865062345,0.3859572768879324
NVDA270319C00125000,2026-10-05 14:52:07+00:00,125.0,114.97,112.9,120.5,2.4700012,2.1955566,4.0,428.0,0.6832307067871095,True,REGULAR,USD,Call,2027-03-19,NVDA,2026-10-06T00:29:09.099978+00:00,238.9,0.0401800012588501,0.0022226971865062345,0.3859572768879324
NVDA270319C00130000,2026-10-05 17:53:09+00:00,130.0,110.75,109.55,113.35,6.8499985,6.5928764,6.0,657.0,0.6336706555175782,True,REGULAR,USD,Call,2027-03-19,NVDA,2026-10-06T00:29:09.099978+00:00,238.9,0.0401800012588501,0.0022226971865062345,0.3859572768879324
NVDA270319C00135000,2026-09-29 19:13:51+00:00,135.0,107.17,104.55,108.6,10.2599945,10.587137,2.0,293.0,0.6076699389648439,True,REGULAR,USD,Call,2027-03-19,NVDA,2026-10-06T00:29:09.099978+00:00,238.9,0.0401800012588501,0.0022226971865062345,0.3859572768879324
NVDA270319C00140000,2026-10-05 16:55:52+00:00,140.0,100.39,101.6,103.85,1.7399979,1.7638092,4.0,571.0,0.6324499645996093,True,REGULAR,USD,Call,2027-03-19,NVDA,2026-10-06T00:29:09.099978+00:00,238.9,0.0401800012588501,0.0022226971865062345,0.3859572768879324
NVDA270319C00145000,2026-10-05 14:16:57+00:00,145.0,95.87,94.15,101.55,0.37000275,0.38743743,1.0,331.0,0.6044351080322268,True,REGULAR,USD,Call,2027-03-19,NVDA,2026-10-06T00:29:09.099978+00:00,238.9,0.0401800012588501,0.0022226971865062345,0.3859572768879324
NVDA270319C00150000,2026-10-05 19:53:50+00:00,150.0,93.82,90.75,95.3,4.5199966,5.0615864,224.0,1740.0,0.5789837023925781,True,REGULAR,USD,Call,2027-03-19,NVDA,2026-10-06T00:29:09.099978+00:00,238.9,0.0401800012588501,0.0022226971865062345,0.3859572768879324
NVDA270319C00155000,2026-10-05 17:51:11+00:00,155.0,87.23,87.6,90.65,1.75,2.0472624,9.0,671.0,0.5882609533691407,True,REGULAR,USD,Call,2027-03-19,NVDA,2026-10-06T00:29:09.099978+00:00,238.9,0.0401800012588501,0.0022226971865062345,0.3859572768879324
NVDA270319C00160000,2026-10-05 19:37:58+00:00,160.0,85.0,83.4,86.05,5.300003,6.6499414,307.0,2577.0,0.5757488714599608,True,REGULAR,USD,Call,2027-03-19,NVDA,2026-10-06T00:29:09.099978+00:00,238.9,0.0401800012588501,0.0022226971865062345,0.3859572768879324
NVDA270319C00165000,2026-10-05 17:00:23+00:00,165.0,77.55,78.15,80.65,1.2800064,1.6782568,29.0,1425.0,0.5324753784179688,True,REGULAR,USD,Call,2027-03-19,NVDA,2026-10-06T00:29:09.099978+00:00,238.9,0.0401800012588501,0.0022226971865062345,0.3859572768879324
NVDA270319C00170000,2026-10-05 17:21:28+00:00,170.0,73.25,74.25,75.75,3.4000015,4.8675756,2.0,4862.0,0.5192919165039063,True,REGULAR,USD,Call,2027-03-19,NVDA,2026-10-06T00:29:09.099978+00:00,238.9,0.0401800012588501,0.0022226971865062345,0.3859572768879324
NVDA270319C00175000,2026-10-05 19:39:40+00:00,175.0,71.65,69.95,71.2,5.209999,7.8416595,3.0,2465.0,0.5040943145751953,True,REGULAR,USD,Call,2027-03-19,NVDA,2026-10-06T00:29:09.099978+00:00,238.9,0.0401800012588501,0.0022226971865062345,0.3859572768879324
NVDA270319C00180000,2026-10-05 19:57:32+00:00,180.0,66.1,65.05,66.65,3.7999992,6.0995173,19.0,4347.0,0.5008594836425782,True,REGULAR,USD,Call,2027-03-19,NVDA,2026-10-06T00:29:09.099978+00:00,238.9,0.0401800012588501,0.0022226971865062345,0.3859572768879324
NVDA270319C00185000,2026-10-05 19:10:18+00:00,185.0,62.65,61.5,63.0,3.7300034,6.3306236,49.0,2999.0,0.5015918981933594,True,REGULAR,USD,Call,2027-03-19,NVDA,2026-10-06T00:29:09.099978+00:00,238.9,0.0401800012588501,0.0022226971865062345,0.3859572768879324
NVDA270319C00190000,2026-10-05 19:37:58+00:00,190.0,58.85,56.95,59.45,4.6800003,8.639469,47.0,4072.0,0.5014698291015626,True,REGULAR,USD,Call,2027-03-19,NVDA,2026-10-06T00:29:09.099978+00:00,238.9,0.0401800012588501,0.0022226971865062345,0.3859572768879324
NVDA270319C00195000,2026-10-05 17:45:32+00:00,195.0,53.0,52.95,54.6,2.5499992,5.0545077,11.0,7815.0,0.47083048706054687,True,REGULAR,USD,Call,2027-03-19,NVDA,2026-10-06T00:29:09.099978+00:00,238.9,0.0401800012588501,0.0022226971865062345,0.3859572768879324
NVDA270319C00200000,2026-10-05 19:57:32+00:00,200.0,50.0,49.65,51.0,3.9000015,8.459873,169.0,32200.0,0.4658866888427735,True,REGULAR,USD,Call,2027-03-19,NVDA,2026-10-06T00:29:09.099978+00:00,238.9,0.0401800012588501,0.0022226971865062345,0.3859572768879324
NVDA270319C00205000,2026-10-05 19:54:20+00:00,205.0,46.6,44.85,46.65,3.5099983,8.145738,42.0,2220.0,0.4440973559570312,True,REGULAR,USD,Call,2027-03-19,NVDA,2026-10-06T00:29:09.099978+00:00,238.9,0.0401800012588501,0.0022226971865062345,0.3859572768879324
NVDA270319C00210000,2026-10-05 19:58:26+00:00,210.0,42.47,42.15,43.4,3.4700012,8.897439,103.0,25022.0,0.44193062957763674,True,REGULAR,USD,Call,2027-03-19,NVDA,2026-10-06T00:29:09.099978+00:00,238.9,0.0401800012588501,0.0022226971865062345,0.3859572768879324
NVDA270319C00215000,2026-10-05 19:45:44+00:00,215.0,39.0,38.9,40.0,3.0499992,8.484004,104.0,10638.0,0.43457596679687505,True,REGULAR,USD,Call,2027-03-19,NVDA,2026-10-06T00:29:09.099978+00:00,238.9,0.0401800012588501,0.0022226971865062345,0.3859572768879324
NVDA270319C00220000,2026-10-05 19:57:23+00:00,220.0,35.97,34.75,36.35,3.25,9.932762,117.0,19936.0,0.4208431939697266,True,REGULAR,USD,Call,2027-03-19,NVDA,2026-10-06T00:29:09.099978+00:00,238.9,0.0401800012588501,0.0022226971865062345,0.3859572768879324
NVDA270319C00225000,2026-10-05 19:48:04+00:00,225.0,33.32,31.6,33.5,3.6000004,12.113056,166.0,12442.0,0.41867646759033206,True,REGULAR,USD,Call,2027-03-19,NVDA,2026-10-06T00:29:09.099978+00:00,238.9,0.0401800012588501,0.0022226971865062345,0.3859572768879324
NVDA270319C00230000,2026-10-05 19:56:28+00:00,230.0,29.85,29.65,30.8,2.540001,9.300626,234.0,13590.0,0.4165097412109374,True,REGULAR,USD,Call,2027-03-19,NVDA,2026-10-06T00:29:09.099978+00:00,238.9,0.0401800012588501,0.0022226971865062345,0.3859572768879324
NVDA270319C00235000,2026-10-05 19:57:46+00:00,235.0,26.97,26.9,28.0,2.5999985,10.668849,704.0,9931.0,0.41037576934814457,True,REGULAR,USD,Call,2027-03-19,NVDA,2026-10-06T00:29:09.099978+00:00,238.9,0.0401800012588501,0.0022226971865062345,0.3859572768879324
NVDA270319C00240000,2026-10-05 19:57:25+00:00,240.0,24.43,24.2,25.4,2.3000011,10.393137,950.0,18155.0,0.40515731567382807,False,REGULAR,USD,Call,2027-03-19,NVDA,2026-10-06T00:29:09.099978+00:00,238.9,0.0401800012588501,0.0022226971865062345,0.3859572768879324
NVDA270319C00245000,2026-10-05 19:58:09+00:00,245.0,22.2,21.95,22.9,2.33,11.72622,743.0,6353.0,0.3992369647216797,False,REGULAR,USD,Call,2027-03-19,NVDA,2026-10-06T00:29:09.099978+00:00,238.9,0.0401800012588501,0.0022226971865062345,0.3859572768879324
NVDA270319C00250000,2026-10-05 19:59:21+00:00,250.0,19.8,19.7,20.5,2.0499992,11.549292,1135.0,40064.0,0.3926147164916992,False,REGULAR,USD,Call,2027-03-19,NVDA,2026-10-06T00:29:09.099978+00:00,238.9,0.0401800012588501,0.0022226971865062345,0.3859572768879324
NVDA270319C00255000,2026-10-05 19:53:35+00:00,255.0,18.15,17.65,18.2,2.2699995,14.294707,315.0,6415.0,0.3852600537109374,False,REGULAR,USD,Call,2027-03-19,NVDA,2026-10-06T00:29:09.099978+00:00,238.9,0.0401800012588501,0.0022226971865062345,0.3859572768879324
NVDA270319C00260000,2026-10-05 19:59:59+00:00,260.0,16.0,15.85,16.45,1.8000002,12.676058,1019.0,44132.0,0.3842835009765625,False,REGULAR,USD,Call,2027-03-19,NVDA,2026-10-06T00:29:09.099978+00:00,238.9,0.0401800012588501,0.0022226971865062345,0.3859572768879324
NVDA270319C00265000,2026-10-05 19:44:17+00:00,265.0,14.6,14.05,14.85,2.0200005,16.057238,156.0,4826.0,0.38355108642578123,False,REGULAR,USD,Call,2027-03-19,NVDA,2026-10-06T00:29:09.099978+00:00,238.9,0.0401800012588501,0.0022226971865062345,0.3859572768879324
NVDA270319C00270000,2026-10-05 19:56:07+00:00,270.0,12.6,12.5,13.0,1.5,13.513513,941.0,16220.0,0.376532113647461,False,REGULAR,USD,Call,2027-03-19,NVDA,2026-10-06T00:29:09.099978+00:00,238.9,0.0401800012588501,0.0022226971865062345,0.3859572768879324
NVDA270319C00275000,2026-10-05 19:47:19+00:00,275.0,11.45,11.1,11.75,1.3999996,13.930345,457.0,5194.0,0.3772950454711914,False,REGULAR,USD,Call,2027-03-19,NVDA,2026-10-06T00:29:09.099978+00:00,238.9,0.0401800012588501,0.0022226971865062345,0.3859572768879324
NVDA270319C00280000,2026-10-05 19:58:11+00:00,280.0,9.94,9.85,10.45,0.9899998,11.06145,383.0,13202.0,0.37525038818359374,False,REGULAR,USD,Call,2027-03-19,NVDA,2026-10-06T00:29:09.099978+00:00,238.9,0.0401800012588501,0.0022226971865062345,0.3859572768879324
NVDA270319C00285000,2026-10-05 19:55:04+00:00,285.0,8.85,8.75,9.45,0.9500003,12.02532,358.0,5724.0,0.3765931481933594,False,REGULAR,USD,Call,2027-03-19,NVDA,2026-10-06T00:29:09.099978+00:00,238.9,0.0401800012588501,0.0022226971865062345,0.3859572768879324
NVDA270319C00290000,2026-10-05 19:59:43+00:00,290.0,7.75,7.7,8.25,0.8000002,11.510794,312.0,9922.0,0.3723207299804688,False,REGULAR,USD,Call,2027-03-19,NVDA,2026-10-06T00:29:09.099978+00:00,238.9,0.0401800012588501,0.0022226971865062345,0.3859572768879324
NVDA270319C00295000,2026-10-05 19:38:11+00:00,295.0,7.15,6.8,7.0,0.4500003,6.7164226,163.0,4066.0,0.36472192901611333,False,REGULAR,USD,Call,2027-03-19,NVDA,2026-10-06T00:29:09.099978+00:00,238.9,0.0401800012588501,0.0022226971865062345,0.3859572768879324
NVDA270319C00300000,2026-10-05 19:53:05+00:00,300.0,6.3,6.0,6.2,0.8500004,15.596338,968.0,16901.0,0.36414210083007814,False,REGULAR,USD,Call,2027-03-19,NVDA,2026-10-06T00:29:09.099978+00:00,238.9,0.0401800012588501,0.0022226971865062345,0.3859572768879324
NVDA270319C00305000,2026-10-05 19:57:25+00:00,305.0,5.4,5.3,5.5,0.69000006,14.649683,66.0,2252.0,0.3640200317382813,False,REGULAR,USD,Call,2027-03-19,NVDA,2026-10-06T00:29:09.099978+00:00,238.9,0.0401800012588501,0.0022226971865062345,0.3859572768879324
NVDA270319C00310000,2026-10-05 19:57:25+00:00,310.0,4.77,4.65,4.85,0.5700002,13.571433,261.0,5991.0,0.36331813446044925,False,REGULAR,USD,Call,2027-03-19,NVDA,2026-10-06T00:29:09.099978+00:00,238.9,0.0401800012588501,0.0022226971865062345,0.3859572768879324
NVDA270319C00315000,2026-10-05 19:07:11+00:00,315.0,4.26,4.1,4.3,0.5100002,13.600006,145.0,3591.0,0.3634707208251954,False,REGULAR,USD,Call,2027-03-19,NVDA,2026-10-06T00:29:09.099978+00:00,238.9,0.0401800012588501,0.0022226971865062345,0.3859572768879324
NVDA270319C00320000,2026-10-05 19:51:16+00:00,320.0,3.77,3.6,3.8,0.47000003,14.242426,656.0,20401.0,0.3633486517333985,False,REGULAR,USD,Call,2027-03-19,NVDA,2026-10-06T00:29:09.099978+00:00,238.9,0.0401800012588501,0.0022226971865062345,0.3859572768879324
NVDA270319C00325000,2026-10-05 19:25:27+00:00,325.0,3.34,3.2,3.35,0.51,18.021202,38.0,2057.0,0.36310451354980466,False,REGULAR,USD,Call,2027-03-19,NVDA,2026-10-06T00:29:09.099978+00:00,238.9,0.0401800012588501,0.0022226971865062345,0.3859572768879324
NVDA270319C00330000,2026-10-05 19:44:02+00:00,330.0,2.98,2.82,2.96,0.4000001,15.50388,120.0,5180.0,0.36322658264160157,False,REGULAR,USD,Call,2027-03-19,NVDA,2026-10-06T00:29:09.099978+00:00,238.9,0.0401800012588501,0.0022226971865062345,0.3859572768879324
NVDA270319C00335000,2026-10-05 18:56:00+00:00,335.0,2.55,2.45,2.68,0.13999987,5.809123,201.0,2671.0,0.365667964477539,False,REGULAR,USD,Call,2027-03-19,NVDA,2026-10-06T00:29:09.099978+00:00,238.9,0.0401800012588501,0.0022226971865062345,0.3859572768879324
NVDA270319C00340000,2026-10-05 14:24:35+00:00,340.0,2.1,2.05,2.4,0.0,0.0,6.0,2110.0,0.36701072448730465,False,REGULAR,USD,Call,2027-03-19,NVDA,2026-10-06T00:29:09.099978+00:00,238.9,0.0401800012588501,0.0022226971865062345,0.3859572768879324
NVDA270319C00345000,2026-10-05 19:32:01+00:00,345.0,2.01,1.93,2.01,0.23000002,12.92135,98.0,879.0,0.36273830627441406,False,REGULAR,USD,Call,2027-03-19,NVDA,2026-10-06T00:29:09.099978+00:00,238.9,0.0401800012588501,0.0022226971865062345,0.3859572768879324
NVDA270319C00350000,2026-10-05 19:37:58+00:00,350.0,1.82,1.68,1.85,0.2600001,16.666676,112.0,5869.0,0.3663393444824219,False,REGULAR,USD,Call,2027-03-19,NVDA,2026-10-06T00:29:09.099978+00:00,238.9,0.0401800012588501,0.0022226971865062345,0.3859572768879324
NVDA270319C00355000,2026-10-05 18:40:46+00:00,355.0,1.51,1.39,1.79,0.120000005,8.633094,14.0,873.0,0.3737855590820312,False,REGULAR,USD,Call,2027-03-19,NVDA,2026-10-06T00:29:09.099978+00:00,238.9,0.0401800012588501,0.0022226971865062345,0.3859572768879324
NVDA270319C00360000,2026-10-05 17:46:32+00:00,360.0,1.29,1.25,1.53,0.03999996,3.199997,2.0,2790.0,0.37134417724609375,False,REGULAR,USD,Call,2027-03-19,NVDA,2026-10-06T00:29:09.099978+00:00,238.9,0.0401800012588501,0.0022226971865062345,0.3859572768879324
NVDA270319C00365000,2026-10-05 19:56:20+00:00,365.0,1.32,1.18,1.36,0.20000005,17.857145,22.0,304.0,0.3719545227050781,False,REGULAR,USD,Call,2027-03-19,NVDA,2026-10-06T00:29:09.099978+00:00,238.9,0.0401800012588501,0.0022226971865062345,0.3859572768879324
NVDA270319C00370000,2026-10-05 18:52:14+00:00,370.0,1.05,0.9,1.32,0.03999996,3.9603922,10.0,4390.0,0.3789124609375,False,REGULAR,USD,Call,2027-03-19,NVDA,2026-10-06T00:29:09.099978+00:00,238.9,0.0401800012588501,0.0022226971865062345,0.3859572768879324
NVDA270319C00375000,2026-10-05 16:20:46+00:00,375.0,0.9,0.86,1.18,-0.08000004,-8.163269,7.0,208.0,0.37964487548828124,False,REGULAR,USD,Call,2027-03-19,NVDA,2026-10-06T00:29:09.099978+00:00,238.9,0.0401800012588501,0.0022226971865062345,0.3859572768879324
NVDA270319C00380000,2026-10-05 16:20:46+00:00,380.0,0.81,0.81,1.0,-0.07999998,-8.988762,6.0,886.0,0.37683728637695313,False,REGULAR,USD,Call,2027-03-19,NVDA,2026-10-06T00:29:09.099978+00:00,238.9,0.0401800012588501,0.0022226971865062345,0.3859572768879324
NVDA270319C00385000,2026-10-05 16:19:53+00:00,385.0,0.76,0.57,0.89,0.050000012,7.042255,2.0,612.0,0.37744763183593744,False,REGULAR,USD,Call,2027-03-19,NVDA,2026-10-06T00:29:09.099978+00:00,238.9,0.0401800012588501,0.0022226971865062345,0.3859572768879324
NVDA270319C00390000,2026-10-05 19:34:15+00:00,390.0,0.71,0.5,0.91,0.06999999,10.937499,34.0,1012.0,0.3869690209960937,False,REGULAR,USD,Call,2027-03-19,NVDA,2026-10-06T00:29:09.099978+00:00,238.9,0.0401800012588501,0.0022226971865062345,0.3859572768879324
NVDA270319C00395000,2026-10-05 18:53:35+00:00,395.0,0.64,0.45,0.71,0.06999999,12.280701,2.0,259.0,0.3790345300292969,False,REGULAR,USD,Call,2027-03-19,NVDA,2026-10-06T00:29:09.099978+00:00,238.9,0.0401800012588501,0.0022226971865062345,0.3859572768879324
NVDA270319C00400000,2026-10-05 16:19:53+00:00,400.0,0.54,0.39,0.6,-0.00999999,-1.8181801,12.0,2960.0,0.3764710791015625,False,REGULAR,USD,Call,2027-03-19,NVDA,2026-10-06T00:29:09.099978+00:00,238.9,0.0401800012588501,0.0022226971865062345,0.3859572768879324
NVDA270319C00405000,2026-10-05 18:55:01+00:00,405.0,0.49,0.4,0.61,-0.029999971,-5.7692256,93.0,607.0,0.38477177734374995,False,REGULAR,USD,Call,2027-03-19,NVDA,2026-10-06T00:29:09.099978+00:00,238.9,0.0401800012588501,0.0022226971865062345,0.3859572768879324
NVDA270319C00410000,2026-10-05 19:07:35+00:00,410.0,0.39,0.26,0.53,-0.060000002,-13.333334,18.0,1227.0,0.383795224609375,False,REGULAR,USD,Call,2027-03-19,NVDA,2026-10-06T00:29:09.099978+00:00,238.9,0.0401800012588501,0.0022226971865062345,0.3859572768879324
NVDA270319C00415000,2026-10-05 18:53:35+00:00,415.0,0.58,0.22,0.62,0.16,38.095238,1.0,125.0,0.40015248291015626,False,REGULAR,USD,Call,2027-03-19,NVDA,2026-10-06T00:29:09.099978+00:00,238.9,0.0401800012588501,0.0022226971865062345,0.3859572768879324
NVDA270319C00420000,2026-10-05 19:07:35+00:00,420.0,0.3,0.19,0.58,-0.099999994,-24.999998,6.0,1196.0,0.4030821411132813,False,REGULAR,USD,Call,2027-03-19,NVDA,2026-10-06T00:29:09.099978+00:00,238.9,0.0401800012588501,0.0022226971865062345,0.3859572768879324
NVDA270319C00430000,2026-10-02 18:41:57+00:00,430.0,0.32,0.24,0.51,0.0,0.0,117.0,371.0,0.4089414575195312,False,REGULAR,USD,Call,2027-03-19,NVDA,2026-10-06T00:29:09.099978+00:00,238.9,0.0401800012588501,0.0022226971865062345,0.3859572768879324
NVDA270319C00440000,2026-10-02 18:42:38+00:00,440.0,0.27,0.25,0.45,0.0,0.0,121.0,844.0,0.4145566357421875,False,REGULAR,USD,Call,2027-03-19,NVDA,2026-10-06T00:29:09.099978+00:00,238.9,0.0401800012588501,0.0022226971865062345,0.3859572768879324
NVDA270319C00450000,2026-10-05 14:03:52+00:00,450.0,0.23,0.12,0.38,-0.019999996,-7.999998,64.0,515.0,0.41748629394531245,False,REGULAR,USD,Call,2027-03-19,NVDA,2026-10-06T00:29:09.099978+00:00,238.9,0.0401800012588501,0.0022226971865062345,0.3859572768879324
NVDA270319C00455000,2026-10-05 19:47:07+00:00,455.0,0.23,0.15,0.26,-0.029999986,-11.538457,72.0,335.0,0.40332627929687503,False,REGULAR,USD,Call,2027-03-19,NVDA,2026-10-06T00:29:09.099978+00:00,238.9,0.0401800012588501,0.0022226971865062345,0.3859572768879324
NVDA270319C00460000,2026-10-05 19:57:17+00:00,460.0,0.18,0.15,0.21,-0.029999986,-14.285707,212.0,6025.0,0.3986876538085938,False,REGULAR,USD,Call,2027-03-19,NVDA,2026-10-06T00:29:09.099978+00:00,238.9,0.0401800012588501,0.0022226971865062345,0.3859572768879324
NVDA270319P00005000,2026-08-27 13:37:29+00:00,5.0,0.01,0.0,0.84,0.0,0.0,1000.0,1002.0,2.908205854492188,False,REGULAR,USD,Put,2027-03-19,NVDA,2026-10-06T00:29:09.099978+00:00,238.9,0.0401800012588501,0.0022226971865062345,0.3859572768879324
NVDA270319P00007500,2026-09-14 19:50:53+00:00,7.5,0.01,0.0,0.01,0.0,0.0,20.0,3021.0,1.5625021874999998,False,REGULAR,USD,Put,2027-03-19,NVDA,2026-10-06T00:29:09.099978+00:00,238.9,0.0401800012588501,0.0022226971865062345,0.3859572768879324
NVDA270319P00010000,2026-08-27 16:04:03+00:00,10.0,0.01,0.0,1.13,0.0,0.0,,1000.0,2.3984415039062497,False,REGULAR,USD,Put,2027-03-19,NVDA,2026-10-06T00:29:09.099978+00:00,238.9,0.0401800012588501,0.0022226971865062345,0.3859572768879324
NVDA270319P00015000,2026-08-27 17:07:22+00:00,15.0,0.02,0.0,1.05,0.0,0.0,,2.0,2.02344244140625,False,REGULAR,USD,Put,2027-03-19,NVDA,2026-10-06T00:29:09.099978+00:00,238.9,0.0401800012588501,0.0022226971865062345,0.3859572768879324
NVDA270319P00020000,2026-08-14 15:34:40+00:00,20.0,0.03,0.0,0.0,0.0,0.0,2.0,0.0,0.500005,False,REGULAR,USD,Put,2027-03-19,NVDA,2026-10-06T00:29:09.099978+00:00,238.9,0.0401800012588501,0.0022226971865062345,0.3859572768879324
NVDA270319P00022500,2026-08-24 18:39:33+00:00,22.5,0.1,0.0,0.65,0.0,0.0,1.0,4.0,1.5859395703124997,False,REGULAR,USD,Put,2027-03-19,NVDA,2026-10-06T00:29:09.099978+00:00,238.9,0.0401800012588501,0.0022226971865062345,0.3859572768879324
NVDA270319P00025000,2026-09-09 19:19:00+00:00,25.0,0.05,0.0,0.15,0.0,0.0,8.0,8.0,1.2656286718749998,False,REGULAR,USD,Put,2027-03-19,NVDA,2026-10-06T00:29:09.099978+00:00,238.9,0.0401800012588501,0.0022226971865062345,0.3859572768879324
NVDA270319P00030000,2026-09-10 17:21:01+00:00,30.0,0.05,0.0,0.1,0.0,0.0,4.0,14.0,1.11328568359375,False,REGULAR,USD,Put,2027-03-19,NVDA,2026-10-06T00:29:09.099978+00:00,238.9,0.0401800012588501,0.0022226971865062345,0.3859572768879324
NVDA270319P00035000,2026-10-05 14:50:46+00:00,35.0,0.02,0.01,0.22,-0.06,-75.0,1.0,54.0,1.125004375,False,REGULAR,USD,Put,2027-03-19,NVDA,2026-10-06T00:29:09.099978+00:00,238.9,0.0401800012588501,0.0022226971865062345,0.3859572768879324
NVDA270319P00040000,2026-10-05 19:34:55+00:00,40.0,0.04,0.01,0.13,-0.030000001,-42.857143,3.0,7.0,0.992187578125,False,REGULAR,USD,Put,2027-03-19,NVDA,2026-10-06T00:29:09.099978+00:00,238.9,0.0401800012588501,0.0022226971865062345,0.3859572768879324
NVDA270319P00045000,2026-10-05 18:57:05+00:00,45.0,0.05,0.0,0.1,0.010000002,25.000004,6.0,102.0,0.8945323046874999,False,REGULAR,USD,Put,2027-03-19,NVDA,2026-10-06T00:29:09.099978+00:00,238.9,0.0401800012588501,0.0022226971865062345,0.3859572768879324
NVDA270319P00050000,2026-10-05 15:28:28+00:00,50.0,0.03,0.02,0.15,-0.020000001,-40.000004,7.0,901.0,0.8867198828124999,False,REGULAR,USD,Put,2027-03-19,NVDA,2026-10-06T00:29:09.099978+00:00,238.9,0.0401800012588501,0.0022226971865062345,0.3859572768879324
NVDA270319P00055000,2026-10-05 19:39:30+00:00,55.0,0.06,0.0,0.3,0.0,0.0,8.0,404.0,0.8886729882812499,False,REGULAR,USD,Put,2027-03-19,NVDA,2026-10-06T00:29:09.099978+00:00,238.9,0.0401800012588501,0.0022226971865062345,0.3859572768879324
NVDA270319P00060000,2026-10-05 19:09:52+00:00,60.0,0.06,0.0,0.2,-0.010000002,-14.285716,6.0,1005.0,0.79883013671875,False,REGULAR,USD,Put,2027-03-19,NVDA,2026-10-06T00:29:09.099978+00:00,238.9,0.0401800012588501,0.0022226971865062345,0.3859572768879324
NVDA270319P00065000,2026-10-02 17:15:37+00:00,65.0,0.08,0.05,0.2,0.0,0.0,2.0,408.0,0.773439765625,False,REGULAR,USD,Put,2027-03-19,NVDA,2026-10-06T00:29:09.099978+00:00,238.9,0.0401800012588501,0.0022226971865062345,0.3859572768879324
NVDA270319P00070000,2026-10-05 18:57:05+00:00,70.0,0.08,0.05,0.23,-0.04,-33.333336,14.0,555.0,0.7402369726562499,False,REGULAR,USD,Put,2027-03-19,NVDA,2026-10-06T00:29:09.099978+00:00,238.9,0.0401800012588501,0.0022226971865062345,0.3859572768879324
NVDA270319P00075000,2026-10-02 19:59:57+00:00,75.0,0.12,0.0,0.25,0.0,0.0,7.0,3544.0,0.6914093359375001,False,REGULAR,USD,Put,2027-03-19,NVDA,2026-10-06T00:29:09.099978+00:00,238.9,0.0401800012588501,0.0022226971865062345,0.3859572768879324
NVDA270319P00080000,2026-10-05 16:24:03+00:00,80.0,0.11,0.06,0.27,-0.030000001,-21.428572,2.0,863.0,0.676761044921875,False,REGULAR,USD,Put,2027-03-19,NVDA,2026-10-06T00:29:09.099978+00:00,238.9,0.0401800012588501,0.0022226971865062345,0.3859572768879324
NVDA270319P00085000,2026-10-05 17:39:49+00:00,85.0,0.2,0.01,0.29,-0.019999996,-9.090907,5.0,317.0,0.6337927246093751,False,REGULAR,USD,Put,2027-03-19,NVDA,2026-10-06T00:29:09.099978+00:00,238.9,0.0401800012588501,0.0022226971865062345,0.3859572768879324
NVDA270319P00090000,2026-10-05 17:40:07+00:00,90.0,0.2,0.1,0.2,-0.08,-28.571428,5.0,3303.0,0.6005899316406251,False,REGULAR,USD,Put,2027-03-19,NVDA,2026-10-06T00:29:09.099978+00:00,238.9,0.0401800012588501,0.0022226971865062345,0.3859572768879324
NVDA270319P00095000,2026-10-05 18:57:38+00:00,95.0,0.19,0.08,0.35,-0.110000014,-36.66667,2.0,1156.0,0.59570716796875,False,REGULAR,USD,Put,2027-03-19,NVDA,2026-10-06T00:29:09.099978+00:00,238.9,0.0401800012588501,0.0022226971865062345,0.3859572768879324
NVDA270319P00100000,2026-10-01 19:48:18+00:00,100.0,0.28,0.1,0.39,-0.02000001,-6.6666694,5.0,5341.0,0.5742230078125,False,REGULAR,USD,Put,2027-03-19,NVDA,2026-10-06T00:29:09.099978+00:00,238.9,0.0401800012588501,0.0022226971865062345,0.3859572768879324
NVDA270319P00105000,2026-09-28 15:03:35+00:00,105.0,0.36,0.14,0.43,0.0,0.0,1.0,759.0,0.5556685058593751,False,REGULAR,USD,Put,2027-03-19,NVDA,2026-10-06T00:29:09.099978+00:00,238.9,0.0401800012588501,0.0022226971865062345,0.3859572768879324
NVDA270319P00110000,2026-10-05 18:57:38+00:00,110.0,0.35,0.23,0.5,-0.030000001,-7.894737,7.0,3268.0,0.5456588403320313,False,REGULAR,USD,Put,2027-03-19,NVDA,2026-10-06T00:29:09.099978+00:00,238.9,0.0401800012588501,0.0022226971865062345,0.3859572768879324
NVDA270319P00115000,2026-10-05 13:30:01+00:00,115.0,0.45,0.34,0.57,0.0,0.0,22.0,6134.0,0.5346726220703125,False,REGULAR,USD,Put,2027-03-19,NVDA,2026-10-06T00:29:09.099978+00:00,238.9,0.0401800012588501,0.0022226971865062345,0.3859572768879324
NVDA270319P00120000,2026-10-05 14:17:22+00:00,120.0,0.5,0.34,0.58,-0.060000002,-10.714286,26.0,3157.0,0.5073291455078125,False,REGULAR,USD,Put,2027-03-19,NVDA,2026-10-06T00:29:09.099978+00:00,238.9,0.0401800012588501,0.0022226971865062345,0.3859572768879324
NVDA270319P00125000,2026-10-05 18:58:08+00:00,125.0,0.57,0.52,0.6,-0.06999999,-10.937499,124.0,11432.0,0.5009815527343751,False,REGULAR,USD,Put,2027-03-19,NVDA,2026-10-06T00:29:09.099978+00:00,238.9,0.0401800012588501,0.0022226971865062345,0.3859572768879324
NVDA270319P00130000,2026-10-05 19:26:11+00:00,130.0,0.67,0.52,0.87,-0.060000002,-8.219178,11.0,16828.0,0.50586431640625,False,REGULAR,USD,Put,2027-03-19,NVDA,2026-10-06T00:29:09.099978+00:00,238.9,0.0401800012588501,0.0022226971865062345,0.3859572768879324
NVDA270319P00135000,2026-10-05 19:06:37+00:00,135.0,0.76,0.66,1.02,-0.13,-14.606742,11.0,9856.0,0.4929249926757813,False,REGULAR,USD,Put,2027-03-19,NVDA,2026-10-06T00:29:09.099978+00:00,238.9,0.0401800012588501,0.0022226971865062345,0.3859572768879324
NVDA270319P00140000,2026-10-05 16:59:16+00:00,140.0,0.98,0.84,1.11,-0.110000014,-10.091744,42.0,18820.0,0.4733939379882813,False,REGULAR,USD,Put,2027-03-19,NVDA,2026-10-06T00:29:09.099978+00:00,238.9,0.0401800012588501,0.0022226971865062345,0.3859572768879324
NVDA270319P00145000,2026-10-05 17:04:13+00:00,145.0,1.13,1.09,1.25,-0.16999996,-13.0769205,211.0,14608.0,0.4576470251464845,False,REGULAR,USD,Put,2027-03-19,NVDA,2026-10-06T00:29:09.099978+00:00,238.9,0.0401800012588501,0.0022226971865062345,0.3859572768879324
NVDA270319P00150000,2026-10-05 19:40:52+00:00,150.0,1.34,1.3,1.44,-0.24000001,-15.189873,96.0,28289.0,0.44446356323242187,False,REGULAR,USD,Put,2027-03-19,NVDA,2026-10-06T00:29:09.099978+00:00,238.9,0.0401800012588501,0.0022226971865062345,0.3859572768879324
NVDA270319P00155000,2026-10-05 15:26:28+00:00,155.0,1.68,1.53,1.86,-0.19000006,-10.160431,2.0,7915.0,0.44324287231445314,False,REGULAR,USD,Put,2027-03-19,NVDA,2026-10-06T00:29:09.099978+00:00,238.9,0.0401800012588501,0.0022226971865062345,0.3859572768879324
NVDA270319P00160000,2026-10-05 19:06:37+00:00,160.0,1.91,1.89,1.98,-0.29000008,-13.181822,69.0,23710.0,0.4229183685302734,False,REGULAR,USD,Put,2027-03-19,NVDA,2026-10-06T00:29:09.099978+00:00,238.9,0.0401800012588501,0.0022226971865062345,0.3859572768879324
NVDA270319P00165000,2026-10-05 17:41:04+00:00,165.0,2.33,2.23,2.5,-0.27999997,-10.727968,34.0,9148.0,0.42102629760742194,False,REGULAR,USD,Put,2027-03-19,NVDA,2026-10-06T00:29:09.099978+00:00,238.9,0.0401800012588501,0.0022226971865062345,0.3859572768879324
NVDA270319P00170000,2026-10-05 19:39:00+00:00,170.0,2.7,2.67,2.83,-0.45000005,-14.285715,232.0,17144.0,0.4078428356933594,False,REGULAR,USD,Put,2027-03-19,NVDA,2026-10-06T00:29:09.099978+00:00,238.9,0.0401800012588501,0.0022226971865062345,0.3859572768879324
NVDA270319P00175000,2026-10-05 19:45:54+00:00,175.0,3.25,3.15,3.35,-0.5,-13.333333,495.0,9193.0,0.4002135174560547,False,REGULAR,USD,Put,2027-03-19,NVDA,2026-10-06T00:29:09.099978+00:00,238.9,0.0401800012588501,0.0022226971865062345,0.3859572768879324
NVDA270319P00180000,2026-10-05 19:19:04+00:00,180.0,3.8,3.7,3.9,-0.56999993,-13.043477,295.0,24119.0,0.39124143920898435,False,REGULAR,USD,Put,2027-03-19,NVDA,2026-10-06T00:29:09.099978+00:00,238.9,0.0401800012588501,0.0022226971865062345,0.3859572768879324
NVDA270319P00185000,2026-10-05 19:57:56+00:00,185.0,4.55,4.5,4.65,-0.5999999,-11.650484,142.0,12003.0,0.3860535028076171,False,REGULAR,USD,Put,2027-03-19,NVDA,2026-10-06T00:29:09.099978+00:00,238.9,0.0401800012588501,0.0022226971865062345,0.3859572768879324
NVDA270319P00190000,2026-10-05 19:45:09+00:00,190.0,5.22,5.25,5.45,-0.8100004,-13.432843,247.0,16522.0,0.37937022003173826,False,REGULAR,USD,Put,2027-03-19,NVDA,2026-10-06T00:29:09.099978+00:00,238.9,0.0401800012588501,0.0022226971865062345,0.3859572768879324
NVDA270319P00195000,2026-10-05 19:59:24+00:00,195.0,6.3,6.2,6.55,-0.7999997,-11.267601,700.0,12035.0,0.37744763183593744,False,REGULAR,USD,Put,2027-03-19,NVDA,2026-10-06T00:29:09.099978+00:00,238.9,0.0401800012588501,0.0022226971865062345,0.3859572768879324
NVDA270319P00200000,2026-10-05 19:56:28+00:00,200.0,7.3,7.2,7.35,-0.9899998,-11.942096,661.0,20730.0,0.365667964477539,False,REGULAR,USD,Put,2027-03-19,NVDA,2026-10-06T00:29:09.099978+00:00,238.9,0.0401800012588501,0.0022226971865062345,0.3859572768879324
NVDA270319P00205000,2026-10-05 19:46:09+00:00,205.0,8.3,8.35,8.5,-1.25,-13.0890045,3011.0,13357.0,0.3593203717041016,False,REGULAR,USD,Put,2027-03-19,NVDA,2026-10-06T00:29:09.099978+00:00,238.9,0.0401800012588501,0.0022226971865062345,0.3859572768879324
NVDA270319P00210000,2026-10-05 19:45:58+00:00,210.0,9.58,9.45,9.9,-1.3800001,-12.591242,293.0,19394.0,0.35526157440185535,False,REGULAR,USD,Put,2027-03-19,NVDA,2026-10-06T00:29:09.099978+00:00,238.9,0.0401800012588501,0.0022226971865062345,0.3859572768879324
NVDA270319P00215000,2026-10-05 19:57:57+00:00,215.0,11.25,10.95,11.4,-1.5500002,-12.109376,180.0,12823.0,0.3501957070922851,False,REGULAR,USD,Put,2027-03-19,NVDA,2026-10-06T00:29:09.099978+00:00,238.9,0.0401800012588501,0.0022226971865062345,0.3859572768879324
NVDA270319P00220000,2026-10-05 19:27:13+00:00,220.0,12.9,11.4,13.0,-1.5,-10.416667,304.0,7788.0,0.3441532870483398,False,REGULAR,USD,Put,2027-03-19,NVDA,2026-10-06T00:29:09.099978+00:00,238.9,0.0401800012588501,0.0022226971865062345,0.3859572768879324
NVDA270319P00225000,2026-10-05 19:57:01+00:00,225.0,14.7,14.1,14.8,-1.8000002,-10.909092,256.0,6133.0,0.3388127642822265,False,REGULAR,USD,Put,2027-03-19,NVDA,2026-10-06T00:29:09.099978+00:00,238.9,0.0401800012588501,0.0022226971865062345,0.3859572768879324
NVDA270319P00230000,2026-10-05 19:51:03+00:00,230.0,16.5,16.35,16.85,-2.1499996,-11.528149,492.0,12339.0,0.3347844842529296,False,REGULAR,USD,Put,2027-03-19,NVDA,2026-10-06T00:29:09.099978+00:00,238.9,0.0401800012588501,0.0022226971865062345,0.3859572768879324
NVDA270319P00235000,2026-10-05 19:51:42+00:00,235.0,18.6,18.3,19.0,-2.3999996,-11.42857,123.0,2893.0,0.32947447875976554,False,REGULAR,USD,Put,2027-03-19,NVDA,2026-10-06T00:29:09.099978+00:00,238.9,0.0401800012588501,0.0022226971865062345,0.3859572768879324
NVDA270319P00240000,2026-10-05 19:58:16+00:00,240.0,21.3,20.5,21.45,-2.25,-9.55414,152.0,8730.0,0.3260870614624023,True,REGULAR,USD,Put,2027-03-19,NVDA,2026-10-06T00:29:09.099978+00:00,238.9,0.0401800012588501,0.0022226971865062345,0.3859572768879324
NVDA270319P00245000,2026-10-05 18:54:39+00:00,245.0,23.67,23.3,23.95,-2.7199993,-10.306932,53.0,1710.0,0.32059395233154286,True,REGULAR,USD,Put,2027-03-19,NVDA,2026-10-06T00:29:09.099978+00:00,238.9,0.0401800012588501,0.0022226971865062345,0.3859572768879324
NVDA270319P00250000,2026-10-05 18:33:30+00:00,250.0,26.45,25.95,26.7,-2.5999985,-8.950081,19.0,976.0,0.3161079132080078,True,REGULAR,USD,Put,2027-03-19,NVDA,2026-10-06T00:29:09.099978+00:00,238.9,0.0401800012588501,0.0022226971865062345,0.3859572768879324
NVDA270319P00255000,2026-10-05 19:57:57+00:00,255.0,29.45,28.9,30.9,-1.3499985,-4.383112,139.0,753.0,0.3317632742309571,True,REGULAR,USD,Put,2027-03-19,NVDA,2026-10-06T00:29:09.099978+00:00,238.9,0.0401800012588501,0.0022226971865062345,0.3859572768879324
NVDA270319P00260000,2026-10-05 19:53:22+00:00,260.0,32.22,32.1,34.0,-3.0999985,-8.776893,17.0,1474.0,0.3275213732910156,True,REGULAR,USD,Put,2027-03-19,NVDA,2026-10-06T00:29:09.099978+00:00,238.9,0.0401800012588501,0.0022226971865062345,0.3859572768879324
NVDA270319P00265000,2026-10-05 15:55:15+00:00,265.0,37.2,35.15,36.3,-0.2199974,-0.587914,130.0,1108.0,0.3070137658691406,True,REGULAR,USD,Put,2027-03-19,NVDA,2026-10-06T00:29:09.099978+00:00,238.9,0.0401800012588501,0.0022226971865062345,0.3859572768879324
NVDA270319P00270000,2026-10-05 18:14:49+00:00,270.0,39.8,38.65,39.75,-2.7999992,-6.5727687,77.0,1121.0,0.30240565765380856,True,REGULAR,USD,Put,2027-03-19,NVDA,2026-10-06T00:29:09.099978+00:00,238.9,0.0401800012588501,0.0022226971865062345,0.3859572768879324
NVDA270319P00275000,2026-10-05 14:12:32+00:00,275.0,44.25,42.15,44.0,-2.0999985,-4.530741,2.0,742.0,0.30951618225097655,True,REGULAR,USD,Put,2027-03-19,NVDA,2026-10-06T00:29:09.099978+00:00,238.9,0.0401800012588501,0.0022226971865062345,0.3859572768879324
NVDA270319P00280000,2026-10-05 18:28:06+00:00,280.0,46.9,45.15,47.6,-3.1499977,-6.2937016,4.0,2648.0,0.30225307128906254,True,REGULAR,USD,Put,2027-03-19,NVDA,2026-10-06T00:29:09.099978+00:00,238.9,0.0401800012588501,0.0022226971865062345,0.3859572768879324
NVDA270319P00285000,2026-10-02 19:06:36+00:00,285.0,54.02,48.8,52.75,0.0,0.0,94.0,444.0,0.32340154144287103,True,REGULAR,USD,Put,2027-03-19,NVDA,2026-10-06T00:29:09.099978+00:00,238.9,0.0401800012588501,0.0022226971865062345,0.3859572768879324
NVDA270319P00290000,2026-10-01 14:34:47+00:00,290.0,62.25,52.9,56.8,0.0,0.0,5.0,391.0,0.32114326324462883,True,REGULAR,USD,Put,2027-03-19,NVDA,2026-10-06T00:29:09.099978+00:00,238.9,0.0401800012588501,0.0022226971865062345,0.3859572768879324
NVDA270319P00295000,2026-10-02 16:17:14+00:00,295.0,61.2,56.15,61.35,0.0,0.0,36.0,456.0,0.32770447692871096,True,REGULAR,USD,Put,2027-03-19,NVDA,2026-10-06T00:29:09.099978+00:00,238.9,0.0401800012588501,0.0022226971865062345,0.3859572768879324
NVDA270319P00300000,2026-10-05 18:26:31+00:00,300.0,63.5,60.75,65.4,-4.0,-5.9259257,45.0,704.0,0.3209906768798828,True,REGULAR,USD,Put,2027-03-19,NVDA,2026-10-06T00:29:09.099978+00:00,238.9,0.0401800012588501,0.0022226971865062345,0.3859572768879324
NVDA270319P00305000,2026-10-02 16:30:26+00:00,305.0,70.31,64.85,70.05,0.0,0.0,2.0,483.0,0.32684999328613284,True,REGULAR,USD,Put,2027-03-19,NVDA,2026-10-06T00:29:09.099978+00:00,238.9,0.0401800012588501,0.0022226971865062345,0.3859572768879324
NVDA270319P00310000,2026-10-01 14:46:59+00:00,310.0,80.09,69.35,74.3,0.0,0.0,4.0,500.0,0.3203803314208984,True,REGULAR,USD,Put,2027-03-19,NVDA,2026-10-06T00:29:09.099978+00:00,238.9,0.0401800012588501,0.0022226971865062345,0.3859572768879324
NVDA270319P00315000,2026-09-29 14:04:08+00:00,315.0,85.35,74.45,80.15,0.0,0.0,15.0,359.0,0.3572451971435546,True,REGULAR,USD,Put,2027-03-19,NVDA,2026-10-06T00:29:09.099978+00:00,238.9,0.0401800012588501,0.0022226971865062345,0.3859572768879324
NVDA270319P00320000,2026-09-28 15:15:58+00:00,320.0,90.0,77.8,84.15,0.0,0.0,4.0,51.0,0.3419865606689453,True,REGULAR,USD,Put,2027-03-19,NVDA,2026-10-06T00:29:09.099978+00:00,238.9,0.0401800012588501,0.0022226971865062345,0.3859572768879324
NVDA270319P00325000,2026-09-08 13:51:53+00:00,325.0,96.4,83.4,89.25,0.0,0.0,50.0,0.0,0.3575503698730469,True,REGULAR,USD,Put,2027-03-19,NVDA,2026-10-06T00:29:09.099978+00:00,238.9,0.0401800012588501,0.0022226971865062345,0.3859572768879324
NVDA270319P00330000,2026-08-10 14:53:44+00:00,330.0,110.44,0.0,0.0,0.0,0.0,14.0,0.0,1.0000000000000003e-05,True,REGULAR,USD,Put,2027-03-19,NVDA,2026-10-06T00:29:09.099978+00:00,238.9,0.0401800012588501,0.0022226971865062345,0.3859572768879324
NVDA270319P00335000,2026-07-15 15:02:11+00:00,335.0,125.22,123.4,129.8,0.0,0.0,1.0,0.0,0.9061899029541016,True,REGULAR,USD,Put,2027-03-19,NVDA,2026-10-06T00:29:09.099978+00:00,238.9,0.0401800012588501,0.0022226971865062345,0.3859572768879324
NVDA270319P00340000,2026-06-09 16:21:50+00:00,340.0,139.89,126.0,129.8,0.0,0.0,40.0,0.0,0.8614820980834962,True,REGULAR,USD,Put,2027-03-19,NVDA,2026-10-06T00:29:09.099978+00:00,238.9,0.0401800012588501,0.0022226971865062345,0.3859572768879324
NVDA270319P00345000,2026-05-21 17:04:08+00:00,345.0,126.7,0.0,0.0,0.0,0.0,20.0,0.0,1.0000000000000003e-05,True,REGULAR,USD,Put,2027-03-19,NVDA,2026-10-06T00:29:09.099978+00:00,238.9,0.0401800012588501,0.0022226971865062345,0.3859572768879324
NVDA270319P00350000,2026-08-06 19:57:41+00:00,350.0,130.73,0.0,0.0,0.0,0.0,1.0,0.0,1.0000000000000003e-05,True,REGULAR,USD,Put,2027-03-19,NVDA,2026-10-06T00:29:09.099978+00:00,238.9,0.0401800012588501,0.0022226971865062345,0.3859572768879324
NVDA270319P00360000,2026-03-27 17:35:53+00:00,360.0,191.93,0.0,0.0,0.0,0.0,35.0,0.0,1.0000000000000003e-05,True,REGULAR,USD,Put,2027-03-19,NVDA,2026-10-06T00:29:09.099978+00:00,238.9,0.0401800012588501,0.0022226971865062345,0.3859572768879324
NVDA270319P00370000,2026-05-14 14:39:03+00:00,370.0,137.85,159.7,161.9,0.0,0.0,1.0,5.0,0.9940796490478516,True,REGULAR,USD,Put,2027-03-19,NVDA,2026-10-06T00:29:09.099978+00:00,238.9,0.0401800012588501,0.0022226971865062345,0.3859572768879324
NVDA270319P00380000,2026-09-11 19:59:18+00:00,380.0,161.53,137.15,144.9,0.0,0.0,,0.0,0.49933361999511716,True,REGULAR,USD,Put,2027-03-19,NVDA,2026-10-06T00:29:09.099978+00:00,238.9,0.0401800012588501,0.0022226971865062345,0.3859572768879324
NVDA270319P00400000,2026-05-27 15:43:23+00:00,400.0,190.0,0.0,0.0,0.0,0.0,1.0,0.0,1.0000000000000003e-05,True,REGULAR,USD,Put,2027-03-19,NVDA,2026-10-06T00:29:09.099978+00:00,238.9,0.0401800012588501,0.0022226971865062345,0.3859572768879324
NVDA270319P00460000,2026-08-06 19:57:41+00:00,460.0,240.53,0.0,0.0,0.0,0.0,2.0,0.0,1.0000000000000003e-05,True,REGULAR,USD,Put,2027-03-19,NVDA,2026-10-06T00:29:09.099978+00:00,238.9,0.0401800012588501,0.0022226971865062345,0.3859572768879324
NVDA270416C00050000,2026-09-29 13:51:06+00:00,50.0,181.6,185.25,194.55,0.0,0.0,,1.0,1.1455120849609375,True,REGULAR,USD,Call,2027-04-16,NVDA,2026-10-06T00:29:09.099978+00:00,238.9,0.0401800012588501,0.0022226971865062345,0.3859572768879324
NVDA270416C00060000,2026-09-29 19:22:55+00:00,60.0,169.54,175.55,184.9,0.0,0.0,,1.0,1.0681198937988285,True,REGULAR,USD,Call,2027-04-16,NVDA,2026-10-06T00:29:09.099978+00:00,238.9,0.0401800012588501,0.0022226971865062345,0.3859572768879324
NVDA270416C00065000,2026-10-02 18:35:21+00:00,65.0,171.45,170.65,179.0,0.0,0.0,1.0,1.0,0.9458013232421875,True,REGULAR,USD,Call,2027-04-16,NVDA,2026-10-06T00:29:09.099978+00:00,238.9,0.0401800012588501,0.0022226971865062345,0.3859572768879324
NVDA270416C00070000,2026-10-02 13:52:28+00:00,70.0,168.61,166.0,174.1,0.0,0.0,1.0,1.0,0.9294440649414062,True,REGULAR,USD,Call,2027-04-16,NVDA,2026-10-06T00:29:09.099978+00:00,238.9,0.0401800012588501,0.0022226971865062345,0.3859572768879324
NVDA270416C00090000,2026-09-21 13:32:27+00:00,90.0,134.0,147.2,154.7,0.0,0.0,1.0,1.0,0.8422867333984375,True,REGULAR,USD,Call,2027-04-16,NVDA,2026-10-06T00:29:09.099978+00:00,238.9,0.0401800012588501,0.0022226971865062345,0.3859572768879324
NVDA270416C00095000,2026-10-02 13:35:31+00:00,95.0,141.0,142.25,149.85,0.0,0.0,1.0,1.0,0.8083515258789062,True,REGULAR,USD,Call,2027-04-16,NVDA,2026-10-06T00:29:09.099978+00:00,238.9,0.0401800012588501,0.0022226971865062345,0.3859572768879324
NVDA270416C00100000,2026-09-18 19:47:54+00:00,100.0,123.96,137.4,145.05,0.0,0.0,4.0,5.0,0.7814963256835938,True,REGULAR,USD,Call,2027-04-16,NVDA,2026-10-06T00:29:09.099978+00:00,238.9,0.0401800012588501,0.0022226971865062345,0.3859572768879324
NVDA270416C00110000,2026-09-22 13:46:08+00:00,110.0,120.85,127.8,135.4,0.0,0.0,1.0,21.0,0.7305935144042968,True,REGULAR,USD,Call,2027-04-16,NVDA,2026-10-06T00:29:09.099978+00:00,238.9,0.0401800012588501,0.0022226971865062345,0.3859572768879324
NVDA270416C00115000,2026-10-02 14:28:36+00:00,115.0,125.7,123.0,130.6,0.0,0.0,3.0,4.0,0.7063017651367188,True,REGULAR,USD,Call,2027-04-16,NVDA,2026-10-06T00:29:09.099978+00:00,238.9,0.0401800012588501,0.0022226971865062345,0.3859572768879324
NVDA270416C00120000,2026-10-02 13:35:26+00:00,120.0,119.37,118.2,125.9,0.0,0.0,4.0,5.0,0.6849396740722657,True,REGULAR,USD,Call,2027-04-16,NVDA,2026-10-06T00:29:09.099978+00:00,238.9,0.0401800012588501,0.0022226971865062345,0.3859572768879324
NVDA270416C00130000,2026-10-05 17:18:28+00:00,130.0,110.92,109.5,116.35,6.689995,6.418493,5.0,6.0,0.6590610266113281,True,REGULAR,USD,Call,2027-04-16,NVDA,2026-10-06T00:29:09.099978+00:00,238.9,0.0401800012588501,0.0022226971865062345,0.3859572768879324
NVDA270416C00140000,2026-10-05 19:36:05+00:00,140.0,103.72,99.35,105.0,3.590004,3.5853431,2.0,9.0,0.5606123040771485,True,REGULAR,USD,Call,2027-04-16,NVDA,2026-10-06T00:29:09.099978+00:00,238.9,0.0401800012588501,0.0022226971865062345,0.3859572768879324
NVDA270416C00145000,2026-10-05 13:39:08+00:00,145.0,96.44,94.7,102.35,11.630005,13.713012,1.0,11.0,0.5850871569824219,True,REGULAR,USD,Call,2027-04-16,NVDA,2026-10-06T00:29:09.099978+00:00,238.9,0.0401800012588501,0.0022226971865062345,0.3859572768879324
NVDA270416C00150000,2026-10-02 19:36:32+00:00,150.0,89.5,91.55,96.1,0.0,0.0,2.0,63.0,0.564579549560547,True,REGULAR,USD,Call,2027-04-16,NVDA,2026-10-06T00:29:09.099978+00:00,238.9,0.0401800012588501,0.0022226971865062345,0.3859572768879324
NVDA270416C00155000,2026-10-05 17:36:34+00:00,155.0,88.0,86.4,92.3,1.0299988,1.184315,2.0,7.0,0.5512740185546876,True,REGULAR,USD,Call,2027-04-16,NVDA,2026-10-06T00:29:09.099978+00:00,238.9,0.0401800012588501,0.0022226971865062345,0.3859572768879324
NVDA270416C00160000,2026-10-05 14:03:05+00:00,160.0,82.12,81.65,86.55,0.5699997,0.6989573,1.0,26.0,0.5127001855468749,True,REGULAR,USD,Call,2027-04-16,NVDA,2026-10-06T00:29:09.099978+00:00,238.9,0.0401800012588501,0.0022226971865062345,0.3859572768879324
NVDA270416C00165000,2026-10-05 13:51:17+00:00,165.0,75.7,77.2,84.25,-2.7000046,-3.4438834,1.0,13.0,0.5307053765869141,True,REGULAR,USD,Call,2027-04-16,NVDA,2026-10-06T00:29:09.099978+00:00,238.9,0.0401800012588501,0.0022226971865062345,0.3859572768879324
NVDA270416C00170000,2026-09-30 19:02:18+00:00,170.0,68.91,73.75,78.15,0.0,0.0,25.0,32.0,0.5060474200439453,True,REGULAR,USD,Call,2027-04-16,NVDA,2026-10-06T00:29:09.099978+00:00,238.9,0.0401800012588501,0.0022226971865062345,0.3859572768879324
NVDA270416C00175000,2026-10-02 19:12:24+00:00,175.0,67.83,69.7,74.6,0.0,0.0,12.0,14.0,0.5058337991333007,True,REGULAR,USD,Call,2027-04-16,NVDA,2026-10-06T00:29:09.099978+00:00,238.9,0.0401800012588501,0.0022226971865062345,0.3859572768879324
NVDA270416C00180000,2026-10-05 16:12:19+00:00,180.0,65.77,66.95,71.05,1.199997,1.8584435,6.0,28.0,0.5175219146728516,True,REGULAR,USD,Call,2027-04-16,NVDA,2026-10-06T00:29:09.099978+00:00,238.9,0.0401800012588501,0.0022226971865062345,0.3859572768879324
NVDA270416C00185000,2026-10-05 19:03:49+00:00,185.0,63.97,61.55,66.35,4.3199997,7.2422457,31.0,25.0,0.5354050366210938,True,REGULAR,USD,Call,2027-04-16,NVDA,2026-10-06T00:29:09.099978+00:00,238.9,0.0401800012588501,0.0022226971865062345,0.3859572768879324
NVDA270416C00190000,2026-10-05 19:41:43+00:00,190.0,60.23,58.35,62.4,3.6399994,6.432231,13.0,40.0,0.5231370928955077,True,REGULAR,USD,Call,2027-04-16,NVDA,2026-10-06T00:29:09.099978+00:00,238.9,0.0401800012588501,0.0022226971865062345,0.3859572768879324
NVDA270416C00195000,2026-10-05 17:12:39+00:00,195.0,54.23,53.65,56.55,2.2799988,4.388833,3.0,238.0,0.4734549725341797,True,REGULAR,USD,Call,2027-04-16,NVDA,2026-10-06T00:29:09.099978+00:00,238.9,0.0401800012588501,0.0022226971865062345,0.3859572768879324
NVDA270416C00200000,2026-10-05 16:24:16+00:00,200.0,49.7,51.15,53.85,1.7000008,3.5416682,63.0,210.0,0.4833425689697266,True,REGULAR,USD,Call,2027-04-16,NVDA,2026-10-06T00:29:09.099978+00:00,238.9,0.0401800012588501,0.0022226971865062345,0.3859572768879324
NVDA270416C00205000,2026-10-05 15:36:37+00:00,205.0,46.03,47.0,49.8,3.9799995,9.464921,1.0,62.0,0.46640548248291025,True,REGULAR,USD,Call,2027-04-16,NVDA,2026-10-06T00:29:09.099978+00:00,238.9,0.0401800012588501,0.0022226971865062345,0.3859572768879324
NVDA270416C00210000,2026-10-05 19:42:21+00:00,210.0,45.33,43.85,45.45,3.7800026,9.097479,8.0,239.0,0.4434259759521484,True,REGULAR,USD,Call,2027-04-16,NVDA,2026-10-06T00:29:09.099978+00:00,238.9,0.0401800012588501,0.0022226971865062345,0.3859572768879324
NVDA270416C00215000,2026-10-05 17:33:39+00:00,215.0,39.94,40.8,44.05,1.5299988,3.9833345,30.0,1853.0,0.467778759765625,True,REGULAR,USD,Call,2027-04-16,NVDA,2026-10-06T00:29:09.099978+00:00,238.9,0.0401800012588501,0.0022226971865062345,0.3859572768879324
NVDA270416C00220000,2026-10-05 19:46:55+00:00,220.0,38.62,36.75,39.2,3.2199974,9.096038,15.0,303.0,0.43411820770263676,True,REGULAR,USD,Call,2027-04-16,NVDA,2026-10-06T00:29:09.099978+00:00,238.9,0.0401800012588501,0.0022226971865062345,0.3859572768879324
NVDA270416C00225000,2026-10-05 19:48:03+00:00,225.0,35.82,34.65,35.55,3.3199997,10.215384,6.0,319.0,0.41855439849853515,True,REGULAR,USD,Call,2027-04-16,NVDA,2026-10-06T00:29:09.099978+00:00,238.9,0.0401800012588501,0.0022226971865062345,0.3859572768879324
NVDA270416C00230000,2026-10-05 19:36:10+00:00,230.0,32.3,31.65,33.7,3.0299988,10.3518915,164.0,4452.0,0.4285640640258789,True,REGULAR,USD,Call,2027-04-16,NVDA,2026-10-06T00:29:09.099978+00:00,238.9,0.0401800012588501,0.0022226971865062345,0.3859572768879324
NVDA270416C00235000,2026-10-05 19:58:13+00:00,235.0,29.3,29.0,30.95,2.3199997,8.598961,143.0,715.0,0.422857333984375,True,REGULAR,USD,Call,2027-04-16,NVDA,2026-10-06T00:29:09.099978+00:00,238.9,0.0401800012588501,0.0022226971865062345,0.3859572768879324
NVDA270416C00240000,2026-10-05 19:58:59+00:00,240.0,26.8,26.45,27.2,2.25,9.164969,115.0,743.0,0.4007628283691406,False,REGULAR,USD,Call,2027-04-16,NVDA,2026-10-06T00:29:09.099978+00:00,238.9,0.0401800012588501,0.0022226971865062345,0.3859572768879324
NVDA270416C00245000,2026-10-05 19:40:44+00:00,245.0,24.81,24.15,25.3,2.5599995,11.505615,58.0,167.0,0.40381455566406255,False,REGULAR,USD,Call,2027-04-16,NVDA,2026-10-06T00:29:09.099978+00:00,238.9,0.0401800012588501,0.0022226971865062345,0.3859572768879324
NVDA270416C00250000,2026-10-05 19:57:50+00:00,250.0,22.2,22.0,22.95,1.9000015,9.359613,78.0,381.0,0.39838248107910157,False,REGULAR,USD,Call,2027-04-16,NVDA,2026-10-06T00:29:09.099978+00:00,238.9,0.0401800012588501,0.0022226971865062345,0.3859572768879324
NVDA270416C00255000,2026-10-05 19:56:20+00:00,255.0,20.15,19.85,20.9,1.8999996,10.410957,285.0,205.0,0.39539178833007815,False,REGULAR,USD,Call,2027-04-16,NVDA,2026-10-06T00:29:09.099978+00:00,238.9,0.0401800012588501,0.0022226971865062345,0.3859572768879324
NVDA270416C00260000,2026-10-05 19:10:32+00:00,260.0,18.47,17.95,18.75,2.0199986,12.279625,123.0,676.0,0.3890136782836914,False,REGULAR,USD,Call,2027-04-16,NVDA,2026-10-06T00:29:09.099978+00:00,238.9,0.0401800012588501,0.0022226971865062345,0.3859572768879324
NVDA270416C00265000,2026-10-05 19:56:20+00:00,265.0,16.45,16.2,16.95,1.6900005,11.449868,53.0,94.0,0.38590091644287106,False,REGULAR,USD,Call,2027-04-16,NVDA,2026-10-06T00:29:09.099978+00:00,238.9,0.0401800012588501,0.0022226971865062345,0.3859572768879324
NVDA270416C00270000,2026-10-05 19:56:09+00:00,270.0,14.8,14.55,15.15,1.3500004,10.037177,39.0,257.0,0.38089608367919914,False,REGULAR,USD,Call,2027-04-16,NVDA,2026-10-06T00:29:09.099978+00:00,238.9,0.0401800012588501,0.0022226971865062345,0.3859572768879324
NVDA270416C00275000,2026-10-05 19:42:21+00:00,275.0,13.6,13.1,13.45,1.6000004,13.333336,52.0,395.0,0.37546400909423827,False,REGULAR,USD,Call,2027-04-16,NVDA,2026-10-06T00:29:09.099978+00:00,238.9,0.0401800012588501,0.0022226971865062345,0.3859572768879324
NVDA270416C00280000,2026-10-05 19:38:34+00:00,280.0,12.28,11.75,12.1,1.4799995,13.703699,113.0,183.0,0.3736024554443359,False,REGULAR,USD,Call,2027-04-16,NVDA,2026-10-06T00:29:09.099978+00:00,238.9,0.0401800012588501,0.0022226971865062345,0.3859572768879324
NVDA270416C00285000,2026-10-05 19:56:20+00:00,285.0,10.8,10.55,10.85,0.9499998,9.644669,34.0,374.0,0.37161883270263674,False,REGULAR,USD,Call,2027-04-16,NVDA,2026-10-06T00:29:09.099978+00:00,238.9,0.0401800012588501,0.0022226971865062345,0.3859572768879324
NVDA270416C00290000,2026-10-05 19:38:34+00:00,290.0,9.88,9.5,9.8,1.3299999,15.555555,36.0,1548.0,0.37128314270019536,False,REGULAR,USD,Call,2027-04-16,NVDA,2026-10-06T00:29:09.099978+00:00,238.9,0.0401800012588501,0.0022226971865062345,0.3859572768879324
NVDA270416C00295000,2026-10-05 19:36:26+00:00,295.0,8.88,8.15,9.05,0.98,12.405063,97.0,235.0,0.3746705599975586,False,REGULAR,USD,Call,2027-04-16,NVDA,2026-10-06T00:29:09.099978+00:00,238.9,0.0401800012588501,0.0022226971865062345,0.3859572768879324
NVDA270416C00300000,2026-10-05 19:58:53+00:00,300.0,7.65,7.25,8.05,0.84000015,12.334805,555.0,1484.0,0.37219866088867193,False,REGULAR,USD,Call,2027-04-16,NVDA,2026-10-06T00:29:09.099978+00:00,238.9,0.0401800012588501,0.0022226971865062345,0.3859572768879324
NVDA270416C00305000,2026-10-05 19:57:35+00:00,305.0,6.9,6.75,7.0,0.5999999,9.5238085,16.0,676.0,0.3670412417602539,False,REGULAR,USD,Call,2027-04-16,NVDA,2026-10-06T00:29:09.099978+00:00,238.9,0.0401800012588501,0.0022226971865062345,0.3859572768879324
NVDA270416C00310000,2026-10-05 19:47:45+00:00,310.0,6.45,6.0,6.35,0.53999996,9.137055,18.0,139.0,0.3681093463134766,False,REGULAR,USD,Call,2027-04-16,NVDA,2026-10-06T00:29:09.099978+00:00,238.9,0.0401800012588501,0.0022226971865062345,0.3859572768879324
NVDA270416C00315000,2026-10-05 19:45:02+00:00,315.0,5.65,5.4,5.7,0.75,15.306122,7.0,24.0,0.3678652081298829,False,REGULAR,USD,Call,2027-04-16,NVDA,2026-10-06T00:29:09.099978+00:00,238.9,0.0401800012588501,0.0022226971865062345,0.3859572768879324
NVDA270416C00320000,2026-10-05 19:56:20+00:00,320.0,5.0,4.8,5.1,0.5999999,13.636362,8.0,184.0,0.36737693176269537,False,REGULAR,USD,Call,2027-04-16,NVDA,2026-10-06T00:29:09.099978+00:00,238.9,0.0401800012588501,0.0022226971865062345,0.3859572768879324
NVDA270416C00325000,2026-10-05 19:28:34+00:00,325.0,4.46,4.3,4.55,0.36000013,8.780492,17.0,40.0,0.3667055517578125,False,REGULAR,USD,Call,2027-04-16,NVDA,2026-10-06T00:29:09.099978+00:00,238.9,0.0401800012588501,0.0022226971865062345,0.3859572768879324
NVDA270416C00330000,2026-10-05 19:02:29+00:00,330.0,4.0,3.75,4.1,-0.19999981,-4.7619004,6.0,65.0,0.36725486267089846,False,REGULAR,USD,Call,2027-04-16,NVDA,2026-10-06T00:29:09.099978+00:00,238.9,0.0401800012588501,0.0022226971865062345,0.3859572768879324
NVDA270416C00335000,2026-10-05 17:22:44+00:00,335.0,3.2,3.35,3.7,-0.20000005,-5.882354,1.0,18.0,0.3679262426757813,False,REGULAR,USD,Call,2027-04-16,NVDA,2026-10-06T00:29:09.099978+00:00,238.9,0.0401800012588501,0.0022226971865062345,0.3859572768879324
NVDA270416C00340000,2026-10-05 19:29:27+00:00,340.0,3.2,2.98,3.35,0.27999997,9.58904,3.0,65.0,0.3689638299560547,False,REGULAR,USD,Call,2027-04-16,NVDA,2026-10-06T00:29:09.099978+00:00,238.9,0.0401800012588501,0.0022226971865062345,0.3859572768879324
NVDA270416C00345000,2026-10-05 19:28:34+00:00,345.0,2.94,2.24,3.1,-0.029999971,-1.0101,6.0,3.0,0.37201555725097657,False,REGULAR,USD,Call,2027-04-16,NVDA,2026-10-06T00:29:09.099978+00:00,238.9,0.0401800012588501,0.0022226971865062345,0.3859572768879324
NVDA270416C00350000,2026-10-05 19:58:44+00:00,350.0,2.51,2.12,2.6,0.23000002,10.08772,5.0,960.0,0.3660952062988281,False,REGULAR,USD,Call,2027-04-16,NVDA,2026-10-06T00:29:09.099978+00:00,238.9,0.0401800012588501,0.0022226971865062345,0.3859572768879324
NVDA270416C00355000,2026-10-02 15:18:20+00:00,355.0,2.2,1.97,2.52,0.0,0.0,2.0,12.0,0.3731141790771484,False,REGULAR,USD,Call,2027-04-16,NVDA,2026-10-06T00:29:09.099978+00:00,238.9,0.0401800012588501,0.0022226971865062345,0.3859572768879324
NVDA270416C00360000,2026-10-05 18:50:34+00:00,360.0,2.0,1.76,2.1,0.029999971,1.5228412,3.0,85.0,0.36713279357910156,False,REGULAR,USD,Call,2027-04-16,NVDA,2026-10-06T00:29:09.099978+00:00,238.9,0.0401800012588501,0.0022226971865062345,0.3859572768879324
NVDA270416C00365000,2026-10-05 19:29:27+00:00,365.0,1.84,1.72,1.95,0.19000006,11.515155,96.0,149.0,0.3702455554199219,False,REGULAR,USD,Call,2027-04-16,NVDA,2026-10-06T00:29:09.099978+00:00,238.9,0.0401800012588501,0.0022226971865062345,0.3859572768879324
NVDA270416C00370000,2026-10-05 18:44:50+00:00,370.0,1.57,1.43,1.88,0.1500001,10.563387,33.0,29.0,0.3761048718261719,False,REGULAR,USD,Call,2027-04-16,NVDA,2026-10-06T00:29:09.099978+00:00,238.9,0.0401800012588501,0.0022226971865062345,0.3859572768879324
NVDA270416C00375000,2026-10-05 18:20:46+00:00,375.0,1.4,1.28,1.66,0.110000014,8.527134,74.0,54.0,0.37500625,False,REGULAR,USD,Call,2027-04-16,NVDA,2026-10-06T00:29:09.099978+00:00,238.9,0.0401800012588501,0.0022226971865062345,0.3859572768879324
NVDA270416C00380000,2026-10-05 19:30:08+00:00,380.0,1.35,1.25,1.45,0.01999998,1.503758,163.0,15.0,0.37329728271484375,False,REGULAR,USD,Call,2027-04-16,NVDA,2026-10-06T00:29:09.099978+00:00,238.9,0.0401800012588501,0.0022226971865062345,0.3859572768879324
NVDA270416C00385000,2026-10-05 19:56:20+00:00,385.0,1.32,1.0,1.4,0.20000005,17.857145,4.0,23.0,0.3786683227539062,False,REGULAR,USD,Call,2027-04-16,NVDA,2026-10-06T00:29:09.099978+00:00,238.9,0.0401800012588501,0.0022226971865062345,0.3859572768879324
NVDA270416C00390000,2026-10-01 16:51:03+00:00,390.0,0.96,0.8,1.48,0.0,0.0,2.0,52.0,0.39063109375,False,REGULAR,USD,Call,2027-04-16,NVDA,2026-10-06T00:29:09.099978+00:00,238.9,0.0401800012588501,0.0022226971865062345,0.3859572768879324
NVDA270416C00395000,2026-10-01 16:51:03+00:00,395.0,0.99,0.67,1.3,0.120000005,13.793103,1.0,52.0,0.38886109191894536,False,REGULAR,USD,Call,2027-04-16,NVDA,2026-10-06T00:29:09.099978+00:00,238.9,0.0401800012588501,0.0022226971865062345,0.3859572768879324
NVDA270416C00400000,2026-10-05 14:24:41+00:00,400.0,0.85,0.7,1.09,0.050000012,6.250001,230.0,150.0,0.38403936279296874,False,REGULAR,USD,Call,2027-04-16,NVDA,2026-10-06T00:29:09.099978+00:00,238.9,0.0401800012588501,0.0022226971865062345,0.3859572768879324
NVDA270416C00405000,2026-10-05 18:47:08+00:00,405.0,0.79,0.72,1.13,-0.20999998,-20.999998,11.0,19.0,0.3936828210449219,False,REGULAR,USD,Call,2027-04-16,NVDA,2026-10-06T00:29:09.099978+00:00,238.9,0.0401800012588501,0.0022226971865062345,0.3859572768879324
NVDA270416C00410000,2026-10-05 18:47:06+00:00,410.0,0.7,0.61,1.02,0.050000012,7.6923094,10.0,110.0,0.39380489013671877,False,REGULAR,USD,Call,2027-04-16,NVDA,2026-10-06T00:29:09.099978+00:00,238.9,0.0401800012588501,0.0022226971865062345,0.3859572768879324
NVDA270416C00415000,2026-10-05 19:30:08+00:00,415.0,0.67,0.37,0.85,0.06999999,11.666665,6.0,19.0,0.3888000573730469,False,REGULAR,USD,Call,2027-04-16,NVDA,2026-10-06T00:29:09.099978+00:00,238.9,0.0401800012588501,0.0022226971865062345,0.3859572768879324
NVDA270416C00420000,2026-10-05 18:48:26+00:00,420.0,0.59,0.49,0.83,0.049999952,9.25925,139.0,51.0,0.3940490283203125,False,REGULAR,USD,Call,2027-04-16,NVDA,2026-10-06T00:29:09.099978+00:00,238.9,0.0401800012588501,0.0022226971865062345,0.3859572768879324
NVDA270416C00425000,2026-10-01 16:51:45+00:00,425.0,0.5,0.22,0.84,0.0,0.0,2.0,55.0,0.401373173828125,False,REGULAR,USD,Call,2027-04-16,NVDA,2026-10-06T00:29:09.099978+00:00,238.9,0.0401800012588501,0.0022226971865062345,0.3859572768879324
NVDA270416C00430000,2026-10-05 19:30:35+00:00,430.0,0.49,0.43,0.67,0.02000001,4.255321,5.0,39.0,0.3936828210449219,False,REGULAR,USD,Call,2027-04-16,NVDA,2026-10-06T00:29:09.099978+00:00,238.9,0.0401800012588501,0.0022226971865062345,0.3859572768879324
NVDA270416C00435000,2026-10-05 19:30:08+00:00,435.0,0.47,0.14,0.86,0.050000012,11.904764,3.0,191.0,0.4157773266601562,False,REGULAR,USD,Call,2027-04-16,NVDA,2026-10-06T00:29:09.099978+00:00,238.9,0.0401800012588501,0.0022226971865062345,0.3859572768879324
NVDA270416C00440000,2026-10-05 19:30:35+00:00,440.0,0.39,0.2,0.63,-0.02000001,-4.8780513,5.0,40.0,0.4023497265625,False,REGULAR,USD,Call,2027-04-16,NVDA,2026-10-06T00:29:09.099978+00:00,238.9,0.0401800012588501,0.0022226971865062345,0.3859572768879324
NVDA270416P00035000,2026-10-05 16:55:43+00:00,35.0,0.08,0.0,0.4,0.07,700.0001,1.0,5.0,1.1103560107421875,False,REGULAR,USD,Put,2027-04-16,NVDA,2026-10-06T00:29:09.099978+00:00,238.9,0.0401800012588501,0.0022226971865062345,0.3859572768879324
NVDA270416P00040000,2026-10-05 16:56:09+00:00,40.0,0.08,0.0,0.28,0.009999998,14.285711,1.0,2.0,0.989257919921875,False,REGULAR,USD,Put,2027-04-16,NVDA,2026-10-06T00:29:09.099978+00:00,238.9,0.0401800012588501,0.0022226971865062345,0.3859572768879324
NVDA270416P00045000,2026-10-05 16:56:43+00:00,45.0,0.03,0.0,0.36,0.0,0.0,16.0,9.0,0.9521489160156249,False,REGULAR,USD,Put,2027-04-16,NVDA,2026-10-06T00:29:09.099978+00:00,238.9,0.0401800012588501,0.0022226971865062345,0.3859572768879324
NVDA270416P00050000,2026-10-05 19:39:30+00:00,50.0,0.09,0.0,0.34,0.020000003,28.571432,9.0,21.0,0.8867198828124999,False,REGULAR,USD,Put,2027-04-16,NVDA,2026-10-06T00:29:09.099978+00:00,238.9,0.0401800012588501,0.0022226971865062345,0.3859572768879324
NVDA270416P00055000,2026-10-05 16:25:07+00:00,55.0,0.07,0.0,0.34,0.0,0.0,2.0,2.0,0.8339860351562498,False,REGULAR,USD,Put,2027-04-16,NVDA,2026-10-06T00:29:09.099978+00:00,238.9,0.0401800012588501,0.0022226971865062345,0.3859572768879324
NVDA270416P00060000,2026-09-28 14:53:30+00:00,60.0,0.08,0.0,0.2,0.0,0.0,4.0,42.0,0.7382838671874999,False,REGULAR,USD,Put,2027-04-16,NVDA,2026-10-06T00:29:09.099978+00:00,238.9,0.0401800012588501,0.0022226971865062345,0.3859572768879324
NVDA270416P00065000,2026-09-30 15:04:29+00:00,65.0,0.11,0.0,0.2,0.0,0.0,18.0,57.0,0.6972686523437501,False,REGULAR,USD,Put,2027-04-16,NVDA,2026-10-06T00:29:09.099978+00:00,238.9,0.0401800012588501,0.0022226971865062345,0.3859572768879324
NVDA270416P00070000,2026-10-05 13:46:32+00:00,70.0,0.12,0.0,0.41,0.04,50.0,3.0,3.0,0.7172879833984375,False,REGULAR,USD,Put,2027-04-16,NVDA,2026-10-06T00:29:09.099978+00:00,238.9,0.0401800012588501,0.0022226971865062345,0.3859572768879324
NVDA270416P00075000,2026-10-05 16:25:27+00:00,75.0,0.09,0.01,0.17,0.0,0.0,2.0,276.0,0.6162147753906251,False,REGULAR,USD,Put,2027-04-16,NVDA,2026-10-06T00:29:09.099978+00:00,238.9,0.0401800012588501,0.0022226971865062345,0.3859572768879324
NVDA270416P00080000,2026-10-05 17:41:06+00:00,80.0,0.16,0.01,0.18,-0.02000001,-11.111116,8.0,61.0,0.586918193359375,False,REGULAR,USD,Put,2027-04-16,NVDA,2026-10-06T00:29:09.099978+00:00,238.9,0.0401800012588501,0.0022226971865062345,0.3859572768879324
NVDA270416P00085000,2026-10-02 17:19:01+00:00,85.0,0.21,0.02,0.3,0.0,0.0,2.0,35.0,0.5908244042968751,False,REGULAR,USD,Put,2027-04-16,NVDA,2026-10-06T00:29:09.099978+00:00,238.9,0.0401800012588501,0.0022226971865062345,0.3859572768879324
NVDA270416P00090000,2026-10-05 17:41:15+00:00,90.0,0.18,0.08,0.48,-0.07999998,-30.769224,4.0,179.0,0.6015664843750002,False,REGULAR,USD,Put,2027-04-16,NVDA,2026-10-06T00:29:09.099978+00:00,238.9,0.0401800012588501,0.0022226971865062345,0.3859572768879324
NVDA270416P00095000,2026-10-05 19:27:47+00:00,95.0,0.24,0.05,0.5,-0.049999997,-17.241379,9.0,218.0,0.5688519677734375,False,REGULAR,USD,Put,2027-04-16,NVDA,2026-10-06T00:29:09.099978+00:00,238.9,0.0401800012588501,0.0022226971865062345,0.3859572768879324
NVDA270416P00100000,2026-10-05 19:27:20+00:00,100.0,0.27,0.03,0.39,-0.060000002,-18.181818,2.0,1303.0,0.5205126074218749,False,REGULAR,USD,Put,2027-04-16,NVDA,2026-10-06T00:29:09.099978+00:00,238.9,0.0401800012588501,0.0022226971865062345,0.3859572768879324
NVDA270416P00105000,2026-10-05 19:27:47+00:00,105.0,0.35,0.23,0.58,-0.120000005,-25.531916,5.0,15.0,0.5405319384765627,False,REGULAR,USD,Put,2027-04-16,NVDA,2026-10-06T00:29:09.099978+00:00,238.9,0.0401800012588501,0.0022226971865062345,0.3859572768879324
NVDA270416P00110000,2026-10-05 16:41:23+00:00,110.0,0.44,0.14,0.65,-0.089999974,-16.981127,600.0,31.0,0.5102588037109376,False,REGULAR,USD,Put,2027-04-16,NVDA,2026-10-06T00:29:09.099978+00:00,238.9,0.0401800012588501,0.0022226971865062345,0.3859572768879324
NVDA270416P00115000,2026-10-02 17:05:14+00:00,115.0,0.56,0.24,0.84,0.0,0.0,3.0,20.0,0.507817421875,False,REGULAR,USD,Put,2027-04-16,NVDA,2026-10-06T00:29:09.099978+00:00,238.9,0.0401800012588501,0.0022226971865062345,0.3859572768879324
NVDA270416P00120000,2026-10-05 19:27:20+00:00,120.0,0.59,0.5,0.83,-0.07000005,-10.606068,50.0,66.0,0.5173388110351562,False,REGULAR,USD,Put,2027-04-16,NVDA,2026-10-06T00:29:09.099978+00:00,238.9,0.0401800012588501,0.0022226971865062345,0.3859572768879324
NVDA270416P00125000,2026-10-05 16:53:47+00:00,125.0,0.72,0.61,0.93,-0.19,-20.87912,5.0,26.0,0.5002491381835938,False,REGULAR,USD,Put,2027-04-16,NVDA,2026-10-06T00:29:09.099978+00:00,238.9,0.0401800012588501,0.0022226971865062345,0.3859572768879324
NVDA270416P00130000,2026-10-02 16:44:50+00:00,130.0,0.87,0.62,1.05,-0.100000024,-10.30928,20.0,247.0,0.4846242944335938,False,REGULAR,USD,Put,2027-04-16,NVDA,2026-10-06T00:29:09.099978+00:00,238.9,0.0401800012588501,0.0022226971865062345,0.3859572768879324
NVDA270416P00135000,2026-10-05 18:54:38+00:00,135.0,1.0,0.86,1.22,-0.13,-11.504425,36.0,132.0,0.4720511779785156,False,REGULAR,USD,Put,2027-04-16,NVDA,2026-10-06T00:29:09.099978+00:00,238.9,0.0401800012588501,0.0022226971865062345,0.3859572768879324
NVDA270416P00140000,2026-10-05 19:00:59+00:00,140.0,1.18,1.11,1.42,-0.17000008,-12.592598,18.0,630.0,0.4603325451660156,False,REGULAR,USD,Put,2027-04-16,NVDA,2026-10-06T00:29:09.099978+00:00,238.9,0.0401800012588501,0.0022226971865062345,0.3859572768879324
NVDA270416P00145000,2026-10-05 19:56:57+00:00,145.0,1.49,1.2,1.69,-0.13999999,-8.588956,17.0,535.0,0.4515435705566406,False,REGULAR,USD,Put,2027-04-16,NVDA,2026-10-06T00:29:09.099978+00:00,238.9,0.0401800012588501,0.0022226971865062345,0.3859572768879324
NVDA270416P00150000,2026-10-05 19:27:20+00:00,150.0,1.71,1.61,1.91,-0.18999994,-9.999997,6.0,1881.0,0.4379939013671875,False,REGULAR,USD,Put,2027-04-16,NVDA,2026-10-06T00:29:09.099978+00:00,238.9,0.0401800012588501,0.0022226971865062345,0.3859572768879324
NVDA270416P00155000,2026-10-02 14:04:38+00:00,155.0,1.83,1.91,2.23,0.0,0.0,4.0,116.0,0.4282283740234375,False,REGULAR,USD,Put,2027-04-16,NVDA,2026-10-06T00:29:09.099978+00:00,238.9,0.0401800012588501,0.0022226971865062345,0.3859572768879324
NVDA270416P00160000,2026-10-05 19:26:33+00:00,160.0,2.34,2.33,2.71,-0.31000018,-11.69812,6.0,346.0,0.42358974853515624,False,REGULAR,USD,Put,2027-04-16,NVDA,2026-10-06T00:29:09.099978+00:00,238.9,0.0401800012588501,0.0022226971865062345,0.3859572768879324
NVDA270416P00165000,2026-10-05 19:09:05+00:00,165.0,2.8,2.41,2.88,-0.45000005,-13.846155,9.0,730.0,0.40442490112304685,False,REGULAR,USD,Put,2027-04-16,NVDA,2026-10-06T00:29:09.099978+00:00,238.9,0.0401800012588501,0.0022226971865062345,0.3859572768879324
NVDA270416P00170000,2026-10-05 19:41:33+00:00,170.0,3.32,3.1,3.55,-0.53,-13.766233,149.0,699.0,0.40265489929199216,False,REGULAR,USD,Put,2027-04-16,NVDA,2026-10-06T00:29:09.099978+00:00,238.9,0.0401800012588501,0.0022226971865062345,0.3859572768879324
NVDA270416P00175000,2026-10-05 19:45:28+00:00,175.0,3.95,3.8,4.1,-0.49999976,-11.23595,303.0,4031.0,0.39398799377441407,False,REGULAR,USD,Put,2027-04-16,NVDA,2026-10-06T00:29:09.099978+00:00,238.9,0.0401800012588501,0.0022226971865062345,0.3859572768879324
NVDA270416P00180000,2026-10-05 19:41:07+00:00,180.0,4.6,4.4,4.75,-0.5500002,-10.679615,33.0,7224.0,0.3862976409912109,False,REGULAR,USD,Put,2027-04-16,NVDA,2026-10-06T00:29:09.099978+00:00,238.9,0.0401800012588501,0.0022226971865062345,0.3859572768879324
NVDA270416P00185000,2026-10-05 19:52:54+00:00,185.0,5.31,5.2,5.45,-0.74000025,-12.231408,229.0,1270.0,0.3778748736572265,False,REGULAR,USD,Put,2027-04-16,NVDA,2026-10-06T00:29:09.099978+00:00,238.9,0.0401800012588501,0.0022226971865062345,0.3859572768879324
NVDA270416P00190000,2026-10-05 19:43:58+00:00,190.0,6.2,6.1,6.35,-0.8200002,-11.680914,451.0,2189.0,0.3722596954345704,False,REGULAR,USD,Put,2027-04-16,NVDA,2026-10-06T00:29:09.099978+00:00,238.9,0.0401800012588501,0.0022226971865062345,0.3859572768879324
NVDA270416P00195000,2026-10-05 19:21:29+00:00,195.0,7.15,7.1,7.35,-1.0499997,-12.804874,569.0,514.0,0.3664919308471679,False,REGULAR,USD,Put,2027-04-16,NVDA,2026-10-06T00:29:09.099978+00:00,238.9,0.0401800012588501,0.0022226971865062345,0.3859572768879324
NVDA270416P00200000,2026-10-05 19:23:27+00:00,200.0,8.2,8.2,8.45,-1.1999998,-12.765956,208.0,1073.0,0.36044951080322263,False,REGULAR,USD,Put,2027-04-16,NVDA,2026-10-06T00:29:09.099978+00:00,238.9,0.0401800012588501,0.0022226971865062345,0.3859572768879324
NVDA270416P00205000,2026-10-05 19:25:42+00:00,205.0,9.41,9.45,9.75,-1.2700005,-11.89139,18.0,777.0,0.355902437133789,False,REGULAR,USD,Put,2027-04-16,NVDA,2026-10-06T00:29:09.099978+00:00,238.9,0.0401800012588501,0.0022226971865062345,0.3859572768879324
NVDA270416P00210000,2026-10-05 19:26:05+00:00,210.0,10.79,10.55,11.15,-1.5100002,-12.276425,81.0,1993.0,0.35071450073242183,False,REGULAR,USD,Put,2027-04-16,NVDA,2026-10-06T00:29:09.099978+00:00,238.9,0.0401800012588501,0.0022226971865062345,0.3859572768879324
NVDA270416P00215000,2026-10-05 19:25:42+00:00,215.0,12.32,12.35,12.75,-1.8299999,-12.932862,197.0,260.0,0.3465336343383788,False,REGULAR,USD,Put,2027-04-16,NVDA,2026-10-06T00:29:09.099978+00:00,238.9,0.0401800012588501,0.0022226971865062345,0.3859572768879324
NVDA270416P00220000,2026-10-05 19:21:20+00:00,220.0,14.05,14.05,14.4,-2.0500002,-12.73292,21.0,236.0,0.34073535247802733,False,REGULAR,USD,Put,2027-04-16,NVDA,2026-10-06T00:29:09.099978+00:00,238.9,0.0401800012588501,0.0022226971865062345,0.3859572768879324
NVDA270416P00225000,2026-10-05 19:56:31+00:00,225.0,16.04,15.55,16.3,-1.7599983,-9.887631,1483.0,184.0,0.33649345153808596,False,REGULAR,USD,Put,2027-04-16,NVDA,2026-10-06T00:29:09.099978+00:00,238.9,0.0401800012588501,0.0022226971865062345,0.3859572768879324
NVDA270416P00230000,2026-10-05 19:26:49+00:00,230.0,17.85,17.5,18.3,-2.2999992,-11.414389,40.0,855.0,0.33130551513671874,False,REGULAR,USD,Put,2027-04-16,NVDA,2026-10-06T00:29:09.099978+00:00,238.9,0.0401800012588501,0.0022226971865062345,0.3859572768879324
NVDA270416P00235000,2026-10-05 19:42:19+00:00,235.0,20.16,19.8,20.6,-2.3400002,-10.400001,580.0,434.0,0.32816223602294914,False,REGULAR,USD,Put,2027-04-16,NVDA,2026-10-06T00:29:09.099978+00:00,238.9,0.0401800012588501,0.0022226971865062345,0.3859572768879324
NVDA270416P00240000,2026-10-05 19:54:33+00:00,240.0,22.6,21.75,23.3,-2.2999992,-9.236945,60.0,264.0,0.32831482238769527,True,REGULAR,USD,Put,2027-04-16,NVDA,2026-10-06T00:29:09.099978+00:00,238.9,0.0401800012588501,0.0022226971865062345,0.3859572768879324
NVDA270416P00245000,2026-10-05 18:35:01+00:00,245.0,25.35,24.85,25.55,-2.1499996,-7.8181806,38.0,12.0,0.31952584777832027,True,REGULAR,USD,Put,2027-04-16,NVDA,2026-10-06T00:29:09.099978+00:00,238.9,0.0401800012588501,0.0022226971865062345,0.3859572768879324
NVDA270416P00250000,2026-10-05 19:45:23+00:00,250.0,27.66,27.25,28.25,-2.58,-8.531746,35.0,62.0,0.31476515319824216,True,REGULAR,USD,Put,2027-04-16,NVDA,2026-10-06T00:29:09.099978+00:00,238.9,0.0401800012588501,0.0022226971865062345,0.3859572768879324
NVDA270416P00255000,2026-10-05 19:43:44+00:00,255.0,30.45,29.35,31.15,-2.5499992,-7.7272706,36.0,125.0,0.31046221771240234,True,REGULAR,USD,Put,2027-04-16,NVDA,2026-10-06T00:29:09.099978+00:00,238.9,0.0401800012588501,0.0022226971865062345,0.3859572768879324
NVDA270416P00260000,2026-10-05 19:30:39+00:00,260.0,33.55,33.3,34.3,-2.8500023,-7.8296766,14.0,404.0,0.307349455871582,True,REGULAR,USD,Put,2027-04-16,NVDA,2026-10-06T00:29:09.099978+00:00,238.9,0.0401800012588501,0.0022226971865062345,0.3859572768879324
NVDA270416P00265000,2026-09-25 13:41:27+00:00,265.0,47.27,36.4,38.05,0.0,0.0,1.0,1.0,0.31095049407958975,True,REGULAR,USD,Put,2027-04-16,NVDA,2026-10-06T00:29:09.099978+00:00,238.9,0.0401800012588501,0.0022226971865062345,0.3859572768879324
NVDA270416P00270000,2026-10-05 15:28:28+00:00,270.0,42.05,39.1,40.9,-0.6100006,-1.4299123,3.0,8.0,0.29822479125976553,True,REGULAR,USD,Put,2027-04-16,NVDA,2026-10-06T00:29:09.099978+00:00,238.9,0.0401800012588501,0.0022226971865062345,0.3859572768879324
NVDA270416P00275000,2026-09-30 19:50:33+00:00,275.0,51.45,41.45,46.3,0.0,0.0,6.0,5.0,0.3242865423583984,True,REGULAR,USD,Put,2027-04-16,NVDA,2026-10-06T00:29:09.099978+00:00,238.9,0.0401800012588501,0.0022226971865062345,0.3859572768879324
NVDA270416P00280000,2026-10-05 16:48:50+00:00,280.0,49.55,46.45,48.3,-3.8500023,-7.209742,95.0,23.0,0.29206030212402334,True,REGULAR,USD,Put,2027-04-16,NVDA,2026-10-06T00:29:09.099978+00:00,238.9,0.0401800012588501,0.0022226971865062345,0.3859572768879324
NVDA270416P00285000,2026-10-02 16:01:40+00:00,285.0,54.35,48.95,53.75,0.0,0.0,10.0,10.0,0.3172065350341796,True,REGULAR,USD,Put,2027-04-16,NVDA,2026-10-06T00:29:09.099978+00:00,238.9,0.0401800012588501,0.0022226971865062345,0.3859572768879324
NVDA270416P00290000,2026-09-28 15:14:24+00:00,290.0,63.22,52.85,58.05,0.0,0.0,8.0,48.0,0.3208686077880859,True,REGULAR,USD,Put,2027-04-16,NVDA,2026-10-06T00:29:09.099978+00:00,238.9,0.0401800012588501,0.0022226971865062345,0.3859572768879324
NVDA270416P00295000,2026-10-02 15:45:39+00:00,295.0,63.1,57.0,62.25,0.0,0.0,10.0,29.0,0.32114326324462883,True,REGULAR,USD,Put,2027-04-16,NVDA,2026-10-06T00:29:09.099978+00:00,238.9,0.0401800012588501,0.0022226971865062345,0.3859572768879324
NVDA270416P00300000,2026-09-29 15:21:06+00:00,300.0,72.0,61.15,66.4,0.0,0.0,5.0,54.0,0.3185798123168945,True,REGULAR,USD,Put,2027-04-16,NVDA,2026-10-06T00:29:09.099978+00:00,238.9,0.0401800012588501,0.0022226971865062345,0.3859572768879324
NVDA270416P00305000,2026-09-30 14:59:32+00:00,305.0,75.8,65.45,70.75,0.0,0.0,,7.0,0.31842722595214834,True,REGULAR,USD,Put,2027-04-16,NVDA,2026-10-06T00:29:09.099978+00:00,238.9,0.0401800012588501,0.0022226971865062345,0.3859572768879324
NVDA270416P00310000,2026-09-28 17:11:26+00:00,310.0,80.45,69.9,75.15,0.0,0.0,14.0,17.0,0.3176948114013671,True,REGULAR,USD,Put,2027-04-16,NVDA,2026-10-06T00:29:09.099978+00:00,238.9,0.0401800012588501,0.0022226971865062345,0.3859572768879324
NVDA270416P00330000,2026-09-16 13:31:59+00:00,330.0,116.38,87.65,94.5,0.0,0.0,,0.0,0.3490055334472656,True,REGULAR,USD,Put,2027-04-16,NVDA,2026-10-06T00:29:09.099978+00:00,238.9,0.0401800012588501,0.0022226971865062345,0.3859572768879324
NVDA270416P00335000,2026-09-15 15:40:10+00:00,335.0,122.75,92.5,99.1,0.0,0.0,,0.0,0.3484562225341796,True,REGULAR,USD,Put,2027-04-16,NVDA,2026-10-06T00:29:09.099978+00:00,238.9,0.0401800012588501,0.0022226971865062345,0.3859572768879324
NVDA270416P00350000,2026-09-29 17:16:35+00:00,350.0,120.95,108.3,114.15,0.0,0.0,,0.0,0.3812317736816406,True,REGULAR,USD,Put,2027-04-16,NVDA,2026-10-06T00:29:09.099978+00:00,238.9,0.0401800012588501,0.0022226971865062345,0.3859572768879324
NVDA270416P00410000,2026-10-01 13:30:21+00:00,410.0,181.0,167.2,175.35,0.0,0.0,,0.0,0.5275926147460939,True,REGULAR,USD,Put,2027-04-16,NVDA,2026-10-06T00:29:09.099978+00:00,238.9,0.0401800012588501,0.0022226971865062345,0.3859572768879324
NVDA270617C00005000,2026-10-05 16:46:52+00:00,5.0,231.25,229.2,238.6,1.6499939,0.7186384,2.0,11.0,0.500005,True,REGULAR,USD,Call,2027-06-17,NVDA,2026-10-06T00:29:09.099978+00:00,238.9,0.0401800012588501,0.0022226971865062345,0.3859572768879324
NVDA270617C00010000,2026-09-10 19:11:28+00:00,10.0,208.18,224.3,233.2,0.0,0.0,1.0,162.0,3.2265644335937496,True,REGULAR,USD,Call,2027-06-17,NVDA,2026-10-06T00:29:09.099978+00:00,238.9,0.0401800012588501,0.0022226971865062345,0.3859572768879324
NVDA270617C00015000,2026-09-16 18:13:37+00:00,15.0,200.89,219.5,228.9,0.0,0.0,23.0,380.0,1.4951197119140622,True,REGULAR,USD,Call,2027-06-17,NVDA,2026-10-06T00:29:09.099978+00:00,238.9,0.0401800012588501,0.0022226971865062345,0.3859572768879324
NVDA270617C00020000,2026-10-01 15:04:02+00:00,20.0,209.23,214.65,223.9,0.0,0.0,136.0,966.0,1.3701203369140624,True,REGULAR,USD,Call,2027-06-17,NVDA,2026-10-06T00:29:09.099978+00:00,238.9,0.0401800012588501,0.0022226971865062345,0.3859572768879324
NVDA270617C00025000,2026-10-05 18:16:21+00:00,25.0,213.18,211.15,217.75,8.079987,3.9395351,2.0,388.0,1.3129917163085936,True,REGULAR,USD,Call,2027-06-17,NVDA,2026-10-06T00:29:09.099978+00:00,238.9,0.0401800012588501,0.0022226971865062345,0.3859572768879324
NVDA270617C00030000,2026-09-17 19:31:18+00:00,30.0,190.89,205.0,214.35,0.0,0.0,1.0,286.0,1.2705114599609373,True,REGULAR,USD,Call,2027-06-17,NVDA,2026-10-06T00:29:09.099978+00:00,238.9,0.0401800012588501,0.0022226971865062345,0.3859572768879324
NVDA270617C00035000,2026-09-04 19:55:45+00:00,35.0,198.31,200.2,209.55,0.0,0.0,6.0,828.0,1.2197304638671875,True,REGULAR,USD,Call,2027-06-17,NVDA,2026-10-06T00:29:09.099978+00:00,238.9,0.0401800012588501,0.0022226971865062345,0.3859572768879324
NVDA270617C00040000,2026-10-05 16:45:09+00:00,40.0,197.95,196.1,203.8,11.520004,6.179266,42.0,297.0,1.1484417578125,True,REGULAR,USD,Call,2027-06-17,NVDA,2026-10-06T00:29:09.099978+00:00,238.9,0.0401800012588501,0.0022226971865062345,0.3859572768879324
NVDA270617C00045000,2026-09-25 19:20:36+00:00,45.0,181.25,190.55,199.8,0.0,0.0,10.0,216.0,1.1108442895507813,True,REGULAR,USD,Call,2027-06-17,NVDA,2026-10-06T00:29:09.099978+00:00,238.9,0.0401800012588501,0.0022226971865062345,0.3859572768879324
NVDA270617C00050000,2026-10-02 18:53:35+00:00,50.0,185.54,185.7,194.95,0.0,0.0,20.0,466.0,1.0632371057128909,True,REGULAR,USD,Call,2027-06-17,NVDA,2026-10-06T00:29:09.099978+00:00,238.9,0.0401800012588501,0.0022226971865062345,0.3859572768879324
NVDA270617C00055000,2026-10-01 16:07:43+00:00,55.0,176.15,181.0,189.35,0.0,0.0,8.0,767.0,0.9787599780273439,True,REGULAR,USD,Call,2027-06-17,NVDA,2026-10-06T00:29:09.099978+00:00,238.9,0.0401800012588501,0.0022226971865062345,0.3859572768879324
NVDA270617C00060000,2026-10-05 17:00:40+00:00,60.0,178.49,176.05,184.5,11.330002,6.777939,1.0,315.0,0.9357916577148437,True,REGULAR,USD,Call,2027-06-17,NVDA,2026-10-06T00:29:09.099978+00:00,238.9,0.0401800012588501,0.0022226971865062345,0.3859572768879324
NVDA270617C00065000,2026-10-01 18:45:56+00:00,65.0,168.95,171.55,179.65,0.0,0.0,1.0,843.0,0.920899228515625,True,REGULAR,USD,Call,2027-06-17,NVDA,2026-10-06T00:29:09.099978+00:00,238.9,0.0401800012588501,0.0022226971865062345,0.3859572768879324
NVDA270617C00070000,2026-10-02 14:00:07+00:00,70.0,170.0,166.5,174.8,0.0,0.0,1.0,377.0,0.8762219409179688,True,REGULAR,USD,Call,2027-06-17,NVDA,2026-10-06T00:29:09.099978+00:00,238.9,0.0401800012588501,0.0022226971865062345,0.3859572768879324
NVDA270617C00075000,2026-10-02 14:02:40+00:00,75.0,165.0,162.4,170.0,0.0,0.0,1.0,481.0,0.8789074609374999,True,REGULAR,USD,Call,2027-06-17,NVDA,2026-10-06T00:29:09.099978+00:00,238.9,0.0401800012588501,0.0022226971865062345,0.3859572768879324
NVDA270617C00080000,2026-10-05 14:41:35+00:00,80.0,159.3,157.55,165.25,0.22000122,0.13829596,2.0,855.0,0.8488784643554688,True,REGULAR,USD,Call,2027-06-17,NVDA,2026-10-06T00:29:09.099978+00:00,238.9,0.0401800012588501,0.0022226971865062345,0.3859572768879324
NVDA270617C00085000,2026-10-02 17:45:57+00:00,85.0,152.35,152.75,160.45,0.0,0.0,2.0,616.0,0.8199480895996092,True,REGULAR,USD,Call,2027-06-17,NVDA,2026-10-06T00:29:09.099978+00:00,238.9,0.0401800012588501,0.0022226971865062345,0.3859572768879324
NVDA270617C00090000,2026-10-05 17:45:46+00:00,90.0,151.0,148.0,153.3,7.600006,5.2998652,2.0,741.0,0.7087431469726562,True,REGULAR,USD,Call,2027-06-17,NVDA,2026-10-06T00:29:09.099978+00:00,238.9,0.0401800012588501,0.0022226971865062345,0.3859572768879324
NVDA270617C00095000,2026-10-05 17:45:47+00:00,95.0,142.35,143.2,149.8,3.7600098,2.7130456,2.0,517.0,0.7336452416992187,True,REGULAR,USD,Call,2027-06-17,NVDA,2026-10-06T00:29:09.099978+00:00,238.9,0.0401800012588501,0.0022226971865062345,0.3859572768879324
NVDA270617C00100000,2026-10-05 19:48:27+00:00,100.0,143.15,138.45,145.0,5.6100006,4.078814,4.0,5484.0,0.710940390625,True,REGULAR,USD,Call,2027-06-17,NVDA,2026-10-06T00:29:09.099978+00:00,238.9,0.0401800012588501,0.0022226971865062345,0.3859572768879324
NVDA270617C00105000,2026-10-05 16:54:11+00:00,105.0,135.65,133.8,141.35,2.8499908,2.1460774,1.0,16394.0,0.7210721252441408,True,REGULAR,USD,Call,2027-06-17,NVDA,2026-10-06T00:29:09.099978+00:00,238.9,0.0401800012588501,0.0022226971865062345,0.3859572768879324
NVDA270617C00110000,2026-10-05 17:10:59+00:00,110.0,131.5,129.3,136.6,2.619995,2.0328948,1.0,7630.0,0.7034331414794923,True,REGULAR,USD,Call,2027-06-17,NVDA,2026-10-06T00:29:09.099978+00:00,238.9,0.0401800012588501,0.0022226971865062345,0.3859572768879324
NVDA270617C00115000,2026-09-28 15:09:34+00:00,115.0,120.15,124.55,131.9,0.0,0.0,1.0,1073.0,0.6810334631347659,True,REGULAR,USD,Call,2027-06-17,NVDA,2026-10-06T00:29:09.099978+00:00,238.9,0.0401800012588501,0.0022226971865062345,0.3859572768879324
NVDA270617C00120000,2026-10-05 18:12:02+00:00,120.0,122.5,121.3,125.0,1.0599976,0.872857,12.0,3239.0,0.6445348046875,True,REGULAR,USD,Call,2027-06-17,NVDA,2026-10-06T00:29:09.099978+00:00,238.9,0.0401800012588501,0.0022226971865062345,0.3859572768879324
NVDA270617C00125000,2026-10-05 16:57:25+00:00,125.0,116.74,114.9,120.5,-0.25,-0.21369348,1.0,1551.0,0.5942423388671876,True,REGULAR,USD,Call,2027-06-17,NVDA,2026-10-06T00:29:09.099978+00:00,238.9,0.0401800012588501,0.0022226971865062345,0.3859572768879324
NVDA270617C00130000,2026-10-05 19:13:33+00:00,130.0,114.2,111.95,115.5,4.699997,4.2922344,15.0,2221.0,0.6034585552978518,True,REGULAR,USD,Call,2027-06-17,NVDA,2026-10-06T00:29:09.099978+00:00,238.9,0.0401800012588501,0.0022226971865062345,0.3859572768879324
NVDA270617C00135000,2026-10-05 18:59:55+00:00,135.0,109.2,107.15,112.65,3.1299973,2.9508789,47.0,8706.0,0.6124306335449221,True,REGULAR,USD,Call,2027-06-17,NVDA,2026-10-06T00:29:09.099978+00:00,238.9,0.0401800012588501,0.0022226971865062345,0.3859572768879324
NVDA270617C00140000,2026-10-05 19:36:05+00:00,140.0,104.43,102.55,108.85,3.4199982,3.3858016,3.0,3638.0,0.6057778680419923,True,REGULAR,USD,Call,2027-06-17,NVDA,2026-10-06T00:29:09.099978+00:00,238.9,0.0401800012588501,0.0022226971865062345,0.3859572768879324
NVDA270617C00145000,2026-10-05 18:15:30+00:00,145.0,100.0,97.8,102.3,3.550003,3.680667,9.0,1011.0,0.5562788513183594,True,REGULAR,USD,Call,2027-06-17,NVDA,2026-10-06T00:29:09.099978+00:00,238.9,0.0401800012588501,0.0022226971865062345,0.3859572768879324
NVDA270617C00150000,2026-10-05 19:32:26+00:00,150.0,97.0,95.6,97.25,4.8799973,5.297435,69.0,9839.0,0.56485420501709,True,REGULAR,USD,Call,2027-06-17,NVDA,2026-10-06T00:29:09.099978+00:00,238.9,0.0401800012588501,0.0022226971865062345,0.3859572768879324
NVDA270617C00155000,2026-10-05 18:48:41+00:00,155.0,91.11,91.15,92.9,0.84000397,0.93054616,52.0,3518.0,0.5503890176391603,True,REGULAR,USD,Call,2027-06-17,NVDA,2026-10-06T00:29:09.099978+00:00,238.9,0.0401800012588501,0.0022226971865062345,0.3859572768879324
NVDA270617C00160000,2026-10-05 19:45:12+00:00,160.0,87.64,86.65,88.75,2.790001,3.2881567,37.0,7316.0,0.5370529693603516,True,REGULAR,USD,Call,2027-06-17,NVDA,2026-10-06T00:29:09.099978+00:00,238.9,0.0401800012588501,0.0022226971865062345,0.3859572768879324
NVDA270617C00165000,2026-10-05 19:35:38+00:00,165.0,83.95,82.55,86.0,3.3499985,4.156326,6.0,2813.0,0.5426986648559572,True,REGULAR,USD,Call,2027-06-17,NVDA,2026-10-06T00:29:09.099978+00:00,238.9,0.0401800012588501,0.0022226971865062345,0.3859572768879324
NVDA270617C00170000,2026-10-05 19:29:07+00:00,170.0,80.15,77.4,81.7,5.0699997,6.7527966,29.0,7435.0,0.5187426055908204,True,REGULAR,USD,Call,2027-06-17,NVDA,2026-10-06T00:29:09.099978+00:00,238.9,0.0401800012588501,0.0022226971865062345,0.3859572768879324
NVDA270617C00175000,2026-10-05 19:21:57+00:00,175.0,75.5,74.4,75.9,4.9000015,6.940512,55.0,6856.0,0.5014393118286133,True,REGULAR,USD,Call,2027-06-17,NVDA,2026-10-06T00:29:09.099978+00:00,238.9,0.0401800012588501,0.0022226971865062345,0.3859572768879324
NVDA270617C00180000,2026-10-05 19:55:52+00:00,180.0,71.14,70.45,71.55,3.9899979,5.941918,115.0,12133.0,0.4987537918090821,True,REGULAR,USD,Call,2027-06-17,NVDA,2026-10-06T00:29:09.099978+00:00,238.9,0.0401800012588501,0.0022226971865062345,0.3859572768879324
NVDA270617C00185000,2026-10-05 19:32:01+00:00,185.0,67.55,65.7,67.55,3.6800041,5.76171,17.0,5063.0,0.48718774536132814,True,REGULAR,USD,Call,2027-06-17,NVDA,2026-10-06T00:29:09.099978+00:00,238.9,0.0401800012588501,0.0022226971865062345,0.3859572768879324
NVDA270617C00190000,2026-10-05 19:58:27+00:00,190.0,63.0,63.0,64.3,3.5,5.882353,147.0,11009.0,0.4874013662719727,True,REGULAR,USD,Call,2027-06-17,NVDA,2026-10-06T00:29:09.099978+00:00,238.9,0.0401800012588501,0.0022226971865062345,0.3859572768879324
NVDA270617C00195000,2026-10-05 19:16:06+00:00,195.0,60.3,59.1,61.75,4.0999985,7.295371,14.0,6439.0,0.4968312036132813,True,REGULAR,USD,Call,2027-06-17,NVDA,2026-10-06T00:29:09.099978+00:00,238.9,0.0401800012588501,0.0022226971865062345,0.3859572768879324
NVDA270617C00200000,2026-10-05 19:58:47+00:00,200.0,57.0,55.1,56.7,4.630001,8.840942,82.0,22252.0,0.46512375701904296,True,REGULAR,USD,Call,2027-06-17,NVDA,2026-10-06T00:29:09.099978+00:00,238.9,0.0401800012588501,0.0022226971865062345,0.3859572768879324
NVDA270617C00205000,2026-10-05 19:54:41+00:00,205.0,52.8,52.15,53.7,3.8899994,7.9533825,19.0,21839.0,0.4644676356506348,True,REGULAR,USD,Call,2027-06-17,NVDA,2026-10-06T00:29:09.099978+00:00,238.9,0.0401800012588501,0.0022226971865062345,0.3859572768879324
NVDA270617C00210000,2026-10-05 19:57:39+00:00,210.0,49.3,48.9,50.3,3.1699982,6.8718796,79.0,9179.0,0.45633478240966796,True,REGULAR,USD,Call,2027-06-17,NVDA,2026-10-06T00:29:09.099978+00:00,238.9,0.0401800012588501,0.0022226971865062345,0.3859572768879324
NVDA270617C00215000,2026-10-05 19:59:56+00:00,215.0,46.0,45.75,47.0,2.75,6.3583813,160.0,10013.0,0.44836977416992185,True,REGULAR,USD,Call,2027-06-17,NVDA,2026-10-06T00:29:09.099978+00:00,238.9,0.0401800012588501,0.0022226971865062345,0.3859572768879324
NVDA270617C00220000,2026-10-05 19:51:30+00:00,220.0,43.5,42.7,43.75,3.9500008,9.987359,713.0,19038.0,0.4398554550170898,True,REGULAR,USD,Call,2027-06-17,NVDA,2026-10-06T00:29:09.099978+00:00,238.9,0.0401800012588501,0.0022226971865062345,0.3859572768879324
NVDA270617C00225000,2026-10-05 19:59:19+00:00,225.0,39.99,39.8,41.0,2.7700005,7.442237,74.0,7724.0,0.43677321044921874,True,REGULAR,USD,Call,2027-06-17,NVDA,2026-10-06T00:29:09.099978+00:00,238.9,0.0401800012588501,0.0022226971865062345,0.3859572768879324
NVDA270617C00230000,2026-10-05 19:50:47+00:00,230.0,37.15,37.1,38.3,2.7700005,8.057012,840.0,20891.0,0.4328975167846679,True,REGULAR,USD,Call,2027-06-17,NVDA,2026-10-06T00:29:09.099978+00:00,238.9,0.0401800012588501,0.0022226971865062345,0.3859572768879324
NVDA270617C00235000,2026-10-05 19:53:20+00:00,235.0,34.8,34.4,35.5,2.8499985,8.920183,125.0,4311.0,0.426336303100586,True,REGULAR,USD,Call,2027-06-17,NVDA,2026-10-06T00:29:09.099978+00:00,238.9,0.0401800012588501,0.0022226971865062345,0.3859572768879324
NVDA270617C00240000,2026-10-05 19:52:50+00:00,240.0,32.57,31.85,32.75,2.7799988,9.331986,1236.0,10614.0,0.4190731921386719,False,REGULAR,USD,Call,2027-06-17,NVDA,2026-10-06T00:29:09.099978+00:00,238.9,0.0401800012588501,0.0022226971865062345,0.3859572768879324
NVDA270617C00245000,2026-10-05 19:57:14+00:00,245.0,29.62,29.5,30.45,2.3200016,8.498175,421.0,4521.0,0.4161435339355468,False,REGULAR,USD,Call,2027-06-17,NVDA,2026-10-06T00:29:09.099978+00:00,238.9,0.0401800012588501,0.0022226971865062345,0.3859572768879324
NVDA270617C00250000,2026-10-05 19:59:58+00:00,250.0,27.48,27.3,27.7,2.33,9.264414,786.0,23818.0,0.40619490295410154,False,REGULAR,USD,Call,2027-06-17,NVDA,2026-10-06T00:29:09.099978+00:00,238.9,0.0401800012588501,0.0022226971865062345,0.3859572768879324
NVDA270617C00255000,2026-10-05 19:41:21+00:00,255.0,25.4,25.2,25.95,2.0,8.5470085,97.0,4199.0,0.4074461111450196,False,REGULAR,USD,Call,2027-06-17,NVDA,2026-10-06T00:29:09.099978+00:00,238.9,0.0401800012588501,0.0022226971865062345,0.3859572768879324
NVDA270617C00260000,2026-10-05 19:53:27+00:00,260.0,23.81,23.25,23.75,2.4899998,11.679173,273.0,30553.0,0.4016478292846679,False,REGULAR,USD,Call,2027-06-17,NVDA,2026-10-06T00:29:09.099978+00:00,238.9,0.0401800012588501,0.0022226971865062345,0.3859572768879324
NVDA270617C00265000,2026-10-05 19:59:19+00:00,265.0,21.59,21.4,22.35,1.7700005,8.930376,104.0,8493.0,0.40463852203369144,False,REGULAR,USD,Call,2027-06-17,NVDA,2026-10-06T00:29:09.099978+00:00,238.9,0.0401800012588501,0.0022226971865062345,0.3859572768879324
NVDA270617C00270000,2026-10-05 19:57:57+00:00,270.0,19.9,19.25,20.3,1.9499989,10.8635025,487.0,9229.0,0.3980773083496094,False,REGULAR,USD,Call,2027-06-17,NVDA,2026-10-06T00:29:09.099978+00:00,238.9,0.0401800012588501,0.0022226971865062345,0.3859572768879324
NVDA270617C00275000,2026-10-05 19:42:05+00:00,275.0,18.72,17.6,18.9,1.9699993,11.76119,148.0,4262.0,0.3985350674438477,False,REGULAR,USD,Call,2027-06-17,NVDA,2026-10-06T00:29:09.099978+00:00,238.9,0.0401800012588501,0.0022226971865062345,0.3859572768879324
NVDA270617C00280000,2026-10-05 19:58:11+00:00,280.0,16.7,16.7,17.45,1.1000004,7.0512843,376.0,7321.0,0.39716179016113284,False,REGULAR,USD,Call,2027-06-17,NVDA,2026-10-06T00:29:09.099978+00:00,238.9,0.0401800012588501,0.0022226971865062345,0.3859572768879324
NVDA270617C00285000,2026-10-05 19:22:34+00:00,285.0,15.75,15.3,16.05,1.6700001,11.860796,34.0,2655.0,0.3952086846923829,False,REGULAR,USD,Call,2027-06-17,NVDA,2026-10-06T00:29:09.099978+00:00,238.9,0.0401800012588501,0.0022226971865062345,0.3859572768879324
NVDA270617C00290000,2026-10-05 19:44:32+00:00,290.0,14.5,14.0,14.75,1.1000004,8.208959,99.0,10180.0,0.3934386828613281,False,REGULAR,USD,Call,2027-06-17,NVDA,2026-10-06T00:29:09.099978+00:00,238.9,0.0401800012588501,0.0022226971865062345,0.3859572768879324
NVDA270617C00295000,2026-10-05 19:40:01+00:00,295.0,13.4,12.85,13.15,1.5799999,13.367175,112.0,4106.0,0.38623660644531244,False,REGULAR,USD,Call,2027-06-17,NVDA,2026-10-06T00:29:09.099978+00:00,238.9,0.0401800012588501,0.0022226971865062345,0.3859572768879324
NVDA270617C00300000,2026-10-05 19:57:47+00:00,300.0,11.85,11.75,12.05,1.1500006,10.747669,1172.0,31585.0,0.3848022946166991,False,REGULAR,USD,Call,2027-06-17,NVDA,2026-10-06T00:29:09.099978+00:00,238.9,0.0401800012588501,0.0022226971865062345,0.3859572768879324
NVDA270617C00310000,2026-10-05 19:36:48+00:00,310.0,10.3,9.85,10.15,1.3000002,14.444447,613.0,4775.0,0.3830628100585937,False,REGULAR,USD,Call,2027-06-17,NVDA,2026-10-06T00:29:09.099978+00:00,238.9,0.0401800012588501,0.0022226971865062345,0.3859572768879324
NVDA270617C00320000,2026-10-05 19:58:47+00:00,320.0,8.25,8.25,8.8,0.6999998,9.271521,931.0,10335.0,0.3860840200805663,False,REGULAR,USD,Call,2027-06-17,NVDA,2026-10-06T00:29:09.099978+00:00,238.9,0.0401800012588501,0.0022226971865062345,0.3859572768879324
NVDA270617C00330000,2026-10-05 19:47:52+00:00,330.0,7.22,6.9,7.2,0.8199997,12.812495,236.0,3898.0,0.38114022186279295,False,REGULAR,USD,Call,2027-06-17,NVDA,2026-10-06T00:29:09.099978+00:00,238.9,0.0401800012588501,0.0022226971865062345,0.3859572768879324
NVDA270617C00340000,2026-10-05 19:44:00+00:00,340.0,6.0,5.75,6.0,0.6500001,12.149534,93.0,3707.0,0.3794312545776367,False,REGULAR,USD,Call,2027-06-17,NVDA,2026-10-06T00:29:09.099978+00:00,238.9,0.0401800012588501,0.0022226971865062345,0.3859572768879324
NVDA270617C00350000,2026-10-05 19:39:39+00:00,350.0,5.15,4.85,5.0,0.6300001,13.938056,470.0,11209.0,0.3781190118408203,False,REGULAR,USD,Call,2027-06-17,NVDA,2026-10-06T00:29:09.099978+00:00,238.9,0.0401800012588501,0.0022226971865062345,0.3859572768879324
NVDA270617C00360000,2026-10-05 19:39:58+00:00,360.0,4.35,4.05,4.35,0.5,12.987013,234.0,4474.0,0.38150642913818356,False,REGULAR,USD,Call,2027-06-17,NVDA,2026-10-06T00:29:09.099978+00:00,238.9,0.0401800012588501,0.0022226971865062345,0.3859572768879324
NVDA270617C00370000,2026-10-05 19:40:30+00:00,370.0,3.65,3.35,3.7,0.32000017,9.609614,31.0,5240.0,0.3823914300537109,False,REGULAR,USD,Call,2027-06-17,NVDA,2026-10-06T00:29:09.099978+00:00,238.9,0.0401800012588501,0.0022226971865062345,0.3859572768879324
NVDA270617C00380000,2026-10-05 18:41:53+00:00,380.0,2.95,2.86,3.25,0.21000004,7.664235,263.0,4199.0,0.386175571899414,False,REGULAR,USD,Call,2027-06-17,NVDA,2026-10-06T00:29:09.099978+00:00,238.9,0.0401800012588501,0.0022226971865062345,0.3859572768879324
NVDA270617C00390000,2026-10-05 17:15:06+00:00,390.0,2.4,2.4,2.74,0.11000013,4.803499,96.0,1135.0,0.3860535028076171,False,REGULAR,USD,Call,2027-06-17,NVDA,2026-10-06T00:29:09.099978+00:00,238.9,0.0401800012588501,0.0022226971865062345,0.3859572768879324
NVDA270617C00400000,2026-10-05 19:57:47+00:00,400.0,2.23,1.95,2.23,0.18000007,8.780492,63.0,4148.0,0.3831238446044921,False,REGULAR,USD,Call,2027-06-17,NVDA,2026-10-06T00:29:09.099978+00:00,238.9,0.0401800012588501,0.0022226971865062345,0.3859572768879324
NVDA270617C00410000,2026-10-05 17:08:59+00:00,410.0,1.72,1.61,2.19,-0.00999999,-0.5780341,1.0,914.0,0.3952086846923829,False,REGULAR,USD,Call,2027-06-17,NVDA,2026-10-06T00:29:09.099978+00:00,238.9,0.0401800012588501,0.0022226971865062345,0.3859572768879324
NVDA270617C00420000,2026-10-05 19:09:32+00:00,420.0,1.62,1.27,1.9,0.07000005,4.5161324,44.0,9513.0,0.39691765197753903,False,REGULAR,USD,Call,2027-06-17,NVDA,2026-10-06T00:29:09.099978+00:00,238.9,0.0401800012588501,0.0022226971865062345,0.3859572768879324
NVDA270617C00430000,2026-10-02 18:35:03+00:00,430.0,1.29,1.12,1.6,0.0,0.0,223.0,524.0,0.39624627197265627,False,REGULAR,USD,Call,2027-06-17,NVDA,2026-10-06T00:29:09.099978+00:00,238.9,0.0401800012588501,0.0022226971865062345,0.3859572768879324
NVDA270617C00440000,2026-10-05 18:50:36+00:00,440.0,1.12,0.94,1.42,0.00999999,0.9009,3.0,882.0,0.39942006835937505,False,REGULAR,USD,Call,2027-06-17,NVDA,2026-10-06T00:29:09.099978+00:00,238.9,0.0401800012588501,0.0022226971865062345,0.3859572768879324
NVDA270617C00450000,2026-10-05 18:28:25+00:00,450.0,0.97,0.9,1.28,0.030000031,3.1914926,7.0,1789.0,0.40332627929687503,False,REGULAR,USD,Call,2027-06-17,NVDA,2026-10-06T00:29:09.099978+00:00,238.9,0.0401800012588501,0.0022226971865062345,0.3859572768879324
NVDA270617C00455000,2026-10-02 18:38:15+00:00,455.0,0.9,0.71,1.14,0.0,0.0,14.0,286.0,0.4008848974609375,False,REGULAR,USD,Call,2027-06-17,NVDA,2026-10-06T00:29:09.099978+00:00,238.9,0.0401800012588501,0.0022226971865062345,0.3859572768879324
NVDA270617C00460000,2026-10-05 19:32:38+00:00,460.0,0.85,0.71,0.92,0.050000012,6.250001,105.0,7476.0,0.3924621301269531,False,REGULAR,USD,Call,2027-06-17,NVDA,2026-10-06T00:29:09.099978+00:00,238.9,0.0401800012588501,0.0022226971865062345,0.3859572768879324
NVDA270617P00005000,2026-10-02 15:52:12+00:00,5.0,0.02,0.0,0.02,0.0,0.0,3.0,5084.0,1.5000025,False,REGULAR,USD,Put,2027-06-17,NVDA,2026-10-06T00:29:09.099978+00:00,238.9,0.0401800012588501,0.0022226971865062345,0.3859572768879324
NVDA270617P00010000,2026-09-16 19:04:05+00:00,10.0,0.04,0.0,0.34,0.0,0.0,1.0,254.0,1.611330068359375,False,REGULAR,USD,Put,2027-06-17,NVDA,2026-10-06T00:29:09.099978+00:00,238.9,0.0401800012588501,0.0022226971865062345,0.3859572768879324
NVDA270617P00015000,2026-09-01 17:55:14+00:00,15.0,0.03,0.0,1.06,0.0,0.0,60.0,418.0,1.6298846630859374,False,REGULAR,USD,Put,2027-06-17,NVDA,2026-10-06T00:29:09.099978+00:00,238.9,0.0401800012588501,0.0022226971865062345,0.3859572768879324
NVDA270617P00020000,2026-09-18 17:03:58+00:00,20.0,0.06,0.0,1.06,0.0,0.0,2.0,537.0,1.4443387158203125,False,REGULAR,USD,Put,2027-06-17,NVDA,2026-10-06T00:29:09.099978+00:00,238.9,0.0401800012588501,0.0022226971865062345,0.3859572768879324
NVDA270617P00025000,2026-10-02 17:52:22+00:00,25.0,0.06,0.0,0.71,0.0,0.0,2.0,855.0,1.23047259765625,False,REGULAR,USD,Put,2027-06-17,NVDA,2026-10-06T00:29:09.099978+00:00,238.9,0.0401800012588501,0.0022226971865062345,0.3859572768879324
NVDA270617P00030000,2026-10-01 19:45:02+00:00,30.0,0.02,0.0,0.44,0.0,0.0,40.0,11292.0,1.0576218994140625,False,REGULAR,USD,Put,2027-06-17,NVDA,2026-10-06T00:29:09.099978+00:00,238.9,0.0401800012588501,0.0022226971865062345,0.3859572768879324
NVDA270617P00035000,2026-10-02 18:05:34+00:00,35.0,0.06,0.02,0.25,0.0,0.0,4.0,665.0,0.92187578125,False,REGULAR,USD,Put,2027-06-17,NVDA,2026-10-06T00:29:09.099978+00:00,238.9,0.0401800012588501,0.0022226971865062345,0.3859572768879324
NVDA270617P00040000,2026-10-02 17:32:35+00:00,40.0,0.15,0.05,0.25,0.0,0.0,1.0,1252.0,0.867188828125,False,REGULAR,USD,Put,2027-06-17,NVDA,2026-10-06T00:29:09.099978+00:00,238.9,0.0401800012588501,0.0022226971865062345,0.3859572768879324
NVDA270617P00045000,2026-10-05 16:29:35+00:00,45.0,0.1,0.05,0.25,0.0,0.0,6.0,1377.0,0.8105487695312499,False,REGULAR,USD,Put,2027-06-17,NVDA,2026-10-06T00:29:09.099978+00:00,238.9,0.0401800012588501,0.0022226971865062345,0.3859572768879324
NVDA270617P00050000,2026-10-05 16:29:47+00:00,50.0,0.11,0.05,0.29,0.0,0.0,2.0,5035.0,0.77148666015625,False,REGULAR,USD,Put,2027-06-17,NVDA,2026-10-06T00:29:09.099978+00:00,238.9,0.0401800012588501,0.0022226971865062345,0.3859572768879324
NVDA270617P00055000,2026-10-05 17:42:26+00:00,55.0,0.13,0.1,0.3,-0.07000001,-35.000004,2.0,2657.0,0.7402369726562499,False,REGULAR,USD,Put,2027-06-17,NVDA,2026-10-06T00:29:09.099978+00:00,238.9,0.0401800012588501,0.0022226971865062345,0.3859572768879324
NVDA270617P00060000,2026-10-05 17:41:51+00:00,60.0,0.14,0.1,0.35,-0.09,-39.130436,4.0,1572.0,0.708010732421875,False,REGULAR,USD,Put,2027-06-17,NVDA,2026-10-06T00:29:09.099978+00:00,238.9,0.0401800012588501,0.0022226971865062345,0.3859572768879324
NVDA270617P00065000,2026-10-05 17:42:11+00:00,65.0,0.18,0.1,0.34,0.02000001,12.500007,2.0,1096.0,0.6660189648437502,False,REGULAR,USD,Put,2027-06-17,NVDA,2026-10-06T00:29:09.099978+00:00,238.9,0.0401800012588501,0.0022226971865062345,0.3859572768879324
NVDA270617P00070000,2026-10-02 17:34:01+00:00,70.0,0.21,0.01,0.4,0.0,0.0,2.0,3648.0,0.624027197265625,False,REGULAR,USD,Put,2027-06-17,NVDA,2026-10-06T00:29:09.099978+00:00,238.9,0.0401800012588501,0.0022226971865062345,0.3859572768879324
NVDA270617P00075000,2026-10-05 17:43:04+00:00,75.0,0.19,0.1,0.27,0.0,0.0,2.0,8780.0,0.5830119824218749,False,REGULAR,USD,Put,2027-06-17,NVDA,2026-10-06T00:29:09.099978+00:00,238.9,0.0401800012588501,0.0022226971865062345,0.3859572768879324
NVDA270617P00080000,2026-10-05 17:42:45+00:00,80.0,0.28,0.09,0.47,0.030000001,12.0,14.0,8017.0,0.5825237060546875,False,REGULAR,USD,Put,2027-06-17,NVDA,2026-10-06T00:29:09.099978+00:00,238.9,0.0401800012588501,0.0022226971865062345,0.3859572768879324
NVDA270617P00085000,2026-10-02 19:27:26+00:00,85.0,0.35,0.11,0.4,0.0,0.0,6.0,9045.0,0.5449264257812501,False,REGULAR,USD,Put,2027-06-17,NVDA,2026-10-06T00:29:09.099978+00:00,238.9,0.0401800012588501,0.0022226971865062345,0.3859572768879324
NVDA270617P00090000,2026-10-05 13:30:01+00:00,90.0,0.5,0.27,0.45,0.09,21.95122,30.0,3337.0,0.5417526293945314,False,REGULAR,USD,Put,2027-06-17,NVDA,2026-10-06T00:29:09.099978+00:00,238.9,0.0401800012588501,0.0022226971865062345,0.3859572768879324
NVDA270617P00095000,2026-10-05 19:53:59+00:00,95.0,0.44,0.31,0.65,-0.02000001,-4.347828,11.0,4079.0,0.5361374511718751,False,REGULAR,USD,Put,2027-06-17,NVDA,2026-10-06T00:29:09.099978+00:00,238.9,0.0401800012588501,0.0022226971865062345,0.3859572768879324
NVDA270617P00100000,2026-10-05 19:54:51+00:00,100.0,0.53,0.5,0.63,-0.030000031,-5.357148,155.0,19942.0,0.5214891601562499,False,REGULAR,USD,Put,2027-06-17,NVDA,2026-10-06T00:29:09.099978+00:00,238.9,0.0401800012588501,0.0022226971865062345,0.3859572768879324
NVDA270617P00105000,2026-10-05 18:59:20+00:00,105.0,0.61,0.55,0.83,-0.03999996,-6.1538405,4.0,6180.0,0.5112353564453125,False,REGULAR,USD,Put,2027-06-17,NVDA,2026-10-06T00:29:09.099978+00:00,238.9,0.0401800012588501,0.0022226971865062345,0.3859572768879324
NVDA270617P00110000,2026-10-05 18:48:32+00:00,110.0,0.72,0.69,0.78,-0.059999943,-7.692301,13.0,9579.0,0.495122236328125,False,REGULAR,USD,Put,2027-06-17,NVDA,2026-10-06T00:29:09.099978+00:00,238.9,0.0401800012588501,0.0022226971865062345,0.3859572768879324
NVDA270617P00115000,2026-10-05 19:24:49+00:00,115.0,0.85,0.82,1.01,-0.049999952,-5.5555506,113.0,9221.0,0.49182637084960945,False,REGULAR,USD,Put,2027-06-17,NVDA,2026-10-06T00:29:09.099978+00:00,238.9,0.0401800012588501,0.0022226971865062345,0.3859572768879324
NVDA270617P00120000,2026-10-05 18:13:45+00:00,120.0,1.01,0.9,1.17,-0.09000003,-8.181822,37.0,21201.0,0.47949739257812496,False,REGULAR,USD,Put,2027-06-17,NVDA,2026-10-06T00:29:09.099978+00:00,238.9,0.0401800012588501,0.0022226971865062345,0.3859572768879324
NVDA270617P00125000,2026-10-05 16:42:30+00:00,125.0,1.21,1.16,1.35,-0.07999992,-6.201545,32.0,18406.0,0.4676566906738281,False,REGULAR,USD,Put,2027-06-17,NVDA,2026-10-06T00:29:09.099978+00:00,238.9,0.0401800012588501,0.0022226971865062345,0.3859572768879324
NVDA270617P00130000,2026-10-05 19:44:48+00:00,130.0,1.4,1.3,1.59,-0.13999999,-9.090908,126.0,17455.0,0.4583794396972657,False,REGULAR,USD,Put,2027-06-17,NVDA,2026-10-06T00:29:09.099978+00:00,238.9,0.0401800012588501,0.0022226971865062345,0.3859572768879324
NVDA270617P00135000,2026-10-05 18:46:40+00:00,135.0,1.68,1.42,1.74,-0.09000003,-5.084748,3.0,7461.0,0.4425104577636719,False,REGULAR,USD,Put,2027-06-17,NVDA,2026-10-06T00:29:09.099978+00:00,238.9,0.0401800012588501,0.0022226971865062345,0.3859572768879324
NVDA270617P00140000,2026-10-05 19:39:07+00:00,140.0,1.93,1.9,2.16,-0.23000014,-10.648154,927.0,144501.0,0.4398249377441406,False,REGULAR,USD,Put,2027-06-17,NVDA,2026-10-06T00:29:09.099978+00:00,238.9,0.0401800012588501,0.0022226971865062345,0.3859572768879324
NVDA270617P00145000,2026-10-05 16:47:44+00:00,145.0,2.35,2.24,2.63,-0.20000005,-7.8431387,11.0,9204.0,0.43628493408203123,False,REGULAR,USD,Put,2027-06-17,NVDA,2026-10-06T00:29:09.099978+00:00,238.9,0.0401800012588501,0.0022226971865062345,0.3859572768879324
NVDA270617P00150000,2026-10-05 19:58:21+00:00,150.0,2.73,2.67,2.76,-0.28999996,-9.602648,94.0,49900.0,0.4171811212158203,False,REGULAR,USD,Put,2027-06-17,NVDA,2026-10-06T00:29:09.099978+00:00,238.9,0.0401800012588501,0.0022226971865062345,0.3859572768879324
NVDA270617P00155000,2026-10-05 19:26:03+00:00,155.0,3.13,3.05,3.4,-0.31999993,-9.27536,4.0,9682.0,0.4163876721191406,False,REGULAR,USD,Put,2027-06-17,NVDA,2026-10-06T00:29:09.099978+00:00,238.9,0.0401800012588501,0.0022226971865062345,0.3859572768879324
NVDA270617P00160000,2026-10-05 19:21:14+00:00,160.0,3.62,3.6,3.9,-0.4300003,-10.617291,203.0,26019.0,0.40820904296875,False,REGULAR,USD,Put,2027-06-17,NVDA,2026-10-06T00:29:09.099978+00:00,238.9,0.0401800012588501,0.0022226971865062345,0.3859572768879324
NVDA270617P00165000,2026-10-05 19:25:48+00:00,165.0,4.2,4.0,4.65,-0.3800001,-8.296946,32.0,9787.0,0.4056455920410156,False,REGULAR,USD,Put,2027-06-17,NVDA,2026-10-06T00:29:09.099978+00:00,238.9,0.0401800012588501,0.0022226971865062345,0.3859572768879324
NVDA270617P00170000,2026-10-05 19:48:04+00:00,170.0,4.87,4.85,5.35,-0.5300002,-9.814819,59.0,16299.0,0.39932851654052737,False,REGULAR,USD,Put,2027-06-17,NVDA,2026-10-06T00:29:09.099978+00:00,238.9,0.0401800012588501,0.0022226971865062345,0.3859572768879324
NVDA270617P00175000,2026-10-05 19:50:51+00:00,175.0,5.69,5.6,5.85,-0.61000013,-9.682542,108.0,13799.0,0.38660281372070304,False,REGULAR,USD,Put,2027-06-17,NVDA,2026-10-06T00:29:09.099978+00:00,238.9,0.0401800012588501,0.0022226971865062345,0.3859572768879324
NVDA270617P00180000,2026-10-05 19:14:26+00:00,180.0,6.6,6.45,6.7,-0.6300001,-8.713695,379.0,30689.0,0.3807434973144531,False,REGULAR,USD,Put,2027-06-17,NVDA,2026-10-06T00:29:09.099978+00:00,238.9,0.0401800012588501,0.0022226971865062345,0.3859572768879324
NVDA270617P00185000,2026-10-05 19:48:51+00:00,185.0,7.42,7.4,7.65,-0.8299999,-10.060605,318.0,11148.0,0.3751283190917969,False,REGULAR,USD,Put,2027-06-17,NVDA,2026-10-06T00:29:09.099978+00:00,238.9,0.0401800012588501,0.0022226971865062345,0.3859572768879324
NVDA270617P00190000,2026-10-05 19:49:14+00:00,190.0,8.5,8.45,8.75,-0.8999996,-9.574465,799.0,23502.0,0.37055072814941403,False,REGULAR,USD,Put,2027-06-17,NVDA,2026-10-06T00:29:09.099978+00:00,238.9,0.0401800012588501,0.0022226971865062345,0.3859572768879324
NVDA270617P00195000,2026-10-05 19:58:10+00:00,195.0,9.8,9.45,9.85,-0.8999996,-8.411212,1011.0,12912.0,0.3641115835571289,False,REGULAR,USD,Put,2027-06-17,NVDA,2026-10-06T00:29:09.099978+00:00,238.9,0.0401800012588501,0.0022226971865062345,0.3859572768879324
NVDA270617P00200000,2026-10-05 19:32:01+00:00,200.0,10.9,10.95,11.2,-1.25,-10.288066,591.0,21044.0,0.36014433807373036,False,REGULAR,USD,Put,2027-06-17,NVDA,2026-10-06T00:29:09.099978+00:00,238.9,0.0401800012588501,0.0022226971865062345,0.3859572768879324
NVDA270617P00205000,2026-10-05 19:33:45+00:00,205.0,12.3,12.35,12.65,-1.2799997,-9.425624,244.0,11230.0,0.35584140258789054,False,REGULAR,USD,Put,2027-06-17,NVDA,2026-10-06T00:29:09.099978+00:00,238.9,0.0401800012588501,0.0022226971865062345,0.3859572768879324
NVDA270617P00210000,2026-10-05 19:54:46+00:00,210.0,14.0,13.6,14.25,-1.3199997,-8.616186,216.0,13522.0,0.35193519165039056,False,REGULAR,USD,Put,2027-06-17,NVDA,2026-10-06T00:29:09.099978+00:00,238.9,0.0401800012588501,0.0022226971865062345,0.3859572768879324
NVDA270617P00215000,2026-10-05 19:58:43+00:00,215.0,15.75,15.3,15.9,-1.4200001,-8.270239,62.0,3325.0,0.3468998416137695,False,REGULAR,USD,Put,2027-06-17,NVDA,2026-10-06T00:29:09.099978+00:00,238.9,0.0401800012588501,0.0022226971865062345,0.3859572768879324
NVDA270617P00220000,2026-10-05 19:51:01+00:00,220.0,17.44,17.1,17.75,-1.6599998,-8.691098,110.0,10598.0,0.3428410443115234,False,REGULAR,USD,Put,2027-06-17,NVDA,2026-10-06T00:29:09.099978+00:00,238.9,0.0401800012588501,0.0022226971865062345,0.3859572768879324
NVDA270617P00225000,2026-10-05 19:58:43+00:00,225.0,19.5,19.2,19.7,-1.75,-8.235294,317.0,5305.0,0.33829397064208977,False,REGULAR,USD,Put,2027-06-17,NVDA,2026-10-06T00:29:09.099978+00:00,238.9,0.0401800012588501,0.0022226971865062345,0.3859572768879324
NVDA270617P00230000,2026-10-05 19:57:57+00:00,230.0,21.65,21.3,21.95,-1.8000011,-7.675911,1853.0,5575.0,0.3358525888061523,False,REGULAR,USD,Put,2027-06-17,NVDA,2026-10-06T00:29:09.099978+00:00,238.9,0.0401800012588501,0.0022226971865062345,0.3859572768879324
NVDA270617P00235000,2026-10-05 19:48:42+00:00,235.0,23.68,23.55,24.1,-2.3199997,-8.923076,98.0,3487.0,0.3302679278564453,False,REGULAR,USD,Put,2027-06-17,NVDA,2026-10-06T00:29:09.099978+00:00,238.9,0.0401800012588501,0.0022226971865062345,0.3859572768879324
NVDA270617P00240000,2026-10-05 19:32:22+00:00,240.0,25.98,25.75,26.5,-2.4500008,-8.61766,63.0,6111.0,0.3260870614624023,True,REGULAR,USD,Put,2027-06-17,NVDA,2026-10-06T00:29:09.099978+00:00,238.9,0.0401800012588501,0.0022226971865062345,0.3859572768879324
NVDA270617P00245000,2026-10-05 19:57:55+00:00,245.0,28.87,28.15,29.1,-2.4799995,-7.910684,215.0,1458.0,0.32257757507324214,True,REGULAR,USD,Put,2027-06-17,NVDA,2026-10-06T00:29:09.099978+00:00,238.9,0.0401800012588501,0.0022226971865062345,0.3859572768879324
NVDA270617P00250000,2026-10-05 19:40:35+00:00,250.0,31.2,31.1,31.85,-1.9500008,-5.8823547,403.0,2612.0,0.31915964050292955,True,REGULAR,USD,Put,2027-06-17,NVDA,2026-10-06T00:29:09.099978+00:00,238.9,0.0401800012588501,0.0022226971865062345,0.3859572768879324
NVDA270617P00255000,2026-10-02 19:32:10+00:00,255.0,37.25,32.9,35.35,0.0,0.0,42.0,946.0,0.3233710241699218,True,REGULAR,USD,Put,2027-06-17,NVDA,2026-10-06T00:29:09.099978+00:00,238.9,0.0401800012588501,0.0022226971865062345,0.3859572768879324
NVDA270617P00260000,2026-10-05 13:49:16+00:00,260.0,38.45,36.6,38.5,-0.5999985,-1.5364878,1.0,2298.0,0.3214789532470703,True,REGULAR,USD,Put,2027-06-17,NVDA,2026-10-06T00:29:09.099978+00:00,238.9,0.0401800012588501,0.0022226971865062345,0.3859572768879324
NVDA270617P00265000,2026-10-05 18:39:06+00:00,265.0,40.65,39.95,40.9,-4.949997,-10.855257,4.0,523.0,0.30808187042236324,True,REGULAR,USD,Put,2027-06-17,NVDA,2026-10-06T00:29:09.099978+00:00,238.9,0.0401800012588501,0.0022226971865062345,0.3859572768879324
NVDA270617P00270000,2026-10-05 14:25:47+00:00,270.0,44.81,42.9,44.15,-0.43999863,-0.97237265,5.0,2104.0,0.3037789349365234,True,REGULAR,USD,Put,2027-06-17,NVDA,2026-10-06T00:29:09.099978+00:00,238.9,0.0401800012588501,0.0022226971865062345,0.3859572768879324
NVDA270617P00275000,2026-10-05 16:54:02+00:00,275.0,48.4,44.55,48.5,-5.0099983,-9.380262,4.0,494.0,0.31262894409179687,True,REGULAR,USD,Put,2027-06-17,NVDA,2026-10-06T00:29:09.099978+00:00,238.9,0.0401800012588501,0.0022226971865062345,0.3859572768879324
NVDA270617P00280000,2026-10-05 16:54:02+00:00,280.0,52.0,48.05,52.6,-0.34999847,-0.668574,3.0,3002.0,0.3169318795776367,True,REGULAR,USD,Put,2027-06-17,NVDA,2026-10-06T00:29:09.099978+00:00,238.9,0.0401800012588501,0.0022226971865062345,0.3859572768879324
NVDA270617P00285000,2026-10-05 16:55:01+00:00,285.0,55.6,52.2,55.75,-6.050003,-9.813468,102.0,627.0,0.3061592822265625,True,REGULAR,USD,Put,2027-06-17,NVDA,2026-10-06T00:29:09.099978+00:00,238.9,0.0401800012588501,0.0022226971865062345,0.3859572768879324
NVDA270617P00290000,2026-10-05 16:19:11+00:00,290.0,59.89,56.25,59.5,-5.0599976,-7.7906046,10.0,1249.0,0.3021004849243164,True,REGULAR,USD,Put,2027-06-17,NVDA,2026-10-06T00:29:09.099978+00:00,238.9,0.0401800012588501,0.0022226971865062345,0.3859572768879324
NVDA270617P00295000,2026-09-28 14:20:42+00:00,295.0,68.85,59.4,63.35,0.0,0.0,10.0,288.0,0.29779754943847647,True,REGULAR,USD,Put,2027-06-17,NVDA,2026-10-06T00:29:09.099978+00:00,238.9,0.0401800012588501,0.0022226971865062345,0.3859572768879324
NVDA270617P00300000,2026-10-05 18:19:48+00:00,300.0,66.77,64.15,66.95,-2.300003,-3.3299596,92.0,1831.0,0.28711650390624993,True,REGULAR,USD,Put,2027-06-17,NVDA,2026-10-06T00:29:09.099978+00:00,238.9,0.0401800012588501,0.0022226971865062345,0.3859572768879324
NVDA270617P00310000,2026-10-02 17:51:16+00:00,310.0,77.93,71.65,76.85,0.0,0.0,24.0,734.0,0.30972980316162113,True,REGULAR,USD,Put,2027-06-17,NVDA,2026-10-06T00:29:09.099978+00:00,238.9,0.0401800012588501,0.0022226971865062345,0.3859572768879324
NVDA270617P00320000,2026-10-05 18:19:48+00:00,320.0,83.82,80.35,85.6,-1.9300003,-2.2507293,8.0,558.0,0.30783773223876953,True,REGULAR,USD,Put,2027-06-17,NVDA,2026-10-06T00:29:09.099978+00:00,238.9,0.0401800012588501,0.0022226971865062345,0.3859572768879324
NVDA270617P00330000,2026-10-05 19:06:27+00:00,330.0,92.01,89.45,94.6,-5.5899963,-5.727455,2.0,195.0,0.3061592822265625,True,REGULAR,USD,Put,2027-06-17,NVDA,2026-10-06T00:29:09.099978+00:00,238.9,0.0401800012588501,0.0022226971865062345,0.3859572768879324
NVDA270617P00340000,2026-09-25 13:31:46+00:00,340.0,114.45,98.8,104.9,0.0,0.0,1.0,5.0,0.332587240600586,True,REGULAR,USD,Put,2027-06-17,NVDA,2026-10-06T00:29:09.099978+00:00,238.9,0.0401800012588501,0.0022226971865062345,0.3859572768879324
NVDA270617P00350000,2026-09-09 19:04:10+00:00,350.0,126.9,108.5,114.3,0.0,0.0,4.0,0.0,0.3358220715332031,True,REGULAR,USD,Put,2027-06-17,NVDA,2026-10-06T00:29:09.099978+00:00,238.9,0.0401800012588501,0.0022226971865062345,0.3859572768879324
NVDA270617P00360000,2026-07-16 15:34:22+00:00,360.0,152.85,147.55,155.55,0.0,0.0,125.0,0.0,0.7877523666381835,True,REGULAR,USD,Put,2027-06-17,NVDA,2026-10-06T00:29:09.099978+00:00,238.9,0.0401800012588501,0.0022226971865062345,0.3859572768879324
NVDA270617P00370000,2026-07-27 13:30:05+00:00,370.0,162.24,135.0,143.95,0.0,0.0,1.0,0.0,0.5596967858886719,True,REGULAR,USD,Put,2027-06-17,NVDA,2026-10-06T00:29:09.099978+00:00,238.9,0.0401800012588501,0.0022226971865062345,0.3859572768879324
NVDA270617P00380000,2026-07-24 18:14:06+00:00,380.0,170.5,168.75,174.45,0.0,0.0,1.0,0.0,0.8312089633178711,True,REGULAR,USD,Put,2027-06-17,NVDA,2026-10-06T00:29:09.099978+00:00,238.9,0.0401800012588501,0.0022226971865062345,0.3859572768879324
NVDA270617P00390000,2026-05-21 19:07:52+00:00,390.0,171.9,0.0,0.0,0.0,0.0,3.0,0.0,1.0000000000000003e-05,True,REGULAR,USD,Put,2027-06-17,NVDA,2026-10-06T00:29:09.099978+00:00,238.9,0.0401800012588501,0.0022226971865062345,0.3859572768879324
NVDA270617P00400000,2026-08-31 14:42:56+00:00,400.0,179.94,158.45,164.35,0.0,0.0,82.0,0.0,0.4169675003051757,True,REGULAR,USD,Put,2027-06-17,NVDA,2026-10-06T00:29:09.099978+00:00,238.9,0.0401800012588501,0.0022226971865062345,0.3859572768879324
NVDA270617P00410000,2026-05-07 14:22:38+00:00,410.0,196.7,200.0,202.95,0.0,0.0,3.0,0.0,0.8874217800903319,True,REGULAR,USD,Put,2027-06-17,NVDA,2026-10-06T00:29:09.099978+00:00,238.9,0.0401800012588501,0.0022226971865062345,0.3859572768879324
NVDA270617P00420000,2026-06-18 18:58:58+00:00,420.0,210.0,209.15,213.2,0.0,0.0,2.0,0.0,0.901246104736328,True,REGULAR,USD,Put,2027-06-17,NVDA,2026-10-06T00:29:09.099978+00:00,238.9,0.0401800012588501,0.0022226971865062345,0.3859572768879324
NVDA270617P00440000,2026-05-22 15:30:42+00:00,440.0,222.0,0.0,0.0,0.0,0.0,1.0,0.0,1.0000000000000003e-05,True,REGULAR,USD,Put,2027-06-17,NVDA,2026-10-06T00:29:09.099978+00:00,238.9,0.0401800012588501,0.0022226971865062345,0.3859572768879324
NVDA270617P00450000,2026-08-25 19:14:38+00:00,450.0,237.78,206.9,215.35,0.0,0.0,1.0,0.0,0.5131884619140624,True,REGULAR,USD,Put,2027-06-17,NVDA,2026-10-06T00:29:09.099978+00:00,238.9,0.0401800012588501,0.0022226971865062345,0.3859572768879324
NVDA270617P00460000,2026-08-31 13:39:17+00:00,460.0,242.94,216.8,225.35,0.0,0.0,63.0,0.0,0.5257005438232423,True,REGULAR,USD,Put,2027-06-17,NVDA,2026-10-06T00:29:09.099978+00:00,238.9,0.0401800012588501,0.0022226971865062345,0.3859572768879324
NVDA270917C00020000,2026-09-11 19:41:55+00:00,20.0,199.29,215.0,224.15,0.0,0.0,,2.0,1.2871129394531249,True,REGULAR,USD,Call,2027-09-17,NVDA,2026-10-06T00:29:09.099978+00:00,238.9,0.0401800012588501,0.0022226971865062345,0.3859572768879324
NVDA270917C00050000,2026-09-23 14:29:18+00:00,50.0,177.95,186.4,194.7,0.0,0.0,,1.0,0.9377447631835938,True,REGULAR,USD,Call,2027-09-17,NVDA,2026-10-06T00:29:09.099978+00:00,238.9,0.0401800012588501,0.0022226971865062345,0.3859572768879324
NVDA270917C00055000,2026-10-02 15:58:55+00:00,55.0,183.25,181.65,189.95,0.0,0.0,1.0,270.0,0.9069833520507812,True,REGULAR,USD,Call,2027-09-17,NVDA,2026-10-06T00:29:09.099978+00:00,238.9,0.0401800012588501,0.0022226971865062345,0.3859572768879324
NVDA270917C00060000,2026-09-25 19:08:24+00:00,60.0,166.78,177.0,185.2,0.0,0.0,10.0,105.0,0.8815929809570311,True,REGULAR,USD,Call,2027-09-17,NVDA,2026-10-06T00:29:09.099978+00:00,238.9,0.0401800012588501,0.0022226971865062345,0.3859572768879324
NVDA270917C00065000,2026-09-24 16:18:00+00:00,65.0,160.52,172.2,181.6,0.0,0.0,5.0,82.0,0.8923350610351561,True,REGULAR,USD,Call,2027-09-17,NVDA,2026-10-06T00:29:09.099978+00:00,238.9,0.0401800012588501,0.0022226971865062345,0.3859572768879324
NVDA270917C00070000,2026-08-25 18:03:24+00:00,70.0,145.25,167.45,175.7,0.0,0.0,2.0,119.0,0.82226740234375,True,REGULAR,USD,Call,2027-09-17,NVDA,2026-10-06T00:29:09.099978+00:00,238.9,0.0401800012588501,0.0022226971865062345,0.3859572768879324
NVDA270917C00075000,2026-10-05 14:07:38+00:00,75.0,165.06,163.4,171.0,5.9599915,3.746066,5.0,167.0,0.818239122314453,True,REGULAR,USD,Call,2027-09-17,NVDA,2026-10-06T00:29:09.099978+00:00,238.9,0.0401800012588501,0.0022226971865062345,0.3859572768879324
NVDA270917C00080000,2026-09-23 18:33:39+00:00,80.0,149.74,158.65,166.3,0.0,0.0,2.0,132.0,0.7915059912109376,True,REGULAR,USD,Call,2027-09-17,NVDA,2026-10-06T00:29:09.099978+00:00,238.9,0.0401800012588501,0.0022226971865062345,0.3859572768879324
NVDA270917C00085000,2026-08-14 16:48:35+00:00,85.0,144.93,0.0,0.0,0.0,0.0,4.0,0.0,1.0000000000000003e-05,True,REGULAR,USD,Call,2027-09-17,NVDA,2026-10-06T00:29:09.099978+00:00,238.9,0.0401800012588501,0.0022226971865062345,0.3859572768879324
NVDA270917C00090000,2026-09-22 13:49:46+00:00,90.0,143.0,149.3,156.9,0.0,0.0,3.0,216.0,0.7439600799560546,True,REGULAR,USD,Call,2027-09-17,NVDA,2026-10-06T00:29:09.099978+00:00,238.9,0.0401800012588501,0.0022226971865062345,0.3859572768879324
NVDA270917C00095000,2026-10-05 19:39:43+00:00,95.0,148.8,144.6,152.25,23.300003,18.565739,21.0,116.0,0.7214993670654297,True,REGULAR,USD,Call,2027-09-17,NVDA,2026-10-06T00:29:09.099978+00:00,238.9,0.0401800012588501,0.0022226971865062345,0.3859572768879324
NVDA270917C00100000,2026-10-05 19:10:40+00:00,100.0,145.0,139.95,147.6,8.800003,6.461089,14.0,419.0,0.7004424487304688,True,REGULAR,USD,Call,2027-09-17,NVDA,2026-10-06T00:29:09.099978+00:00,238.9,0.0401800012588501,0.0022226971865062345,0.3859572768879324
NVDA270917C00105000,2026-10-05 13:40:10+00:00,105.0,136.7,135.35,142.95,12.399994,9.97586,5.0,176.0,0.6805451867675782,True,REGULAR,USD,Call,2027-09-17,NVDA,2026-10-06T00:29:09.099978+00:00,238.9,0.0401800012588501,0.0022226971865062345,0.3859572768879324
NVDA270917C00110000,2026-10-05 19:53:27+00:00,110.0,134.8,133.7,138.35,4.800003,3.69231,8.0,578.0,0.7102079760742188,True,REGULAR,USD,Call,2027-09-17,NVDA,2026-10-06T00:29:09.099978+00:00,238.9,0.0401800012588501,0.0022226971865062345,0.3859572768879324
NVDA270917C00115000,2026-10-02 16:36:39+00:00,115.0,127.42,126.35,133.1,0.0,0.0,1.0,443.0,0.6355627264404298,True,REGULAR,USD,Call,2027-09-17,NVDA,2026-10-06T00:29:09.099978+00:00,238.9,0.0401800012588501,0.0022226971865062345,0.3859572768879324
NVDA270917C00120000,2026-10-05 18:15:07+00:00,120.0,124.75,123.5,127.2,1.8300018,1.4887747,1.0,509.0,0.6240882318115235,True,REGULAR,USD,Call,2027-09-17,NVDA,2026-10-06T00:29:09.099978+00:00,238.9,0.0401800012588501,0.0022226971865062345,0.3859572768879324
NVDA270917C00125000,2026-10-05 18:57:02+00:00,125.0,121.34,118.3,123.0,7.6399994,6.7194366,1.0,436.0,0.6026040716552736,True,REGULAR,USD,Call,2027-09-17,NVDA,2026-10-06T00:29:09.099978+00:00,238.9,0.0401800012588501,0.0022226971865062345,0.3859572768879324
NVDA270917C00130000,2026-10-05 17:53:09+00:00,130.0,115.38,112.8,119.05,6.579994,6.047788,5.0,639.0,0.5808147387695313,True,REGULAR,USD,Call,2027-09-17,NVDA,2026-10-06T00:29:09.099978+00:00,238.9,0.0401800012588501,0.0022226971865062345,0.3859572768879324
NVDA270917C00135000,2026-10-05 15:00:30+00:00,135.0,110.66,108.35,114.15,6.1500015,5.8846054,1.0,740.0,0.5607343731689454,True,REGULAR,USD,Call,2027-09-17,NVDA,2026-10-06T00:29:09.099978+00:00,238.9,0.0401800012588501,0.0022226971865062345,0.3859572768879324
NVDA270917C00140000,2026-10-02 14:08:09+00:00,140.0,105.3,105.15,109.5,0.0,0.0,1.0,1827.0,0.5589033367919922,True,REGULAR,USD,Call,2027-09-17,NVDA,2026-10-06T00:29:09.099978+00:00,238.9,0.0401800012588501,0.0022226971865062345,0.3859572768879324
NVDA270917C00145000,2026-10-05 19:38:51+00:00,145.0,104.35,100.85,105.4,3.949997,3.93426,11.0,519.0,0.549076774902344,True,REGULAR,USD,Call,2027-09-17,NVDA,2026-10-06T00:29:09.099978+00:00,238.9,0.0401800012588501,0.0022226971865062345,0.3859572768879324
NVDA270917C00150000,2026-10-05 19:54:10+00:00,150.0,99.7,98.05,100.95,3.7199936,3.8758006,11.0,2092.0,0.5502364312744141,True,REGULAR,USD,Call,2027-09-17,NVDA,2026-10-06T00:29:09.099978+00:00,238.9,0.0401800012588501,0.0022226971865062345,0.3859572768879324
NVDA270917C00155000,2026-10-05 19:54:48+00:00,155.0,94.1,94.45,96.5,2.0999985,2.282607,6.0,603.0,0.5416000430297853,True,REGULAR,USD,Call,2027-09-17,NVDA,2026-10-06T00:29:09.099978+00:00,238.9,0.0401800012588501,0.0022226971865062345,0.3859572768879324
NVDA270917C00160000,2026-10-05 19:54:44+00:00,160.0,91.45,89.15,92.15,4.649994,5.357136,8.0,1528.0,0.5172472592163085,True,REGULAR,USD,Call,2027-09-17,NVDA,2026-10-06T00:29:09.099978+00:00,238.9,0.0401800012588501,0.0022226971865062345,0.3859572768879324
NVDA270917C00165000,2026-10-05 19:45:53+00:00,165.0,87.63,85.2,89.1,1.1800003,1.3649513,4.0,527.0,0.516881051940918,True,REGULAR,USD,Call,2027-09-17,NVDA,2026-10-06T00:29:09.099978+00:00,238.9,0.0401800012588501,0.0022226971865062345,0.3859572768879324
NVDA270917C00170000,2026-10-05 18:53:10+00:00,170.0,83.2,80.6,84.85,3.199997,3.9999962,3.0,726.0,0.5344895184326173,True,REGULAR,USD,Call,2027-09-17,NVDA,2026-10-06T00:29:09.099978+00:00,238.9,0.0401800012588501,0.0022226971865062345,0.3859572768879324
NVDA270917C00175000,2026-10-05 19:54:59+00:00,175.0,79.2,75.95,81.0,2.199997,2.8571389,7.0,880.0,0.5245408874511719,True,REGULAR,USD,Call,2027-09-17,NVDA,2026-10-06T00:29:09.099978+00:00,238.9,0.0401800012588501,0.0022226971865062345,0.3859572768879324
NVDA270917C00180000,2026-10-05 19:51:49+00:00,180.0,76.13,73.75,77.95,4.169998,5.7948837,10.0,1178.0,0.5258531301879883,True,REGULAR,USD,Call,2027-09-17,NVDA,2026-10-06T00:29:09.099978+00:00,238.9,0.0401800012588501,0.0022226971865062345,0.3859572768879324
NVDA270917C00185000,2026-10-05 19:33:08+00:00,185.0,72.75,70.05,74.6,2.6900024,3.8395698,6.0,870.0,0.5212755392456053,True,REGULAR,USD,Call,2027-09-17,NVDA,2026-10-06T00:29:09.099978+00:00,238.9,0.0401800012588501,0.0022226971865062345,0.3859572768879324
NVDA270917C00190000,2026-10-05 19:44:42+00:00,190.0,68.73,67.35,69.65,3.7800064,5.8198714,28.0,1626.0,0.49341326904296884,True,REGULAR,USD,Call,2027-09-17,NVDA,2026-10-06T00:29:09.099978+00:00,238.9,0.0401800012588501,0.0022226971865062345,0.3859572768879324
NVDA270917C00195000,2026-10-05 19:14:42+00:00,195.0,65.73,63.65,68.1,3.130005,5.000008,8.0,1185.0,0.5116625982666017,True,REGULAR,USD,Call,2027-09-17,NVDA,2026-10-06T00:29:09.099978+00:00,238.9,0.0401800012588501,0.0022226971865062345,0.3859572768879324
NVDA270917C00200000,2026-10-05 19:51:56+00:00,200.0,62.11,60.65,62.45,3.670002,6.2799487,113.0,3718.0,0.4742179043579102,True,REGULAR,USD,Call,2027-09-17,NVDA,2026-10-06T00:29:09.099978+00:00,238.9,0.0401800012588501,0.0022226971865062345,0.3859572768879324
NVDA270917C00205000,2026-10-05 19:55:52+00:00,205.0,58.52,57.5,59.6,2.920002,5.251802,49.0,2171.0,0.47296669616699216,True,REGULAR,USD,Call,2027-09-17,NVDA,2026-10-06T00:29:09.099978+00:00,238.9,0.0401800012588501,0.0022226971865062345,0.3859572768879324
NVDA270917C00210000,2026-10-05 19:54:46+00:00,210.0,55.25,54.85,56.3,3.25,6.25,87.0,3351.0,0.46500168792724617,True,REGULAR,USD,Call,2027-09-17,NVDA,2026-10-06T00:29:09.099978+00:00,238.9,0.0401800012588501,0.0022226971865062345,0.3859572768879324
NVDA270917C00215000,2026-10-05 19:38:00+00:00,215.0,53.1,51.15,53.1,3.7599983,7.6205883,148.0,1990.0,0.45738762832641605,True,REGULAR,USD,Call,2027-09-17,NVDA,2026-10-06T00:29:09.099978+00:00,238.9,0.0401800012588501,0.0022226971865062345,0.3859572768879324
NVDA270917C00220000,2026-10-05 19:56:50+00:00,220.0,49.45,48.75,51.05,3.2000008,6.91892,196.0,4900.0,0.46236194381713874,True,REGULAR,USD,Call,2027-09-17,NVDA,2026-10-06T00:29:09.099978+00:00,238.9,0.0401800012588501,0.0022226971865062345,0.3859572768879324
NVDA270917C00225000,2026-10-05 19:55:32+00:00,225.0,46.48,46.0,49.45,2.829998,6.483386,18.0,9729.0,0.47115091842651363,True,REGULAR,USD,Call,2027-09-17,NVDA,2026-10-06T00:29:09.099978+00:00,238.9,0.0401800012588501,0.0022226971865062345,0.3859572768879324
NVDA270917C00230000,2026-10-05 19:57:42+00:00,230.0,43.8,43.5,44.4,3.1499977,7.749071,90.0,7233.0,0.4396113168334961,True,REGULAR,USD,Call,2027-09-17,NVDA,2026-10-06T00:29:09.099978+00:00,238.9,0.0401800012588501,0.0022226971865062345,0.3859572768879324
NVDA270917C00235000,2026-10-05 19:59:33+00:00,235.0,41.17,40.95,43.0,2.7999992,7.297366,2741.0,1880.0,0.4485223605346679,True,REGULAR,USD,Call,2027-09-17,NVDA,2026-10-06T00:29:09.099978+00:00,238.9,0.0401800012588501,0.0022226971865062345,0.3859572768879324
NVDA270917C00240000,2026-10-05 19:54:30+00:00,240.0,39.0,38.45,40.0,3.1599998,8.816964,79.0,4471.0,0.4385432122802735,False,REGULAR,USD,Call,2027-09-17,NVDA,2026-10-06T00:29:09.099978+00:00,238.9,0.0401800012588501,0.0022226971865062345,0.3859572768879324
NVDA270917C00245000,2026-10-05 19:08:09+00:00,245.0,36.88,36.0,39.5,3.1599998,9.371293,91.0,1542.0,0.45499202239990233,False,REGULAR,USD,Call,2027-09-17,NVDA,2026-10-06T00:29:09.099978+00:00,238.9,0.0401800012588501,0.0022226971865062345,0.3859572768879324
NVDA270917C00250000,2026-10-05 19:54:14+00:00,250.0,34.5,33.3,35.45,2.8400002,8.970309,226.0,5643.0,0.4317988949584961,False,REGULAR,USD,Call,2027-09-17,NVDA,2026-10-06T00:29:09.099978+00:00,238.9,0.0401800012588501,0.0022226971865062345,0.3859572768879324
NVDA270917C00255000,2026-10-05 19:58:19+00:00,255.0,32.15,31.85,32.6,2.3000011,7.705197,255.0,1898.0,0.42082793533325197,False,REGULAR,USD,Call,2027-09-17,NVDA,2026-10-06T00:29:09.099978+00:00,238.9,0.0401800012588501,0.0022226971865062345,0.3859572768879324
NVDA270917C00260000,2026-10-05 19:59:21+00:00,260.0,30.0,29.75,32.0,2.25,8.1081085,159.0,4059.0,0.43315691360473635,False,REGULAR,USD,Call,2027-09-17,NVDA,2026-10-06T00:29:09.099978+00:00,238.9,0.0401800012588501,0.0022226971865062345,0.3859572768879324
NVDA270917C00265000,2026-10-05 19:06:29+00:00,265.0,28.67,26.45,29.95,2.3700008,9.011411,122.0,1917.0,0.42896078857421877,False,REGULAR,USD,Call,2027-09-17,NVDA,2026-10-06T00:29:09.099978+00:00,238.9,0.0401800012588501,0.0022226971865062345,0.3859572768879324
NVDA270917C00270000,2026-10-05 19:31:06+00:00,270.0,26.81,26.25,27.2,2.5100002,10.32922,86.0,3186.0,0.4163266375732422,False,REGULAR,USD,Call,2027-09-17,NVDA,2026-10-06T00:29:09.099978+00:00,238.9,0.0401800012588501,0.0022226971865062345,0.3859572768879324
NVDA270917C00275000,2026-10-05 19:57:21+00:00,275.0,24.7,24.55,25.25,1.5799999,6.83391,167.0,2025.0,0.41138283935546877,False,REGULAR,USD,Call,2027-09-17,NVDA,2026-10-06T00:29:09.099978+00:00,238.9,0.0401800012588501,0.0022226971865062345,0.3859572768879324
NVDA270917C00280000,2026-10-05 19:46:02+00:00,280.0,23.55,20.35,23.35,1.8999996,8.77598,216.0,3479.0,0.40605757522583,False,REGULAR,USD,Call,2027-09-17,NVDA,2026-10-06T00:29:09.099978+00:00,238.9,0.0401800012588501,0.0022226971865062345,0.3859572768879324
NVDA270917C00285000,2026-10-05 19:52:10+00:00,285.0,22.02,21.5,24.85,1.6700001,8.206388,34.0,2102.0,0.4373530386352539,False,REGULAR,USD,Call,2027-09-17,NVDA,2026-10-06T00:29:09.099978+00:00,238.9,0.0401800012588501,0.0022226971865062345,0.3859572768879324
NVDA270917C00290000,2026-10-05 19:33:07+00:00,290.0,20.53,20.1,20.6,1.6300011,8.624345,29.0,2220.0,0.404379125213623,False,REGULAR,USD,Call,2027-09-17,NVDA,2026-10-06T00:29:09.099978+00:00,238.9,0.0401800012588501,0.0022226971865062345,0.3859572768879324
NVDA270917C00295000,2026-10-05 19:44:21+00:00,295.0,19.15,18.8,19.15,1.1999989,6.6852303,66.0,1594.0,0.40146472564697266,False,REGULAR,USD,Call,2027-09-17,NVDA,2026-10-06T00:29:09.099978+00:00,238.9,0.0401800012588501,0.0022226971865062345,0.3859572768879324
NVDA270917C00300000,2026-10-05 19:40:42+00:00,300.0,18.1,17.55,18.5,1.9099998,11.797404,169.0,6608.0,0.4069425761413575,False,REGULAR,USD,Call,2027-09-17,NVDA,2026-10-06T00:29:09.099978+00:00,238.9,0.0401800012588501,0.0022226971865062345,0.3859572768879324
NVDA270917C00310000,2026-10-05 19:40:42+00:00,310.0,15.8,15.3,15.65,1.6500006,11.660782,82.0,2846.0,0.39769584243774414,False,REGULAR,USD,Call,2027-09-17,NVDA,2026-10-06T00:29:09.099978+00:00,238.9,0.0401800012588501,0.0022226971865062345,0.3859572768879324
NVDA270917C00320000,2026-10-05 19:42:22+00:00,320.0,13.7,13.35,13.7,0.8999996,7.031247,101.0,2921.0,0.39609368560791025,False,REGULAR,USD,Call,2027-09-17,NVDA,2026-10-06T00:29:09.099978+00:00,238.9,0.0401800012588501,0.0022226971865062345,0.3859572768879324
NVDA270917C00330000,2026-10-05 19:47:52+00:00,330.0,11.92,11.5,11.9,1.1199999,10.370369,53.0,1766.0,0.39362178649902346,False,REGULAR,USD,Call,2027-09-17,NVDA,2026-10-06T00:29:09.099978+00:00,238.9,0.0401800012588501,0.0022226971865062345,0.3859572768879324
NVDA270917C00340000,2026-10-05 19:41:34+00:00,340.0,10.48,10.05,10.45,1.0299997,10.899467,73.0,2550.0,0.3931640274047852,False,REGULAR,USD,Call,2027-09-17,NVDA,2026-10-06T00:29:09.099978+00:00,238.9,0.0401800012588501,0.0022226971865062345,0.3859572768879324
NVDA270917C00350000,2026-10-05 19:33:08+00:00,350.0,9.07,8.8,9.15,0.9200001,11.288345,25.0,1792.0,0.39243161285400385,False,REGULAR,USD,Call,2027-09-17,NVDA,2026-10-06T00:29:09.099978+00:00,238.9,0.0401800012588501,0.0022226971865062345,0.3859572768879324
NVDA270917C00360000,2026-10-05 19:49:19+00:00,360.0,7.9,7.4,8.4,0.6500001,8.965518,4.0,647.0,0.3979552392578125,False,REGULAR,USD,Call,2027-09-17,NVDA,2026-10-06T00:29:09.099978+00:00,238.9,0.0401800012588501,0.0022226971865062345,0.3859572768879324
NVDA270917C00370000,2026-10-05 19:57:38+00:00,370.0,6.8,6.7,6.9,0.25,3.8167937,43.0,6720.0,0.38941040283203127,False,REGULAR,USD,Call,2027-09-17,NVDA,2026-10-06T00:29:09.099978+00:00,238.9,0.0401800012588501,0.0022226971865062345,0.3859572768879324
NVDA270917C00380000,2026-10-05 19:03:55+00:00,380.0,6.05,5.85,6.2,0.23000002,3.9518902,19.0,640.0,0.3920043710327148,False,REGULAR,USD,Call,2027-09-17,NVDA,2026-10-06T00:29:09.099978+00:00,238.9,0.0401800012588501,0.0022226971865062345,0.3859572768879324
NVDA270917C00390000,2026-10-05 13:57:51+00:00,390.0,5.1,5.15,5.5,0.4000001,8.51064,1.0,870.0,0.39301144104003904,False,REGULAR,USD,Call,2027-09-17,NVDA,2026-10-06T00:29:09.099978+00:00,238.9,0.0401800012588501,0.0022226971865062345,0.3859572768879324
NVDA270917C00400000,2026-10-05 19:51:56+00:00,400.0,4.8,4.5,4.8,0.5300002,12.412184,121.0,1645.0,0.3922485092163086,False,REGULAR,USD,Call,2027-09-17,NVDA,2026-10-06T00:29:09.099978+00:00,238.9,0.0401800012588501,0.0022226971865062345,0.3859572768879324
NVDA270917C00410000,2026-10-05 14:07:51+00:00,410.0,3.7,3.95,4.3,-0.14999986,-3.8961003,50.0,286.0,0.3940490283203125,False,REGULAR,USD,Call,2027-09-17,NVDA,2026-10-06T00:29:09.099978+00:00,238.9,0.0401800012588501,0.0022226971865062345,0.3859572768879324
NVDA270917C00420000,2026-10-05 18:16:32+00:00,420.0,3.47,3.45,3.8,0.17000008,5.1515174,224.0,865.0,0.3944762701416016,False,REGULAR,USD,Call,2027-09-17,NVDA,2026-10-06T00:29:09.099978+00:00,238.9,0.0401800012588501,0.0022226971865062345,0.3859572768879324
NVDA270917C00430000,2026-10-05 18:53:58+00:00,430.0,3.15,3.0,3.5,0.03000021,0.9615452,50.0,248.0,0.3985045501708985,False,REGULAR,USD,Call,2027-09-17,NVDA,2026-10-06T00:29:09.099978+00:00,238.9,0.0401800012588501,0.0022226971865062345,0.3859572768879324
NVDA270917C00440000,2026-10-05 14:21:01+00:00,440.0,2.7,2.4,3.35,0.13000011,5.05837,1.0,323.0,0.4056455920410156,False,REGULAR,USD,Call,2027-09-17,NVDA,2026-10-06T00:29:09.099978+00:00,238.9,0.0401800012588501,0.0022226971865062345,0.3859572768879324
NVDA270917C00450000,2026-10-02 19:56:50+00:00,450.0,2.28,2.14,2.64,0.0,0.0,73.0,1617.0,0.39600213378906257,False,REGULAR,USD,Call,2027-09-17,NVDA,2026-10-06T00:29:09.099978+00:00,238.9,0.0401800012588501,0.0022226971865062345,0.3859572768879324
NVDA270917C00455000,2026-09-29 15:08:51+00:00,455.0,2.31,2.21,2.55,0.0,0.0,1.0,364.0,0.39826041198730466,False,REGULAR,USD,Call,2027-09-17,NVDA,2026-10-06T00:29:09.099978+00:00,238.9,0.0401800012588501,0.0022226971865062345,0.3859572768879324
NVDA270917C00460000,2026-10-05 19:36:51+00:00,460.0,2.29,2.04,2.48,0.19000006,9.047622,213.0,2111.0,0.4010069665527344,False,REGULAR,USD,Call,2027-09-17,NVDA,2026-10-06T00:29:09.099978+00:00,238.9,0.0401800012588501,0.0022226971865062345,0.3859572768879324
NVDA270917P00005000,2026-09-15 15:28:20+00:00,5.0,0.08,0.0,1.0,0.0,0.0,,10.0,2.07031732421875,False,REGULAR,USD,Put,2027-09-17,NVDA,2026-10-06T00:29:09.099978+00:00,238.9,0.0401800012588501,0.0022226971865062345,0.3859572768879324
NVDA270917P00020000,2026-09-23 17:34:11+00:00,20.0,0.1,0.0,0.52,0.0,0.0,2.0,3.0,1.1162153564453123,False,REGULAR,USD,Put,2027-09-17,NVDA,2026-10-06T00:29:09.099978+00:00,238.9,0.0401800012588501,0.0022226971865062345,0.3859572768879324
NVDA270917P00025000,2026-10-05 16:30:26+00:00,25.0,0.09,0.0,0.22,0.010000005,12.500007,2.0,1.0,0.9101571484375,False,REGULAR,USD,Put,2027-09-17,NVDA,2026-10-06T00:29:09.099978+00:00,238.9,0.0401800012588501,0.0022226971865062345,0.3859572768879324
NVDA270917P00035000,2026-09-29 17:00:17+00:00,35.0,0.13,0.01,0.35,0.0,0.0,2.0,2.0,0.8173846386718748,False,REGULAR,USD,Put,2027-09-17,NVDA,2026-10-06T00:29:09.099978+00:00,238.9,0.0401800012588501,0.0022226971865062345,0.3859572768879324
NVDA270917P00040000,2026-10-05 13:43:07+00:00,40.0,0.12,0.0,0.23,0.0,0.0,6.0,59.0,0.72070591796875,False,REGULAR,USD,Put,2027-09-17,NVDA,2026-10-06T00:29:09.099978+00:00,238.9,0.0401800012588501,0.0022226971865062345,0.3859572768879324
NVDA270917P00045000,2026-10-05 16:31:17+00:00,45.0,0.15,0.0,0.3,-0.00999999,-6.2499943,2.0,1.0,0.6953155468750001,False,REGULAR,USD,Put,2027-09-17,NVDA,2026-10-06T00:29:09.099978+00:00,238.9,0.0401800012588501,0.0022226971865062345,0.3859572768879324
NVDA270917P00050000,2026-10-05 16:31:44+00:00,50.0,0.18,0.0,0.35,-0.00999999,-5.263153,2.0,68.0,0.6640658593750002,False,REGULAR,USD,Put,2027-09-17,NVDA,2026-10-06T00:29:09.099978+00:00,238.9,0.0401800012588501,0.0022226971865062345,0.3859572768879324
NVDA270917P00055000,2026-10-05 19:27:43+00:00,55.0,0.2,0.1,0.21,-0.03999999,-16.666662,100.0,2932.0,0.6152382226562501,False,REGULAR,USD,Put,2027-09-17,NVDA,2026-10-06T00:29:09.099978+00:00,238.9,0.0401800012588501,0.0022226971865062345,0.3859572768879324
NVDA270917P00060000,2026-10-01 16:01:07+00:00,60.0,0.27,0.2,0.48,0.0,0.0,8.0,364.0,0.64062859375,False,REGULAR,USD,Put,2027-09-17,NVDA,2026-10-06T00:29:09.099978+00:00,238.9,0.0401800012588501,0.0022226971865062345,0.3859572768879324
NVDA270917P00065000,2026-09-18 17:47:01+00:00,65.0,0.38,0.1,0.57,0.0,0.0,12.0,256.0,0.6035195898437502,False,REGULAR,USD,Put,2027-09-17,NVDA,2026-10-06T00:29:09.099978+00:00,238.9,0.0401800012588501,0.0022226971865062345,0.3859572768879324
NVDA270917P00070000,2026-10-02 13:42:47+00:00,70.0,0.39,0.06,0.62,0.0,0.0,1.0,603.0,0.5717816259765626,False,REGULAR,USD,Put,2027-09-17,NVDA,2026-10-06T00:29:09.099978+00:00,238.9,0.0401800012588501,0.0022226971865062345,0.3859572768879324
NVDA270917P00075000,2026-09-29 14:59:04+00:00,75.0,0.49,0.1,0.67,0.0,0.0,30.0,170.0,0.5507857421875001,False,REGULAR,USD,Put,2027-09-17,NVDA,2026-10-06T00:29:09.099978+00:00,238.9,0.0401800012588501,0.0022226971865062345,0.3859572768879324
NVDA270917P00080000,2026-10-05 16:48:29+00:00,80.0,0.47,0.23,0.72,-0.03999999,-7.8431354,18.0,341.0,0.5380905566406251,False,REGULAR,USD,Put,2027-09-17,NVDA,2026-10-06T00:29:09.099978+00:00,238.9,0.0401800012588501,0.0022226971865062345,0.3859572768879324
NVDA270917P00085000,2026-10-05 19:24:08+00:00,85.0,0.57,0.23,0.83,-0.00999999,-1.7241364,5.0,404.0,0.5185595019531251,False,REGULAR,USD,Put,2027-09-17,NVDA,2026-10-06T00:29:09.099978+00:00,238.9,0.0401800012588501,0.0022226971865062345,0.3859572768879324
NVDA270917P00090000,2026-10-05 19:51:39+00:00,90.0,0.66,0.57,0.94,-0.01999998,-2.9411736,18.0,816.0,0.5205126074218749,False,REGULAR,USD,Put,2027-09-17,NVDA,2026-10-06T00:29:09.099978+00:00,238.9,0.0401800012588501,0.0022226971865062345,0.3859572768879324
NVDA270917P00095000,2026-10-05 18:15:10+00:00,95.0,0.76,0.7,1.07,-0.16000003,-17.391306,21.0,870.0,0.5075732836914062,False,REGULAR,USD,Put,2027-09-17,NVDA,2026-10-06T00:29:09.099978+00:00,238.9,0.0401800012588501,0.0022226971865062345,0.3859572768879324
NVDA270917P00100000,2026-10-05 16:56:53+00:00,100.0,0.92,0.9,1.01,-0.01999998,-2.1276577,21.0,2670.0,0.493291199951172,False,REGULAR,USD,Put,2027-09-17,NVDA,2026-10-06T00:29:09.099978+00:00,238.9,0.0401800012588501,0.0022226971865062345,0.3859572768879324
NVDA270917P00105000,2026-10-05 19:24:35+00:00,105.0,1.05,0.9,1.22,-0.04000008,-3.669732,60.0,717.0,0.4849905017089844,False,REGULAR,USD,Put,2027-09-17,NVDA,2026-10-06T00:29:09.099978+00:00,238.9,0.0401800012588501,0.0022226971865062345,0.3859572768879324
NVDA270917P00110000,2026-10-05 17:53:28+00:00,110.0,1.26,1.06,1.42,-0.07000005,-5.2631617,35.0,1271.0,0.4742484216308594,False,REGULAR,USD,Put,2027-09-17,NVDA,2026-10-06T00:29:09.099978+00:00,238.9,0.0401800012588501,0.0022226971865062345,0.3859572768879324
NVDA270917P00115000,2026-10-05 14:21:36+00:00,115.0,1.48,1.2,1.8,-0.029999971,-1.9867531,21.0,950.0,0.47284462707519537,False,REGULAR,USD,Put,2027-09-17,NVDA,2026-10-06T00:29:09.099978+00:00,238.9,0.0401800012588501,0.0022226971865062345,0.3859572768879324
NVDA270917P00120000,2026-10-05 17:48:59+00:00,120.0,1.65,1.55,2.06,-0.13,-7.303371,3.0,2673.0,0.4622856506347657,False,REGULAR,USD,Put,2027-09-17,NVDA,2026-10-06T00:29:09.099978+00:00,238.9,0.0401800012588501,0.0022226971865062345,0.3859572768879324
NVDA270917P00125000,2026-10-05 19:32:37+00:00,125.0,1.94,1.85,2.22,-0.12999988,-6.2801876,12.0,3896.0,0.4461725305175781,False,REGULAR,USD,Put,2027-09-17,NVDA,2026-10-06T00:29:09.099978+00:00,238.9,0.0401800012588501,0.0022226971865062345,0.3859572768879324
NVDA270917P00130000,2026-10-05 15:40:15+00:00,130.0,2.3,2.22,2.32,-0.1400001,-5.737709,2.0,4340.0,0.4274959594726563,False,REGULAR,USD,Put,2027-09-17,NVDA,2026-10-06T00:29:09.099978+00:00,238.9,0.0401800012588501,0.0022226971865062345,0.3859572768879324
NVDA270917P00135000,2026-10-05 19:19:35+00:00,135.0,2.64,2.6,2.83,-0.18999982,-6.713774,111.0,2537.0,0.42529871582031253,False,REGULAR,USD,Put,2027-09-17,NVDA,2026-10-06T00:29:09.099978+00:00,238.9,0.0401800012588501,0.0022226971865062345,0.3859572768879324
NVDA270917P00140000,2026-10-05 18:42:59+00:00,140.0,3.05,2.67,3.2,-0.25,-7.5757575,247.0,5933.0,0.4157773266601562,False,REGULAR,USD,Put,2027-09-17,NVDA,2026-10-06T00:29:09.099978+00:00,238.9,0.0401800012588501,0.0022226971865062345,0.3859572768879324
NVDA270917P00145000,2026-10-05 19:21:25+00:00,145.0,3.54,3.2,3.7,-0.23000002,-6.100796,194.0,4782.0,0.4094297338867187,False,REGULAR,USD,Put,2027-09-17,NVDA,2026-10-06T00:29:09.099978+00:00,238.9,0.0401800012588501,0.0022226971865062345,0.3859572768879324
NVDA270917P00150000,2026-10-05 19:49:50+00:00,150.0,4.1,4.0,4.3,-0.3000002,-6.818186,258.0,13753.0,0.4043638665771484,False,REGULAR,USD,Put,2027-09-17,NVDA,2026-10-06T00:29:09.099978+00:00,238.9,0.0401800012588501,0.0022226971865062345,0.3859572768879324
NVDA270917P00155000,2026-10-05 19:39:27+00:00,155.0,4.71,4.65,5.2,-0.38999987,-7.647056,27.0,2522.0,0.4052183502197265,False,REGULAR,USD,Put,2027-09-17,NVDA,2026-10-06T00:29:09.099978+00:00,238.9,0.0401800012588501,0.0022226971865062345,0.3859572768879324
NVDA270917P00160000,2026-10-05 19:44:25+00:00,160.0,5.41,5.1,5.8,-0.44000006,-7.521369,35.0,5227.0,0.3966429965209961,False,REGULAR,USD,Put,2027-09-17,NVDA,2026-10-06T00:29:09.099978+00:00,238.9,0.0401800012588501,0.0022226971865062345,0.3859572768879324
NVDA270917P00165000,2026-10-05 19:38:36+00:00,165.0,6.16,6.05,6.45,-0.53999996,-8.059701,207.0,2123.0,0.38812867736816403,False,REGULAR,USD,Put,2027-09-17,NVDA,2026-10-06T00:29:09.099978+00:00,238.9,0.0401800012588501,0.0022226971865062345,0.3859572768879324
NVDA270917P00170000,2026-10-05 19:44:25+00:00,170.0,7.0,6.9,7.1,-0.65999985,-8.616186,334.0,4514.0,0.3786072882080078,False,REGULAR,USD,Put,2027-09-17,NVDA,2026-10-06T00:29:09.099978+00:00,238.9,0.0401800012588501,0.0022226971865062345,0.3859572768879324
NVDA270917P00175000,2026-10-05 18:16:21+00:00,175.0,8.0,7.85,8.2,-0.6000004,-6.9767485,106.0,3684.0,0.376532113647461,False,REGULAR,USD,Put,2027-09-17,NVDA,2026-10-06T00:29:09.099978+00:00,238.9,0.0401800012588501,0.0022226971865062345,0.3859572768879324
NVDA270917P00180000,2026-10-05 19:53:54+00:00,180.0,8.95,8.9,9.25,-0.6999998,-7.253885,110.0,9884.0,0.37177141906738287,False,REGULAR,USD,Put,2027-09-17,NVDA,2026-10-06T00:29:09.099978+00:00,238.9,0.0401800012588501,0.0022226971865062345,0.3859572768879324
NVDA270917P00185000,2026-10-05 19:59:03+00:00,185.0,10.25,10.1,10.35,-0.6999998,-6.3926926,136.0,4251.0,0.36643089630126957,False,REGULAR,USD,Put,2027-09-17,NVDA,2026-10-06T00:29:09.099978+00:00,238.9,0.0401800012588501,0.0022226971865062345,0.3859572768879324
NVDA270917P00190000,2026-10-05 19:51:30+00:00,190.0,11.37,11.3,11.65,-1.0,-8.084074,273.0,7225.0,0.36273830627441406,False,REGULAR,USD,Put,2027-09-17,NVDA,2026-10-06T00:29:09.099978+00:00,238.9,0.0401800012588501,0.0022226971865062345,0.3859572768879324
NVDA270917P00195000,2026-10-05 17:29:15+00:00,195.0,12.94,12.65,13.0,-0.71000004,-5.201465,327.0,3214.0,0.35831330169677733,False,REGULAR,USD,Put,2027-09-17,NVDA,2026-10-06T00:29:09.099978+00:00,238.9,0.0401800012588501,0.0022226971865062345,0.3859572768879324
NVDA270917P00200000,2026-10-05 19:58:58+00:00,200.0,14.34,14.05,14.5,-0.96000004,-6.27451,142.0,10064.0,0.35452915985107414,False,REGULAR,USD,Put,2027-09-17,NVDA,2026-10-06T00:29:09.099978+00:00,238.9,0.0401800012588501,0.0022226971865062345,0.3859572768879324
NVDA270917P00205000,2026-10-05 18:59:35+00:00,205.0,15.73,15.5,16.2,-1.3999996,-8.172795,275.0,4112.0,0.35193519165039056,False,REGULAR,USD,Put,2027-09-17,NVDA,2026-10-06T00:29:09.099978+00:00,238.9,0.0401800012588501,0.0022226971865062345,0.3859572768879324
NVDA270917P00210000,2026-10-05 19:00:24+00:00,210.0,17.45,17.3,17.8,-1.2999992,-6.933329,234.0,2997.0,0.34659466888427726,False,REGULAR,USD,Put,2027-09-17,NVDA,2026-10-06T00:29:09.099978+00:00,238.9,0.0401800012588501,0.0022226971865062345,0.3859572768879324
NVDA270917P00215000,2026-10-05 17:08:15+00:00,215.0,19.51,19.2,19.6,-1.2099991,-5.839764,21.0,2905.0,0.34241380249023434,False,REGULAR,USD,Put,2027-09-17,NVDA,2026-10-06T00:29:09.099978+00:00,238.9,0.0401800012588501,0.0022226971865062345,0.3859572768879324
NVDA270917P00220000,2026-10-05 19:26:54+00:00,220.0,21.35,20.65,21.6,-1.3899994,-6.112574,252.0,3796.0,0.33920948883056634,False,REGULAR,USD,Put,2027-09-17,NVDA,2026-10-06T00:29:09.099978+00:00,238.9,0.0401800012588501,0.0022226971865062345,0.3859572768879324
NVDA270917P00225000,2026-10-05 19:35:25+00:00,225.0,23.15,23.0,23.7,-1.7800007,-7.139994,37.0,4673.0,0.33579155426025387,False,REGULAR,USD,Put,2027-09-17,NVDA,2026-10-06T00:29:09.099978+00:00,238.9,0.0401800012588501,0.0022226971865062345,0.3859572768879324
NVDA270917P00230000,2026-10-05 19:36:02+00:00,230.0,25.31,25.4,25.9,-2.2399998,-8.130671,124.0,5638.0,0.3321142228698731,False,REGULAR,USD,Put,2027-09-17,NVDA,2026-10-06T00:29:09.099978+00:00,238.9,0.0401800012588501,0.0022226971865062345,0.3859572768879324
NVDA270917P00235000,2026-10-05 19:26:28+00:00,235.0,27.9,27.55,29.7,-1.9700012,-6.59525,2662.0,1474.0,0.344733115234375,False,REGULAR,USD,Put,2027-09-17,NVDA,2026-10-06T00:29:09.099978+00:00,238.9,0.0401800012588501,0.0022226971865062345,0.3859572768879324
NVDA270917P00240000,2026-10-05 19:45:59+00:00,240.0,30.1,27.1,30.65,-2.1200008,-6.5797668,23.0,1710.0,0.32462223236083976,True,REGULAR,USD,Put,2027-09-17,NVDA,2026-10-06T00:29:09.099978+00:00,238.9,0.0401800012588501,0.0022226971865062345,0.3859572768879324
NVDA270917P00245000,2026-10-02 15:12:46+00:00,245.0,35.0,31.3,33.2,0.0,0.0,13.0,974.0,0.3207770559692382,True,REGULAR,USD,Put,2027-09-17,NVDA,2026-10-06T00:29:09.099978+00:00,238.9,0.0401800012588501,0.0022226971865062345,0.3859572768879324
NVDA270917P00250000,2026-10-05 19:15:30+00:00,250.0,35.25,32.15,35.9,-2.7799988,-7.310015,33.0,1541.0,0.31722179367065423,True,REGULAR,USD,Put,2027-09-17,NVDA,2026-10-06T00:29:09.099978+00:00,238.9,0.0401800012588501,0.0022226971865062345,0.3859572768879324
NVDA270917P00255000,2026-10-05 19:42:02+00:00,255.0,38.1,38.15,38.7,-2.050003,-5.10586,42.0,364.0,0.31342239318847653,True,REGULAR,USD,Put,2027-09-17,NVDA,2026-10-06T00:29:09.099978+00:00,238.9,0.0401800012588501,0.0022226971865062345,0.3859572768879324
NVDA270917P00260000,2026-10-05 15:28:36+00:00,260.0,42.4,39.5,41.65,-1.4300003,-3.2626061,3.0,225.0,0.309928165435791,True,REGULAR,USD,Put,2027-09-17,NVDA,2026-10-06T00:29:09.099978+00:00,238.9,0.0401800012588501,0.0022226971865062345,0.3859572768879324
NVDA270917P00265000,2026-10-05 14:08:54+00:00,265.0,45.27,41.25,44.75,-3.579998,-7.328553,6.0,126.0,0.3067391104125976,True,REGULAR,USD,Put,2027-09-17,NVDA,2026-10-06T00:29:09.099978+00:00,238.9,0.0401800012588501,0.0022226971865062345,0.3859572768879324
NVDA270917P00270000,2026-10-05 14:12:26+00:00,270.0,48.58,46.65,48.4,-8.719997,-15.218146,6.0,241.0,0.3083565258789062,True,REGULAR,USD,Put,2027-09-17,NVDA,2026-10-06T00:29:09.099978+00:00,238.9,0.0401800012588501,0.0022226971865062345,0.3859572768879324
NVDA270917P00275000,2026-10-01 18:18:49+00:00,275.0,56.1,49.9,52.0,0.0,0.0,16.0,122.0,0.3082802326965332,True,REGULAR,USD,Put,2027-09-17,NVDA,2026-10-06T00:29:09.099978+00:00,238.9,0.0401800012588501,0.0022226971865062345,0.3859572768879324
NVDA270917P00280000,2026-10-05 17:29:13+00:00,280.0,55.08,53.3,58.55,-1.8699989,-3.28358,4.0,600.0,0.34073535247802733,True,REGULAR,USD,Put,2027-09-17,NVDA,2026-10-06T00:29:09.099978+00:00,238.9,0.0401800012588501,0.0022226971865062345,0.3859572768879324
NVDA270917P00285000,2026-09-04 14:39:14+00:00,285.0,64.64,54.05,59.05,0.0,0.0,1.0,120.0,0.3028328994750976,True,REGULAR,USD,Put,2027-09-17,NVDA,2026-10-06T00:29:09.099978+00:00,238.9,0.0401800012588501,0.0022226971865062345,0.3859572768879324
NVDA270917P00290000,2026-09-21 19:05:45+00:00,290.0,70.35,59.45,63.95,0.0,0.0,2.0,198.0,0.3149482568359374,True,REGULAR,USD,Put,2027-09-17,NVDA,2026-10-06T00:29:09.099978+00:00,238.9,0.0401800012588501,0.0022226971865062345,0.3859572768879324
NVDA270917P00295000,2026-10-05 17:40:03+00:00,295.0,65.8,62.4,66.95,-5.6399994,-7.894736,4.0,956.0,0.3029549685668945,True,REGULAR,USD,Put,2027-09-17,NVDA,2026-10-06T00:29:09.099978+00:00,238.9,0.0401800012588501,0.0022226971865062345,0.3859572768879324
NVDA270917P00300000,2026-10-05 19:39:43+00:00,300.0,68.25,66.3,71.25,-12.099998,-15.059115,206.0,1046.0,0.3060066958618164,True,REGULAR,USD,Put,2027-09-17,NVDA,2026-10-06T00:29:09.099978+00:00,238.9,0.0401800012588501,0.0022226971865062345,0.3859572768879324
NVDA270917P00310000,2026-10-02 13:31:20+00:00,310.0,79.78,73.2,80.35,0.0,0.0,2.0,905.0,0.31662670684814453,True,REGULAR,USD,Put,2027-09-17,NVDA,2026-10-06T00:29:09.099978+00:00,238.9,0.0401800012588501,0.0022226971865062345,0.3859572768879324
NVDA270917P00320000,2026-10-02 13:33:24+00:00,320.0,89.75,81.45,89.15,0.0,0.0,3.0,2751.0,0.32059395233154286,True,REGULAR,USD,Put,2027-09-17,NVDA,2026-10-06T00:29:09.099978+00:00,238.9,0.0401800012588501,0.0022226971865062345,0.3859572768879324
NVDA270917P00330000,2026-10-02 14:47:38+00:00,330.0,95.85,90.1,97.75,0.0,0.0,20.0,1327.0,0.3185798123168945,True,REGULAR,USD,Put,2027-09-17,NVDA,2026-10-06T00:29:09.099978+00:00,238.9,0.0401800012588501,0.0022226971865062345,0.3859572768879324
NVDA270917P00340000,2026-09-23 18:16:07+00:00,340.0,115.51,99.05,106.65,0.0,0.0,41.0,43.0,0.31806101867675773,True,REGULAR,USD,Put,2027-09-17,NVDA,2026-10-06T00:29:09.099978+00:00,238.9,0.0401800012588501,0.0022226971865062345,0.3859572768879324
NVDA270917P00350000,2026-09-15 19:32:01+00:00,350.0,137.91,107.6,116.85,0.0,0.0,5.0,3.0,0.338324487915039,True,REGULAR,USD,Put,2027-09-17,NVDA,2026-10-06T00:29:09.099978+00:00,238.9,0.0401800012588501,0.0022226971865062345,0.3859572768879324
NVDA270917P00360000,2026-10-01 18:03:50+00:00,360.0,129.35,117.15,126.0,0.0,0.0,2.0,0.0,0.3385686260986328,True,REGULAR,USD,Put,2027-09-17,NVDA,2026-10-06T00:29:09.099978+00:00,238.9,0.0401800012588501,0.0022226971865062345,0.3859572768879324
NVDA270917P00370000,2026-06-05 16:31:42+00:00,370.0,163.25,0.0,0.0,0.0,0.0,2.0,0.0,1.0000000000000003e-05,True,REGULAR,USD,Put,2027-09-17,NVDA,2026-10-06T00:29:09.099978+00:00,238.9,0.0401800012588501,0.0022226971865062345,0.3859572768879324
NVDA270917P00380000,2026-05-14 13:33:08+00:00,380.0,153.2,169.5,173.15,0.0,0.0,3.0,0.0,0.7095365960693358,True,REGULAR,USD,Put,2027-09-17,NVDA,2026-10-06T00:29:09.099978+00:00,238.9,0.0401800012588501,0.0022226971865062345,0.3859572768879324
NVDA270917P00390000,2026-07-20 19:14:30+00:00,390.0,187.25,178.35,184.75,0.0,0.0,1.0,0.0,0.7292812716674805,True,REGULAR,USD,Put,2027-09-17,NVDA,2026-10-06T00:29:09.099978+00:00,238.9,0.0401800012588501,0.0022226971865062345,0.3859572768879324
NVDA270917P00400000,2026-08-27 13:35:10+00:00,400.0,178.0,158.55,166.0,0.0,0.0,3.0,0.0,0.3951171328735352,True,REGULAR,USD,Put,2027-09-17,NVDA,2026-10-06T00:29:09.099978+00:00,238.9,0.0401800012588501,0.0022226971865062345,0.3859572768879324
NVDA270917P00410000,2026-05-21 19:05:11+00:00,410.0,191.37,0.0,0.0,0.0,0.0,3.0,0.0,1.0000000000000003e-05,True,REGULAR,USD,Put,2027-09-17,NVDA,2026-10-06T00:29:09.099978+00:00,238.9,0.0401800012588501,0.0022226971865062345,0.3859572768879324
NVDA270917P00460000,2026-09-04 16:54:29+00:00,460.0,228.35,216.65,225.0,0.0,0.0,1.0,0.0,0.4422663195800781,True,REGULAR,USD,Put,2027-09-17,NVDA,2026-10-06T00:29:09.099978+00:00,238.9,0.0401800012588501,0.0022226971865062345,0.3859572768879324
NVDA271217C00005000,2026-10-02 14:58:36+00:00,5.0,232.9,229.0,235.0,0.0,0.0,3.0,15777.0,2.1845748510742187,True,REGULAR,USD,Call,2027-12-17,NVDA,2026-10-06T00:29:09.099978+00:00,238.9,0.0401800012588501,0.0022226971865062345,0.3859572768879324
NVDA271217C00010000,2026-09-09 17:08:51+00:00,10.0,214.39,224.0,234.0,0.0,0.0,1.0,323.0,1.150394873046875,True,REGULAR,USD,Call,2027-12-17,NVDA,2026-10-06T00:29:09.099978+00:00,238.9,0.0401800012588501,0.0022226971865062345,0.3859572768879324
NVDA271217C00015000,2026-10-02 13:48:28+00:00,15.0,220.0,219.0,229.0,0.0,0.0,1.0,439.0,0.99023447265625,True,REGULAR,USD,Call,2027-12-17,NVDA,2026-10-06T00:29:09.099978+00:00,238.9,0.0401800012588501,0.0022226971865062345,0.3859572768879324
NVDA271217C00020000,2026-10-01 15:04:02+00:00,20.0,209.33,215.0,225.0,0.0,0.0,136.0,1054.0,1.2500037499999999,True,REGULAR,USD,Call,2027-12-17,NVDA,2026-10-06T00:29:09.099978+00:00,238.9,0.0401800012588501,0.0022226971865062345,0.3859572768879324
NVDA271217C00025000,2026-09-22 18:58:13+00:00,25.0,206.55,210.0,220.0,0.0,0.0,27.0,705.0,1.1272016296386718,True,REGULAR,USD,Call,2027-12-17,NVDA,2026-10-06T00:29:09.099978+00:00,238.9,0.0401800012588501,0.0022226971865062345,0.3859572768879324
NVDA271217C00030000,2026-09-22 18:28:03+00:00,30.0,200.73,205.0,215.0,0.0,0.0,5.0,717.0,1.0305224255371095,True,REGULAR,USD,Call,2027-12-17,NVDA,2026-10-06T00:29:09.099978+00:00,238.9,0.0401800012588501,0.0022226971865062345,0.3859572768879324
NVDA271217C00035000,2026-10-02 18:16:51+00:00,35.0,201.69,201.0,209.45,0.0,0.0,2.0,1086.0,0.98437515625,True,REGULAR,USD,Call,2027-12-17,NVDA,2026-10-06T00:29:09.099978+00:00,238.9,0.0401800012588501,0.0022226971865062345,0.3859572768879324
NVDA271217C00040000,2026-10-05 18:15:08+00:00,40.0,200.0,197.05,204.75,3.050003,1.548618,1.0,801.0,0.9925537854003907,True,REGULAR,USD,Call,2027-12-17,NVDA,2026-10-06T00:29:09.099978+00:00,238.9,0.0401800012588501,0.0022226971865062345,0.3859572768879324
NVDA271217C00045000,2026-09-04 16:09:47+00:00,45.0,186.74,191.0,200.0,0.0,0.0,1.0,601.0,0.8850109155273438,True,REGULAR,USD,Call,2027-12-17,NVDA,2026-10-06T00:29:09.099978+00:00,238.9,0.0401800012588501,0.0022226971865062345,0.3859572768879324
NVDA271217C00050000,2026-10-05 19:38:19+00:00,50.0,190.0,187.7,195.3,3.4600067,1.8548337,2.0,1153.0,0.9187019848632813,True,REGULAR,USD,Call,2027-12-17,NVDA,2026-10-06T00:29:09.099978+00:00,238.9,0.0401800012588501,0.0022226971865062345,0.3859572768879324
NVDA271217C00055000,2026-10-05 14:40:17+00:00,55.0,185.05,182.0,190.65,6.9799957,3.9198043,1.0,1415.0,0.8502212243652343,True,REGULAR,USD,Call,2027-12-17,NVDA,2026-10-06T00:29:09.099978+00:00,238.9,0.0401800012588501,0.0022226971865062345,0.3859572768879324
NVDA271217C00060000,2026-10-05 19:58:52+00:00,60.0,182.2,177.0,185.95,7.529999,4.3109856,11.0,1518.0,0.8120135986328124,True,REGULAR,USD,Call,2027-12-17,NVDA,2026-10-06T00:29:09.099978+00:00,238.9,0.0401800012588501,0.0022226971865062345,0.3859572768879324
NVDA271217C00065000,2026-09-25 13:30:01+00:00,65.0,164.33,173.0,181.3,0.0,0.0,39.0,815.0,0.8093280786132812,True,REGULAR,USD,Call,2027-12-17,NVDA,2026-10-06T00:29:09.099978+00:00,238.9,0.0401800012588501,0.0022226971865062345,0.3859572768879324
NVDA271217C00070000,2026-10-02 13:57:42+00:00,70.0,171.0,168.0,176.65,0.0,0.0,5.0,4047.0,0.775514940185547,True,REGULAR,USD,Call,2027-12-17,NVDA,2026-10-06T00:29:09.099978+00:00,238.9,0.0401800012588501,0.0022226971865062345,0.3859572768879324
NVDA271217C00075000,2026-09-28 19:24:59+00:00,75.0,160.25,164.4,172.0,0.0,0.0,52.0,1742.0,0.7780783911132813,True,REGULAR,USD,Call,2027-12-17,NVDA,2026-10-06T00:29:09.099978+00:00,238.9,0.0401800012588501,0.0022226971865062345,0.3859572768879324
NVDA271217C00080000,2026-10-05 13:55:58+00:00,80.0,158.75,160.5,167.4,-3.2400055,-2.0001268,1.0,2068.0,0.7706932110595703,True,REGULAR,USD,Call,2027-12-17,NVDA,2026-10-06T00:29:09.099978+00:00,238.9,0.0401800012588501,0.0022226971865062345,0.3859572768879324
NVDA271217C00085000,2026-10-02 14:01:08+00:00,85.0,157.85,155.2,161.95,0.0,0.0,45.0,973.0,0.71679970703125,True,REGULAR,USD,Call,2027-12-17,NVDA,2026-10-06T00:29:09.099978+00:00,238.9,0.0401800012588501,0.0022226971865062345,0.3859572768879324
NVDA271217C00090000,2026-09-25 15:18:09+00:00,90.0,140.47,152.3,158.25,0.0,0.0,1.0,3435.0,0.7438990454101562,True,REGULAR,USD,Call,2027-12-17,NVDA,2026-10-06T00:29:09.099978+00:00,238.9,0.0401800012588501,0.0022226971865062345,0.3859572768879324
NVDA271217C00095000,2026-10-05 14:31:12+00:00,95.0,148.01,146.05,151.7,0.009994507,0.006753045,10.0,4275.0,0.6589389575195312,True,REGULAR,USD,Call,2027-12-17,NVDA,2026-10-06T00:29:09.099978+00:00,238.9,0.0401800012588501,0.0022226971865062345,0.3859572768879324
NVDA271217C00100000,2026-10-05 19:22:19+00:00,100.0,145.98,141.6,147.25,4.4299927,3.129631,19.0,15765.0,0.6458165301513672,True,REGULAR,USD,Call,2027-12-17,NVDA,2026-10-06T00:29:09.099978+00:00,238.9,0.0401800012588501,0.0022226971865062345,0.3859572768879324
NVDA271217C00105000,2026-10-05 16:01:51+00:00,105.0,138.65,140.05,144.6,0.6499939,0.47101006,2.0,7169.0,0.7005645178222657,True,REGULAR,USD,Call,2027-12-17,NVDA,2026-10-06T00:29:09.099978+00:00,238.9,0.0401800012588501,0.0022226971865062345,0.3859572768879324
NVDA271217C00110000,2026-10-02 15:25:07+00:00,110.0,132.0,133.7,138.7,0.0,0.0,4.0,9612.0,0.6369665209960937,True,REGULAR,USD,Call,2027-12-17,NVDA,2026-10-06T00:29:09.099978+00:00,238.9,0.0401800012588501,0.0022226971865062345,0.3859572768879324
NVDA271217C00115000,2026-10-02 19:49:20+00:00,115.0,126.15,128.15,135.75,0.0,0.0,1.0,3664.0,0.626377027282715,True,REGULAR,USD,Call,2027-12-17,NVDA,2026-10-06T00:29:09.099978+00:00,238.9,0.0401800012588501,0.0022226971865062345,0.3859572768879324
NVDA271217C00120000,2026-10-05 18:42:18+00:00,120.0,127.5,126.4,131.35,1.9000015,1.5127401,7.0,7957.0,0.6428258374023439,True,REGULAR,USD,Call,2027-12-17,NVDA,2026-10-06T00:29:09.099978+00:00,238.9,0.0401800012588501,0.0022226971865062345,0.3859572768879324
NVDA271217C00125000,2026-10-05 18:39:50+00:00,125.0,123.07,121.85,125.1,2.8700027,2.3876896,5.0,3948.0,0.6036721762084963,True,REGULAR,USD,Call,2027-12-17,NVDA,2026-10-06T00:29:09.099978+00:00,238.9,0.0401800012588501,0.0022226971865062345,0.3859572768879324
NVDA271217C00130000,2026-10-05 16:31:29+00:00,130.0,116.18,116.05,121.75,0.08000183,0.06890769,5.0,7393.0,0.584263190612793,True,REGULAR,USD,Call,2027-12-17,NVDA,2026-10-06T00:29:09.099978+00:00,238.9,0.0401800012588501,0.0022226971865062345,0.3859572768879324
NVDA271217C00135000,2026-10-02 19:50:11+00:00,135.0,109.78,112.0,116.2,0.0,0.0,13.0,4178.0,0.56055126953125,True,REGULAR,USD,Call,2027-12-17,NVDA,2026-10-06T00:29:09.099978+00:00,238.9,0.0401800012588501,0.0022226971865062345,0.3859572768879324
NVDA271217C00140000,2026-10-05 19:54:18+00:00,140.0,109.0,109.25,111.7,3.199997,3.0245717,20.0,5076.0,0.5603986831665039,True,REGULAR,USD,Call,2027-12-17,NVDA,2026-10-06T00:29:09.099978+00:00,238.9,0.0401800012588501,0.0022226971865062345,0.3859572768879324
NVDA271217C00145000,2026-10-05 16:30:44+00:00,145.0,103.8,106.0,110.25,2.4500046,2.41737,3.0,4937.0,0.5811504287719728,True,REGULAR,USD,Call,2027-12-17,NVDA,2026-10-06T00:29:09.099978+00:00,238.9,0.0401800012588501,0.0022226971865062345,0.3859572768879324
NVDA271217C00150000,2026-10-05 19:39:51+00:00,150.0,103.37,102.0,105.0,5.6200027,5.749363,10.0,13369.0,0.5597578204345703,True,REGULAR,USD,Call,2027-12-17,NVDA,2026-10-06T00:29:09.099978+00:00,238.9,0.0401800012588501,0.0022226971865062345,0.3859572768879324
NVDA271217C00155000,2026-10-05 17:27:53+00:00,155.0,96.9,97.5,101.0,0.05000305,0.05162938,5.0,9121.0,0.5448653912353516,True,REGULAR,USD,Call,2027-12-17,NVDA,2026-10-06T00:29:09.099978+00:00,238.9,0.0401800012588501,0.0022226971865062345,0.3859572768879324
NVDA271217C00160000,2026-10-05 19:57:03+00:00,160.0,95.07,92.8,95.1,3.7699966,4.1292405,7.0,4330.0,0.5134936346435546,True,REGULAR,USD,Call,2027-12-17,NVDA,2026-10-06T00:29:09.099978+00:00,238.9,0.0401800012588501,0.0022226971865062345,0.3859572768879324
NVDA271217C00165000,2026-10-05 19:03:19+00:00,165.0,91.5,88.85,91.85,6.050003,7.080168,8.0,1871.0,0.5087634573364258,True,REGULAR,USD,Call,2027-12-17,NVDA,2026-10-06T00:29:09.099978+00:00,238.9,0.0401800012588501,0.0022226971865062345,0.3859572768879324
NVDA271217C00170000,2026-10-05 19:57:03+00:00,170.0,88.85,86.6,88.9,5.8499985,7.048191,11.0,4460.0,0.5172777764892578,True,REGULAR,USD,Call,2027-12-17,NVDA,2026-10-06T00:29:09.099978+00:00,238.9,0.0401800012588501,0.0022226971865062345,0.3859572768879324
NVDA271217C00175000,2026-10-05 19:53:51+00:00,175.0,83.93,83.05,84.5,4.260002,5.3470592,58.0,5642.0,0.5050403500366211,True,REGULAR,USD,Call,2027-12-17,NVDA,2026-10-06T00:29:09.099978+00:00,238.9,0.0401800012588501,0.0022226971865062345,0.3859572768879324
NVDA271217C00180000,2026-10-05 19:58:00+00:00,180.0,80.05,78.55,81.0,4.300003,5.676572,75.0,7278.0,0.5081531118774415,True,REGULAR,USD,Call,2027-12-17,NVDA,2026-10-06T00:29:09.099978+00:00,238.9,0.0401800012588501,0.0022226971865062345,0.3859572768879324
NVDA271217C00185000,2026-10-05 19:23:39+00:00,185.0,77.0,75.0,76.95,4.9000015,6.7961187,6.0,4871.0,0.4937489590454103,True,REGULAR,USD,Call,2027-12-17,NVDA,2026-10-06T00:29:09.099978+00:00,238.9,0.0401800012588501,0.0022226971865062345,0.3859572768879324
NVDA271217C00190000,2026-10-05 19:54:07+00:00,190.0,73.5,72.6,74.65,3.449997,4.925049,23.0,6757.0,0.5004780177307129,True,REGULAR,USD,Call,2027-12-17,NVDA,2026-10-06T00:29:09.099978+00:00,238.9,0.0401800012588501,0.0022226971865062345,0.3859572768879324
NVDA271217C00195000,2026-10-05 13:54:43+00:00,195.0,68.35,68.55,70.6,2.2299957,3.3726492,4.0,4588.0,0.4849905017089844,True,REGULAR,USD,Call,2027-12-17,NVDA,2026-10-06T00:29:09.099978+00:00,238.9,0.0401800012588501,0.0022226971865062345,0.3859572768879324
NVDA271217C00200000,2026-10-05 19:51:30+00:00,200.0,67.1,65.7,67.1,4.0999985,6.507934,378.0,37128.0,0.4756369575500488,True,REGULAR,USD,Call,2027-12-17,NVDA,2026-10-06T00:29:09.099978+00:00,238.9,0.0401800012588501,0.0022226971865062345,0.3859572768879324
NVDA271217C00205000,2026-10-05 18:58:29+00:00,205.0,63.9,62.3,68.0,3.7700005,6.2697496,2.0,907.0,0.5148669119262695,True,REGULAR,USD,Call,2027-12-17,NVDA,2026-10-06T00:29:09.099978+00:00,238.9,0.0401800012588501,0.0022226971865062345,0.3859572768879324
NVDA271217C00210000,2026-10-05 19:10:56+00:00,210.0,61.05,60.0,60.8,4.049999,7.1052623,35.0,22568.0,0.4629265133666992,True,REGULAR,USD,Call,2027-12-17,NVDA,2026-10-06T00:29:09.099978+00:00,238.9,0.0401800012588501,0.0022226971865062345,0.3859572768879324
NVDA271217C00215000,2026-10-05 19:44:43+00:00,215.0,57.55,57.05,60.95,3.3899994,6.2592306,37.0,6288.0,0.4906972317504883,True,REGULAR,USD,Call,2027-12-17,NVDA,2026-10-06T00:29:09.099978+00:00,238.9,0.0401800012588501,0.0022226971865062345,0.3859572768879324
NVDA271217C00220000,2026-10-05 19:52:46+00:00,220.0,55.0,54.35,56.0,3.25,6.2801933,68.0,9299.0,0.4631248756408692,True,REGULAR,USD,Call,2027-12-17,NVDA,2026-10-06T00:29:09.099978+00:00,238.9,0.0401800012588501,0.0022226971865062345,0.3859572768879324
NVDA271217C00225000,2026-10-05 19:25:06+00:00,225.0,52.64,51.7,55.4,3.2399979,6.5587,26.0,4739.0,0.48032135894775385,True,REGULAR,USD,Call,2027-12-17,NVDA,2026-10-06T00:29:09.099978+00:00,238.9,0.0401800012588501,0.0022226971865062345,0.3859572768879324
NVDA271217C00230000,2026-10-05 19:36:25+00:00,230.0,50.25,49.05,52.0,3.6399994,7.8094816,184.0,17999.0,0.4677940184020996,True,REGULAR,USD,Call,2027-12-17,NVDA,2026-10-06T00:29:09.099978+00:00,238.9,0.0401800012588501,0.0022226971865062345,0.3859572768879324
NVDA271217C00235000,2026-10-05 19:55:32+00:00,235.0,47.1,46.6,51.9,2.9199982,6.609321,95.0,925.0,0.48776757354736333,True,REGULAR,USD,Call,2027-12-17,NVDA,2026-10-06T00:29:09.099978+00:00,238.9,0.0401800012588501,0.0022226971865062345,0.3859572768879324
NVDA271217C00240000,2026-10-05 19:57:47+00:00,240.0,44.69,44.35,48.35,2.7399979,6.53158,626.0,9505.0,0.4723868679809571,False,REGULAR,USD,Call,2027-12-17,NVDA,2026-10-06T00:29:09.099978+00:00,238.9,0.0401800012588501,0.0022226971865062345,0.3859572768879324
NVDA271217C00245000,2026-10-05 19:36:39+00:00,245.0,43.05,41.65,44.25,3.2299995,8.111501,16.0,482.0,0.45120788055419925,False,REGULAR,USD,Call,2027-12-17,NVDA,2026-10-06T00:29:09.099978+00:00,238.9,0.0401800012588501,0.0022226971865062345,0.3859572768879324
NVDA271217C00250000,2026-10-05 19:53:11+00:00,250.0,40.7,39.85,41.8,2.959999,7.8431344,657.0,9482.0,0.44563847824096675,False,REGULAR,USD,Call,2027-12-17,NVDA,2026-10-06T00:29:09.099978+00:00,238.9,0.0401800012588501,0.0022226971865062345,0.3859572768879324
NVDA271217C00255000,2026-10-05 19:49:09+00:00,255.0,38.59,37.8,41.4,3.1899986,9.011295,51.0,1530.0,0.45917288879394536,False,REGULAR,USD,Call,2027-12-17,NVDA,2026-10-06T00:29:09.099978+00:00,238.9,0.0401800012588501,0.0022226971865062345,0.3859572768879324
NVDA271217C00260000,2026-10-05 19:31:14+00:00,260.0,36.5,35.8,37.0,2.7599983,8.180196,98.0,6575.0,0.4334468276977539,False,REGULAR,USD,Call,2027-12-17,NVDA,2026-10-06T00:29:09.099978+00:00,238.9,0.0401800012588501,0.0022226971865062345,0.3859572768879324
NVDA271217C00265000,2026-10-05 19:59:33+00:00,265.0,34.1,34.05,35.85,1.8499985,5.736429,74.0,1547.0,0.4383143327331543,False,REGULAR,USD,Call,2027-12-17,NVDA,2026-10-06T00:29:09.099978+00:00,238.9,0.0401800012588501,0.0022226971865062345,0.3859572768879324
NVDA271217C00270000,2026-10-05 19:07:56+00:00,270.0,32.69,32.1,33.5,2.3899994,7.887787,90.0,9277.0,0.43100544586181644,False,REGULAR,USD,Call,2027-12-17,NVDA,2026-10-06T00:29:09.099978+00:00,238.9,0.0401800012588501,0.0022226971865062345,0.3859572768879324
NVDA271217C00275000,2026-10-05 19:28:44+00:00,275.0,30.93,30.3,30.85,2.3000011,8.033536,23.0,1594.0,0.42012603805542,False,REGULAR,USD,Call,2027-12-17,NVDA,2026-10-06T00:29:09.099978+00:00,238.9,0.0401800012588501,0.0022226971865062345,0.3859572768879324
NVDA271217C00280000,2026-10-05 19:56:58+00:00,280.0,28.95,28.5,30.65,1.9000015,7.0240355,56.0,7422.0,0.4321345849609375,False,REGULAR,USD,Call,2027-12-17,NVDA,2026-10-06T00:29:09.099978+00:00,238.9,0.0401800012588501,0.0022226971865062345,0.3859572768879324
NVDA271217C00285000,2026-10-05 19:37:58+00:00,285.0,28.0,27.1,27.6,4.1499996,17.400417,6.0,2710.0,0.41602146484374997,False,REGULAR,USD,Call,2027-12-17,NVDA,2026-10-06T00:29:09.099978+00:00,238.9,0.0401800012588501,0.0022226971865062345,0.3859572768879324
NVDA271217C00290000,2026-10-05 17:43:55+00:00,290.0,25.25,25.7,26.1,0.6100006,2.475652,44.0,5702.0,0.4142209457397461,False,REGULAR,USD,Call,2027-12-17,NVDA,2026-10-06T00:29:09.099978+00:00,238.9,0.0401800012588501,0.0022226971865062345,0.3859572768879324
NVDA271217C00295000,2026-10-05 18:35:40+00:00,295.0,24.25,24.3,24.7,1.2199993,5.297435,17.0,2059.0,0.4127713752746582,False,REGULAR,USD,Call,2027-12-17,NVDA,2026-10-06T00:29:09.099978+00:00,238.9,0.0401800012588501,0.0022226971865062345,0.3859572768879324
NVDA271217C00300000,2026-10-05 19:57:03+00:00,300.0,23.07,22.9,23.35,1.7099991,8.005613,260.0,15184.0,0.41119973571777346,False,REGULAR,USD,Call,2027-12-17,NVDA,2026-10-06T00:29:09.099978+00:00,238.9,0.0401800012588501,0.0022226971865062345,0.3859572768879324
NVDA271217C00310000,2026-10-05 17:25:57+00:00,310.0,20.5,20.4,20.9,0.069999695,0.34263188,12.0,4167.0,0.40881938842773435,False,REGULAR,USD,Call,2027-12-17,NVDA,2026-10-06T00:29:09.099978+00:00,238.9,0.0401800012588501,0.0022226971865062345,0.3859572768879324
NVDA271217C00320000,2026-10-05 19:18:07+00:00,320.0,18.7,18.3,18.7,1.6000004,9.356727,106.0,5047.0,0.4067289552307129,False,REGULAR,USD,Call,2027-12-17,NVDA,2026-10-06T00:29:09.099978+00:00,238.9,0.0401800012588501,0.0022226971865062345,0.3859572768879324
NVDA271217C00330000,2026-10-05 18:16:34+00:00,330.0,16.2,16.3,16.75,0.75000095,4.854375,2.0,5183.0,0.40515731567382807,False,REGULAR,USD,Call,2027-12-17,NVDA,2026-10-06T00:29:09.099978+00:00,238.9,0.0401800012588501,0.0022226971865062345,0.3859572768879324
NVDA271217C00340000,2026-10-05 18:42:17+00:00,340.0,14.35,14.55,15.05,0.5500002,3.9855087,16.0,4828.0,0.4043333493041992,False,REGULAR,USD,Call,2027-12-17,NVDA,2026-10-06T00:29:09.099978+00:00,238.9,0.0401800012588501,0.0022226971865062345,0.3859572768879324
NVDA271217C00350000,2026-10-05 19:53:33+00:00,350.0,13.35,12.95,14.0,1.1200008,9.157816,53.0,12344.0,0.4092161129760742,False,REGULAR,USD,Call,2027-12-17,NVDA,2026-10-06T00:29:09.099978+00:00,238.9,0.0401800012588501,0.0022226971865062345,0.3859572768879324
NVDA271217C00360000,2026-10-05 19:59:43+00:00,360.0,11.75,11.6,13.65,0.8500004,7.798169,34.0,10008.0,0.4211483666992188,False,REGULAR,USD,Call,2027-12-17,NVDA,2026-10-06T00:29:09.099978+00:00,238.9,0.0401800012588501,0.0022226971865062345,0.3859572768879324
NVDA271217C00380000,2026-10-05 19:29:23+00:00,380.0,9.45,9.25,9.75,-0.10000038,-1.0471244,117.0,1565.0,0.40112903564453123,False,REGULAR,USD,Call,2027-12-17,NVDA,2026-10-06T00:29:09.099978+00:00,238.9,0.0401800012588501,0.0022226971865062345,0.3859572768879324
NVDA271217C00390000,2026-10-05 16:25:43+00:00,390.0,7.9,8.4,8.8,-0.6500001,-7.6023397,1.0,4508.0,0.4012511047363281,False,REGULAR,USD,Call,2027-12-17,NVDA,2026-10-06T00:29:09.099978+00:00,238.9,0.0401800012588501,0.0022226971865062345,0.3859572768879324
NVDA271217C00400000,2026-10-05 19:53:27+00:00,400.0,7.63,7.55,7.8,0.32999992,4.520547,114.0,3475.0,0.39920644744873046,False,REGULAR,USD,Call,2027-12-17,NVDA,2026-10-06T00:29:09.099978+00:00,238.9,0.0401800012588501,0.0022226971865062345,0.3859572768879324
NVDA271217C00410000,2026-10-05 18:47:32+00:00,410.0,6.75,6.8,7.15,0.13000011,1.963748,24.0,915.0,0.40112903564453123,False,REGULAR,USD,Call,2027-12-17,NVDA,2026-10-06T00:29:09.099978+00:00,238.9,0.0401800012588501,0.0022226971865062345,0.3859572768879324
NVDA271217C00420000,2026-10-05 19:49:09+00:00,420.0,6.32,6.05,6.45,0.52,8.965517,67.0,4565.0,0.40109851837158206,False,REGULAR,USD,Call,2027-12-17,NVDA,2026-10-06T00:29:09.099978+00:00,238.9,0.0401800012588501,0.0022226971865062345,0.3859572768879324
NVDA271217C00430000,2026-10-05 18:18:44+00:00,430.0,5.41,5.4,5.85,-0.2800002,-4.9209175,64.0,638.0,0.4016478292846679,False,REGULAR,USD,Call,2027-12-17,NVDA,2026-10-06T00:29:09.099978+00:00,238.9,0.0401800012588501,0.0022226971865062345,0.3859572768879324
NVDA271217C00440000,2026-10-05 19:03:11+00:00,440.0,5.08,4.95,5.2,0.21000004,4.3121157,50.0,486.0,0.4000914483642578,False,REGULAR,USD,Call,2027-12-17,NVDA,2026-10-06T00:29:09.099978+00:00,238.9,0.0401800012588501,0.0022226971865062345,0.3859572768879324
NVDA271217C00450000,2026-10-05 19:02:50+00:00,450.0,4.6,4.45,4.8,0.2999997,6.976737,89.0,541.0,0.40225817474365233,False,REGULAR,USD,Call,2027-12-17,NVDA,2026-10-06T00:29:09.099978+00:00,238.9,0.0401800012588501,0.0022226971865062345,0.3859572768879324
NVDA271217C00455000,2026-10-05 18:51:49+00:00,455.0,4.3,3.8,4.8,0.1500001,3.61446,45.0,535.0,0.4071104211425781,False,REGULAR,USD,Call,2027-12-17,NVDA,2026-10-06T00:29:09.099978+00:00,238.9,0.0401800012588501,0.0022226971865062345,0.3859572768879324
NVDA271217C00460000,2026-10-05 19:53:16+00:00,460.0,4.15,4.05,4.3,0.2800002,7.235148,102.0,3702.0,0.40146472564697266,False,REGULAR,USD,Call,2027-12-17,NVDA,2026-10-06T00:29:09.099978+00:00,238.9,0.0401800012588501,0.0022226971865062345,0.3859572768879324
NVDA271217P00005000,2026-10-05 19:24:04+00:00,5.0,0.01,0.0,0.02,0.0,0.0,10.0,30609.0,1.140629296875,False,REGULAR,USD,Put,2027-12-17,NVDA,2026-10-06T00:29:09.099978+00:00,238.9,0.0401800012588501,0.0022226971865062345,0.3859572768879324
NVDA271217P00010000,2026-09-23 13:30:04+00:00,10.0,0.04,0.02,0.04,0.0,0.0,10.0,1510.0,1.015629921875,False,REGULAR,USD,Put,2027-12-17,NVDA,2026-10-06T00:29:09.099978+00:00,238.9,0.0401800012588501,0.0022226971865062345,0.3859572768879324
NVDA271217P00015000,2026-09-22 14:28:04+00:00,15.0,0.04,0.03,0.1,0.0,0.0,21.0,24087.0,0.945313046875,False,REGULAR,USD,Put,2027-12-17,NVDA,2026-10-06T00:29:09.099978+00:00,238.9,0.0401800012588501,0.0022226971865062345,0.3859572768879324
NVDA271217P00020000,2026-10-05 14:44:01+00:00,20.0,0.1,0.01,0.12,0.020000003,25.000004,1.0,2798.0,0.8437515624999999,False,REGULAR,USD,Put,2027-12-17,NVDA,2026-10-06T00:29:09.099978+00:00,238.9,0.0401800012588501,0.0022226971865062345,0.3859572768879324
NVDA271217P00025000,2026-09-28 19:14:19+00:00,25.0,0.1,0.07,0.2,0.0,0.0,6.0,1307.0,0.8291032714843749,False,REGULAR,USD,Put,2027-12-17,NVDA,2026-10-06T00:29:09.099978+00:00,238.9,0.0401800012588501,0.0022226971865062345,0.3859572768879324
NVDA271217P00030000,2026-10-05 18:18:54+00:00,30.0,0.12,0.1,0.3,0.0,0.0,1.0,1022.0,0.79687703125,False,REGULAR,USD,Put,2027-12-17,NVDA,2026-10-06T00:29:09.099978+00:00,238.9,0.0401800012588501,0.0022226971865062345,0.3859572768879324
NVDA271217P00035000,2026-09-28 15:11:24+00:00,35.0,0.18,0.1,0.3,0.0,0.0,16.0,2228.0,0.737307314453125,False,REGULAR,USD,Put,2027-12-17,NVDA,2026-10-06T00:29:09.099978+00:00,238.9,0.0401800012588501,0.0022226971865062345,0.3859572768879324
NVDA271217P00040000,2026-10-05 17:44:38+00:00,40.0,0.2,0.17,0.54,-0.049999997,-19.999998,4.0,4757.0,0.7392604199218749,False,REGULAR,USD,Put,2027-12-17,NVDA,2026-10-06T00:29:09.099978+00:00,238.9,0.0401800012588501,0.0022226971865062345,0.3859572768879324
NVDA271217P00045000,2026-09-11 13:30:00+00:00,45.0,0.31,0.1,0.56,0.0,0.0,1.0,5057.0,0.6835969140625001,False,REGULAR,USD,Put,2027-12-17,NVDA,2026-10-06T00:29:09.099978+00:00,238.9,0.0401800012588501,0.0022226971865062345,0.3859572768879324
NVDA271217P00050000,2026-10-05 18:18:54+00:00,50.0,0.3,0.29,0.6,0.0,0.0,2.0,10162.0,0.6687044848632814,False,REGULAR,USD,Put,2027-12-17,NVDA,2026-10-06T00:29:09.099978+00:00,238.9,0.0401800012588501,0.0022226971865062345,0.3859572768879324
NVDA271217P00055000,2026-10-02 17:52:59+00:00,55.0,0.28,0.1,0.64,0.0,0.0,1.0,4170.0,0.6123085644531252,False,REGULAR,USD,Put,2027-12-17,NVDA,2026-10-06T00:29:09.099978+00:00,238.9,0.0401800012588501,0.0022226971865062345,0.3859572768879324
NVDA271217P00060000,2026-09-21 18:07:43+00:00,60.0,0.47,0.15,0.7,0.0,0.0,2.0,17949.0,0.5886271606445312,False,REGULAR,USD,Put,2027-12-17,NVDA,2026-10-06T00:29:09.099978+00:00,238.9,0.0401800012588501,0.0022226971865062345,0.3859572768879324
NVDA271217P00065000,2026-10-02 17:04:25+00:00,65.0,0.35,0.19,0.73,0.0,0.0,1.0,1142.0,0.5620160986328125,False,REGULAR,USD,Put,2027-12-17,NVDA,2026-10-06T00:29:09.099978+00:00,238.9,0.0401800012588501,0.0022226971865062345,0.3859572768879324
NVDA271217P00070000,2026-10-05 19:02:34+00:00,70.0,0.55,0.35,0.85,0.0,0.0,3.0,7963.0,0.5534712622070312,False,REGULAR,USD,Put,2027-12-17,NVDA,2026-10-06T00:29:09.099978+00:00,238.9,0.0401800012588501,0.0022226971865062345,0.3859572768879324
NVDA271217P00075000,2026-10-05 17:15:44+00:00,75.0,0.61,0.49,0.89,-0.03999996,-6.1538405,2.0,10841.0,0.5356491748046875,False,REGULAR,USD,Put,2027-12-17,NVDA,2026-10-06T00:29:09.099978+00:00,238.9,0.0401800012588501,0.0022226971865062345,0.3859572768879324
NVDA271217P00080000,2026-10-05 19:39:31+00:00,80.0,0.71,0.61,0.73,-0.04000002,-5.333336,11.0,8931.0,0.5051319018554687,False,REGULAR,USD,Put,2027-12-17,NVDA,2026-10-06T00:29:09.099978+00:00,238.9,0.0401800012588501,0.0022226971865062345,0.3859572768879324
NVDA271217P00085000,2026-10-05 16:26:47+00:00,85.0,0.85,0.5,1.25,-0.01999998,-2.2988484,32.0,9529.0,0.5007374145507812,False,REGULAR,USD,Put,2027-12-17,NVDA,2026-10-06T00:29:09.099978+00:00,238.9,0.0401800012588501,0.0022226971865062345,0.3859572768879324
NVDA271217P00090000,2026-10-05 19:31:48+00:00,90.0,0.98,0.95,1.2,0.00999999,1.0309268,78.0,25648.0,0.5028125891113282,False,REGULAR,USD,Put,2027-12-17,NVDA,2026-10-06T00:29:09.099978+00:00,238.9,0.0401800012588501,0.0022226971865062345,0.3859572768879324
NVDA271217P00095000,2026-10-05 19:23:37+00:00,95.0,1.1,1.0,1.29,-0.03999996,-3.5087686,11.0,4386.0,0.48389187988281257,False,REGULAR,USD,Put,2027-12-17,NVDA,2026-10-06T00:29:09.099978+00:00,238.9,0.0401800012588501,0.0022226971865062345,0.3859572768879324
NVDA271217P00100000,2026-10-05 19:40:22+00:00,100.0,1.3,1.25,1.32,-0.03000009,-2.2556458,40.0,23738.0,0.46155323608398446,False,REGULAR,USD,Put,2027-12-17,NVDA,2026-10-06T00:29:09.099978+00:00,238.9,0.0401800012588501,0.0022226971865062345,0.3859572768879324
NVDA271217P00105000,2026-10-05 19:54:36+00:00,105.0,1.51,1.27,1.69,-0.15999997,-9.580836,24.0,2909.0,0.46057668334960944,False,REGULAR,USD,Put,2027-12-17,NVDA,2026-10-06T00:29:09.099978+00:00,238.9,0.0401800012588501,0.0022226971865062345,0.3859572768879324
NVDA271217P00110000,2026-10-05 18:13:31+00:00,110.0,1.75,1.5,1.8,-0.09000003,-4.8913064,60.0,12128.0,0.44324287231445314,False,REGULAR,USD,Put,2027-12-17,NVDA,2026-10-06T00:29:09.099978+00:00,238.9,0.0401800012588501,0.0022226971865062345,0.3859572768879324
NVDA271217P00115000,2026-10-02 18:43:04+00:00,115.0,2.03,1.95,2.1,-0.1400001,-6.4516177,1.0,6099.0,0.4352473468017578,False,REGULAR,USD,Put,2027-12-17,NVDA,2026-10-06T00:29:09.099978+00:00,238.9,0.0401800012588501,0.0022226971865062345,0.3859572768879324
NVDA271217P00120000,2026-10-05 19:54:20+00:00,120.0,2.38,2.3,2.6,-0.07999992,-3.2520294,17.0,18116.0,0.43408769042968753,False,REGULAR,USD,Put,2027-12-17,NVDA,2026-10-06T00:29:09.099978+00:00,238.9,0.0401800012588501,0.0022226971865062345,0.3859572768879324
NVDA271217P00125000,2026-10-05 17:44:40+00:00,125.0,2.73,2.31,3.2,-0.16000009,-5.5363345,102.0,9600.0,0.4338435522460938,False,REGULAR,USD,Put,2027-12-17,NVDA,2026-10-06T00:29:09.099978+00:00,238.9,0.0401800012588501,0.0022226971865062345,0.3859572768879324
NVDA271217P00130000,2026-10-05 14:13:45+00:00,130.0,3.25,3.1,3.65,-0.099999905,-2.985072,4.0,5308.0,0.42627526855468756,False,REGULAR,USD,Put,2027-12-17,NVDA,2026-10-06T00:29:09.099978+00:00,238.9,0.0401800012588501,0.0022226971865062345,0.3859572768879324
NVDA271217P00135000,2026-10-05 19:29:22+00:00,135.0,3.65,3.5,4.15,-0.16999984,-4.450258,1.0,4404.0,0.41901215759277344,False,REGULAR,USD,Put,2027-12-17,NVDA,2026-10-06T00:29:09.099978+00:00,238.9,0.0401800012588501,0.0022226971865062345,0.3859572768879324
NVDA271217P00140000,2026-10-05 18:14:14+00:00,140.0,4.2,3.9,4.3,-0.26000023,-5.8296013,1020.0,16118.0,0.40143420837402344,False,REGULAR,USD,Put,2027-12-17,NVDA,2026-10-06T00:29:09.099978+00:00,238.9,0.0401800012588501,0.0022226971865062345,0.3859572768879324
NVDA271217P00145000,2026-10-05 16:15:04+00:00,145.0,4.91,4.3,5.25,-0.19000006,-3.7254913,14.0,1909.0,0.403875590209961,False,REGULAR,USD,Put,2027-12-17,NVDA,2026-10-06T00:29:09.099978+00:00,238.9,0.0401800012588501,0.0022226971865062345,0.3859572768879324
NVDA271217P00150000,2026-10-05 19:37:40+00:00,150.0,5.45,5.35,5.75,-0.41000032,-6.996592,45.0,16506.0,0.39380489013671877,False,REGULAR,USD,Put,2027-12-17,NVDA,2026-10-06T00:29:09.099978+00:00,238.9,0.0401800012588501,0.0022226971865062345,0.3859572768879324
NVDA271217P00155000,2026-10-05 18:58:40+00:00,155.0,6.22,5.7,6.75,-0.3800001,-5.7575774,9.0,4531.0,0.39331661376953125,False,REGULAR,USD,Put,2027-12-17,NVDA,2026-10-06T00:29:09.099978+00:00,238.9,0.0401800012588501,0.0022226971865062345,0.3859572768879324
NVDA271217P00160000,2026-10-05 19:36:07+00:00,160.0,7.05,6.5,7.65,-0.5499997,-7.2368383,30.0,5325.0,0.3890441955566406,False,REGULAR,USD,Put,2027-12-17,NVDA,2026-10-06T00:29:09.099978+00:00,238.9,0.0401800012588501,0.0022226971865062345,0.3859572768879324
NVDA271217P00165000,2026-10-05 18:53:59+00:00,165.0,7.97,7.85,8.2,-0.6300006,-7.325588,38.0,3859.0,0.3773255627441406,False,REGULAR,USD,Put,2027-12-17,NVDA,2026-10-06T00:29:09.099978+00:00,238.9,0.0401800012588501,0.0022226971865062345,0.3859572768879324
NVDA271217P00170000,2026-10-05 19:48:18+00:00,170.0,9.0,8.8,9.15,-0.6000004,-6.250004,55.0,9329.0,0.37186297088623044,False,REGULAR,USD,Put,2027-12-17,NVDA,2026-10-06T00:29:09.099978+00:00,238.9,0.0401800012588501,0.0022226971865062345,0.3859572768879324
NVDA271217P00175000,2026-10-05 19:48:52+00:00,175.0,10.1,9.25,10.25,-0.6999998,-6.48148,2429.0,3988.0,0.36759055267333984,False,REGULAR,USD,Put,2027-12-17,NVDA,2026-10-06T00:29:09.099978+00:00,238.9,0.0401800012588501,0.0022226971865062345,0.3859572768879324
NVDA271217P00180000,2026-10-05 19:54:40+00:00,180.0,11.2,11.15,11.55,-0.8500004,-7.053945,46.0,4703.0,0.3650271017456055,False,REGULAR,USD,Put,2027-12-17,NVDA,2026-10-06T00:29:09.099978+00:00,238.9,0.0401800012588501,0.0022226971865062345,0.3859572768879324
NVDA271217P00185000,2026-10-05 19:55:03+00:00,185.0,12.7,12.45,12.85,-0.75,-5.576208,151.0,2942.0,0.3610751148986816,False,REGULAR,USD,Put,2027-12-17,NVDA,2026-10-06T00:29:09.099978+00:00,238.9,0.0401800012588501,0.0022226971865062345,0.3859572768879324
NVDA271217P00190000,2026-10-05 18:53:38+00:00,190.0,13.95,13.85,14.2,-0.96000004,-6.438632,52.0,5090.0,0.3566043344116211,False,REGULAR,USD,Put,2027-12-17,NVDA,2026-10-06T00:29:09.099978+00:00,238.9,0.0401800012588501,0.0022226971865062345,0.3859572768879324
NVDA271217P00195000,2026-10-05 19:24:04+00:00,195.0,15.5,15.35,15.8,-0.8999996,-5.4878025,29.0,3658.0,0.3541019180297851,False,REGULAR,USD,Put,2027-12-17,NVDA,2026-10-06T00:29:09.099978+00:00,238.9,0.0401800012588501,0.0022226971865062345,0.3859572768879324
NVDA271217P00200000,2026-10-05 19:11:51+00:00,200.0,17.05,16.1,17.3,-1.1400013,-6.2671866,46.0,7021.0,0.34917337844848634,False,REGULAR,USD,Put,2027-12-17,NVDA,2026-10-06T00:29:09.099978+00:00,238.9,0.0401800012588501,0.0022226971865062345,0.3859572768879324
NVDA271217P00205000,2026-10-05 18:30:01+00:00,205.0,18.85,18.6,19.05,-1.1299992,-5.6556516,12.0,1694.0,0.3460453579711914,False,REGULAR,USD,Put,2027-12-17,NVDA,2026-10-06T00:29:09.099978+00:00,238.9,0.0401800012588501,0.0022226971865062345,0.3859572768879324
NVDA271217P00210000,2026-10-05 19:11:08+00:00,210.0,20.38,17.9,20.95,-1.4700012,-6.727694,35.0,4246.0,0.3434361311340332,False,REGULAR,USD,Put,2027-12-17,NVDA,2026-10-06T00:29:09.099978+00:00,238.9,0.0401800012588501,0.0022226971865062345,0.3859572768879324
NVDA271217P00215000,2026-10-05 17:57:17+00:00,215.0,22.65,19.2,22.7,-1.1200008,-4.711825,17.0,3658.0,0.33804983245849607,False,REGULAR,USD,Put,2027-12-17,NVDA,2026-10-06T00:29:09.099978+00:00,238.9,0.0401800012588501,0.0022226971865062345,0.3859572768879324
NVDA271217P00220000,2026-10-05 19:54:40+00:00,220.0,24.64,24.3,24.85,-1.460001,-5.593873,33.0,9553.0,0.3358220715332031,False,REGULAR,USD,Put,2027-12-17,NVDA,2026-10-06T00:29:09.099978+00:00,238.9,0.0401800012588501,0.0022226971865062345,0.3859572768879324
NVDA271217P00225000,2026-10-05 19:54:36+00:00,225.0,26.7,26.5,26.95,-1.5499992,-5.486723,316.0,4178.0,0.33196163650512694,False,REGULAR,USD,Put,2027-12-17,NVDA,2026-10-06T00:29:09.099978+00:00,238.9,0.0401800012588501,0.0022226971865062345,0.3859572768879324
NVDA271217P00230000,2026-10-05 19:37:04+00:00,230.0,28.6,28.65,29.2,-2.1499996,-6.991869,100.0,3531.0,0.32852844329833975,False,REGULAR,USD,Put,2027-12-17,NVDA,2026-10-06T00:29:09.099978+00:00,238.9,0.0401800012588501,0.0022226971865062345,0.3859572768879324
NVDA271217P00235000,2026-10-05 19:53:46+00:00,235.0,31.2,31.1,31.6,-1.7999992,-5.454543,122.0,1686.0,0.3255224919128417,False,REGULAR,USD,Put,2027-12-17,NVDA,2026-10-06T00:29:09.099978+00:00,238.9,0.0401800012588501,0.0022226971865062345,0.3859572768879324
NVDA271217P00240000,2026-10-05 19:59:53+00:00,240.0,33.85,32.25,33.95,-1.8100014,-5.075719,662.0,5909.0,0.3209601596069336,True,REGULAR,USD,Put,2027-12-17,NVDA,2026-10-06T00:29:09.099978+00:00,238.9,0.0401800012588501,0.0022226971865062345,0.3859572768879324
NVDA271217P00245000,2026-10-05 19:58:01+00:00,245.0,35.95,35.55,36.65,-2.75,-7.105943,1001.0,718.0,0.31873239868164055,True,REGULAR,USD,Put,2027-12-17,NVDA,2026-10-06T00:29:09.099978+00:00,238.9,0.0401800012588501,0.0022226971865062345,0.3859572768879324
NVDA271217P00250000,2026-10-05 17:59:44+00:00,250.0,39.15,38.7,39.35,-2.0499992,-4.975726,58.0,1980.0,0.31545179183959954,True,REGULAR,USD,Put,2027-12-17,NVDA,2026-10-06T00:29:09.099978+00:00,238.9,0.0401800012588501,0.0022226971865062345,0.3859572768879324
NVDA271217P00255000,2026-10-05 19:42:35+00:00,255.0,41.4,41.4,42.25,-2.5,-5.694761,1214.0,785.0,0.3130409272766113,True,REGULAR,USD,Put,2027-12-17,NVDA,2026-10-06T00:29:09.099978+00:00,238.9,0.0401800012588501,0.0022226971865062345,0.3859572768879324
NVDA271217P00260000,2026-10-02 19:18:24+00:00,260.0,47.2,44.3,45.05,0.0,0.0,24.0,3104.0,0.3086464399719238,True,REGULAR,USD,Put,2027-12-17,NVDA,2026-10-06T00:29:09.099978+00:00,238.9,0.0401800012588501,0.0022226971865062345,0.3859572768879324
NVDA271217P00265000,2026-10-05 19:21:46+00:00,265.0,47.22,47.3,48.1,-2.7199974,-5.4465313,48.0,91.0,0.30562522994995117,True,REGULAR,USD,Put,2027-12-17,NVDA,2026-10-06T00:29:09.099978+00:00,238.9,0.0401800012588501,0.0022226971865062345,0.3859572768879324
NVDA271217P00270000,2026-10-05 16:47:19+00:00,270.0,50.35,50.4,51.2,-2.6400032,-4.9820776,4.0,1848.0,0.30205470901489256,True,REGULAR,USD,Put,2027-12-17,NVDA,2026-10-06T00:29:09.099978+00:00,238.9,0.0401800012588501,0.0022226971865062345,0.3859572768879324
NVDA271217P00275000,2026-09-21 18:51:08+00:00,275.0,62.0,53.6,54.45,0.0,0.0,5.0,67.0,0.29892668853759763,True,REGULAR,USD,Put,2027-12-17,NVDA,2026-10-06T00:29:09.099978+00:00,238.9,0.0401800012588501,0.0022226971865062345,0.3859572768879324
NVDA271217P00280000,2026-10-05 14:22:03+00:00,280.0,58.6,56.95,57.75,-0.6500015,-1.097049,1.0,783.0,0.29526461578369134,True,REGULAR,USD,Put,2027-12-17,NVDA,2026-10-06T00:29:09.099978+00:00,238.9,0.0401800012588501,0.0022226971865062345,0.3859572768879324
NVDA271217P00285000,2026-10-02 13:39:27+00:00,285.0,62.92,59.45,62.05,0.0,0.0,7.0,41.0,0.30084927673339845,True,REGULAR,USD,Put,2027-12-17,NVDA,2026-10-06T00:29:09.099978+00:00,238.9,0.0401800012588501,0.0022226971865062345,0.3859572768879324
NVDA271217P00290000,2026-09-28 14:52:14+00:00,290.0,71.4,62.3,68.1,0.0,0.0,9.0,1020.0,0.3238287832641601,True,REGULAR,USD,Put,2027-12-17,NVDA,2026-10-06T00:29:09.099978+00:00,238.9,0.0401800012588501,0.0022226971865062345,0.3859572768879324
NVDA271217P00295000,2026-10-02 13:50:45+00:00,295.0,69.15,66.55,69.95,0.0,0.0,1.0,603.0,0.3025735026550293,True,REGULAR,USD,Put,2027-12-17,NVDA,2026-10-06T00:29:09.099978+00:00,238.9,0.0401800012588501,0.0022226971865062345,0.3859572768879324
NVDA271217P00300000,2026-10-05 19:59:38+00:00,300.0,71.0,68.8,72.0,-3.0999985,-4.1835337,1.0,1641.0,0.28104356658935536,True,REGULAR,USD,Put,2027-12-17,NVDA,2026-10-06T00:29:09.099978+00:00,238.9,0.0401800012588501,0.0022226971865062345,0.3859572768879324
NVDA271217P00310000,2026-09-28 19:55:25+00:00,310.0,80.2,75.4,82.6,-7.050003,-8.080233,1.0,3294.0,0.30843281906127923,True,REGULAR,USD,Put,2027-12-17,NVDA,2026-10-06T00:29:09.099978+00:00,238.9,0.0401800012588501,0.0022226971865062345,0.3859572768879324
NVDA271217P00320000,2026-10-02 16:40:18+00:00,320.0,89.8,83.4,90.3,0.0,0.0,10.0,3083.0,0.30005582763671873,True,REGULAR,USD,Put,2027-12-17,NVDA,2026-10-06T00:29:09.099978+00:00,238.9,0.0401800012588501,0.0022226971865062345,0.3859572768879324
NVDA271217P00330000,2026-10-05 13:32:56+00:00,330.0,97.8,92.3,97.55,-1.2099991,-1.2220979,3.0,2639.0,0.2808299456787109,True,REGULAR,USD,Put,2027-12-17,NVDA,2026-10-06T00:29:09.099978+00:00,238.9,0.0401800012588501,0.0022226971865062345,0.3859572768879324
NVDA271217P00340000,2026-10-05 16:59:31+00:00,340.0,105.5,102.1,108.0,-22.850006,-17.802885,5.0,3831.0,0.3032906585693359,True,REGULAR,USD,Put,2027-12-17,NVDA,2026-10-06T00:29:09.099978+00:00,238.9,0.0401800012588501,0.0022226971865062345,0.3859572768879324
NVDA271217P00350000,2026-09-30 19:54:51+00:00,350.0,121.55,110.95,116.95,0.0,0.0,2.0,563.0,0.3028023822021484,True,REGULAR,USD,Put,2027-12-17,NVDA,2026-10-06T00:29:09.099978+00:00,238.9,0.0401800012588501,0.0022226971865062345,0.3859572768879324
NVDA271217P00360000,2026-09-24 15:42:39+00:00,360.0,138.1,119.9,126.0,0.0,0.0,2.0,175.0,0.3014901394653321,True,REGULAR,USD,Put,2027-12-17,NVDA,2026-10-06T00:29:09.099978+00:00,238.9,0.0401800012588501,0.0022226971865062345,0.3859572768879324
NVDA271217P00380000,2026-09-03 18:11:14+00:00,380.0,150.68,137.4,145.0,0.0,0.0,4.0,0.0,0.3089668713378906,True,REGULAR,USD,Put,2027-12-17,NVDA,2026-10-06T00:29:09.099978+00:00,238.9,0.0401800012588501,0.0022226971865062345,0.3859572768879324
NVDA271217P00390000,2026-09-01 14:04:16+00:00,390.0,172.8,147.45,155.0,0.0,0.0,7.0,0.0,0.32092964233398436,True,REGULAR,USD,Put,2027-12-17,NVDA,2026-10-06T00:29:09.099978+00:00,238.9,0.0401800012588501,0.0022226971865062345,0.3859572768879324
NVDA271217P00400000,2026-09-10 18:50:35+00:00,400.0,180.4,157.45,164.35,0.0,0.0,30.0,1.0,0.3185798123168945,True,REGULAR,USD,Put,2027-12-17,NVDA,2026-10-06T00:29:09.099978+00:00,238.9,0.0401800012588501,0.0022226971865062345,0.3859572768879324
NVDA271217P00410000,2026-06-18 13:49:44+00:00,410.0,202.26,199.15,203.7,0.0,0.0,2.0,0.0,0.6767915621948243,True,REGULAR,USD,Put,2027-12-17,NVDA,2026-10-06T00:29:09.099978+00:00,238.9,0.0401800012588501,0.0022226971865062345,0.3859572768879324
NVDA271217P00420000,2026-05-22 18:48:12+00:00,420.0,204.6,0.0,0.0,0.0,0.0,3.0,0.0,1.0000000000000003e-05,True,REGULAR,USD,Put,2027-12-17,NVDA,2026-10-06T00:29:09.099978+00:00,238.9,0.0401800012588501,0.0022226971865062345,0.3859572768879324
NVDA271217P00450000,2026-07-21 15:24:04+00:00,450.0,243.7,237.0,247.0,0.0,0.0,,0.0,0.7344997253417969,True,REGULAR,USD,Put,2027-12-17,NVDA,2026-10-06T00:29:09.099978+00:00,238.9,0.0401800012588501,0.0022226971865062345,0.3859572768879324
NVDA280121C00005000,2026-09-22 17:08:00+00:00,5.0,225.04,229.0,239.0,0.0,0.0,250.0,1602.0,1.3867218164062498,True,REGULAR,USD,Call,2028-01-21,NVDA,2026-10-06T00:29:09.099978+00:00,238.9,0.0401800012588501,0.0022226971865062345,0.3859572768879324
NVDA280121C00010000,2026-09-08 17:24:05+00:00,10.0,215.75,224.0,234.0,0.0,0.0,2.0,290.0,1.107426337890625,True,REGULAR,USD,Call,2028-01-21,NVDA,2026-10-06T00:29:09.099978+00:00,238.9,0.0401800012588501,0.0022226971865062345,0.3859572768879324
NVDA280121C00015000,2026-09-10 15:04:03+00:00,15.0,204.0,219.0,229.0,0.0,0.0,2.0,107.0,0.9531254687499999,True,REGULAR,USD,Call,2028-01-21,NVDA,2026-10-06T00:29:09.099978+00:00,238.9,0.0401800012588501,0.0022226971865062345,0.3859572768879324
NVDA280121C00020000,2026-10-05 14:24:23+00:00,20.0,217.95,215.0,224.0,2.0999908,0.9728936,1.0,3076.0,1.0810592822265626,True,REGULAR,USD,Call,2028-01-21,NVDA,2026-10-06T00:29:09.099978+00:00,238.9,0.0401800012588501,0.0022226971865062345,0.3859572768879324
NVDA280121C00025000,2026-10-05 19:34:18+00:00,25.0,215.79,210.0,219.95,9.139999,4.4229374,2.0,789.0,1.0800827246093752,True,REGULAR,USD,Call,2028-01-21,NVDA,2026-10-06T00:29:09.099978+00:00,238.9,0.0401800012588501,0.0022226971865062345,0.3859572768879324
NVDA280121C00030000,2026-09-29 18:04:40+00:00,30.0,199.7,205.0,214.2,0.0,0.0,10.0,490.0,0.9169930175781251,True,REGULAR,USD,Call,2028-01-21,NVDA,2026-10-06T00:29:09.099978+00:00,238.9,0.0401800012588501,0.0022226971865062345,0.3859572768879324
NVDA280121C00035000,2026-09-19 13:40:10+00:00,35.0,11.95,201.0,211.0,0.0,0.0,5.0,498.0,1.039799722900391,True,REGULAR,USD,Call,2028-01-21,NVDA,2026-10-06T00:29:09.099978+00:00,238.9,0.0401800012588501,0.0022226971865062345,0.3859572768879324
NVDA280121C00040000,2026-10-05 18:51:55+00:00,40.0,201.42,196.0,206.0,7.919998,4.0930223,33.0,244.0,0.9650882397460938,True,REGULAR,USD,Call,2028-01-21,NVDA,2026-10-06T00:29:09.099978+00:00,238.9,0.0401800012588501,0.0022226971865062345,0.3859572768879324
NVDA280121C00045000,2026-09-03 18:42:18+00:00,45.0,186.35,191.0,200.15,0.0,0.0,1.0,141.0,0.85937640625,True,REGULAR,USD,Call,2028-01-21,NVDA,2026-10-06T00:29:09.099978+00:00,238.9,0.0401800012588501,0.0022226971865062345,0.3859572768879324
NVDA280121C00050000,2026-09-30 19:41:52+00:00,50.0,183.95,187.0,195.5,0.0,0.0,10.0,421.0,0.8643812390136718,True,REGULAR,USD,Call,2028-01-21,NVDA,2026-10-06T00:29:09.099978+00:00,238.9,0.0401800012588501,0.0022226971865062345,0.3859572768879324
NVDA280121C00055000,2026-09-16 19:37:44+00:00,55.0,162.0,182.0,190.85,0.0,0.0,1.0,334.0,0.8254411987304686,True,REGULAR,USD,Call,2028-01-21,NVDA,2026-10-06T00:29:09.099978+00:00,238.9,0.0401800012588501,0.0022226971865062345,0.3859572768879324
NVDA280121C00060000,2026-10-05 19:20:52+00:00,60.0,183.25,178.0,186.25,11.770004,6.863777,31.0,280.0,0.8231218859863281,True,REGULAR,USD,Call,2028-01-21,NVDA,2026-10-06T00:29:09.099978+00:00,238.9,0.0401800012588501,0.0022226971865062345,0.3859572768879324
NVDA280121C00065000,2026-10-02 18:35:21+00:00,65.0,173.45,173.0,181.65,0.0,0.0,1.0,684.0,0.7886984020996093,True,REGULAR,USD,Call,2028-01-21,NVDA,2026-10-06T00:29:09.099978+00:00,238.9,0.0401800012588501,0.0022226971865062345,0.3859572768879324
NVDA280121C00070000,2026-10-05 17:16:34+00:00,70.0,171.95,168.0,177.0,0.94999695,0.5555538,2.0,422.0,0.7553735400390625,True,REGULAR,USD,Call,2028-01-21,NVDA,2026-10-06T00:29:09.099978+00:00,238.9,0.0401800012588501,0.0022226971865062345,0.3859572768879324
NVDA280121C00075000,2026-10-05 17:11:25+00:00,75.0,167.35,164.8,172.4,7.150009,4.4631767,2.0,367.0,0.7665428619384766,True,REGULAR,USD,Call,2028-01-21,NVDA,2026-10-06T00:29:09.099978+00:00,238.9,0.0401800012588501,0.0022226971865062345,0.3859572768879324
NVDA280121C00080000,2026-10-02 18:43:35+00:00,80.0,158.68,161.45,165.85,0.0,0.0,3.0,800.0,0.7293728234863281,True,REGULAR,USD,Call,2028-01-21,NVDA,2026-10-06T00:29:09.099978+00:00,238.9,0.0401800012588501,0.0022226971865062345,0.3859572768879324
NVDA280121C00085000,2026-10-05 19:12:40+00:00,85.0,160.05,155.8,161.7,16.410004,11.4243965,39.0,428.0,0.6966583068847658,True,REGULAR,USD,Call,2028-01-21,NVDA,2026-10-06T00:29:09.099978+00:00,238.9,0.0401800012588501,0.0022226971865062345,0.3859572768879324
NVDA280121C00090000,2026-10-01 19:35:36+00:00,90.0,147.5,153.2,158.75,0.0,0.0,1.0,1749.0,0.7387721435546875,True,REGULAR,USD,Call,2028-01-21,NVDA,2026-10-06T00:29:09.099978+00:00,238.9,0.0401800012588501,0.0022226971865062345,0.3859572768879324
NVDA280121C00095000,2026-09-24 14:50:26+00:00,95.0,134.28,146.6,151.7,0.0,0.0,1.0,201.0,0.643680321044922,True,REGULAR,USD,Call,2028-01-21,NVDA,2026-10-06T00:29:09.099978+00:00,238.9,0.0401800012588501,0.0022226971865062345,0.3859572768879324
NVDA280121C00100000,2026-10-05 19:07:29+00:00,100.0,146.7,145.2,146.7,5.3799896,3.8069553,22.0,3146.0,0.6684298294067385,True,REGULAR,USD,Call,2028-01-21,NVDA,2026-10-06T00:29:09.099978+00:00,238.9,0.0401800012588501,0.0022226971865062345,0.3859572768879324
NVDA280121C00105000,2026-10-05 18:57:22+00:00,105.0,142.05,140.7,143.85,14.120003,11.037288,1.0,1021.0,0.6727937994384767,True,REGULAR,USD,Call,2028-01-21,NVDA,2026-10-06T00:29:09.099978+00:00,238.9,0.0401800012588501,0.0022226971865062345,0.3859572768879324
NVDA280121C00110000,2026-10-05 19:04:41+00:00,110.0,137.05,133.25,139.55,7.5200043,5.8056083,6.0,695.0,0.6182289154052736,True,REGULAR,USD,Call,2028-01-21,NVDA,2026-10-06T00:29:09.099978+00:00,238.9,0.0401800012588501,0.0022226971865062345,0.3859572768879324
NVDA280121C00115000,2026-10-01 18:20:11+00:00,115.0,124.95,132.05,134.9,0.0,0.0,1.0,921.0,0.6395604891967773,True,REGULAR,USD,Call,2028-01-21,NVDA,2026-10-06T00:29:09.099978+00:00,238.9,0.0401800012588501,0.0022226971865062345,0.3859572768879324
NVDA280121C00120000,2026-10-05 19:32:13+00:00,120.0,127.8,124.65,132.2,3.6500015,2.9399931,2.0,1986.0,0.6084633880615236,True,REGULAR,USD,Call,2028-01-21,NVDA,2026-10-06T00:29:09.099978+00:00,238.9,0.0401800012588501,0.0022226971865062345,0.3859572768879324
NVDA280121C00125000,2026-10-05 16:02:59+00:00,125.0,122.5,121.95,126.2,-0.12999725,-0.10600771,1.0,602.0,0.5938150970458984,True,REGULAR,USD,Call,2028-01-21,NVDA,2026-10-06T00:29:09.099978+00:00,238.9,0.0401800012588501,0.0022226971865062345,0.3859572768879324
NVDA280121C00130000,2026-10-05 19:52:10+00:00,130.0,120.0,118.9,121.4,4.6500015,4.031211,10.0,2289.0,0.587620090637207,True,REGULAR,USD,Call,2028-01-21,NVDA,2026-10-06T00:29:09.099978+00:00,238.9,0.0401800012588501,0.0022226971865062345,0.3859572768879324
NVDA280121C00135000,2026-10-02 16:10:39+00:00,135.0,114.27,112.55,117.3,1.8199997,1.6184969,1.0,827.0,0.5555464367675782,True,REGULAR,USD,Call,2028-01-21,NVDA,2026-10-06T00:29:09.099978+00:00,238.9,0.0401800012588501,0.0022226971865062345,0.3859572768879324
NVDA280121C00140000,2026-10-05 16:22:24+00:00,140.0,109.19,108.65,113.95,1.090004,1.0083293,4.0,4014.0,0.5543257458496094,True,REGULAR,USD,Call,2028-01-21,NVDA,2026-10-06T00:29:09.099978+00:00,238.9,0.0401800012588501,0.0022226971865062345,0.3859572768879324
NVDA280121C00145000,2026-10-05 19:03:22+00:00,145.0,108.4,106.0,111.4,3.9000015,3.7320588,8.0,1561.0,0.5689130023193358,True,REGULAR,USD,Call,2028-01-21,NVDA,2026-10-06T00:29:09.099978+00:00,238.9,0.0401800012588501,0.0022226971865062345,0.3859572768879324
NVDA280121C00150000,2026-10-05 19:59:03+00:00,150.0,103.83,103.0,104.75,4.1399994,4.152873,74.0,6043.0,0.5447128048706055,True,REGULAR,USD,Call,2028-01-21,NVDA,2026-10-06T00:29:09.099978+00:00,238.9,0.0401800012588501,0.0022226971865062345,0.3859572768879324
NVDA280121C00155000,2026-10-05 19:39:55+00:00,155.0,100.4,99.0,101.25,3.1500015,3.2390761,1.0,971.0,0.5378464184570313,True,REGULAR,USD,Call,2028-01-21,NVDA,2026-10-06T00:29:09.099978+00:00,238.9,0.0401800012588501,0.0022226971865062345,0.3859572768879324
NVDA280121C00160000,2026-10-05 19:55:02+00:00,160.0,96.0,95.35,96.75,4.0699997,4.4272814,53.0,2320.0,0.5254258883666992,True,REGULAR,USD,Call,2028-01-21,NVDA,2026-10-06T00:29:09.099978+00:00,238.9,0.0401800012588501,0.0022226971865062345,0.3859572768879324
NVDA280121C00165000,2026-10-05 17:43:36+00:00,165.0,91.0,88.85,94.7,2.7399979,3.1044617,3.0,1349.0,0.5099231137084962,True,REGULAR,USD,Call,2028-01-21,NVDA,2026-10-06T00:29:09.099978+00:00,238.9,0.0401800012588501,0.0022226971865062345,0.3859572768879324
NVDA280121C00170000,2026-10-05 19:59:58+00:00,170.0,88.55,87.1,90.0,4.3199997,5.1288133,18.0,4958.0,0.5086413882446289,True,REGULAR,USD,Call,2028-01-21,NVDA,2026-10-06T00:29:09.099978+00:00,238.9,0.0401800012588501,0.0022226971865062345,0.3859572768879324
NVDA280121C00175000,2026-10-05 19:44:54+00:00,175.0,85.67,81.6,85.55,4.419998,5.4399977,6.0,8233.0,0.5091296646118165,True,REGULAR,USD,Call,2028-01-21,NVDA,2026-10-06T00:29:09.099978+00:00,238.9,0.0401800012588501,0.0022226971865062345,0.3859572768879324
NVDA280121C00180000,2026-10-05 19:54:48+00:00,180.0,81.61,80.95,82.55,4.1299973,5.3304043,73.0,14041.0,0.5083819914245604,True,REGULAR,USD,Call,2028-01-21,NVDA,2026-10-06T00:29:09.099978+00:00,238.9,0.0401800012588501,0.0022226971865062345,0.3859572768879324
NVDA280121C00185000,2026-10-05 19:40:41+00:00,185.0,78.9,77.45,79.05,4.5,6.048387,21.0,9340.0,0.5005390522766113,True,REGULAR,USD,Call,2028-01-21,NVDA,2026-10-06T00:29:09.099978+00:00,238.9,0.0401800012588501,0.0022226971865062345,0.3859572768879324
NVDA280121C00190000,2026-10-05 19:53:30+00:00,190.0,75.6,74.25,75.55,4.8099976,6.7947416,216.0,8663.0,0.4921315435791016,True,REGULAR,USD,Call,2028-01-21,NVDA,2026-10-06T00:29:09.099978+00:00,238.9,0.0401800012588501,0.0022226971865062345,0.3859572768879324
NVDA280121C00195000,2026-10-05 18:15:08+00:00,195.0,70.75,68.05,72.75,1.25,1.7985611,11.0,6963.0,0.4910939562988281,True,REGULAR,USD,Call,2028-01-21,NVDA,2026-10-06T00:29:09.099978+00:00,238.9,0.0401800012588501,0.0022226971865062345,0.3859572768879324
NVDA280121C00200000,2026-10-05 19:59:13+00:00,200.0,68.2,67.7,69.25,3.619995,5.605443,343.0,28049.0,0.4814199807739258,True,REGULAR,USD,Call,2028-01-21,NVDA,2026-10-06T00:29:09.099978+00:00,238.9,0.0401800012588501,0.0022226971865062345,0.3859572768879324
NVDA280121C00205000,2026-10-05 19:32:23+00:00,205.0,66.0,63.25,67.7,3.75,6.0240965,18.0,1025.0,0.4922230953979493,True,REGULAR,USD,Call,2028-01-21,NVDA,2026-10-06T00:29:09.099978+00:00,238.9,0.0401800012588501,0.0022226971865062345,0.3859572768879324
NVDA280121C00210000,2026-10-05 19:44:12+00:00,210.0,63.05,61.95,63.0,4.6899986,8.0363245,66.0,9653.0,0.46854169158935544,True,REGULAR,USD,Call,2028-01-21,NVDA,2026-10-06T00:29:09.099978+00:00,238.9,0.0401800012588501,0.0022226971865062345,0.3859572768879324
NVDA280121C00215000,2026-10-05 19:58:36+00:00,215.0,59.9,59.3,62.9,4.3100014,7.7531953,155.0,1593.0,0.4922230953979493,True,REGULAR,USD,Call,2028-01-21,NVDA,2026-10-06T00:29:09.099978+00:00,238.9,0.0401800012588501,0.0022226971865062345,0.3859572768879324
NVDA280121C00220000,2026-10-05 19:55:04+00:00,220.0,56.82,56.4,58.7,3.3499985,6.2651925,591.0,9869.0,0.47281410980224614,True,REGULAR,USD,Call,2028-01-21,NVDA,2026-10-06T00:29:09.099978+00:00,238.9,0.0401800012588501,0.0022226971865062345,0.3859572768879324
NVDA280121C00225000,2026-10-05 19:52:52+00:00,225.0,54.0,53.5,55.1,2.75,5.365854,153.0,5872.0,0.4592339233398438,True,REGULAR,USD,Call,2028-01-21,NVDA,2026-10-06T00:29:09.099978+00:00,238.9,0.0401800012588501,0.0022226971865062345,0.3859572768879324
NVDA280121C00230000,2026-10-05 19:58:04+00:00,230.0,51.55,51.25,53.05,3.0499992,6.2886586,186.0,15874.0,0.46037832107543947,True,REGULAR,USD,Call,2028-01-21,NVDA,2026-10-06T00:29:09.099978+00:00,238.9,0.0401800012588501,0.0022226971865062345,0.3859572768879324
NVDA280121C00235000,2026-10-05 19:51:56+00:00,235.0,49.58,48.7,52.4,3.2700005,7.061111,89.0,1542.0,0.474187387084961,True,REGULAR,USD,Call,2028-01-21,NVDA,2026-10-06T00:29:09.099978+00:00,238.9,0.0401800012588501,0.0022226971865062345,0.3859572768879324
NVDA280121C00240000,2026-10-05 19:57:54+00:00,240.0,46.8,46.5,48.0,2.7599983,6.2670255,163.0,10548.0,0.4512383978271485,False,REGULAR,USD,Call,2028-01-21,NVDA,2026-10-06T00:29:09.099978+00:00,238.9,0.0401800012588501,0.0022226971865062345,0.3859572768879324
NVDA280121C00245000,2026-10-05 19:59:01+00:00,245.0,44.5,44.05,44.95,2.0,4.7058825,16.0,2764.0,0.44077097320556635,False,REGULAR,USD,Call,2028-01-21,NVDA,2026-10-06T00:29:09.099978+00:00,238.9,0.0401800012588501,0.0022226971865062345,0.3859572768879324
NVDA280121C00250000,2026-10-05 19:57:27+00:00,250.0,42.21,41.95,44.05,2.7399979,6.9419756,138.0,36707.0,0.4498346032714844,False,REGULAR,USD,Call,2028-01-21,NVDA,2026-10-06T00:29:09.099978+00:00,238.9,0.0401800012588501,0.0022226971865062345,0.3859572768879324
NVDA280121C00255000,2026-10-05 19:27:36+00:00,255.0,40.54,39.85,40.55,2.790001,7.390731,17.0,1130.0,0.433950362701416,False,REGULAR,USD,Call,2028-01-21,NVDA,2026-10-06T00:29:09.099978+00:00,238.9,0.0401800012588501,0.0022226971865062345,0.3859572768879324
NVDA280121C00260000,2026-10-05 19:48:29+00:00,260.0,38.55,36.35,39.8,2.9500008,8.286519,136.0,10094.0,0.4429682168579102,False,REGULAR,USD,Call,2028-01-21,NVDA,2026-10-06T00:29:09.099978+00:00,238.9,0.0401800012588501,0.0022226971865062345,0.3859572768879324
NVDA280121C00265000,2026-10-05 19:42:34+00:00,265.0,36.5,35.9,37.0,2.8100014,8.340758,25.0,1616.0,0.43237872314453124,False,REGULAR,USD,Call,2028-01-21,NVDA,2026-10-06T00:29:09.099978+00:00,238.9,0.0401800012588501,0.0022226971865062345,0.3859572768879324
NVDA280121C00270000,2026-10-05 19:38:00+00:00,270.0,34.89,34.05,36.25,2.7000008,8.3877,162.0,8865.0,0.440084334564209,False,REGULAR,USD,Call,2028-01-21,NVDA,2026-10-06T00:29:09.099978+00:00,238.9,0.0401800012588501,0.0022226971865062345,0.3859572768879324
NVDA280121C00275000,2026-10-05 19:42:18+00:00,275.0,33.1,32.4,35.0,1.2699986,3.989942,43.0,1465.0,0.4425714923095704,False,REGULAR,USD,Call,2028-01-21,NVDA,2026-10-06T00:29:09.099978+00:00,238.9,0.0401800012588501,0.0022226971865062345,0.3859572768879324
NVDA280121C00280000,2026-10-05 19:55:00+00:00,280.0,31.1,30.75,32.65,2.3199997,8.061152,68.0,9470.0,0.4343318286132813,False,REGULAR,USD,Call,2028-01-21,NVDA,2026-10-06T00:29:09.099978+00:00,238.9,0.0401800012588501,0.0022226971865062345,0.3859572768879324
NVDA280121C00285000,2026-10-05 18:51:06+00:00,285.0,29.3,29.15,29.6,1.6499996,5.967449,2.0,1183.0,0.4189663816833496,False,REGULAR,USD,Call,2028-01-21,NVDA,2026-10-06T00:29:09.099978+00:00,238.9,0.0401800012588501,0.0022226971865062345,0.3859572768879324
NVDA280121C00290000,2026-10-05 19:11:18+00:00,290.0,28.0,27.55,28.05,2.0699997,7.98303,25.0,5264.0,0.41687594848632803,False,REGULAR,USD,Call,2028-01-21,NVDA,2026-10-06T00:29:09.099978+00:00,238.9,0.0401800012588501,0.0022226971865062345,0.3859572768879324
NVDA280121C00295000,2026-10-05 15:42:49+00:00,295.0,25.4,26.2,26.65,-1.0200005,-3.8607132,1.0,4131.0,0.4156247402954102,False,REGULAR,USD,Call,2028-01-21,NVDA,2026-10-06T00:29:09.099978+00:00,238.9,0.0401800012588501,0.0022226971865062345,0.3859572768879324
NVDA280121C00300000,2026-10-05 19:55:54+00:00,300.0,24.8,24.8,25.25,1.5099983,6.483462,1349.0,101087.0,0.4138242211914062,False,REGULAR,USD,Call,2028-01-21,NVDA,2026-10-06T00:29:09.099978+00:00,238.9,0.0401800012588501,0.0022226971865062345,0.3859572768879324
NVDA280121C00310000,2026-10-05 19:37:58+00:00,310.0,23.05,20.85,24.0,2.0999985,10.023859,176.0,10886.0,0.42354397262573246,False,REGULAR,USD,Call,2028-01-21,NVDA,2026-10-06T00:29:09.099978+00:00,238.9,0.0401800012588501,0.0022226971865062345,0.3859572768879324
NVDA280121C00320000,2026-10-05 18:58:45+00:00,320.0,20.5,19.9,21.85,1.2299995,6.382976,116.0,6879.0,0.42282681671142575,False,REGULAR,USD,Call,2028-01-21,NVDA,2026-10-06T00:29:09.099978+00:00,238.9,0.0401800012588501,0.0022226971865062345,0.3859572768879324
NVDA280121C00330000,2026-10-05 19:38:34+00:00,330.0,18.62,18.0,18.4,1.3200016,7.630067,77.0,4565.0,0.40698835205078127,False,REGULAR,USD,Call,2028-01-21,NVDA,2026-10-06T00:29:09.099978+00:00,238.9,0.0401800012588501,0.0022226971865062345,0.3859572768879324
NVDA280121C00340000,2026-10-05 19:36:12+00:00,340.0,16.7,16.1,16.6,1.5100012,9.940759,184.0,3179.0,0.40573714385986326,False,REGULAR,USD,Call,2028-01-21,NVDA,2026-10-06T00:29:09.099978+00:00,238.9,0.0401800012588501,0.0022226971865062345,0.3859572768879324
NVDA280121C00350000,2026-10-05 19:38:06+00:00,350.0,15.1,14.6,15.0,1.4500008,10.622717,138.0,31145.0,0.40491317749023437,False,REGULAR,USD,Call,2028-01-21,NVDA,2026-10-06T00:29:09.099978+00:00,238.9,0.0401800012588501,0.0022226971865062345,0.3859572768879324
NVDA280121C00360000,2026-10-05 19:38:06+00:00,360.0,13.6,13.1,13.5,1.3000002,10.569107,27.0,7986.0,0.4035399002075196,False,REGULAR,USD,Call,2028-01-21,NVDA,2026-10-06T00:29:09.099978+00:00,238.9,0.0401800012588501,0.0022226971865062345,0.3859572768879324
NVDA280121C00370000,2026-10-05 16:45:38+00:00,370.0,11.45,11.8,12.2,0.21000004,1.8683277,12.0,5424.0,0.402899037475586,False,REGULAR,USD,Call,2028-01-21,NVDA,2026-10-06T00:29:09.099978+00:00,238.9,0.0401800012588501,0.0022226971865062345,0.3859572768879324
NVDA280121C00380000,2026-10-05 18:53:38+00:00,380.0,10.75,10.65,11.0,0.6700001,6.6468263,12.0,9896.0,0.4019835192871094,False,REGULAR,USD,Call,2028-01-21,NVDA,2026-10-06T00:29:09.099978+00:00,238.9,0.0401800012588501,0.0022226971865062345,0.3859572768879324
NVDA280121C00390000,2026-10-05 19:33:06+00:00,390.0,9.9,9.35,10.15,0.09999943,1.0204023,28.0,8132.0,0.40419602157592777,False,REGULAR,USD,Call,2028-01-21,NVDA,2026-10-06T00:29:09.099978+00:00,238.9,0.0401800012588501,0.0022226971865062345,0.3859572768879324
NVDA280121C00400000,2026-10-05 19:40:51+00:00,400.0,8.85,8.65,9.0,0.75,9.259259,80.0,51439.0,0.4011595529174804,False,REGULAR,USD,Call,2028-01-21,NVDA,2026-10-06T00:29:09.099978+00:00,238.9,0.0401800012588501,0.0022226971865062345,0.3859572768879324
NVDA280121C00410000,2026-10-05 19:02:17+00:00,410.0,8.0,7.8,8.05,0.5100002,6.809082,7.0,21594.0,0.3994505856323243,False,REGULAR,USD,Call,2028-01-21,NVDA,2026-10-06T00:29:09.099978+00:00,238.9,0.0401800012588501,0.0022226971865062345,0.3859572768879324
NVDA280121C00420000,2026-10-05 18:15:11+00:00,420.0,7.0,7.05,7.35,-0.099999905,-1.4084494,1.0,21572.0,0.4001830001831055,False,REGULAR,USD,Call,2028-01-21,NVDA,2026-10-06T00:29:09.099978+00:00,238.9,0.0401800012588501,0.0022226971865062345,0.3859572768879324
NVDA280121C00430000,2026-10-02 16:23:55+00:00,430.0,6.42,6.35,6.75,0.0,0.0,1.0,2028.0,0.40146472564697266,False,REGULAR,USD,Call,2028-01-21,NVDA,2026-10-06T00:29:09.099978+00:00,238.9,0.0401800012588501,0.0022226971865062345,0.3859572768879324
NVDA280121C00440000,2026-10-05 19:40:04+00:00,440.0,6.0,5.75,6.2,0.1500001,2.5641043,47.0,3072.0,0.40262438201904294,False,REGULAR,USD,Call,2028-01-21,NVDA,2026-10-06T00:29:09.099978+00:00,238.9,0.0401800012588501,0.0022226971865062345,0.3859572768879324
NVDA280121C00450000,2026-10-05 18:58:11+00:00,450.0,5.4,5.25,5.6,0.4000001,8.000002,1.0,11009.0,0.4019835192871094,False,REGULAR,USD,Call,2028-01-21,NVDA,2026-10-06T00:29:09.099978+00:00,238.9,0.0401800012588501,0.0022226971865062345,0.3859572768879324
NVDA280121C00455000,2026-10-05 15:30:47+00:00,455.0,4.9,5.05,5.25,0.3000002,6.5217433,2.0,358.0,0.4003050692749024,False,REGULAR,USD,Call,2028-01-21,NVDA,2026-10-06T00:29:09.099978+00:00,238.9,0.0401800012588501,0.0022226971865062345,0.3859572768879324
NVDA280121C00460000,2026-10-05 19:55:55+00:00,460.0,5.12,4.85,5.1,0.42000008,8.9361725,87.0,25479.0,0.4021361056518554,False,REGULAR,USD,Call,2028-01-21,NVDA,2026-10-06T00:29:09.099978+00:00,238.9,0.0401800012588501,0.0022226971865062345,0.3859572768879324
NVDA280121P00005000,2026-09-29 18:48:23+00:00,5.0,0.03,0.0,0.05,0.0,0.0,1.0,6940.0,1.1953165234375,False,REGULAR,USD,Put,2028-01-21,NVDA,2026-10-06T00:29:09.099978+00:00,238.9,0.0401800012588501,0.0022226971865062345,0.3859572768879324
NVDA280121P00010000,2026-09-28 13:30:02+00:00,10.0,0.03,0.01,0.05,0.0,0.0,1.0,5948.0,0.9765627343750001,False,REGULAR,USD,Put,2028-01-21,NVDA,2026-10-06T00:29:09.099978+00:00,238.9,0.0401800012588501,0.0022226971865062345,0.3859572768879324
NVDA280121P00015000,2026-10-05 19:19:05+00:00,15.0,0.01,0.01,0.33,-0.04,-80.00001,1.0,1857.0,1.017583037109375,False,REGULAR,USD,Put,2028-01-21,NVDA,2026-10-06T00:29:09.099978+00:00,238.9,0.0401800012588501,0.0022226971865062345,0.3859572768879324
NVDA280121P00020000,2026-10-01 14:10:57+00:00,20.0,0.08,0.06,0.1,0.0,0.0,10.0,2750.0,0.8300798242187499,False,REGULAR,USD,Put,2028-01-21,NVDA,2026-10-06T00:29:09.099978+00:00,238.9,0.0401800012588501,0.0022226971865062345,0.3859572768879324
NVDA280121P00025000,2026-10-02 19:52:31+00:00,25.0,0.01,0.01,0.13,0.0,0.0,70.0,527.0,0.7421900781249999,False,REGULAR,USD,Put,2028-01-21,NVDA,2026-10-06T00:29:09.099978+00:00,238.9,0.0401800012588501,0.0022226971865062345,0.3859572768879324
NVDA280121P00030000,2026-09-29 16:24:09+00:00,30.0,0.13,0.1,0.36,0.0,0.0,50.0,766.0,0.7812521875,False,REGULAR,USD,Put,2028-01-21,NVDA,2026-10-06T00:29:09.099978+00:00,238.9,0.0401800012588501,0.0022226971865062345,0.3859572768879324
NVDA280121P00035000,2026-09-28 15:15:37+00:00,35.0,0.19,0.1,0.51,0.0,0.0,102.0,624.0,0.7490259472656251,False,REGULAR,USD,Put,2028-01-21,NVDA,2026-10-06T00:29:09.099978+00:00,238.9,0.0401800012588501,0.0022226971865062345,0.3859572768879324
NVDA280121P00040000,2026-10-05 14:59:02+00:00,40.0,0.23,0.2,0.27,-0.019999996,-7.999998,2.0,829.0,0.6728548339843752,False,REGULAR,USD,Put,2028-01-21,NVDA,2026-10-06T00:29:09.099978+00:00,238.9,0.0401800012588501,0.0022226971865062345,0.3859572768879324
NVDA280121P00045000,2026-09-29 14:31:40+00:00,45.0,0.3,0.01,0.52,0.0,0.0,483.0,4115.0,0.63867548828125,False,REGULAR,USD,Put,2028-01-21,NVDA,2026-10-06T00:29:09.099978+00:00,238.9,0.0401800012588501,0.0022226971865062345,0.3859572768879324
NVDA280121P00050000,2026-10-01 19:47:07+00:00,50.0,0.35,0.0,0.61,0.0,0.0,1.0,7283.0,0.6103554589843752,False,REGULAR,USD,Put,2028-01-21,NVDA,2026-10-06T00:29:09.099978+00:00,238.9,0.0401800012588501,0.0022226971865062345,0.3859572768879324
NVDA280121P00055000,2026-10-05 19:38:27+00:00,55.0,0.38,0.16,1.12,0.099999994,35.714283,4.0,361.0,0.6391637646484375,False,REGULAR,USD,Put,2028-01-21,NVDA,2026-10-06T00:29:09.099978+00:00,238.9,0.0401800012588501,0.0022226971865062345,0.3859572768879324
NVDA280121P00060000,2026-09-30 19:50:00+00:00,60.0,0.51,0.4,0.74,0.0,0.0,2.0,1782.0,0.5918009570312501,False,REGULAR,USD,Put,2028-01-21,NVDA,2026-10-06T00:29:09.099978+00:00,238.9,0.0401800012588501,0.0022226971865062345,0.3859572768879324
NVDA280121P00065000,2026-10-02 18:37:56+00:00,65.0,0.56,0.45,0.7,0.0,0.0,3.0,374.0,0.559574716796875,False,REGULAR,USD,Put,2028-01-21,NVDA,2026-10-06T00:29:09.099978+00:00,238.9,0.0401800012588501,0.0022226971865062345,0.3859572768879324
NVDA280121P00070000,2026-10-05 15:25:26+00:00,70.0,0.69,0.37,0.72,0.06999999,11.290321,35.0,1570.0,0.5246629565429688,False,REGULAR,USD,Put,2028-01-21,NVDA,2026-10-06T00:29:09.099978+00:00,238.9,0.0401800012588501,0.0022226971865062345,0.3859572768879324
NVDA280121P00075000,2026-10-05 19:43:40+00:00,75.0,0.78,0.61,0.85,0.0,0.0,36.0,1588.0,0.5202684692382812,False,REGULAR,USD,Put,2028-01-21,NVDA,2026-10-06T00:29:09.099978+00:00,238.9,0.0401800012588501,0.0022226971865062345,0.3859572768879324
NVDA280121P00080000,2026-10-02 18:02:13+00:00,80.0,0.81,0.7,1.13,0.0,0.0,28.0,8939.0,0.5120898400878906,False,REGULAR,USD,Put,2028-01-21,NVDA,2026-10-06T00:29:09.099978+00:00,238.9,0.0401800012588501,0.0022226971865062345,0.3859572768879324
NVDA280121P00085000,2026-10-05 18:14:46+00:00,85.0,0.91,0.69,2.22,-0.060000002,-6.185567,42.0,708.0,0.5288133056640626,False,REGULAR,USD,Put,2028-01-21,NVDA,2026-10-06T00:29:09.099978+00:00,238.9,0.0401800012588501,0.0022226971865062345,0.3859572768879324
NVDA280121P00090000,2026-10-05 19:44:25+00:00,90.0,1.1,1.03,1.27,-0.029999971,-2.6548648,62.0,2307.0,0.48901878173828134,False,REGULAR,USD,Put,2028-01-21,NVDA,2026-10-06T00:29:09.099978+00:00,238.9,0.0401800012588501,0.0022226971865062345,0.3859572768879324
NVDA280121P00095000,2026-10-05 14:59:31+00:00,95.0,1.28,1.18,1.33,-0.08000004,-5.8823557,2.0,1710.0,0.4683891052246094,False,REGULAR,USD,Put,2028-01-21,NVDA,2026-10-06T00:29:09.099978+00:00,238.9,0.0401800012588501,0.0022226971865062345,0.3859572768879324
NVDA280121P00100000,2026-10-05 19:56:16+00:00,100.0,1.45,1.36,1.51,-0.06999993,-4.605259,136.0,9211.0,0.45606012695312503,False,REGULAR,USD,Put,2028-01-21,NVDA,2026-10-06T00:29:09.099978+00:00,238.9,0.0401800012588501,0.0022226971865062345,0.3859572768879324
NVDA280121P00105000,2026-10-05 19:56:16+00:00,105.0,1.66,1.64,1.79,-0.16000009,-8.791213,13.0,4527.0,0.4484918432617187,False,REGULAR,USD,Put,2028-01-21,NVDA,2026-10-06T00:29:09.099978+00:00,238.9,0.0401800012588501,0.0022226971865062345,0.3859572768879324
NVDA280121P00110000,2026-10-05 15:25:53+00:00,110.0,1.95,1.85,2.01,-0.06999993,-3.4653432,2.0,7820.0,0.43677321044921874,False,REGULAR,USD,Put,2028-01-21,NVDA,2026-10-06T00:29:09.099978+00:00,238.9,0.0401800012588501,0.0022226971865062345,0.3859572768879324
NVDA280121P00115000,2026-10-02 15:01:44+00:00,115.0,2.37,2.0,2.49,0.0,0.0,1.0,3349.0,0.4353694158935547,False,REGULAR,USD,Put,2028-01-21,NVDA,2026-10-06T00:29:09.099978+00:00,238.9,0.0401800012588501,0.0022226971865062345,0.3859572768879324
NVDA280121P00120000,2026-10-05 19:58:28+00:00,120.0,2.67,2.57,2.68,-0.049999952,-1.8382335,28.0,10239.0,0.42078215942382813,False,REGULAR,USD,Put,2028-01-21,NVDA,2026-10-06T00:29:09.099978+00:00,238.9,0.0401800012588501,0.0022226971865062345,0.3859572768879324
NVDA280121P00125000,2026-10-05 19:29:02+00:00,125.0,3.0,2.81,3.3,-0.43000007,-12.536445,17.0,11645.0,0.42078215942382813,False,REGULAR,USD,Put,2028-01-21,NVDA,2026-10-06T00:29:09.099978+00:00,238.9,0.0401800012588501,0.0022226971865062345,0.3859572768879324
NVDA280121P00130000,2026-10-05 16:11:41+00:00,130.0,3.55,3.25,3.7,-0.10000014,-2.73973,25.0,11652.0,0.411688012084961,False,REGULAR,USD,Put,2028-01-21,NVDA,2026-10-06T00:29:09.099978+00:00,238.9,0.0401800012588501,0.0022226971865062345,0.3859572768879324
NVDA280121P00135000,2026-10-05 16:12:39+00:00,135.0,4.04,3.6,4.1,-0.21000004,-4.9411774,3.0,5189.0,0.4018614501953125,False,REGULAR,USD,Put,2028-01-21,NVDA,2026-10-06T00:29:09.099978+00:00,238.9,0.0401800012588501,0.0022226971865062345,0.3859572768879324
NVDA280121P00140000,2026-10-05 19:27:51+00:00,140.0,4.6,4.35,4.7,-0.34000015,-6.882594,219.0,22486.0,0.39649041015625003,False,REGULAR,USD,Put,2028-01-21,NVDA,2026-10-06T00:29:09.099978+00:00,238.9,0.0401800012588501,0.0022226971865062345,0.3859572768879324
NVDA280121P00145000,2026-10-05 19:45:34+00:00,145.0,5.2,4.95,5.5,-0.35000038,-6.306313,281.0,8950.0,0.3943542010498047,False,REGULAR,USD,Put,2028-01-21,NVDA,2026-10-06T00:29:09.099978+00:00,238.9,0.0401800012588501,0.0022226971865062345,0.3859572768879324
NVDA280121P00150000,2026-10-05 19:42:22+00:00,150.0,5.94,5.8,6.1,-0.40999985,-6.456691,95.0,27098.0,0.3863281582641601,False,REGULAR,USD,Put,2028-01-21,NVDA,2026-10-06T00:29:09.099978+00:00,238.9,0.0401800012588501,0.0022226971865062345,0.3859572768879324
NVDA280121P00155000,2026-10-02 17:21:54+00:00,155.0,7.27,6.15,7.35,0.0,0.0,7.0,5695.0,0.3899597137451172,False,REGULAR,USD,Put,2028-01-21,NVDA,2026-10-06T00:29:09.099978+00:00,238.9,0.0401800012588501,0.0022226971865062345,0.3859572768879324
NVDA280121P00160000,2026-10-05 19:47:05+00:00,160.0,7.65,7.1,8.2,-0.48000002,-5.904059,19.0,6036.0,0.38413091461181637,False,REGULAR,USD,Put,2028-01-21,NVDA,2026-10-06T00:29:09.099978+00:00,238.9,0.0401800012588501,0.0022226971865062345,0.3859572768879324
NVDA280121P00165000,2026-10-05 19:36:47+00:00,165.0,8.55,8.45,8.8,-0.60999966,-6.659385,43.0,9024.0,0.37317521362304684,False,REGULAR,USD,Put,2028-01-21,NVDA,2026-10-06T00:29:09.099978+00:00,238.9,0.0401800012588501,0.0022226971865062345,0.3859572768879324
NVDA280121P00170000,2026-10-05 19:59:40+00:00,170.0,9.89,9.6,9.85,-0.3800001,-3.7000983,1052.0,5036.0,0.36881124359130857,False,REGULAR,USD,Put,2028-01-21,NVDA,2026-10-06T00:29:09.099978+00:00,238.9,0.0401800012588501,0.0022226971865062345,0.3859572768879324
NVDA280121P00175000,2026-10-05 16:32:50+00:00,175.0,11.1,10.6,11.0,-0.4499998,-3.8961022,8.0,7943.0,0.36475244628906256,False,REGULAR,USD,Put,2028-01-21,NVDA,2026-10-06T00:29:09.099978+00:00,238.9,0.0401800012588501,0.0022226971865062345,0.3859572768879324
NVDA280121P00180000,2026-10-05 19:21:41+00:00,180.0,11.95,11.85,12.2,-0.9000006,-7.0038958,288.0,21658.0,0.36026640716552727,False,REGULAR,USD,Put,2028-01-21,NVDA,2026-10-06T00:29:09.099978+00:00,238.9,0.0401800012588501,0.0022226971865062345,0.3859572768879324
NVDA280121P00185000,2026-10-05 19:40:53+00:00,185.0,13.32,11.65,13.7,-0.9000006,-6.3291183,19.0,8701.0,0.35858795715332037,False,REGULAR,USD,Put,2028-01-21,NVDA,2026-10-06T00:29:09.099978+00:00,238.9,0.0401800012588501,0.0022226971865062345,0.3859572768879324
NVDA280121P00190000,2026-10-05 19:29:02+00:00,190.0,14.75,14.55,15.0,-1.0,-6.3492064,197.0,13236.0,0.35312536529541017,False,REGULAR,USD,Put,2028-01-21,NVDA,2026-10-06T00:29:09.099978+00:00,238.9,0.0401800012588501,0.0022226971865062345,0.3859572768879324
NVDA280121P00195000,2026-10-05 19:51:23+00:00,195.0,16.35,16.05,16.6,-0.94999886,-5.491323,7.0,4152.0,0.35027200027465816,False,REGULAR,USD,Put,2028-01-21,NVDA,2026-10-06T00:29:09.099978+00:00,238.9,0.0401800012588501,0.0022226971865062345,0.3859572768879324
NVDA280121P00200000,2026-10-05 19:59:40+00:00,200.0,18.2,17.75,18.2,-1.0999985,-5.6994743,174.0,28934.0,0.3462742375183105,False,REGULAR,USD,Put,2028-01-21,NVDA,2026-10-06T00:29:09.099978+00:00,238.9,0.0401800012588501,0.0022226971865062345,0.3859572768879324
NVDA280121P00205000,2026-10-05 19:51:16+00:00,205.0,18.6,19.4,20.1,-1.9200001,-9.356725,16.0,6531.0,0.344534752960205,False,REGULAR,USD,Put,2028-01-21,NVDA,2026-10-06T00:29:09.099978+00:00,238.9,0.0401800012588501,0.0022226971865062345,0.3859572768879324
NVDA280121P00210000,2026-10-05 19:34:12+00:00,210.0,21.51,21.1,21.75,-1.2099991,-5.3257003,104.0,6154.0,0.33896535064697264,False,REGULAR,USD,Put,2028-01-21,NVDA,2026-10-06T00:29:09.099978+00:00,238.9,0.0401800012588501,0.0022226971865062345,0.3859572768879324
NVDA280121P00215000,2026-10-05 15:40:55+00:00,215.0,23.32,23.1,23.75,-2.5699997,-9.926612,47.0,6625.0,0.33611198562622074,False,REGULAR,USD,Put,2028-01-21,NVDA,2026-10-06T00:29:09.099978+00:00,238.9,0.0401800012588501,0.0022226971865062345,0.3859572768879324
NVDA280121P00220000,2026-10-05 19:49:23+00:00,220.0,25.35,25.2,25.8,-1.3500004,-5.056181,57.0,7889.0,0.33269405105590827,False,REGULAR,USD,Put,2028-01-21,NVDA,2026-10-06T00:29:09.099978+00:00,238.9,0.0401800012588501,0.0022226971865062345,0.3859572768879324
NVDA280121P00225000,2026-10-05 19:54:30+00:00,225.0,27.6,27.45,27.9,-1.6499996,-5.6410246,51.0,2231.0,0.32875732284545894,False,REGULAR,USD,Put,2028-01-21,NVDA,2026-10-06T00:29:09.099978+00:00,238.9,0.0401800012588501,0.0022226971865062345,0.3859572768879324
NVDA280121P00230000,2026-10-05 19:36:07+00:00,230.0,29.61,29.55,30.2,-1.8899994,-5.999998,514.0,7073.0,0.3257513714599609,False,REGULAR,USD,Put,2028-01-21,NVDA,2026-10-06T00:29:09.099978+00:00,238.9,0.0401800012588501,0.0022226971865062345,0.3859572768879324
NVDA280121P00235000,2026-10-05 19:29:37+00:00,235.0,32.0,32.2,32.55,-2.0499992,-6.020556,45.0,3111.0,0.32224188507080076,False,REGULAR,USD,Put,2028-01-21,NVDA,2026-10-06T00:29:09.099978+00:00,238.9,0.0401800012588501,0.0022226971865062345,0.3859572768879324
NVDA280121P00240000,2026-10-05 19:53:31+00:00,240.0,34.52,34.35,35.0,-1.9300003,-5.294925,11.0,1081.0,0.31867136413574215,True,REGULAR,USD,Put,2028-01-21,NVDA,2026-10-06T00:29:09.099978+00:00,238.9,0.0401800012588501,0.0022226971865062345,0.3859572768879324
NVDA280121P00245000,2026-10-02 17:56:50+00:00,245.0,39.16,36.95,37.65,0.0,0.0,5.0,848.0,0.3159858441162109,True,REGULAR,USD,Put,2028-01-21,NVDA,2026-10-06T00:29:09.099978+00:00,238.9,0.0401800012588501,0.0022226971865062345,0.3859572768879324
NVDA280121P00250000,2026-10-05 19:20:17+00:00,250.0,39.65,39.7,40.35,-2.6299973,-6.220429,4.0,2577.0,0.3127967890930175,True,REGULAR,USD,Put,2028-01-21,NVDA,2026-10-06T00:29:09.099978+00:00,238.9,0.0401800012588501,0.0022226971865062345,0.3859572768879324
NVDA280121P00255000,2026-10-01 18:17:52+00:00,255.0,47.15,42.4,43.15,0.0,0.0,326.0,489.0,0.3095466995239258,True,REGULAR,USD,Put,2028-01-21,NVDA,2026-10-06T00:29:09.099978+00:00,238.9,0.0401800012588501,0.0022226971865062345,0.3859572768879324
NVDA280121P00260000,2026-10-05 17:51:19+00:00,260.0,45.95,45.3,46.1,-2.0499992,-4.2708316,1.0,3930.0,0.306723851776123,True,REGULAR,USD,Put,2028-01-21,NVDA,2026-10-06T00:29:09.099978+00:00,238.9,0.0401800012588501,0.0022226971865062345,0.3859572768879324
NVDA280121P00265000,2026-10-05 19:39:56+00:00,265.0,48.2,48.3,48.95,-1.8899994,-3.773207,1.0,339.0,0.3020241917419434,True,REGULAR,USD,Put,2028-01-21,NVDA,2026-10-06T00:29:09.099978+00:00,238.9,0.0401800012588501,0.0022226971865062345,0.3859572768879324
NVDA280121P00270000,2026-10-05 19:06:21+00:00,270.0,51.32,51.35,52.15,-1.7900009,-3.3703651,38.0,591.0,0.2995980685424804,True,REGULAR,USD,Put,2028-01-21,NVDA,2026-10-06T00:29:09.099978+00:00,238.9,0.0401800012588501,0.0022226971865062345,0.3859572768879324
NVDA280121P00275000,2026-09-28 19:11:31+00:00,275.0,60.75,54.55,55.35,0.0,0.0,3.0,229.0,0.29624116851806637,True,REGULAR,USD,Put,2028-01-21,NVDA,2026-10-06T00:29:09.099978+00:00,238.9,0.0401800012588501,0.0022226971865062345,0.3859572768879324
NVDA280121P00280000,2026-10-05 19:03:30+00:00,280.0,57.78,57.85,58.65,-2.0300026,-3.3940854,14.0,1411.0,0.29288426849365223,True,REGULAR,USD,Put,2028-01-21,NVDA,2026-10-06T00:29:09.099978+00:00,238.9,0.0401800012588501,0.0022226971865062345,0.3859572768879324
NVDA280121P00285000,2026-09-28 17:13:19+00:00,285.0,67.35,60.2,63.0,0.0,0.0,30.0,491.0,0.2988656539916992,True,REGULAR,USD,Put,2028-01-21,NVDA,2026-10-06T00:29:09.099978+00:00,238.9,0.0401800012588501,0.0022226971865062345,0.3859572768879324
NVDA280121P00290000,2026-10-01 17:31:24+00:00,290.0,70.5,63.65,66.5,0.0,0.0,51.0,335.0,0.29575289215087885,True,REGULAR,USD,Put,2028-01-21,NVDA,2026-10-06T00:29:09.099978+00:00,238.9,0.0401800012588501,0.0022226971865062345,0.3859572768879324
NVDA280121P00295000,2026-09-28 18:16:13+00:00,295.0,75.3,67.15,72.2,0.0,0.0,120.0,205.0,0.31403273864746095,True,REGULAR,USD,Put,2028-01-21,NVDA,2026-10-06T00:29:09.099978+00:00,238.9,0.0401800012588501,0.0022226971865062345,0.3859572768879324
NVDA280121P00300000,2026-10-05 19:04:44+00:00,300.0,71.8,71.15,74.85,-3.3199997,-4.419595,10.0,1474.0,0.30083401809692384,True,REGULAR,USD,Put,2028-01-21,NVDA,2026-10-06T00:29:09.099978+00:00,238.9,0.0401800012588501,0.0022226971865062345,0.3859572768879324
NVDA280121P00310000,2026-09-29 14:39:22+00:00,310.0,86.1,77.6,83.4,0.0,0.0,10.0,971.0,0.30559471267700195,True,REGULAR,USD,Put,2028-01-21,NVDA,2026-10-06T00:29:09.099978+00:00,238.9,0.0401800012588501,0.0022226971865062345,0.3859572768879324
NVDA280121P00320000,2026-10-05 13:49:16+00:00,320.0,88.99,86.7,91.75,-6.010002,-6.3263183,1.0,795.0,0.3057778163146973,True,REGULAR,USD,Put,2028-01-21,NVDA,2026-10-06T00:29:09.099978+00:00,238.9,0.0401800012588501,0.0022226971865062345,0.3859572768879324
NVDA280121P00330000,2026-10-01 15:20:36+00:00,330.0,103.45,92.35,99.5,0.0,0.0,1.0,1423.0,0.29587496124267576,True,REGULAR,USD,Put,2028-01-21,NVDA,2026-10-06T00:29:09.099978+00:00,238.9,0.0401800012588501,0.0022226971865062345,0.3859572768879324
NVDA280121P00340000,2026-10-05 17:17:42+00:00,340.0,105.9,101.5,108.0,-1.25,-1.1665889,5.0,1030.0,0.2919077157592772,True,REGULAR,USD,Put,2028-01-21,NVDA,2026-10-06T00:29:09.099978+00:00,238.9,0.0401800012588501,0.0022226971865062345,0.3859572768879324
NVDA280121P00350000,2026-10-02 15:50:04+00:00,350.0,116.5,109.7,117.3,0.0,0.0,1.0,616.0,0.2966226344299316,True,REGULAR,USD,Put,2028-01-21,NVDA,2026-10-06T00:29:09.099978+00:00,238.9,0.0401800012588501,0.0022226971865062345,0.3859572768879324
NVDA280121P00360000,2026-10-02 14:47:13+00:00,360.0,124.5,118.7,126.4,0.0,0.0,20.0,117.0,0.2966378930664062,True,REGULAR,USD,Put,2028-01-21,NVDA,2026-10-06T00:29:09.099978+00:00,238.9,0.0401800012588501,0.0022226971865062345,0.3859572768879324
NVDA280121P00370000,2026-09-22 17:47:38+00:00,370.0,140.93,128.0,135.6,0.0,0.0,1.0,45.0,0.29621065124511714,True,REGULAR,USD,Put,2028-01-21,NVDA,2026-10-06T00:29:09.099978+00:00,238.9,0.0401800012588501,0.0022226971865062345,0.3859572768879324
NVDA280121P00380000,2026-10-05 17:58:08+00:00,380.0,142.85,137.55,145.1,-2.4899902,-1.7132175,1.0,7.0,0.299262378540039,True,REGULAR,USD,Put,2028-01-21,NVDA,2026-10-06T00:29:09.099978+00:00,238.9,0.0401800012588501,0.0022226971865062345,0.3859572768879324
NVDA280121P00390000,2026-10-05 17:58:08+00:00,390.0,152.75,146.2,156.0,-2.4700012,-1.5912906,1.0,2.0,0.3272467178344727,True,REGULAR,USD,Put,2028-01-21,NVDA,2026-10-06T00:29:09.099978+00:00,238.9,0.0401800012588501,0.0022226971865062345,0.3859572768879324
NVDA280121P00400000,2026-10-01 15:58:33+00:00,400.0,171.75,156.2,166.0,0.0,0.0,1.0,0.0,0.3386601779174804,True,REGULAR,USD,Put,2028-01-21,NVDA,2026-10-06T00:29:09.099978+00:00,238.9,0.0401800012588501,0.0022226971865062345,0.3859572768879324
NVDA280121P00410000,2026-09-30 17:13:38+00:00,410.0,179.24,166.2,176.0,0.0,0.0,1.0,0.0,0.34967691345214835,True,REGULAR,USD,Put,2028-01-21,NVDA,2026-10-06T00:29:09.099978+00:00,238.9,0.0401800012588501,0.0022226971865062345,0.3859572768879324
NVDA280121P00420000,2026-08-25 18:03:32+00:00,420.0,207.82,176.0,186.0,0.0,0.0,1.0,0.0,0.3602969244384765,True,REGULAR,USD,Put,2028-01-21,NVDA,2026-10-06T00:29:09.099978+00:00,238.9,0.0401800012588501,0.0022226971865062345,0.3859572768879324
NVDA280121P00430000,2026-08-31 19:53:44+00:00,430.0,209.72,186.0,196.0,0.0,0.0,17.0,0.0,0.37055072814941403,True,REGULAR,USD,Put,2028-01-21,NVDA,2026-10-06T00:29:09.099978+00:00,238.9,0.0401800012588501,0.0022226971865062345,0.3859572768879324
NVDA280121P00440000,2026-08-12 19:24:16+00:00,440.0,216.91,0.0,0.0,0.0,0.0,2.0,0.0,1.0000000000000003e-05,True,REGULAR,USD,Put,2028-01-21,NVDA,2026-10-06T00:29:09.099978+00:00,238.9,0.0401800012588501,0.0022226971865062345,0.3859572768879324
NVDA280121P00450000,2026-06-08 19:06:46+00:00,450.0,241.01,235.35,239.8,0.0,0.0,1.0,0.0,0.662234822998047,True,REGULAR,USD,Put,2028-01-21,NVDA,2026-10-06T00:29:09.099978+00:00,238.9,0.0401800012588501,0.0022226971865062345,0.3859572768879324
NVDA280121P00455000,2026-09-03 14:20:48+00:00,455.0,226.5,211.0,220.0,0.0,0.0,,0.0,0.3746400427246094,True,REGULAR,USD,Put,2028-01-21,NVDA,2026-10-06T00:29:09.099978+00:00,238.9,0.0401800012588501,0.0022226971865062345,0.3859572768879324
NVDA280121P00460000,2026-09-21 19:56:21+00:00,460.0,230.5,217.0,225.0,0.0,0.0,1.0,0.0,0.37915659912109373,True,REGULAR,USD,Put,2028-01-21,NVDA,2026-10-06T00:29:09.099978+00:00,238.9,0.0401800012588501,0.0022226971865062345,0.3859572768879324
NVDA280616C00005000,2026-09-16 16:06:19+00:00,5.0,211.0,229.0,239.0,0.0,0.0,1.0,178.0,1.2109414453124998,True,REGULAR,USD,Call,2028-06-16,NVDA,2026-10-06T00:29:09.099978+00:00,238.9,0.0401800012588501,0.0022226971865062345,0.3859572768879324
NVDA280616C00010000,2026-09-30 18:19:02+00:00,10.0,220.99,224.0,234.0,0.0,0.0,2.0,2.0,0.96679720703125,True,REGULAR,USD,Call,2028-06-16,NVDA,2026-10-06T00:29:09.099978+00:00,238.9,0.0401800012588501,0.0022226971865062345,0.3859572768879324
NVDA280616C00015000,2026-09-08 14:21:56+00:00,15.0,213.1,220.0,230.0,0.0,0.0,5.0,5.0,1.1904337353515624,True,REGULAR,USD,Call,2028-06-16,NVDA,2026-10-06T00:29:09.099978+00:00,238.9,0.0401800012588501,0.0022226971865062345,0.3859572768879324
NVDA280616C00020000,2026-09-02 13:48:30+00:00,20.0,200.5,215.0,225.0,0.0,0.0,10.0,115.0,1.0502977172851562,True,REGULAR,USD,Call,2028-06-16,NVDA,2026-10-06T00:29:09.099978+00:00,238.9,0.0401800012588501,0.0022226971865062345,0.3859572768879324
NVDA280616C00025000,2026-09-28 16:14:37+00:00,25.0,206.8,210.0,220.0,0.0,0.0,15.0,115.0,0.94726615234375,True,REGULAR,USD,Call,2028-06-16,NVDA,2026-10-06T00:29:09.099978+00:00,238.9,0.0401800012588501,0.0022226971865062345,0.3859572768879324
NVDA280616C00030000,2026-09-29 18:40:33+00:00,30.0,200.45,206.0,216.0,0.0,0.0,20.0,65.0,0.9857179162597658,True,REGULAR,USD,Call,2028-06-16,NVDA,2026-10-06T00:29:09.099978+00:00,238.9,0.0401800012588501,0.0022226971865062345,0.3859572768879324
NVDA280616C00035000,2026-09-11 19:34:15+00:00,35.0,185.93,201.0,211.0,0.0,0.0,1.0,30.0,0.9082040429687499,True,REGULAR,USD,Call,2028-06-16,NVDA,2026-10-06T00:29:09.099978+00:00,238.9,0.0401800012588501,0.0022226971865062345,0.3859572768879324
NVDA280616C00040000,2026-10-02 18:16:51+00:00,40.0,197.7,197.0,205.6,0.0,0.0,2.0,101.0,0.8676771044921875,True,REGULAR,USD,Call,2028-06-16,NVDA,2026-10-06T00:29:09.099978+00:00,238.9,0.0401800012588501,0.0022226971865062345,0.3859572768879324
NVDA280616C00045000,2026-09-03 18:47:58+00:00,45.0,187.39,192.0,202.0,0.0,0.0,1.0,235.0,0.8585219226074219,True,REGULAR,USD,Call,2028-06-16,NVDA,2026-10-06T00:29:09.099978+00:00,238.9,0.0401800012588501,0.0022226971865062345,0.3859572768879324
NVDA280616C00050000,2026-09-30 19:41:52+00:00,50.0,184.35,188.0,196.6,0.0,0.0,11.0,261.0,0.8220842987060546,True,REGULAR,USD,Call,2028-06-16,NVDA,2026-10-06T00:29:09.099978+00:00,238.9,0.0401800012588501,0.0022226971865062345,0.3859572768879324
NVDA280616C00055000,2026-08-27 14:11:12+00:00,55.0,175.0,183.0,193.0,0.0,0.0,1.0,335.0,0.8095722167968749,True,REGULAR,USD,Call,2028-06-16,NVDA,2026-10-06T00:29:09.099978+00:00,238.9,0.0401800012588501,0.0022226971865062345,0.3859572768879324
NVDA280616C00060000,2026-09-16 19:10:13+00:00,60.0,158.91,179.0,189.0,0.0,0.0,7.0,308.0,0.8083515258789062,True,REGULAR,USD,Call,2028-06-16,NVDA,2026-10-06T00:29:09.099978+00:00,238.9,0.0401800012588501,0.0022226971865062345,0.3859572768879324
NVDA280616C00065000,2026-09-18 19:44:52+00:00,65.0,160.46,174.0,184.0,0.0,0.0,2.0,449.0,0.7633690655517578,True,REGULAR,USD,Call,2028-06-16,NVDA,2026-10-06T00:29:09.099978+00:00,238.9,0.0401800012588501,0.0022226971865062345,0.3859572768879324
NVDA280616C00070000,2026-09-29 14:25:31+00:00,70.0,166.15,170.0,178.6,0.0,0.0,2.0,313.0,0.7337673107910156,True,REGULAR,USD,Call,2028-06-16,NVDA,2026-10-06T00:29:09.099978+00:00,238.9,0.0401800012588501,0.0022226971865062345,0.3859572768879324
NVDA280616C00075000,2026-09-29 14:25:33+00:00,75.0,161.83,166.5,174.15,0.0,0.0,4.0,329.0,0.7310817907714844,True,REGULAR,USD,Call,2028-06-16,NVDA,2026-10-06T00:29:09.099978+00:00,238.9,0.0401800012588501,0.0022226971865062345,0.3859572768879324
NVDA280616C00080000,2026-09-30 19:54:52+00:00,80.0,156.72,163.0,169.7,0.0,0.0,6.0,595.0,0.7257107507324219,True,REGULAR,USD,Call,2028-06-16,NVDA,2026-10-06T00:29:09.099978+00:00,238.9,0.0401800012588501,0.0022226971865062345,0.3859572768879324
NVDA280616C00085000,2026-10-01 13:33:36+00:00,85.0,152.45,158.75,165.3,0.0,0.0,1.0,301.0,0.7087431469726562,True,REGULAR,USD,Call,2028-06-16,NVDA,2026-10-06T00:29:09.099978+00:00,238.9,0.0401800012588501,0.0022226971865062345,0.3859572768879324
NVDA280616C00090000,2026-10-05 14:56:39+00:00,90.0,155.22,153.45,160.95,5.869995,3.9303615,38.0,532.0,0.6786531158447267,True,REGULAR,USD,Call,2028-06-16,NVDA,2026-10-06T00:29:09.099978+00:00,238.9,0.0401800012588501,0.0022226971865062345,0.3859572768879324
NVDA280616C00095000,2026-10-05 15:17:10+00:00,95.0,151.2,151.25,155.35,6.3099976,4.3550262,1.0,233.0,0.6732820758056643,True,REGULAR,USD,Call,2028-06-16,NVDA,2026-10-06T00:29:09.099978+00:00,238.9,0.0401800012588501,0.0022226971865062345,0.3859572768879324
NVDA280616C00100000,2026-10-05 17:27:18+00:00,100.0,147.1,146.95,151.25,6.0,4.252303,46.0,468.0,0.6597324066162109,True,REGULAR,USD,Call,2028-06-16,NVDA,2026-10-06T00:29:09.099978+00:00,238.9,0.0401800012588501,0.0022226971865062345,0.3859572768879324
NVDA280616C00105000,2026-10-01 17:44:48+00:00,105.0,137.0,141.65,146.6,0.0,0.0,2.0,219.0,0.6292151336669922,True,REGULAR,USD,Call,2028-06-16,NVDA,2026-10-06T00:29:09.099978+00:00,238.9,0.0401800012588501,0.0022226971865062345,0.3859572768879324
NVDA280616C00110000,2026-10-02 16:06:21+00:00,110.0,137.21,138.35,142.45,0.0,0.0,2.0,617.0,0.6260413372802736,True,REGULAR,USD,Call,2028-06-16,NVDA,2026-10-06T00:29:09.099978+00:00,238.9,0.0401800012588501,0.0022226971865062345,0.3859572768879324
NVDA280616C00115000,2026-09-29 14:24:48+00:00,115.0,127.85,132.05,139.75,0.0,0.0,4.0,269.0,0.6066628689575196,True,REGULAR,USD,Call,2028-06-16,NVDA,2026-10-06T00:29:09.099978+00:00,238.9,0.0401800012588501,0.0022226971865062345,0.3859572768879324
NVDA280616C00120000,2026-10-05 18:53:49+00:00,120.0,132.0,128.65,135.65,4.300003,3.3672695,14.0,336.0,0.6014749325561525,True,REGULAR,USD,Call,2028-06-16,NVDA,2026-10-06T00:29:09.099978+00:00,238.9,0.0401800012588501,0.0022226971865062345,0.3859572768879324
NVDA280616C00125000,2026-10-02 15:21:38+00:00,125.0,123.85,124.45,131.6,0.0,0.0,2.0,603.0,0.5889018161010743,True,REGULAR,USD,Call,2028-06-16,NVDA,2026-10-06T00:29:09.099978+00:00,238.9,0.0401800012588501,0.0022226971865062345,0.3859572768879324
NVDA280616C00130000,2026-10-05 19:53:40+00:00,130.0,124.5,123.0,127.6,4.5999985,3.836529,2.0,522.0,0.598758895263672,True,REGULAR,USD,Call,2028-06-16,NVDA,2026-10-06T00:29:09.099978+00:00,238.9,0.0401800012588501,0.0022226971865062345,0.3859572768879324
NVDA280616C00135000,2026-09-29 14:24:47+00:00,135.0,112.3,116.75,123.65,0.0,0.0,6.0,578.0,0.5699505895996093,True,REGULAR,USD,Call,2028-06-16,NVDA,2026-10-06T00:29:09.099978+00:00,238.9,0.0401800012588501,0.0022226971865062345,0.3859572768879324
NVDA280616C00140000,2026-10-05 19:17:04+00:00,140.0,116.85,112.2,119.8,4.8499985,4.3303556,10.0,475.0,0.5556685058593751,True,REGULAR,USD,Call,2028-06-16,NVDA,2026-10-06T00:29:09.099978+00:00,238.9,0.0401800012588501,0.0022226971865062345,0.3859572768879324
NVDA280616C00145000,2026-10-02 13:55:44+00:00,145.0,110.85,109.15,116.0,0.0,0.0,3.0,185.0,0.5523421231079101,True,REGULAR,USD,Call,2028-06-16,NVDA,2026-10-06T00:29:09.099978+00:00,238.9,0.0401800012588501,0.0022226971865062345,0.3859572768879324
NVDA280616C00150000,2026-10-05 15:26:15+00:00,150.0,106.98,107.25,110.9,2.9800034,2.865388,5.0,486.0,0.5470931521606447,True,REGULAR,USD,Call,2028-06-16,NVDA,2026-10-06T00:29:09.099978+00:00,238.9,0.0401800012588501,0.0022226971865062345,0.3859572768879324
NVDA280616C00155000,2026-10-05 18:43:00+00:00,155.0,104.8,104.15,106.05,2.550003,2.4938905,2.0,285.0,0.5350693466186524,True,REGULAR,USD,Call,2028-06-16,NVDA,2026-10-06T00:29:09.099978+00:00,238.9,0.0401800012588501,0.0022226971865062345,0.3859572768879324
NVDA280616C00160000,2026-10-05 15:42:32+00:00,160.0,99.15,99.8,103.75,0.26000214,0.26292056,284.0,324.0,0.5309495147705079,True,REGULAR,USD,Call,2028-06-16,NVDA,2026-10-06T00:29:09.099978+00:00,238.9,0.0401800012588501,0.0022226971865062345,0.3859572768879324
NVDA280616C00165000,2026-10-02 19:47:20+00:00,165.0,93.93,97.0,101.55,0.0,0.0,6.0,380.0,0.5358933129882812,True,REGULAR,USD,Call,2028-06-16,NVDA,2026-10-06T00:29:09.099978+00:00,238.9,0.0401800012588501,0.0022226971865062345,0.3859572768879324
NVDA280616C00170000,2026-10-05 19:41:24+00:00,170.0,94.83,93.7,97.15,3.9700012,4.369361,3.0,779.0,0.5240678697204588,True,REGULAR,USD,Call,2028-06-16,NVDA,2026-10-06T00:29:09.099978+00:00,238.9,0.0401800012588501,0.0022226971865062345,0.3859572768879324
NVDA280616C00175000,2026-10-02 16:35:56+00:00,175.0,88.85,90.45,93.65,0.0,0.0,15.0,422.0,0.5173540696716308,True,REGULAR,USD,Call,2028-06-16,NVDA,2026-10-06T00:29:09.099978+00:00,238.9,0.0401800012588501,0.0022226971865062345,0.3859572768879324
NVDA280616C00180000,2026-10-05 19:38:00+00:00,180.0,88.77,86.45,89.55,4.5999985,5.4651284,14.0,514.0,0.5029346582031251,True,REGULAR,USD,Call,2028-06-16,NVDA,2026-10-06T00:29:09.099978+00:00,238.9,0.0401800012588501,0.0022226971865062345,0.3859572768879324
NVDA280616C00185000,2026-10-05 19:57:22+00:00,185.0,84.6,83.2,85.2,1.4000015,1.6826942,16.0,474.0,0.5015308636474609,True,REGULAR,USD,Call,2028-06-16,NVDA,2026-10-06T00:29:09.099978+00:00,238.9,0.0401800012588501,0.0022226971865062345,0.3859572768879324
NVDA280616C00190000,2026-10-02 15:19:32+00:00,190.0,81.0,78.5,84.05,2.3199997,2.9486523,2.0,646.0,0.5160876028442383,True,REGULAR,USD,Call,2028-06-16,NVDA,2026-10-06T00:29:09.099978+00:00,238.9,0.0401800012588501,0.0022226971865062345,0.3859572768879324
NVDA280616C00195000,2026-10-05 19:57:22+00:00,195.0,78.55,77.4,79.15,2.7100067,3.5733213,13.0,506.0,0.4921010263061524,True,REGULAR,USD,Call,2028-06-16,NVDA,2026-10-06T00:29:09.099978+00:00,238.9,0.0401800012588501,0.0022226971865062345,0.3859572768879324
NVDA280616C00200000,2026-10-05 18:30:50+00:00,200.0,75.2,74.65,78.15,3.5999985,5.0279307,17.0,1117.0,0.5060931959533692,True,REGULAR,USD,Call,2028-06-16,NVDA,2026-10-06T00:29:09.099978+00:00,238.9,0.0401800012588501,0.0022226971865062345,0.3859572768879324
NVDA280616C00205000,2026-10-05 18:58:02+00:00,205.0,72.79,71.85,76.0,1.0699997,1.4919126,5.0,560.0,0.5079089736938477,True,REGULAR,USD,Call,2028-06-16,NVDA,2026-10-06T00:29:09.099978+00:00,238.9,0.0401800012588501,0.0022226971865062345,0.3859572768879324
NVDA280616C00210000,2026-10-05 19:21:48+00:00,210.0,70.93,69.2,70.9,3.4100037,5.050361,271.0,1404.0,0.48175567077636716,True,REGULAR,USD,Call,2028-06-16,NVDA,2026-10-06T00:29:09.099978+00:00,238.9,0.0401800012588501,0.0022226971865062345,0.3859572768879324
NVDA280616C00215000,2026-10-05 19:18:05+00:00,215.0,67.8,66.05,69.0,3.600006,5.6074862,5.0,4352.0,0.4848836912536621,True,REGULAR,USD,Call,2028-06-16,NVDA,2026-10-06T00:29:09.099978+00:00,238.9,0.0401800012588501,0.0022226971865062345,0.3859572768879324
NVDA280616C00220000,2026-10-05 19:44:17+00:00,220.0,65.0,63.55,66.0,3.2599983,5.2802043,162.0,4143.0,0.47748325256347657,True,REGULAR,USD,Call,2028-06-16,NVDA,2026-10-06T00:29:09.099978+00:00,238.9,0.0401800012588501,0.0022226971865062345,0.3859572768879324
NVDA280616C00225000,2026-10-05 18:46:38+00:00,225.0,61.77,61.3,62.8,2.3300018,3.9199224,3.0,1886.0,0.46796186340332036,True,REGULAR,USD,Call,2028-06-16,NVDA,2026-10-06T00:29:09.099978+00:00,238.9,0.0401800012588501,0.0022226971865062345,0.3859572768879324
NVDA280616C00230000,2026-10-05 19:56:43+00:00,230.0,59.9,59.0,60.15,2.9000015,5.087722,184.0,2749.0,0.46283496154785164,True,REGULAR,USD,Call,2028-06-16,NVDA,2026-10-06T00:29:09.099978+00:00,238.9,0.0401800012588501,0.0022226971865062345,0.3859572768879324
NVDA280616C00235000,2026-10-05 19:50:37+00:00,235.0,57.8,56.8,57.95,3.5499992,6.5437775,16.0,563.0,0.4610954769897462,True,REGULAR,USD,Call,2028-06-16,NVDA,2026-10-06T00:29:09.099978+00:00,238.9,0.0401800012588501,0.0022226971865062345,0.3859572768879324
NVDA280616C00240000,2026-10-05 18:51:12+00:00,240.0,55.0,54.8,55.85,2.6500015,5.062085,22.0,1768.0,0.45964590652465825,False,REGULAR,USD,Call,2028-06-16,NVDA,2026-10-06T00:29:09.099978+00:00,238.9,0.0401800012588501,0.0022226971865062345,0.3859572768879324
NVDA280616C00245000,2026-10-05 19:57:32+00:00,245.0,53.0,52.55,54.75,2.75,5.4726367,82.0,1323.0,0.4660087579345704,False,REGULAR,USD,Call,2028-06-16,NVDA,2026-10-06T00:29:09.099978+00:00,238.9,0.0401800012588501,0.0022226971865062345,0.3859572768879324
NVDA280616C00250000,2026-10-05 19:42:28+00:00,250.0,51.35,50.1,51.2,3.3499985,6.9791636,94.0,5329.0,0.4515130532836914,False,REGULAR,USD,Call,2028-06-16,NVDA,2026-10-06T00:29:09.099978+00:00,238.9,0.0401800012588501,0.0022226971865062345,0.3859572768879324
NVDA280616C00255000,2026-10-05 19:17:48+00:00,255.0,49.2,48.4,50.15,3.6000023,7.8947425,6.0,932.0,0.4572197833251954,False,REGULAR,USD,Call,2028-06-16,NVDA,2026-10-06T00:29:09.099978+00:00,238.9,0.0401800012588501,0.0022226971865062345,0.3859572768879324
NVDA280616C00260000,2026-10-05 19:52:19+00:00,260.0,47.28,46.3,47.5,2.6800003,6.0089693,29.0,1559.0,0.44931580963134765,False,REGULAR,USD,Call,2028-06-16,NVDA,2026-10-06T00:29:09.099978+00:00,238.9,0.0401800012588501,0.0022226971865062345,0.3859572768879324
NVDA280616C00265000,2026-10-05 19:10:30+00:00,265.0,45.31,44.25,45.1,3.3100014,7.880955,4.0,1026.0,0.44302925140380855,False,REGULAR,USD,Call,2028-06-16,NVDA,2026-10-06T00:29:09.099978+00:00,238.9,0.0401800012588501,0.0022226971865062345,0.3859572768879324
NVDA280616C00270000,2026-10-05 18:58:02+00:00,270.0,43.27,42.25,43.45,2.380001,5.8204966,37.0,472.0,0.442388388671875,False,REGULAR,USD,Call,2028-06-16,NVDA,2026-10-06T00:29:09.099978+00:00,238.9,0.0401800012588501,0.0022226971865062345,0.3859572768879324
NVDA280616C00275000,2026-10-05 19:10:16+00:00,275.0,41.35,40.95,41.8,2.1099968,5.3771577,53.0,737.0,0.4412897668457031,False,REGULAR,USD,Call,2028-06-16,NVDA,2026-10-06T00:29:09.099978+00:00,238.9,0.0401800012588501,0.0022226971865062345,0.3859572768879324
NVDA280616C00280000,2026-10-05 19:02:12+00:00,280.0,40.0,38.75,40.6,2.5699997,6.8661494,1.0,378.0,0.4433802000427246,False,REGULAR,USD,Call,2028-06-16,NVDA,2026-10-06T00:29:09.099978+00:00,238.9,0.0401800012588501,0.0022226971865062345,0.3859572768879324
NVDA280616C00285000,2026-10-05 19:42:30+00:00,285.0,38.64,37.5,38.75,2.6899986,7.482611,31.0,456.0,0.439809679107666,False,REGULAR,USD,Call,2028-06-16,NVDA,2026-10-06T00:29:09.099978+00:00,238.9,0.0401800012588501,0.0022226971865062345,0.3859572768879324
NVDA280616C00290000,2026-10-05 13:34:21+00:00,290.0,35.8,35.9,37.2,1.3699989,3.979085,5.0,1064.0,0.4382532981872559,False,REGULAR,USD,Call,2028-06-16,NVDA,2026-10-06T00:29:09.099978+00:00,238.9,0.0401800012588501,0.0022226971865062345,0.3859572768879324
NVDA280616C00295000,2026-10-05 17:24:35+00:00,295.0,33.85,34.65,35.35,2.9499989,9.546922,18.0,395.0,0.4338435522460938,False,REGULAR,USD,Call,2028-06-16,NVDA,2026-10-06T00:29:09.099978+00:00,238.9,0.0401800012588501,0.0022226971865062345,0.3859572768879324
NVDA280616C00300000,2026-10-05 19:55:21+00:00,300.0,33.52,33.1,33.85,1.5500011,4.848299,51.0,5857.0,0.43187518814086917,False,REGULAR,USD,Call,2028-06-16,NVDA,2026-10-06T00:29:09.099978+00:00,238.9,0.0401800012588501,0.0022226971865062345,0.3859572768879324
NVDA280616C00305000,2026-10-02 13:46:15+00:00,305.0,32.0,31.8,32.55,0.0,0.0,2.0,399.0,0.43112751495361334,False,REGULAR,USD,Call,2028-06-16,NVDA,2026-10-06T00:29:09.099978+00:00,238.9,0.0401800012588501,0.0022226971865062345,0.3859572768879324
NVDA280616C00310000,2026-10-05 19:42:30+00:00,310.0,31.34,30.55,31.2,2.210001,7.5866838,39.0,2336.0,0.42960165130615235,False,REGULAR,USD,Call,2028-06-16,NVDA,2026-10-06T00:29:09.099978+00:00,238.9,0.0401800012588501,0.0022226971865062345,0.3859572768879324
NVDA280616C00315000,2026-10-05 18:15:17+00:00,315.0,29.1,29.25,31.05,2.4400005,9.15229,2.0,196.0,0.4375819181823731,False,REGULAR,USD,Call,2028-06-16,NVDA,2026-10-06T00:29:09.099978+00:00,238.9,0.0401800012588501,0.0022226971865062345,0.3859572768879324
NVDA280616C00320000,2026-10-05 15:11:29+00:00,320.0,27.6,27.85,33.0,0.6000004,2.2222235,2.0,451.0,0.4625145301818848,False,REGULAR,USD,Call,2028-06-16,NVDA,2026-10-06T00:29:09.099978+00:00,238.9,0.0401800012588501,0.0022226971865062345,0.3859572768879324
NVDA280616C00325000,2026-10-05 18:23:54+00:00,325.0,26.65,26.6,32.0,0.72999954,2.8163562,1.0,574.0,0.4630180651855469,False,REGULAR,USD,Call,2028-06-16,NVDA,2026-10-06T00:29:09.099978+00:00,238.9,0.0401800012588501,0.0022226971865062345,0.3859572768879324
NVDA280616C00330000,2026-10-05 19:02:12+00:00,330.0,26.16,25.7,27.2,0.45999908,1.7898797,12.0,2758.0,0.4315547567749024,False,REGULAR,USD,Call,2028-06-16,NVDA,2026-10-06T00:29:09.099978+00:00,238.9,0.0401800012588501,0.0022226971865062345,0.3859572768879324
NVDA280616C00335000,2026-09-29 17:59:31+00:00,335.0,22.05,23.45,28.05,0.0,0.0,11.0,318.0,0.44682865188598636,False,REGULAR,USD,Call,2028-06-16,NVDA,2026-10-06T00:29:09.099978+00:00,238.9,0.0401800012588501,0.0022226971865062345,0.3859572768879324
NVDA280616C00340000,2026-10-05 15:59:40+00:00,340.0,23.13,23.5,28.9,1.6700001,7.78192,1.0,641.0,0.46191944335937507,False,REGULAR,USD,Call,2028-06-16,NVDA,2026-10-06T00:29:09.099978+00:00,238.9,0.0401800012588501,0.0022226971865062345,0.3859572768879324
NVDA280616C00345000,2026-10-05 15:59:40+00:00,345.0,22.13,21.35,23.8,0.12999916,0.59090525,1.0,352.0,0.4261989753723145,False,REGULAR,USD,Call,2028-06-16,NVDA,2026-10-06T00:29:09.099978+00:00,238.9,0.0401800012588501,0.0022226971865062345,0.3859572768879324
NVDA280616C00350000,2026-10-05 17:10:59+00:00,350.0,21.35,21.7,22.4,-0.6499996,-2.9545438,1.0,7744.0,0.42139250488281255,False,REGULAR,USD,Call,2028-06-16,NVDA,2026-10-06T00:29:09.099978+00:00,238.9,0.0401800012588501,0.0022226971865062345,0.3859572768879324
NVDA280616C00360000,2026-10-05 19:32:30+00:00,360.0,20.5,19.95,20.75,2.1000004,11.413045,2.0,848.0,0.42091948715209965,False,REGULAR,USD,Call,2028-06-16,NVDA,2026-10-06T00:29:09.099978+00:00,238.9,0.0401800012588501,0.0022226971865062345,0.3859572768879324
NVDA280616C00370000,2026-09-29 17:59:38+00:00,370.0,16.5,18.4,19.1,0.0,0.0,11.0,499.0,0.4193173303222656,False,REGULAR,USD,Call,2028-06-16,NVDA,2026-10-06T00:29:09.099978+00:00,238.9,0.0401800012588501,0.0022226971865062345,0.3859572768879324
NVDA280616C00380000,2026-10-05 19:40:38+00:00,380.0,17.4,16.9,17.35,1.0499992,6.4220138,9.0,1849.0,0.4156247402954102,False,REGULAR,USD,Call,2028-06-16,NVDA,2026-10-06T00:29:09.099978+00:00,238.9,0.0401800012588501,0.0022226971865062345,0.3859572768879324
NVDA280616C00390000,2026-10-02 18:40:18+00:00,390.0,15.04,15.4,16.3,0.0,0.0,1.0,686.0,0.4175625871276855,False,REGULAR,USD,Call,2028-06-16,NVDA,2026-10-06T00:29:09.099978+00:00,238.9,0.0401800012588501,0.0022226971865062345,0.3859572768879324
NVDA280616C00400000,2026-10-05 14:10:11+00:00,400.0,14.19,14.4,15.05,0.28999996,2.0863307,1.0,4937.0,0.41663181030273433,False,REGULAR,USD,Call,2028-06-16,NVDA,2026-10-06T00:29:09.099978+00:00,238.9,0.0401800012588501,0.0022226971865062345,0.3859572768879324
NVDA280616C00410000,2026-10-05 18:15:13+00:00,410.0,13.2,12.95,13.85,1.1999998,9.999999,3.0,639.0,0.4152585330200196,False,REGULAR,USD,Call,2028-06-16,NVDA,2026-10-06T00:29:09.099978+00:00,238.9,0.0401800012588501,0.0022226971865062345,0.3859572768879324
NVDA280616C00420000,2026-10-05 17:37:55+00:00,420.0,11.85,11.85,13.0,0.030000687,0.2538129,1.0,396.0,0.416723362121582,False,REGULAR,USD,Call,2028-06-16,NVDA,2026-10-06T00:29:09.099978+00:00,238.9,0.0401800012588501,0.0022226971865062345,0.3859572768879324
NVDA280616C00430000,2026-10-05 19:19:05+00:00,430.0,11.67,10.9,11.75,0.6999998,6.3810377,171.0,2561.0,0.41295447891235343,False,REGULAR,USD,Call,2028-06-16,NVDA,2026-10-06T00:29:09.099978+00:00,238.9,0.0401800012588501,0.0022226971865062345,0.3859572768879324
NVDA280616C00440000,2026-10-05 14:13:06+00:00,440.0,10.28,10.1,11.3,0.6300001,6.5284986,1.0,258.0,0.417425259399414,False,REGULAR,USD,Call,2028-06-16,NVDA,2026-10-06T00:29:09.099978+00:00,238.9,0.0401800012588501,0.0022226971865062345,0.3859572768879324
NVDA280616C00450000,2026-10-05 19:57:51+00:00,450.0,9.9,9.7,10.0,0.42999935,4.5406475,118.0,1565.0,0.41119973571777346,False,REGULAR,USD,Call,2028-06-16,NVDA,2026-10-06T00:29:09.099978+00:00,238.9,0.0401800012588501,0.0022226971865062345,0.3859572768879324
NVDA280616C00460000,2026-10-05 19:52:34+00:00,460.0,9.3,8.85,9.4,0.7300005,8.518092,143.0,5077.0,0.4125730130004882,False,REGULAR,USD,Call,2028-06-16,NVDA,2026-10-06T00:29:09.099978+00:00,238.9,0.0401800012588501,0.0022226971865062345,0.3859572768879324
NVDA280616P00005000,2026-06-16 17:14:56+00:00,5.0,0.04,0.0,0.86,0.0,0.0,1.0,1.0,1.5068384033203124,False,REGULAR,USD,Put,2028-06-16,NVDA,2026-10-06T00:29:09.099978+00:00,238.9,0.0401800012588501,0.0022226971865062345,0.3859572768879324
NVDA280616P00010000,2026-08-27 14:11:18+00:00,10.0,0.06,0.0,0.1,0.0,0.0,1.0,115.0,0.8984385156249999,False,REGULAR,USD,Put,2028-06-16,NVDA,2026-10-06T00:29:09.099978+00:00,238.9,0.0401800012588501,0.0022226971865062345,0.3859572768879324
NVDA280616P00015000,2026-10-05 19:09:42+00:00,15.0,0.07,0.0,0.2,-0.009999998,-12.499997,7.0,261.0,0.8339860351562498,False,REGULAR,USD,Put,2028-06-16,NVDA,2026-10-06T00:29:09.099978+00:00,238.9,0.0401800012588501,0.0022226971865062345,0.3859572768879324
NVDA280616P00020000,2026-10-02 16:41:21+00:00,20.0,0.1,0.01,0.25,0.0,0.0,1.0,408.0,0.7656273437500001,False,REGULAR,USD,Put,2028-06-16,NVDA,2026-10-06T00:29:09.099978+00:00,238.9,0.0401800012588501,0.0022226971865062345,0.3859572768879324
NVDA280616P00025000,2026-09-03 17:49:09+00:00,25.0,0.24,0.01,0.29,0.0,0.0,1.0,8.0,0.7050810742187501,False,REGULAR,USD,Put,2028-06-16,NVDA,2026-10-06T00:29:09.099978+00:00,238.9,0.0401800012588501,0.0022226971865062345,0.3859572768879324
NVDA280616P00030000,2026-06-15 15:28:21+00:00,30.0,0.32,0.01,0.62,0.0,0.0,10.0,11.0,0.7114286669921875,False,REGULAR,USD,Put,2028-06-16,NVDA,2026-10-06T00:29:09.099978+00:00,238.9,0.0401800012588501,0.0022226971865062345,0.3859572768879324
NVDA280616P00035000,2026-10-02 17:06:46+00:00,35.0,0.24,0.1,0.5,0.0,0.0,1.0,20.0,0.6528355029296876,False,REGULAR,USD,Put,2028-06-16,NVDA,2026-10-06T00:29:09.099978+00:00,238.9,0.0401800012588501,0.0022226971865062345,0.3859572768879324
NVDA280616P00040000,2026-09-18 19:11:54+00:00,40.0,0.36,0.1,0.43,0.0,0.0,65.0,745.0,0.5971719970703125,False,REGULAR,USD,Put,2028-06-16,NVDA,2026-10-06T00:29:09.099978+00:00,238.9,0.0401800012588501,0.0022226971865062345,0.3859572768879324
NVDA280616P00045000,2026-09-02 15:50:11+00:00,45.0,0.57,0.01,0.91,0.0,0.0,80.0,298.0,0.6025430371093752,False,REGULAR,USD,Put,2028-06-16,NVDA,2026-10-06T00:29:09.099978+00:00,238.9,0.0401800012588501,0.0022226971865062345,0.3859572768879324
NVDA280616P00050000,2026-10-01 18:00:44+00:00,50.0,0.52,0.11,0.75,0.0,0.0,60.0,221.0,0.5593305786132813,False,REGULAR,USD,Put,2028-06-16,NVDA,2026-10-06T00:29:09.099978+00:00,238.9,0.0401800012588501,0.0022226971865062345,0.3859572768879324
NVDA280616P00055000,2026-10-01 13:30:09+00:00,55.0,0.64,0.06,0.75,0.0,0.0,11.0,723.0,0.5214891601562499,False,REGULAR,USD,Put,2028-06-16,NVDA,2026-10-06T00:29:09.099978+00:00,238.9,0.0401800012588501,0.0022226971865062345,0.3859572768879324
NVDA280616P00060000,2026-09-29 18:23:22+00:00,60.0,0.73,0.06,1.21,0.0,0.0,1.0,258.0,0.5256395092773438,False,REGULAR,USD,Put,2028-06-16,NVDA,2026-10-06T00:29:09.099978+00:00,238.9,0.0401800012588501,0.0022226971865062345,0.3859572768879324
NVDA280616P00065000,2026-09-25 19:32:19+00:00,65.0,0.9,0.41,1.17,0.0,0.0,2.0,30.0,0.5141650146484374,False,REGULAR,USD,Put,2028-06-16,NVDA,2026-10-06T00:29:09.099978+00:00,238.9,0.0401800012588501,0.0022226971865062345,0.3859572768879324
NVDA280616P00070000,2026-10-01 19:47:20+00:00,70.0,0.98,0.91,1.17,0.0,0.0,1.0,859.0,0.5096484582519532,False,REGULAR,USD,Put,2028-06-16,NVDA,2026-10-06T00:29:09.099978+00:00,238.9,0.0401800012588501,0.0022226971865062345,0.3859572768879324
NVDA280616P00075000,2026-10-05 17:49:03+00:00,75.0,1.1,0.78,1.34,-0.01999998,-1.7857126,26.0,1222.0,0.5054981091308592,False,REGULAR,USD,Put,2028-06-16,NVDA,2026-10-06T00:29:09.099978+00:00,238.9,0.0401800012588501,0.0022226971865062345,0.3859572768879324
NVDA280616P00080000,2026-10-02 18:11:31+00:00,80.0,1.35,1.11,1.36,0.0,0.0,35.0,693.0,0.4805960144042969,False,REGULAR,USD,Put,2028-06-16,NVDA,2026-10-06T00:29:09.099978+00:00,238.9,0.0401800012588501,0.0022226971865062345,0.3859572768879324
NVDA280616P00085000,2026-09-22 16:50:08+00:00,85.0,1.52,1.34,1.79,0.0,0.0,2.0,834.0,0.48138946350097656,False,REGULAR,USD,Put,2028-06-16,NVDA,2026-10-06T00:29:09.099978+00:00,238.9,0.0401800012588501,0.0022226971865062345,0.3859572768879324
NVDA280616P00090000,2026-10-05 18:32:55+00:00,90.0,1.68,1.43,1.92,-0.1400001,-7.692313,3.0,3144.0,0.4637504797363281,False,REGULAR,USD,Put,2028-06-16,NVDA,2026-10-06T00:29:09.099978+00:00,238.9,0.0401800012588501,0.0022226971865062345,0.3859572768879324
NVDA280616P00095000,2026-10-05 14:42:03+00:00,95.0,1.96,1.8,2.21,-0.059999943,-2.9702942,1.0,901.0,0.4539849523925781,False,REGULAR,USD,Put,2028-06-16,NVDA,2026-10-06T00:29:09.099978+00:00,238.9,0.0401800012588501,0.0022226971865062345,0.3859572768879324
NVDA280616P00100000,2026-10-05 18:04:52+00:00,100.0,2.23,2.09,2.56,-0.12999988,-5.5084696,2.0,2316.0,0.4459283923339844,False,REGULAR,USD,Put,2028-06-16,NVDA,2026-10-06T00:29:09.099978+00:00,238.9,0.0401800012588501,0.0022226971865062345,0.3859572768879324
NVDA280616P00105000,2026-10-05 16:28:52+00:00,105.0,2.58,2.46,2.81,-0.33000016,-11.340211,1.0,942.0,0.43317217224121096,False,REGULAR,USD,Put,2028-06-16,NVDA,2026-10-06T00:29:09.099978+00:00,238.9,0.0401800012588501,0.0022226971865062345,0.3859572768879324
NVDA280616P00110000,2026-10-05 16:28:52+00:00,110.0,2.98,2.69,3.25,-0.13999987,-4.4871755,6.0,1482.0,0.42664147583007817,False,REGULAR,USD,Put,2028-06-16,NVDA,2026-10-06T00:29:09.099978+00:00,238.9,0.0401800012588501,0.0022226971865062345,0.3859572768879324
NVDA280616P00115000,2026-10-05 18:14:12+00:00,115.0,3.36,2.88,3.95,-0.1400001,-4.000003,5.0,308.0,0.4265194067382813,False,REGULAR,USD,Put,2028-06-16,NVDA,2026-10-06T00:29:09.099978+00:00,238.9,0.0401800012588501,0.0022226971865062345,0.3859572768879324
NVDA280616P00120000,2026-10-02 14:37:33+00:00,120.0,4.15,3.55,4.35,0.0,0.0,26.0,4118.0,0.4162656030273437,False,REGULAR,USD,Put,2028-06-16,NVDA,2026-10-06T00:29:09.099978+00:00,238.9,0.0401800012588501,0.0022226971865062345,0.3859572768879324
NVDA280616P00125000,2026-10-05 17:33:01+00:00,125.0,4.45,4.25,4.7,-0.20000029,-4.301081,34.0,2298.0,0.40442490112304685,False,REGULAR,USD,Put,2028-06-16,NVDA,2026-10-06T00:29:09.099978+00:00,238.9,0.0401800012588501,0.0022226971865062345,0.3859572768879324
NVDA280616P00130000,2026-10-05 15:02:26+00:00,130.0,5.1,4.9,5.4,-0.22000027,-4.135343,251.0,3346.0,0.40039662109375,False,REGULAR,USD,Put,2028-06-16,NVDA,2026-10-06T00:29:09.099978+00:00,238.9,0.0401800012588501,0.0022226971865062345,0.3859572768879324
NVDA280616P00135000,2026-10-05 14:47:09+00:00,135.0,5.8,5.3,6.1,-0.19999981,-3.3333302,205.0,3373.0,0.3950560983276368,False,REGULAR,USD,Put,2028-06-16,NVDA,2026-10-06T00:29:09.099978+00:00,238.9,0.0401800012588501,0.0022226971865062345,0.3859572768879324
NVDA280616P00140000,2026-10-05 19:22:04+00:00,140.0,6.4,5.9,6.95,-0.3699999,-5.4652863,2.0,963.0,0.39157712921142573,False,REGULAR,USD,Put,2028-06-16,NVDA,2026-10-06T00:29:09.099978+00:00,238.9,0.0401800012588501,0.0022226971865062345,0.3859572768879324
NVDA280616P00145000,2026-10-05 17:48:33+00:00,145.0,7.3,6.7,7.7,-0.6499996,-8.176096,1.0,963.0,0.3851074673461914,False,REGULAR,USD,Put,2028-06-16,NVDA,2026-10-06T00:29:09.099978+00:00,238.9,0.0401800012588501,0.0022226971865062345,0.3859572768879324
NVDA280616P00150000,2026-10-05 18:41:45+00:00,150.0,8.1,7.75,8.6,-0.5999994,-6.8965454,193.0,6358.0,0.3803467727661133,False,REGULAR,USD,Put,2028-06-16,NVDA,2026-10-06T00:29:09.099978+00:00,238.9,0.0401800012588501,0.0022226971865062345,0.3859572768879324
NVDA280616P00155000,2026-10-02 14:04:42+00:00,155.0,8.95,8.15,10.9,-0.77000046,-7.9218154,3.0,6823.0,0.39560540924072274,False,REGULAR,USD,Put,2028-06-16,NVDA,2026-10-06T00:29:09.099978+00:00,238.9,0.0401800012588501,0.0022226971865062345,0.3859572768879324
NVDA280616P00160000,2026-10-05 19:49:07+00:00,160.0,10.0,9.9,10.5,-0.6999998,-6.5420547,14.0,5690.0,0.369574175415039,False,REGULAR,USD,Put,2028-06-16,NVDA,2026-10-06T00:29:09.099978+00:00,238.9,0.0401800012588501,0.0022226971865062345,0.3859572768879324
NVDA280616P00165000,2026-10-05 17:47:47+00:00,165.0,11.35,11.05,11.65,-0.9699993,-7.873371,8.0,1025.0,0.36569848175048825,False,REGULAR,USD,Put,2028-06-16,NVDA,2026-10-06T00:29:09.099978+00:00,238.9,0.0401800012588501,0.0022226971865062345,0.3859572768879324
NVDA280616P00170000,2026-10-05 18:44:37+00:00,170.0,12.5,12.25,12.8,-0.7399998,-5.5891223,2.0,9226.0,0.3608614939880371,False,REGULAR,USD,Put,2028-06-16,NVDA,2026-10-06T00:29:09.099978+00:00,238.9,0.0401800012588501,0.0022226971865062345,0.3859572768879324
NVDA280616P00175000,2026-10-05 18:58:45+00:00,175.0,13.75,12.7,14.45,-0.7399998,-5.106969,10.0,1127.0,0.3612429598999023,False,REGULAR,USD,Put,2028-06-16,NVDA,2026-10-06T00:29:09.099978+00:00,238.9,0.0401800012588501,0.0022226971865062345,0.3859572768879324
NVDA280616P00180000,2026-10-05 18:37:25+00:00,180.0,15.29,14.95,15.6,-0.7599993,-4.735198,12.0,3046.0,0.3545901943969726,False,REGULAR,USD,Put,2028-06-16,NVDA,2026-10-06T00:29:09.099978+00:00,238.9,0.0401800012588501,0.0022226971865062345,0.3859572768879324
NVDA280616P00185000,2026-10-05 19:27:02+00:00,185.0,16.7,16.4,17.1,-0.69999886,-4.022982,13.0,1497.0,0.3511722598266601,False,REGULAR,USD,Put,2028-06-16,NVDA,2026-10-06T00:29:09.099978+00:00,238.9,0.0401800012588501,0.0022226971865062345,0.3859572768879324
NVDA280616P00190000,2026-10-05 18:28:50+00:00,190.0,18.34,17.95,18.65,-0.8600006,-4.47917,85.0,3673.0,0.3474186352539062,False,REGULAR,USD,Put,2028-06-16,NVDA,2026-10-06T00:29:09.099978+00:00,238.9,0.0401800012588501,0.0022226971865062345,0.3859572768879324
NVDA280616P00195000,2026-10-05 18:28:50+00:00,195.0,19.99,19.75,20.3,-0.960001,-4.5823436,11.0,2836.0,0.3438175970458984,False,REGULAR,USD,Put,2028-06-16,NVDA,2026-10-06T00:29:09.099978+00:00,238.9,0.0401800012588501,0.0022226971865062345,0.3859572768879324
NVDA280616P00200000,2026-10-05 19:47:24+00:00,200.0,21.61,21.4,22.05,-1.1899986,-5.219292,83.0,6926.0,0.34039966247558595,False,REGULAR,USD,Put,2028-06-16,NVDA,2026-10-06T00:29:09.099978+00:00,238.9,0.0401800012588501,0.0022226971865062345,0.3859572768879324
NVDA280616P00205000,2026-10-05 19:53:32+00:00,205.0,23.7,23.3,23.9,-2.1499996,-8.317213,69.0,1232.0,0.33708853836059577,False,REGULAR,USD,Put,2028-06-16,NVDA,2026-10-06T00:29:09.099978+00:00,238.9,0.0401800012588501,0.0022226971865062345,0.3859572768879324
NVDA280616P00210000,2026-10-05 17:27:47+00:00,210.0,25.78,25.0,26.35,-1.0699997,-3.9851012,10.0,1647.0,0.33849233291625974,False,REGULAR,USD,Put,2028-06-16,NVDA,2026-10-06T00:29:09.099978+00:00,238.9,0.0401800012588501,0.0022226971865062345,0.3859572768879324
NVDA280616P00215000,2026-10-05 15:59:32+00:00,215.0,28.05,27.15,27.9,-0.9300003,-3.2091107,6.0,925.0,0.3308019801330566,False,REGULAR,USD,Put,2028-06-16,NVDA,2026-10-06T00:29:09.099978+00:00,238.9,0.0401800012588501,0.0022226971865062345,0.3859572768879324
NVDA280616P00220000,2026-10-05 13:39:32+00:00,220.0,30.3,29.3,30.0,-0.5400009,-1.7509757,1.0,6377.0,0.32735352828979497,False,REGULAR,USD,Put,2028-06-16,NVDA,2026-10-06T00:29:09.099978+00:00,238.9,0.0401800012588501,0.0022226971865062345,0.3859572768879324
NVDA280616P00225000,2026-10-05 19:54:10+00:00,225.0,31.95,31.5,33.05,-1.3600006,-4.0828595,75.0,829.0,0.33127499786376957,False,REGULAR,USD,Put,2028-06-16,NVDA,2026-10-06T00:29:09.099978+00:00,238.9,0.0401800012588501,0.0022226971865062345,0.3859572768879324
NVDA280616P00230000,2026-10-05 19:35:58+00:00,230.0,34.02,33.85,34.55,-1.9799995,-5.4999986,28.0,4412.0,0.32114326324462883,False,REGULAR,USD,Put,2028-06-16,NVDA,2026-10-06T00:29:09.099978+00:00,238.9,0.0401800012588501,0.0022226971865062345,0.3859572768879324
NVDA280616P00235000,2026-10-05 19:56:29+00:00,235.0,36.58,36.3,36.95,-1.2699966,-3.3553414,20.0,2738.0,0.31793894958496094,False,REGULAR,USD,Put,2028-06-16,NVDA,2026-10-06T00:29:09.099978+00:00,238.9,0.0401800012588501,0.0022226971865062345,0.3859572768879324
NVDA280616P00240000,2026-10-05 19:56:29+00:00,240.0,38.98,38.7,39.45,-1.8699989,-4.577721,28.0,256.0,0.31481092910766595,True,REGULAR,USD,Put,2028-06-16,NVDA,2026-10-06T00:29:09.099978+00:00,238.9,0.0401800012588501,0.0022226971865062345,0.3859572768879324
NVDA280616P00245000,2026-10-01 19:55:36+00:00,245.0,45.15,40.35,43.6,0.0,0.0,5.0,56.0,0.32437809417724606,True,REGULAR,USD,Put,2028-06-16,NVDA,2026-10-06T00:29:09.099978+00:00,238.9,0.0401800012588501,0.0022226971865062345,0.3859572768879324
NVDA280616P00250000,2026-10-02 15:37:11+00:00,250.0,46.58,42.7,45.35,0.0,0.0,3.0,202.0,0.3136207554626465,True,REGULAR,USD,Put,2028-06-16,NVDA,2026-10-06T00:29:09.099978+00:00,238.9,0.0401800012588501,0.0022226971865062345,0.3859572768879324
NVDA280616P00255000,2026-10-02 16:09:03+00:00,255.0,48.8,46.7,47.85,0.0,0.0,2.0,329.0,0.3082802326965332,True,REGULAR,USD,Put,2028-06-16,NVDA,2026-10-06T00:29:09.099978+00:00,238.9,0.0401800012588501,0.0022226971865062345,0.3859572768879324
NVDA280616P00260000,2026-10-05 19:03:48+00:00,260.0,49.86,49.55,50.75,-2.1399994,-4.1153836,44.0,168.0,0.30544212631225587,True,REGULAR,USD,Put,2028-06-16,NVDA,2026-10-06T00:29:09.099978+00:00,238.9,0.0401800012588501,0.0022226971865062345,0.3859572768879324
NVDA280616P00265000,2026-10-02 15:48:46+00:00,265.0,55.07,52.5,53.45,0.0,0.0,1.0,350.0,0.30026944854736326,True,REGULAR,USD,Put,2028-06-16,NVDA,2026-10-06T00:29:09.099978+00:00,238.9,0.0401800012588501,0.0022226971865062345,0.3859572768879324
NVDA280616P00270000,2026-10-02 17:56:55+00:00,270.0,58.44,55.55,56.5,0.0,0.0,2.0,901.0,0.2972024626159668,True,REGULAR,USD,Put,2028-06-16,NVDA,2026-10-06T00:29:09.099978+00:00,238.9,0.0401800012588501,0.0022226971865062345,0.3859572768879324
NVDA280616P00275000,2026-09-21 17:31:59+00:00,275.0,66.7,58.65,59.6,0.0,0.0,1.0,855.0,0.2938150453186034,True,REGULAR,USD,Put,2028-06-16,NVDA,2026-10-06T00:29:09.099978+00:00,238.9,0.0401800012588501,0.0022226971865062345,0.3859572768879324
NVDA280616P00280000,2026-10-05 19:47:46+00:00,280.0,62.23,61.85,62.8,-5.369999,-7.943785,16.0,2863.0,0.29051917984008785,True,REGULAR,USD,Put,2028-06-16,NVDA,2026-10-06T00:29:09.099978+00:00,238.9,0.0401800012588501,0.0022226971865062345,0.3859572768879324
NVDA280616P00285000,2026-09-24 15:43:23+00:00,285.0,76.6,65.1,66.1,0.0,0.0,1.0,2029.0,0.2873453834533691,True,REGULAR,USD,Put,2028-06-16,NVDA,2026-10-06T00:29:09.099978+00:00,238.9,0.0401800012588501,0.0022226971865062345,0.3859572768879324
NVDA280616P00290000,2026-09-28 14:07:11+00:00,290.0,74.55,67.25,71.3,0.0,0.0,6.0,247.0,0.29952177536010743,True,REGULAR,USD,Put,2028-06-16,NVDA,2026-10-06T00:29:09.099978+00:00,238.9,0.0401800012588501,0.0022226971865062345,0.3859572768879324
NVDA280616P00295000,2026-09-29 13:30:01+00:00,295.0,78.35,70.3,73.85,0.0,0.0,5.0,66.0,0.2887034020996093,True,REGULAR,USD,Put,2028-06-16,NVDA,2026-10-06T00:29:09.099978+00:00,238.9,0.0401800012588501,0.0022226971865062345,0.3859572768879324
NVDA280616P00300000,2026-10-05 19:47:46+00:00,300.0,75.83,75.25,76.7,-6.369995,-7.7493863,16.0,232.0,0.27947192703247065,True,REGULAR,USD,Put,2028-06-16,NVDA,2026-10-06T00:29:09.099978+00:00,238.9,0.0401800012588501,0.0022226971865062345,0.3859572768879324
NVDA280616P00305000,2026-08-31 13:41:08+00:00,305.0,96.55,78.05,83.7,0.0,0.0,40.0,87.0,0.30634238586425777,True,REGULAR,USD,Put,2028-06-16,NVDA,2026-10-06T00:29:09.099978+00:00,238.9,0.0401800012588501,0.0022226971865062345,0.3859572768879324
NVDA280616P00310000,2026-09-28 15:52:24+00:00,310.0,90.5,81.75,87.45,0.0,0.0,4.0,62.0,0.3042366940307617,True,REGULAR,USD,Put,2028-06-16,NVDA,2026-10-06T00:29:09.099978+00:00,238.9,0.0401800012588501,0.0022226971865062345,0.3859572768879324
NVDA280616P00315000,2026-09-28 19:09:31+00:00,315.0,94.1,83.5,90.75,0.0,0.0,50.0,100.0,0.29741608352661125,True,REGULAR,USD,Put,2028-06-16,NVDA,2026-10-06T00:29:09.099978+00:00,238.9,0.0401800012588501,0.0022226971865062345,0.3859572768879324
NVDA280616P00320000,2026-10-02 17:56:55+00:00,320.0,94.11,89.0,92.15,0.0,0.0,6.0,385.0,0.27118648742675777,True,REGULAR,USD,Put,2028-06-16,NVDA,2026-10-06T00:29:09.099978+00:00,238.9,0.0401800012588501,0.0022226971865062345,0.3859572768879324
NVDA280616P00325000,2026-10-02 13:36:57+00:00,325.0,97.53,93.3,98.95,0.0,0.0,1.0,113.0,0.2966378930664062,True,REGULAR,USD,Put,2028-06-16,NVDA,2026-10-06T00:29:09.099978+00:00,238.9,0.0401800012588501,0.0022226971865062345,0.3859572768879324
NVDA280616P00330000,2026-09-29 19:16:32+00:00,330.0,107.53,95.25,102.95,0.0,0.0,2.0,253.0,0.2944864253234863,True,REGULAR,USD,Put,2028-06-16,NVDA,2026-10-06T00:29:09.099978+00:00,238.9,0.0401800012588501,0.0022226971865062345,0.3859572768879324
NVDA280616P00335000,2026-10-02 13:49:15+00:00,335.0,104.25,99.4,105.65,0.0,0.0,1.0,398.0,0.27814442565917963,True,REGULAR,USD,Put,2028-06-16,NVDA,2026-10-06T00:29:09.099978+00:00,238.9,0.0401800012588501,0.0022226971865062345,0.3859572768879324
NVDA280616P00340000,2026-10-05 14:22:18+00:00,340.0,108.3,103.45,108.7,-1.8499985,-1.6795266,2.0,269.0,0.2633740655517578,True,REGULAR,USD,Put,2028-06-16,NVDA,2026-10-06T00:29:09.099978+00:00,238.9,0.0401800012588501,0.0022226971865062345,0.3859572768879324
NVDA280616P00345000,2026-10-05 13:32:56+00:00,345.0,113.35,107.65,112.0,-1.300003,-1.1338884,3.0,29.0,0.24915301635742187,True,REGULAR,USD,Put,2028-06-16,NVDA,2026-10-06T00:29:09.099978+00:00,238.9,0.0401800012588501,0.0022226971865062345,0.3859572768879324
NVDA280616P00350000,2026-10-05 16:07:16+00:00,350.0,116.7,111.9,117.05,-5.080002,-4.1714582,19.0,152.0,0.2560194027709961,True,REGULAR,USD,Put,2028-06-16,NVDA,2026-10-06T00:29:09.099978+00:00,238.9,0.0401800012588501,0.0022226971865062345,0.3859572768879324
NVDA280616P00360000,2026-09-29 19:30:58+00:00,360.0,133.75,120.6,127.95,0.0,0.0,18.0,80.0,0.27970080657958973,True,REGULAR,USD,Put,2028-06-16,NVDA,2026-10-06T00:29:09.099978+00:00,238.9,0.0401800012588501,0.0022226971865062345,0.3859572768879324
NVDA280616P00370000,2026-10-02 16:40:10+00:00,370.0,136.61,129.5,137.1,0.0,0.0,14.0,32.0,0.28031115203857415,True,REGULAR,USD,Put,2028-06-16,NVDA,2026-10-06T00:29:09.099978+00:00,238.9,0.0401800012588501,0.0022226971865062345,0.3859572768879324
NVDA280616P00380000,2026-08-05 18:08:08+00:00,380.0,162.15,147.0,157.0,0.0,0.0,15.0,17.0,0.4022276574707031,True,REGULAR,USD,Put,2028-06-16,NVDA,2026-10-06T00:29:09.099978+00:00,238.9,0.0401800012588501,0.0022226971865062345,0.3859572768879324
NVDA280616P00390000,2026-10-05 14:22:18+00:00,390.0,153.16,148.0,155.55,-31.589996,-17.09878,2.0,0.0,0.2790599438476562,True,REGULAR,USD,Put,2028-06-16,NVDA,2026-10-06T00:29:09.099978+00:00,238.9,0.0401800012588501,0.0022226971865062345,0.3859572768879324
NVDA280616P00400000,2026-09-29 19:55:00+00:00,400.0,172.5,157.6,164.85,0.0,0.0,119.0,0.0,0.2771678729248046,True,REGULAR,USD,Put,2028-06-16,NVDA,2026-10-06T00:29:09.099978+00:00,238.9,0.0401800012588501,0.0022226971865062345,0.3859572768879324
NVDA280616P00410000,2026-10-05 14:21:51+00:00,410.0,173.45,168.7,174.35,-1.4000092,-0.8006915,16.0,0.0,0.2772899420166015,True,REGULAR,USD,Put,2028-06-16,NVDA,2026-10-06T00:29:09.099978+00:00,238.9,0.0401800012588501,0.0022226971865062345,0.3859572768879324
NVDA280616P00420000,2026-08-12 15:15:18+00:00,420.0,196.99,0.0,0.0,0.0,0.0,36.0,0.0,1.0000000000000003e-05,True,REGULAR,USD,Put,2028-06-16,NVDA,2026-10-06T00:29:09.099978+00:00,238.9,0.0401800012588501,0.0022226971865062345,0.3859572768879324
NVDA280616P00430000,2026-05-14 18:42:25+00:00,430.0,199.51,218.6,222.65,0.0,0.0,,20.0,0.5845988806152342,True,REGULAR,USD,Put,2028-06-16,NVDA,2026-10-06T00:29:09.099978+00:00,238.9,0.0401800012588501,0.0022226971865062345,0.3859572768879324
NVDA280616P00440000,2026-08-12 15:15:18+00:00,440.0,216.71,0.0,0.0,0.0,0.0,36.0,0.0,1.0000000000000003e-05,True,REGULAR,USD,Put,2028-06-16,NVDA,2026-10-06T00:29:09.099978+00:00,238.9,0.0401800012588501,0.0022226971865062345,0.3859572768879324
NVDA280616P00450000,2026-09-04 14:13:49+00:00,450.0,216.3,206.0,215.0,0.0,0.0,1.0,0.0,0.32355412780761705,True,REGULAR,USD,Put,2028-06-16,NVDA,2026-10-06T00:29:09.099978+00:00,238.9,0.0401800012588501,0.0022226971865062345,0.3859572768879324
NVDA280616P00460000,2026-09-03 14:08:28+00:00,460.0,232.26,216.0,225.3,0.0,0.0,1.0,0.0,0.3370122451782227,True,REGULAR,USD,Put,2028-06-16,NVDA,2026-10-06T00:29:09.099978+00:00,238.9,0.0401800012588501,0.0022226971865062345,0.3859572768879324
NVDA281215C00005000,2026-09-29 19:04:59+00:00,5.0,230.85,229.0,237.7,7.4200134,3.3209567,1.0,638.0,2.6494174389648437,True,REGULAR,USD,Call,2028-12-15,NVDA,2026-10-06T00:29:09.099978+00:00,238.9,0.0401800012588501,0.0022226971865062345,0.3859572768879324
NVDA281215C00010000,2026-09-28 16:26:39+00:00,10.0,221.94,224.0,234.0,0.0,0.0,4.0,111.0,0.84961087890625,True,REGULAR,USD,Call,2028-12-15,NVDA,2026-10-06T00:29:09.099978+00:00,238.9,0.0401800012588501,0.0022226971865062345,0.3859572768879324
NVDA281215C00015000,2026-10-02 14:37:05+00:00,15.0,222.0,220.0,230.0,0.0,0.0,2.0,122.0,1.0463914868164066,True,REGULAR,USD,Call,2028-12-15,NVDA,2026-10-06T00:29:09.099978+00:00,238.9,0.0401800012588501,0.0022226971865062345,0.3859572768879324
NVDA281215C00020000,2026-09-22 13:41:31+00:00,20.0,210.62,215.0,225.0,0.0,0.0,1.0,1396.0,0.9233406103515626,True,REGULAR,USD,Call,2028-12-15,NVDA,2026-10-06T00:29:09.099978+00:00,238.9,0.0401800012588501,0.0022226971865062345,0.3859572768879324
NVDA281215C00025000,2026-10-02 14:05:49+00:00,25.0,213.88,211.0,220.8,0.0,0.0,16.0,720.0,0.9399420068359375,True,REGULAR,USD,Call,2028-12-15,NVDA,2026-10-06T00:29:09.099978+00:00,238.9,0.0401800012588501,0.0022226971865062345,0.3859572768879324
NVDA281215C00030000,2026-10-05 13:31:32+00:00,30.0,208.58,206.0,216.0,-0.91999817,-0.43913993,1.0,777.0,0.8665784826660157,True,REGULAR,USD,Call,2028-12-15,NVDA,2026-10-06T00:29:09.099978+00:00,238.9,0.0401800012588501,0.0022226971865062345,0.3859572768879324
NVDA281215C00035000,2026-09-28 19:44:57+00:00,35.0,203.58,202.0,210.85,8.600006,4.4107122,1.0,1042.0,0.8317887915039062,True,REGULAR,USD,Call,2028-12-15,NVDA,2026-10-06T00:29:09.099978+00:00,238.9,0.0401800012588501,0.0022226971865062345,0.3859572768879324
NVDA281215C00040000,2026-10-02 13:49:35+00:00,40.0,199.78,198.0,206.45,0.0,0.0,2.0,466.0,0.823243955078125,True,REGULAR,USD,Call,2028-12-15,NVDA,2026-10-06T00:29:09.099978+00:00,238.9,0.0401800012588501,0.0022226971865062345,0.3859572768879324
NVDA281215C00045000,2026-09-28 19:44:57+00:00,45.0,186.23,193.0,202.05,0.0,0.0,1.0,1093.0,0.7841818457031251,True,REGULAR,USD,Call,2028-12-15,NVDA,2026-10-06T00:29:09.099978+00:00,238.9,0.0401800012588501,0.0022226971865062345,0.3859572768879324
NVDA281215C00050000,2026-10-05 19:13:57+00:00,50.0,194.01,190.05,195.0,3.0099945,1.5759133,4.0,724.0,0.734255587158203,True,REGULAR,USD,Call,2028-12-15,NVDA,2026-10-06T00:29:09.099978+00:00,238.9,0.0401800012588501,0.0022226971865062345,0.3859572768879324
NVDA281215C00055000,2026-09-28 13:50:42+00:00,55.0,182.78,185.0,193.3,0.0,0.0,1.0,963.0,0.7605004418945314,True,REGULAR,USD,Call,2028-12-15,NVDA,2026-10-06T00:29:09.099978+00:00,238.9,0.0401800012588501,0.0022226971865062345,0.3859572768879324
NVDA281215C00060000,2026-10-01 15:22:37+00:00,60.0,175.59,180.0,189.0,0.0,0.0,4.0,1931.0,0.729494892578125,True,REGULAR,USD,Call,2028-12-15,NVDA,2026-10-06T00:29:09.099978+00:00,238.9,0.0401800012588501,0.0022226971865062345,0.3859572768879324
NVDA281215C00065000,2026-10-01 13:30:07+00:00,65.0,172.1,176.0,184.65,0.0,0.0,2.0,912.0,0.71679970703125,True,REGULAR,USD,Call,2028-12-15,NVDA,2026-10-06T00:29:09.099978+00:00,238.9,0.0401800012588501,0.0022226971865062345,0.3859572768879324
NVDA281215C00070000,2026-09-29 15:13:32+00:00,70.0,168.24,172.0,180.4,0.0,0.0,22.0,1234.0,0.7049590051269532,True,REGULAR,USD,Call,2028-12-15,NVDA,2026-10-06T00:29:09.099978+00:00,238.9,0.0401800012588501,0.0022226971865062345,0.3859572768879324
NVDA281215C00075000,2026-10-05 19:52:51+00:00,75.0,172.75,168.6,176.1,1.9199982,1.1239233,7.0,1699.0,0.6998321032714845,True,REGULAR,USD,Call,2028-12-15,NVDA,2026-10-06T00:29:09.099978+00:00,238.9,0.0401800012588501,0.0022226971865062345,0.3859572768879324
NVDA281215C00080000,2026-10-02 14:51:47+00:00,80.0,169.74,164.25,171.0,0.0,0.0,2.0,1699.0,0.6711458666992189,True,REGULAR,USD,Call,2028-12-15,NVDA,2026-10-06T00:29:09.099978+00:00,238.9,0.0401800012588501,0.0022226971865062345,0.3859572768879324
NVDA281215C00085000,2026-10-02 15:09:41+00:00,85.0,161.3,160.05,166.5,0.0,0.0,10.0,691.0,0.6532017102050782,True,REGULAR,USD,Call,2028-12-15,NVDA,2026-10-06T00:29:09.099978+00:00,238.9,0.0401800012588501,0.0022226971865062345,0.3859572768879324
NVDA281215C00090000,2026-10-05 19:18:17+00:00,90.0,160.2,158.35,162.3,8.569992,5.6519103,12.0,5703.0,0.6660494821166995,True,REGULAR,USD,Call,2028-12-15,NVDA,2026-10-06T00:29:09.099978+00:00,238.9,0.0401800012588501,0.0022226971865062345,0.3859572768879324
NVDA281215C00095000,2026-10-05 19:21:35+00:00,95.0,156.15,151.8,158.35,8.649994,5.864403,2.0,2471.0,0.6290320300292969,True,REGULAR,USD,Call,2028-12-15,NVDA,2026-10-06T00:29:09.099978+00:00,238.9,0.0401800012588501,0.0022226971865062345,0.3859572768879324
NVDA281215C00100000,2026-10-05 19:59:43+00:00,100.0,151.15,149.35,155.85,4.849991,3.3150997,3259.0,5501.0,0.6472203247070312,True,REGULAR,USD,Call,2028-12-15,NVDA,2026-10-06T00:29:09.099978+00:00,238.9,0.0401800012588501,0.0022226971865062345,0.3859572768879324
NVDA281215C00105000,2026-10-01 15:21:06+00:00,105.0,138.84,143.8,151.35,0.0,0.0,1.0,910.0,0.6166725344848634,True,REGULAR,USD,Call,2028-12-15,NVDA,2026-10-06T00:29:09.099978+00:00,238.9,0.0401800012588501,0.0022226971865062345,0.3859572768879324
NVDA281215C00110000,2026-10-02 17:20:31+00:00,110.0,140.94,139.85,147.35,0.0,0.0,2.0,994.0,0.6055337298583985,True,REGULAR,USD,Call,2028-12-15,NVDA,2026-10-06T00:29:09.099978+00:00,238.9,0.0401800012588501,0.0022226971865062345,0.3859572768879324
NVDA281215C00115000,2026-10-02 17:20:31+00:00,115.0,136.24,137.8,141.15,0.0,0.0,1.0,704.0,0.5918619915771486,True,REGULAR,USD,Call,2028-12-15,NVDA,2026-10-06T00:29:09.099978+00:00,238.9,0.0401800012588501,0.0022226971865062345,0.3859572768879324
NVDA281215C00120000,2026-10-05 19:53:03+00:00,120.0,136.55,132.25,136.9,4.830002,3.6668704,230.0,6179.0,0.5664716204833984,True,REGULAR,USD,Call,2028-12-15,NVDA,2026-10-06T00:29:09.099978+00:00,238.9,0.0401800012588501,0.0022226971865062345,0.3859572768879324
NVDA281215C00125000,2026-10-05 18:43:31+00:00,125.0,132.2,130.3,132.95,3.1100006,2.4091725,37.0,602.0,0.5705304177856446,True,REGULAR,USD,Call,2028-12-15,NVDA,2026-10-06T00:29:09.099978+00:00,238.9,0.0401800012588501,0.0022226971865062345,0.3859572768879324
NVDA281215C00130000,2026-10-05 19:52:54+00:00,130.0,129.0,124.5,129.05,5.0,4.032258,18.0,2957.0,0.5469405657958986,True,REGULAR,USD,Call,2028-12-15,NVDA,2026-10-06T00:29:09.099978+00:00,238.9,0.0401800012588501,0.0022226971865062345,0.3859572768879324
NVDA281215C00135000,2026-10-05 15:53:16+00:00,135.0,122.52,121.4,128.35,2.119995,1.7607932,1.0,608.0,0.5629773927307129,True,REGULAR,USD,Call,2028-12-15,NVDA,2026-10-06T00:29:09.099978+00:00,238.9,0.0401800012588501,0.0022226971865062345,0.3859572768879324
NVDA281215C00140000,2026-10-05 19:53:26+00:00,140.0,121.6,118.2,122.2,2.949997,2.4863017,21.0,5585.0,0.5419204743957522,True,REGULAR,USD,Call,2028-12-15,NVDA,2026-10-06T00:29:09.099978+00:00,238.9,0.0401800012588501,0.0022226971865062345,0.3859572768879324
NVDA281215C00145000,2026-10-05 15:02:35+00:00,145.0,116.0,116.55,118.2,1.5999985,1.3986001,74.0,1367.0,0.5437362521362306,True,REGULAR,USD,Call,2028-12-15,NVDA,2026-10-06T00:29:09.099978+00:00,238.9,0.0401800012588501,0.0022226971865062345,0.3859572768879324
NVDA281215C00150000,2026-10-05 19:48:25+00:00,150.0,115.17,112.25,114.75,5.0599976,4.5954022,177.0,3754.0,0.5324143438720703,True,REGULAR,USD,Call,2028-12-15,NVDA,2026-10-06T00:29:09.099978+00:00,238.9,0.0401800012588501,0.0022226971865062345,0.3859572768879324
NVDA281215C00155000,2026-10-02 14:03:37+00:00,155.0,109.42,108.6,111.4,0.0,0.0,5.0,1072.0,0.5251817501831054,True,REGULAR,USD,Call,2028-12-15,NVDA,2026-10-06T00:29:09.099978+00:00,238.9,0.0401800012588501,0.0022226971865062345,0.3859572768879324
NVDA281215C00160000,2026-10-05 18:53:38+00:00,160.0,107.5,106.0,108.2,4.4300003,4.2980504,21.0,2835.0,0.5240068351745604,True,REGULAR,USD,Call,2028-12-15,NVDA,2026-10-06T00:29:09.099978+00:00,238.9,0.0401800012588501,0.0022226971865062345,0.3859572768879324
NVDA281215C00165000,2026-10-05 19:40:46+00:00,165.0,104.95,100.75,104.85,2.25,2.1908472,27.0,1343.0,0.5076648355102539,True,REGULAR,USD,Call,2028-12-15,NVDA,2026-10-06T00:29:09.099978+00:00,238.9,0.0401800012588501,0.0022226971865062345,0.3859572768879324
NVDA281215C00170000,2026-10-05 19:53:14+00:00,170.0,101.55,99.8,101.75,4.75,4.907025,67.0,4108.0,0.5143023423767088,True,REGULAR,USD,Call,2028-12-15,NVDA,2026-10-06T00:29:09.099978+00:00,238.9,0.0401800012588501,0.0022226971865062345,0.3859572768879324
NVDA281215C00175000,2026-10-05 14:50:51+00:00,175.0,96.28,95.15,98.6,2.0499954,2.175523,7.0,2475.0,0.5016529327392578,True,REGULAR,USD,Call,2028-12-15,NVDA,2026-10-06T00:29:09.099978+00:00,238.9,0.0401800012588501,0.0022226971865062345,0.3859572768879324
NVDA281215C00180000,2026-10-05 18:22:29+00:00,180.0,94.3,92.6,96.05,3.5300064,3.8889573,3.0,5309.0,0.5016987086486817,True,REGULAR,USD,Call,2028-12-15,NVDA,2026-10-06T00:29:09.099978+00:00,238.9,0.0401800012588501,0.0022226971865062345,0.3859572768879324
NVDA281215C00185000,2026-10-05 19:37:01+00:00,185.0,92.75,89.5,94.25,5.0,5.6980057,7.0,6080.0,0.5019886227416993,True,REGULAR,USD,Call,2028-12-15,NVDA,2026-10-06T00:29:09.099978+00:00,238.9,0.0401800012588501,0.0022226971865062345,0.3859572768879324
NVDA281215C00190000,2026-10-05 19:55:52+00:00,190.0,88.88,87.05,90.15,3.7799988,4.4418316,17.0,5558.0,0.5080768186950684,True,REGULAR,USD,Call,2028-12-15,NVDA,2026-10-06T00:29:09.099978+00:00,238.9,0.0401800012588501,0.0022226971865062345,0.3859572768879324
NVDA281215C00195000,2026-10-05 19:52:08+00:00,195.0,86.84,85.75,87.5,4.8399963,5.9024343,25.0,2387.0,0.5052081950378418,True,REGULAR,USD,Call,2028-12-15,NVDA,2026-10-06T00:29:09.099978+00:00,238.9,0.0401800012588501,0.0022226971865062345,0.3859572768879324
NVDA281215C00200000,2026-10-05 19:51:35+00:00,200.0,83.52,82.15,85.0,4.0199966,5.0565996,420.0,28553.0,0.5031635377502441,True,REGULAR,USD,Call,2028-12-15,NVDA,2026-10-06T00:29:09.099978+00:00,238.9,0.0401800012588501,0.0022226971865062345,0.3859572768879324
NVDA281215C00205000,2026-10-05 19:52:18+00:00,205.0,81.4,79.65,82.5,2.9500046,3.7603629,36.0,3500.0,0.5006458627319336,True,REGULAR,USD,Call,2028-12-15,NVDA,2026-10-06T00:29:09.099978+00:00,238.9,0.0401800012588501,0.0022226971865062345,0.3859572768879324
NVDA281215C00210000,2026-10-05 19:33:08+00:00,210.0,79.0,76.8,79.45,4.0599976,5.417664,466.0,7353.0,0.4931843894958497,True,REGULAR,USD,Call,2028-12-15,NVDA,2026-10-06T00:29:09.099978+00:00,238.9,0.0401800012588501,0.0022226971865062345,0.3859572768879324
NVDA281215C00215000,2026-10-05 19:34:59+00:00,215.0,76.6,73.9,77.25,3.7999954,5.219774,219.0,2891.0,0.4923299058532716,True,REGULAR,USD,Call,2028-12-15,NVDA,2026-10-06T00:29:09.099978+00:00,238.9,0.0401800012588501,0.0022226971865062345,0.3859572768879324
NVDA281215C00220000,2026-10-05 19:54:10+00:00,220.0,73.65,72.75,74.0,3.590004,5.124185,101.0,14309.0,0.4826864476013184,True,REGULAR,USD,Call,2028-12-15,NVDA,2026-10-06T00:29:09.099978+00:00,238.9,0.0401800012588501,0.0022226971865062345,0.3859572768879324
NVDA281215C00225000,2026-10-05 19:13:20+00:00,225.0,71.4,70.4,72.1,3.9000015,5.77778,56.0,8065.0,0.48338834487915044,True,REGULAR,USD,Call,2028-12-15,NVDA,2026-10-06T00:29:09.099978+00:00,238.9,0.0401800012588501,0.0022226971865062345,0.3859572768879324
NVDA281215C00230000,2026-10-05 19:24:09+00:00,230.0,68.7,67.95,71.5,3.0,4.5662103,92.0,7611.0,0.4936574072265626,True,REGULAR,USD,Call,2028-12-15,NVDA,2026-10-06T00:29:09.099978+00:00,238.9,0.0401800012588501,0.0022226971865062345,0.3859572768879324
NVDA281215C00235000,2026-10-05 19:50:11+00:00,235.0,66.44,65.8,67.05,3.210003,5.076709,99.0,3235.0,0.4738974729919434,True,REGULAR,USD,Call,2028-12-15,NVDA,2026-10-06T00:29:09.099978+00:00,238.9,0.0401800012588501,0.0022226971865062345,0.3859572768879324
NVDA281215C00240000,2026-10-05 19:54:10+00:00,240.0,64.36,64.0,64.65,3.3600006,5.508198,53.0,4510.0,0.46962505477905275,False,REGULAR,USD,Call,2028-12-15,NVDA,2026-10-06T00:29:09.099978+00:00,238.9,0.0401800012588501,0.0022226971865062345,0.3859572768879324
NVDA281215C00245000,2026-10-05 19:54:18+00:00,245.0,62.45,61.2,62.6,3.0699997,5.17009,29.0,1714.0,0.46761091476440425,False,REGULAR,USD,Call,2028-12-15,NVDA,2026-10-06T00:29:09.099978+00:00,238.9,0.0401800012588501,0.0022226971865062345,0.3859572768879324
NVDA281215C00250000,2026-10-05 19:54:46+00:00,250.0,60.2,59.35,60.6,2.920002,5.097769,605.0,20010.0,0.4655967747497559,False,REGULAR,USD,Call,2028-12-15,NVDA,2026-10-06T00:29:09.099978+00:00,238.9,0.0401800012588501,0.0022226971865062345,0.3859572768879324
NVDA281215C00255000,2026-10-05 18:18:20+00:00,255.0,57.37,57.65,59.1,2.3600006,4.29013,3.0,1640.0,0.46689375885009765,False,REGULAR,USD,Call,2028-12-15,NVDA,2026-10-06T00:29:09.099978+00:00,238.9,0.0401800012588501,0.0022226971865062345,0.3859572768879324
NVDA281215C00260000,2026-10-05 19:45:42+00:00,260.0,56.8,55.4,56.65,1.8999977,3.4608335,166.0,4905.0,0.46090474403381354,False,REGULAR,USD,Call,2028-12-15,NVDA,2026-10-06T00:29:09.099978+00:00,238.9,0.0401800012588501,0.0022226971865062345,0.3859572768879324
NVDA281215C00265000,2026-10-05 19:52:14+00:00,265.0,55.25,53.9,56.05,3.8600006,7.5111904,102.0,956.0,0.46796186340332036,False,REGULAR,USD,Call,2028-12-15,NVDA,2026-10-06T00:29:09.099978+00:00,238.9,0.0401800012588501,0.0022226971865062345,0.3859572768879324
NVDA281215C00270000,2026-10-05 19:57:17+00:00,270.0,52.3,51.7,53.1,2.0,3.9761431,14.0,3126.0,0.4577538356018067,False,REGULAR,USD,Call,2028-12-15,NVDA,2026-10-06T00:29:09.099978+00:00,238.9,0.0401800012588501,0.0022226971865062345,0.3859572768879324
NVDA281215C00275000,2026-10-05 19:15:49+00:00,275.0,51.2,50.4,50.85,2.8500023,5.8945246,35.0,2617.0,0.45229124374389656,False,REGULAR,USD,Call,2028-12-15,NVDA,2026-10-06T00:29:09.099978+00:00,238.9,0.0401800012588501,0.0022226971865062345,0.3859572768879324
NVDA281215C00280000,2026-10-05 19:17:32+00:00,280.0,49.65,48.25,49.7,2.9300003,6.2714047,27.0,4795.0,0.45436641830444335,False,REGULAR,USD,Call,2028-12-15,NVDA,2026-10-06T00:29:09.099978+00:00,238.9,0.0401800012588501,0.0022226971865062345,0.3859572768879324
NVDA281215C00285000,2026-10-02 14:29:23+00:00,285.0,47.2,45.9,48.25,0.0,0.0,7.0,2017.0,0.45396969375610347,False,REGULAR,USD,Call,2028-12-15,NVDA,2026-10-06T00:29:09.099978+00:00,238.9,0.0401800012588501,0.0022226971865062345,0.3859572768879324
NVDA281215C00290000,2026-10-05 19:39:41+00:00,290.0,46.33,44.9,46.2,1.7300034,3.8789315,8.0,6642.0,0.44902589553833,False,REGULAR,USD,Call,2028-12-15,NVDA,2026-10-06T00:29:09.099978+00:00,238.9,0.0401800012588501,0.0022226971865062345,0.3859572768879324
NVDA281215C00295000,2026-10-05 19:29:36+00:00,295.0,44.55,43.8,44.9,2.4799995,5.894936,70.0,839.0,0.44910218872070307,False,REGULAR,USD,Call,2028-12-15,NVDA,2026-10-06T00:29:09.099978+00:00,238.9,0.0401800012588501,0.0022226971865062345,0.3859572768879324
NVDA281215C00300000,2026-10-05 19:56:05+00:00,300.0,42.8,42.55,43.15,2.2999992,5.6790104,1137.0,18748.0,0.4456995127868652,False,REGULAR,USD,Call,2028-12-15,NVDA,2026-10-06T00:29:09.099978+00:00,238.9,0.0401800012588501,0.0022226971865062345,0.3859572768879324
NVDA281215C00310000,2026-10-05 19:37:03+00:00,310.0,40.55,39.65,40.4,2.3199997,6.068532,90.0,3909.0,0.44336494140625,False,REGULAR,USD,Call,2028-12-15,NVDA,2026-10-06T00:29:09.099978+00:00,238.9,0.0401800012588501,0.0022226971865062345,0.3859572768879324
NVDA281215C00320000,2026-10-05 19:58:41+00:00,320.0,37.5,37.0,37.95,1.2999992,3.5911582,60.0,2139.0,0.44208321594238287,False,REGULAR,USD,Call,2028-12-15,NVDA,2026-10-06T00:29:09.099978+00:00,238.9,0.0401800012588501,0.0022226971865062345,0.3859572768879324
NVDA281215C00330000,2026-10-05 19:49:38+00:00,330.0,35.3,34.8,38.0,2.2000008,6.6465282,14.0,8871.0,0.4576622837829591,False,REGULAR,USD,Call,2028-12-15,NVDA,2026-10-06T00:29:09.099978+00:00,238.9,0.0401800012588501,0.0022226971865062345,0.3859572768879324
NVDA281215C00340000,2026-10-05 18:41:16+00:00,340.0,32.52,32.4,33.1,0.77000046,2.4251983,44.0,8830.0,0.4368037277221679,False,REGULAR,USD,Call,2028-12-15,NVDA,2026-10-06T00:29:09.099978+00:00,238.9,0.0401800012588501,0.0022226971865062345,0.3859572768879324
NVDA281215C00350000,2026-10-05 19:57:25+00:00,350.0,30.55,30.3,31.0,1.7199993,5.9660053,25.0,7681.0,0.43507950180053717,False,REGULAR,USD,Call,2028-12-15,NVDA,2026-10-06T00:29:09.099978+00:00,238.9,0.0401800012588501,0.0022226971865062345,0.3859572768879324
NVDA281215C00360000,2026-10-05 18:28:46+00:00,360.0,28.5,28.35,29.05,1.7000008,6.3432865,3.0,3580.0,0.4335612674713135,False,REGULAR,USD,Call,2028-12-15,NVDA,2026-10-06T00:29:09.099978+00:00,238.9,0.0401800012588501,0.0022226971865062345,0.3859572768879324
NVDA281215C00370000,2026-10-05 19:42:20+00:00,370.0,27.05,26.5,27.25,1.5,5.8708415,30.0,5455.0,0.43230242996215823,False,REGULAR,USD,Call,2028-12-15,NVDA,2026-10-06T00:29:09.099978+00:00,238.9,0.0401800012588501,0.0022226971865062345,0.3859572768879324
NVDA281215C00380000,2026-10-05 19:49:38+00:00,380.0,25.35,24.7,25.75,1.3999996,5.84551,89.0,17607.0,0.4325313095092773,False,REGULAR,USD,Call,2028-12-15,NVDA,2026-10-06T00:29:09.099978+00:00,238.9,0.0401800012588501,0.0022226971865062345,0.3859572768879324
NVDA281215C00390000,2026-10-05 19:41:07+00:00,390.0,23.75,22.7,24.4,2.4099998,11.293345,5.0,422.0,0.4332026895141602,False,REGULAR,USD,Call,2028-12-15,NVDA,2026-10-06T00:29:09.099978+00:00,238.9,0.0401800012588501,0.0022226971865062345,0.3859572768879324
NVDA281215C00400000,2026-10-05 19:41:55+00:00,400.0,22.3,21.8,22.5,1.4399986,6.903157,15.0,10275.0,0.4288082022094727,False,REGULAR,USD,Call,2028-12-15,NVDA,2026-10-06T00:29:09.099978+00:00,238.9,0.0401800012588501,0.0022226971865062345,0.3859572768879324
NVDA281215C00410000,2026-10-05 19:29:30+00:00,410.0,20.8,20.05,21.0,0.94999886,4.785888,19.0,997.0,0.4268093208312989,False,REGULAR,USD,Call,2028-12-15,NVDA,2026-10-06T00:29:09.099978+00:00,238.9,0.0401800012588501,0.0022226971865062345,0.3859572768879324
NVDA281215C00420000,2026-10-05 19:42:37+00:00,420.0,19.62,19.15,19.85,0.32999992,1.7107304,6.0,9222.0,0.4269924244689942,False,REGULAR,USD,Call,2028-12-15,NVDA,2026-10-06T00:29:09.099978+00:00,238.9,0.0401800012588501,0.0022226971865062345,0.3859572768879324
NVDA281215C00430000,2026-10-05 18:58:45+00:00,430.0,18.3,17.85,18.8,1.7999992,10.909086,10.0,348.0,0.42743492492675783,False,REGULAR,USD,Call,2028-12-15,NVDA,2026-10-06T00:29:09.099978+00:00,238.9,0.0401800012588501,0.0022226971865062345,0.3859572768879324
NVDA281215C00440000,2026-10-05 17:55:36+00:00,440.0,16.66,16.85,17.45,0.03999901,0.24066791,1.0,4194.0,0.4246578530883789,False,REGULAR,USD,Call,2028-12-15,NVDA,2026-10-06T00:29:09.099978+00:00,238.9,0.0401800012588501,0.0022226971865062345,0.3859572768879324
NVDA281215C00450000,2026-10-05 19:30:29+00:00,450.0,16.25,15.95,16.45,0.97999954,6.4178095,20.0,7156.0,0.4243374217224121,False,REGULAR,USD,Call,2028-12-15,NVDA,2026-10-06T00:29:09.099978+00:00,238.9,0.0401800012588501,0.0022226971865062345,0.3859572768879324
NVDA281215C00460000,2026-10-05 19:59:14+00:00,460.0,15.02,14.65,15.35,0.6800003,4.7419825,250.0,23971.0,0.4225216439819336,False,REGULAR,USD,Call,2028-12-15,NVDA,2026-10-06T00:29:09.099978+00:00,238.9,0.0401800012588501,0.0022226971865062345,0.3859572768879324
NVDA281215P00005000,2026-10-01 15:26:50+00:00,5.0,0.05,0.02,0.05,0.0,0.0,109.0,5841.0,0.945313046875,False,REGULAR,USD,Put,2028-12-15,NVDA,2026-10-06T00:29:09.099978+00:00,238.9,0.0401800012588501,0.0022226971865062345,0.3859572768879324
NVDA281215P00010000,2026-10-05 16:58:35+00:00,10.0,0.06,0.05,0.12,-0.010000002,-14.285716,2.0,3367.0,0.8359391406249999,False,REGULAR,USD,Put,2028-12-15,NVDA,2026-10-06T00:29:09.099978+00:00,238.9,0.0401800012588501,0.0022226971865062345,0.3859572768879324
NVDA281215P00015000,2026-10-02 13:58:43+00:00,15.0,0.13,0.05,0.16,0.049999997,62.499996,1.0,4074.0,0.7382838671874999,False,REGULAR,USD,Put,2028-12-15,NVDA,2026-10-06T00:29:09.099978+00:00,238.9,0.0401800012588501,0.0022226971865062345,0.3859572768879324
NVDA281215P00020000,2026-10-05 17:19:33+00:00,20.0,0.17,0.13,0.25,-0.010000005,-5.555558,30.0,2666.0,0.7050810742187501,False,REGULAR,USD,Put,2028-12-15,NVDA,2026-10-06T00:29:09.099978+00:00,238.9,0.0401800012588501,0.0022226971865062345,0.3859572768879324
NVDA281215P00025000,2026-10-05 19:04:41+00:00,25.0,0.25,0.15,0.42,0.040000007,19.047623,7.0,952.0,0.6733431103515627,False,REGULAR,USD,Put,2028-12-15,NVDA,2026-10-06T00:29:09.099978+00:00,238.9,0.0401800012588501,0.0022226971865062345,0.3859572768879324
NVDA281215P00030000,2026-09-29 13:30:00+00:00,30.0,0.46,0.1,0.83,0.0,0.0,1.0,1619.0,0.6611362011718751,False,REGULAR,USD,Put,2028-12-15,NVDA,2026-10-06T00:29:09.099978+00:00,238.9,0.0401800012588501,0.0022226971865062345,0.3859572768879324
NVDA281215P00035000,2026-09-25 15:36:16+00:00,35.0,0.48,0.2,0.93,0.0,0.0,2.0,522.0,0.6291540991210938,False,REGULAR,USD,Put,2028-12-15,NVDA,2026-10-06T00:29:09.099978+00:00,238.9,0.0401800012588501,0.0022226971865062345,0.3859572768879324
NVDA281215P00040000,2026-09-28 19:53:05+00:00,40.0,0.5,0.01,0.68,0.0,0.0,3.0,379.0,0.5441940112304688,False,REGULAR,USD,Put,2028-12-15,NVDA,2026-10-06T00:29:09.099978+00:00,238.9,0.0401800012588501,0.0022226971865062345,0.3859572768879324
NVDA281215P00045000,2026-09-24 14:58:57+00:00,45.0,0.65,0.06,1.12,0.0,0.0,5.0,197.0,0.5498091894531252,False,REGULAR,USD,Put,2028-12-15,NVDA,2026-10-06T00:29:09.099978+00:00,238.9,0.0401800012588501,0.0022226971865062345,0.3859572768879324
NVDA281215P00050000,2026-10-05 14:07:29+00:00,50.0,0.94,0.71,1.18,0.120000005,14.634147,1.0,3743.0,0.5568891967773439,False,REGULAR,USD,Put,2028-12-15,NVDA,2026-10-06T00:29:09.099978+00:00,238.9,0.0401800012588501,0.0022226971865062345,0.3859572768879324
NVDA281215P00055000,2026-09-30 19:37:45+00:00,55.0,0.93,0.26,1.39,0.0,0.0,4.0,348.0,0.5116015637207032,False,REGULAR,USD,Put,2028-12-15,NVDA,2026-10-06T00:29:09.099978+00:00,238.9,0.0401800012588501,0.0022226971865062345,0.3859572768879324
NVDA281215P00060000,2026-10-05 19:57:14+00:00,60.0,1.01,1.0,2.2,-0.049999952,-4.716977,61.0,445.0,0.5435836657714845,False,REGULAR,USD,Put,2028-12-15,NVDA,2026-10-06T00:29:09.099978+00:00,238.9,0.0401800012588501,0.0022226971865062345,0.3859572768879324
NVDA281215P00065000,2026-10-05 18:54:44+00:00,65.0,1.12,0.71,1.2,-0.110000014,-8.94309,21.0,411.0,0.4862111926269531,False,REGULAR,USD,Put,2028-12-15,NVDA,2026-10-06T00:29:09.099978+00:00,238.9,0.0401800012588501,0.0022226971865062345,0.3859572768879324
NVDA281215P00070000,2026-10-05 19:51:29+00:00,70.0,1.74,1.26,2.5,0.28999996,19.999996,11.0,711.0,0.5016529327392578,False,REGULAR,USD,Put,2028-12-15,NVDA,2026-10-06T00:29:09.099978+00:00,238.9,0.0401800012588501,0.0022226971865062345,0.3859572768879324
NVDA281215P00075000,2026-10-05 16:34:03+00:00,75.0,1.61,1.14,2.04,-0.09000003,-5.29412,10.0,1433.0,0.4833425689697266,False,REGULAR,USD,Put,2028-12-15,NVDA,2026-10-06T00:29:09.099978+00:00,238.9,0.0401800012588501,0.0022226971865062345,0.3859572768879324
NVDA281215P00080000,2026-10-05 14:53:29+00:00,80.0,1.81,1.03,2.92,-0.07000005,-3.723407,134.0,1675.0,0.49622085815429695,False,REGULAR,USD,Put,2028-12-15,NVDA,2026-10-06T00:29:09.099978+00:00,238.9,0.0401800012588501,0.0022226971865062345,0.3859572768879324
NVDA281215P00085000,2026-10-05 14:53:29+00:00,85.0,2.04,2.04,2.41,-0.30999994,-13.191487,241.0,1054.0,0.45093322509765627,False,REGULAR,USD,Put,2028-12-15,NVDA,2026-10-06T00:29:09.099978+00:00,238.9,0.0401800012588501,0.0022226971865062345,0.3859572768879324
NVDA281215P00090000,2026-10-05 16:54:07+00:00,90.0,2.47,1.79,2.72,-0.23000002,-8.518519,109.0,1506.0,0.4401911450195312,False,REGULAR,USD,Put,2028-12-15,NVDA,2026-10-06T00:29:09.099978+00:00,238.9,0.0401800012588501,0.0022226971865062345,0.3859572768879324
NVDA281215P00095000,2026-10-02 18:05:15+00:00,95.0,2.8,1.81,5.8,-0.16000009,-5.405408,1.0,1840.0,0.5089770782470704,False,REGULAR,USD,Put,2028-12-15,NVDA,2026-10-06T00:29:09.099978+00:00,238.9,0.0401800012588501,0.0022226971865062345,0.3859572768879324
NVDA281215P00100000,2026-10-05 19:29:07+00:00,100.0,3.22,3.0,5.0,-0.18000007,-5.29412,37.0,5803.0,0.46429979064941407,False,REGULAR,USD,Put,2028-12-15,NVDA,2026-10-06T00:29:09.099978+00:00,238.9,0.0401800012588501,0.0022226971865062345,0.3859572768879324
NVDA281215P00105000,2026-10-02 18:09:59+00:00,105.0,3.9,3.45,4.0,0.0,0.0,2.0,2037.0,0.4158993957519531,False,REGULAR,USD,Put,2028-12-15,NVDA,2026-10-06T00:29:09.099978+00:00,238.9,0.0401800012588501,0.0022226971865062345,0.3859572768879324
NVDA281215P00110000,2026-10-05 15:07:16+00:00,110.0,4.23,3.6,4.7,-0.09000015,-2.0833368,1.0,3415.0,0.4132749102783203,False,REGULAR,USD,Put,2028-12-15,NVDA,2026-10-06T00:29:09.099978+00:00,238.9,0.0401800012588501,0.0022226971865062345,0.3859572768879324
NVDA281215P00115000,2026-10-05 17:33:06+00:00,115.0,4.75,4.35,5.05,-0.4499998,-8.653843,45.0,5062.0,0.4012511047363281,False,REGULAR,USD,Put,2028-12-15,NVDA,2026-10-06T00:29:09.099978+00:00,238.9,0.0401800012588501,0.0022226971865062345,0.3859572768879324
NVDA281215P00120000,2026-10-05 19:56:59+00:00,120.0,5.35,5.1,5.5,-0.25,-4.464286,214.0,10273.0,0.3914245428466796,False,REGULAR,USD,Put,2028-12-15,NVDA,2026-10-06T00:29:09.099978+00:00,238.9,0.0401800012588501,0.0022226971865062345,0.3859572768879324
NVDA281215P00125000,2026-10-05 19:53:03+00:00,125.0,5.95,4.45,6.3,-0.25,-4.032258,103.0,2084.0,0.38812867736816403,False,REGULAR,USD,Put,2028-12-15,NVDA,2026-10-06T00:29:09.099978+00:00,238.9,0.0401800012588501,0.0022226971865062345,0.3859572768879324
NVDA281215P00130000,2026-10-05 19:22:44+00:00,130.0,6.85,6.3,7.3,-0.28999996,-4.061624,3.0,16288.0,0.38718264190673823,False,REGULAR,USD,Put,2028-12-15,NVDA,2026-10-06T00:29:09.099978+00:00,238.9,0.0401800012588501,0.0022226971865062345,0.3859572768879324
NVDA281215P00135000,2026-10-02 19:14:23+00:00,135.0,7.99,7.15,8.25,0.0,0.0,11.0,2739.0,0.38397832824707034,False,REGULAR,USD,Put,2028-12-15,NVDA,2026-10-06T00:29:09.099978+00:00,238.9,0.0401800012588501,0.0022226971865062345,0.3859572768879324
NVDA281215P00140000,2026-10-05 19:40:14+00:00,140.0,8.4,8.1,8.95,-0.53999996,-6.0402684,28.0,4690.0,0.375982802734375,False,REGULAR,USD,Put,2028-12-15,NVDA,2026-10-06T00:29:09.099978+00:00,238.9,0.0401800012588501,0.0022226971865062345,0.3859572768879324
NVDA281215P00145000,2026-10-05 19:42:37+00:00,145.0,9.52,9.0,10.05,-0.32999992,-3.3502529,2.0,3094.0,0.3732667654418945,False,REGULAR,USD,Put,2028-12-15,NVDA,2026-10-06T00:29:09.099978+00:00,238.9,0.0401800012588501,0.0022226971865062345,0.3859572768879324
NVDA281215P00150000,2026-10-05 18:52:53+00:00,150.0,10.57,10.15,10.85,-0.44000053,-3.9963717,59.0,20982.0,0.36557641265869145,False,REGULAR,USD,Put,2028-12-15,NVDA,2026-10-06T00:29:09.099978+00:00,238.9,0.0401800012588501,0.0022226971865062345,0.3859572768879324
NVDA281215P00155000,2026-10-05 19:32:23+00:00,155.0,11.65,11.25,12.3,-0.5300007,-4.3514013,5.0,4915.0,0.365667964477539,False,REGULAR,USD,Put,2028-12-15,NVDA,2026-10-06T00:29:09.099978+00:00,238.9,0.0401800012588501,0.0022226971865062345,0.3859572768879324
NVDA281215P00160000,2026-10-05 17:49:24+00:00,160.0,12.8,12.55,13.35,-0.8999996,-6.56934,7.0,4120.0,0.35979338943481437,False,REGULAR,USD,Put,2028-12-15,NVDA,2026-10-06T00:29:09.099978+00:00,238.9,0.0401800012588501,0.0022226971865062345,0.3859572768879324
NVDA281215P00165000,2026-10-05 18:58:45+00:00,165.0,14.15,13.65,14.8,-0.70000076,-4.71381,11.0,5418.0,0.35788605987548827,False,REGULAR,USD,Put,2028-12-15,NVDA,2026-10-06T00:29:09.099978+00:00,238.9,0.0401800012588501,0.0022226971865062345,0.3859572768879324
NVDA281215P00170000,2026-10-05 19:31:49+00:00,170.0,15.55,15.35,16.1,-0.77999973,-4.776483,19.0,13238.0,0.35344579666137693,False,REGULAR,USD,Put,2028-12-15,NVDA,2026-10-06T00:29:09.099978+00:00,238.9,0.0401800012588501,0.0022226971865062345,0.3859572768879324
NVDA281215P00175000,2026-10-05 19:33:06+00:00,175.0,17.0,16.55,17.75,-0.8500004,-4.7619066,3.0,4868.0,0.35195045028686517,False,REGULAR,USD,Put,2028-12-15,NVDA,2026-10-06T00:29:09.099978+00:00,238.9,0.0401800012588501,0.0022226971865062345,0.3859572768879324
NVDA281215P00180000,2026-10-05 19:34:24+00:00,180.0,18.65,18.0,19.0,-0.80999947,-4.1623816,108.0,14411.0,0.34564863342285157,False,REGULAR,USD,Put,2028-12-15,NVDA,2026-10-06T00:29:09.099978+00:00,238.9,0.0401800012588501,0.0022226971865062345,0.3859572768879324
NVDA281215P00185000,2026-10-05 19:43:51+00:00,185.0,20.25,19.7,20.6,-0.9300003,-4.3909364,151.0,7677.0,0.3421849229431152,False,REGULAR,USD,Put,2028-12-15,NVDA,2026-10-06T00:29:09.099978+00:00,238.9,0.0401800012588501,0.0022226971865062345,0.3859572768879324
NVDA281215P00190000,2026-10-05 18:43:31+00:00,190.0,21.85,21.4,22.55,-0.6499996,-2.8888872,327.0,5523.0,0.34122362884521484,False,REGULAR,USD,Put,2028-12-15,NVDA,2026-10-06T00:29:09.099978+00:00,238.9,0.0401800012588501,0.0022226971865062345,0.3859572768879324
NVDA281215P00195000,2026-10-05 19:41:58+00:00,195.0,23.63,23.55,24.45,-1.1700001,-4.7177424,4.0,5794.0,0.33899586791992187,False,REGULAR,USD,Put,2028-12-15,NVDA,2026-10-06T00:29:09.099978+00:00,238.9,0.0401800012588501,0.0022226971865062345,0.3859572768879324
NVDA281215P00200000,2026-10-05 19:50:41+00:00,200.0,25.65,25.35,26.05,-1.2000008,-4.4692764,432.0,11333.0,0.33351801742553716,False,REGULAR,USD,Put,2028-12-15,NVDA,2026-10-06T00:29:09.099978+00:00,238.9,0.0401800012588501,0.0022226971865062345,0.3859572768879324
NVDA281215P00205000,2026-10-05 19:42:37+00:00,205.0,27.39,26.9,28.0,-1.3600006,-4.730437,28.0,2954.0,0.33042051422119134,False,REGULAR,USD,Put,2028-12-15,NVDA,2026-10-06T00:29:09.099978+00:00,238.9,0.0401800012588501,0.0022226971865062345,0.3859572768879324
NVDA281215P00210000,2026-10-05 19:46:38+00:00,210.0,29.56,28.95,30.15,-1.0900002,-3.556281,56.0,4599.0,0.32829956375122066,False,REGULAR,USD,Put,2028-12-15,NVDA,2026-10-06T00:29:09.099978+00:00,238.9,0.0401800012588501,0.0022226971865062345,0.3859572768879324
NVDA281215P00215000,2026-10-05 19:51:17+00:00,215.0,31.64,31.2,32.25,-1.25,-3.8005474,17.0,1129.0,0.3251257673645019,False,REGULAR,USD,Put,2028-12-15,NVDA,2026-10-06T00:29:09.099978+00:00,238.9,0.0401800012588501,0.0022226971865062345,0.3859572768879324
NVDA281215P00220000,2026-10-05 19:48:25+00:00,220.0,33.7,33.35,34.4,-1.3999977,-3.9885976,9.0,5274.0,0.321723091430664,False,REGULAR,USD,Put,2028-12-15,NVDA,2026-10-06T00:29:09.099978+00:00,238.9,0.0401800012588501,0.0022226971865062345,0.3859572768879324
NVDA281215P00225000,2026-10-05 18:18:37+00:00,225.0,36.3,35.65,36.7,-1.0300026,-2.7591817,4.0,1496.0,0.3188849850463866,False,REGULAR,USD,Put,2028-12-15,NVDA,2026-10-06T00:29:09.099978+00:00,238.9,0.0401800012588501,0.0022226971865062345,0.3859572768879324
NVDA281215P00230000,2026-10-05 16:59:23+00:00,230.0,39.0,38.05,39.15,-1.0,-2.5,15.0,4162.0,0.31655041366577147,False,REGULAR,USD,Put,2028-12-15,NVDA,2026-10-06T00:29:09.099978+00:00,238.9,0.0401800012588501,0.0022226971865062345,0.3859572768879324
NVDA281215P00235000,2026-10-05 19:59:53+00:00,235.0,41.0,40.35,41.45,-1.2999992,-3.0732844,20.0,790.0,0.3125221336364746,False,REGULAR,USD,Put,2028-12-15,NVDA,2026-10-06T00:29:09.099978+00:00,238.9,0.0401800012588501,0.0022226971865062345,0.3859572768879324
NVDA281215P00240000,2026-10-05 18:08:41+00:00,240.0,43.94,41.75,45.55,-1.0100021,-2.2469459,3.0,1052.0,0.3210059355163574,True,REGULAR,USD,Put,2028-12-15,NVDA,2026-10-06T00:29:09.099978+00:00,238.9,0.0401800012588501,0.0022226971865062345,0.3859572768879324
NVDA281215P00245000,2026-10-05 18:09:20+00:00,245.0,46.45,45.45,46.95,-1.0499992,-2.2105248,73.0,1773.0,0.30928730270385746,True,REGULAR,USD,Put,2028-12-15,NVDA,2026-10-06T00:29:09.099978+00:00,238.9,0.0401800012588501,0.0022226971865062345,0.3859572768879324
NVDA281215P00250000,2026-10-05 18:43:31+00:00,250.0,48.77,47.75,49.55,-2.1599998,-4.241115,6.0,4274.0,0.30571678176879885,True,REGULAR,USD,Put,2028-12-15,NVDA,2026-10-06T00:29:09.099978+00:00,238.9,0.0401800012588501,0.0022226971865062345,0.3859572768879324
NVDA281215P00255000,2026-10-02 13:52:48+00:00,255.0,53.03,49.65,53.6,0.0,0.0,10.0,435.0,0.31189652954101554,True,REGULAR,USD,Put,2028-12-15,NVDA,2026-10-06T00:29:09.099978+00:00,238.9,0.0401800012588501,0.0022226971865062345,0.3859572768879324
NVDA281215P00260000,2026-10-02 15:53:42+00:00,260.0,56.2,53.8,55.0,0.0,0.0,2.0,2351.0,0.29869780899047843,True,REGULAR,USD,Put,2028-12-15,NVDA,2026-10-06T00:29:09.099978+00:00,238.9,0.0401800012588501,0.0022226971865062345,0.3859572768879324
NVDA281215P00265000,2026-10-05 19:03:48+00:00,265.0,57.05,56.65,57.95,-2.8500023,-4.7579336,66.0,209.0,0.2959512544250488,True,REGULAR,USD,Put,2028-12-15,NVDA,2026-10-06T00:29:09.099978+00:00,238.9,0.0401800012588501,0.0022226971865062345,0.3859572768879324
NVDA281215P00270000,2026-10-05 19:42:21+00:00,270.0,60.2,59.65,60.95,-1.7999992,-2.9032245,3.0,989.0,0.29300633758544914,True,REGULAR,USD,Put,2028-12-15,NVDA,2026-10-06T00:29:09.099978+00:00,238.9,0.0401800012588501,0.0022226971865062345,0.3859572768879324
NVDA281215P00275000,2026-10-05 18:24:33+00:00,275.0,63.67,62.7,64.05,-2.4300003,-3.6762486,20.0,460.0,0.2902292657470703,True,REGULAR,USD,Put,2028-12-15,NVDA,2026-10-06T00:29:09.099978+00:00,238.9,0.0401800012588501,0.0022226971865062345,0.3859572768879324
NVDA281215P00280000,2026-10-05 19:25:28+00:00,280.0,66.32,65.6,67.4,-1.840004,-2.699536,22.0,1546.0,0.2886881434631347,True,REGULAR,USD,Put,2028-12-15,NVDA,2026-10-06T00:29:09.099978+00:00,238.9,0.0401800012588501,0.0022226971865062345,0.3859572768879324
NVDA281215P00285000,2026-10-01 14:55:04+00:00,285.0,75.0,67.6,72.4,0.0,0.0,6.0,344.0,0.2985147053527832,True,REGULAR,USD,Put,2028-12-15,NVDA,2026-10-06T00:29:09.099978+00:00,238.9,0.0401800012588501,0.0022226971865062345,0.3859572768879324
NVDA281215P00290000,2026-10-01 13:42:13+00:00,290.0,78.4,70.85,75.75,0.0,0.0,4.0,1336.0,0.2960275476074219,True,REGULAR,USD,Put,2028-12-15,NVDA,2026-10-06T00:29:09.099978+00:00,238.9,0.0401800012588501,0.0022226971865062345,0.3859572768879324
NVDA281215P00295000,2026-10-05 17:24:07+00:00,295.0,77.25,75.35,77.15,-8.75,-10.174418,29.0,418.0,0.27866321929931637,True,REGULAR,USD,Put,2028-12-15,NVDA,2026-10-06T00:29:09.099978+00:00,238.9,0.0401800012588501,0.0022226971865062345,0.3859572768879324
NVDA281215P00300000,2026-10-05 18:29:48+00:00,300.0,79.89,79.25,80.45,-2.8600006,-3.4561942,16.0,6459.0,0.2745433874511719,True,REGULAR,USD,Put,2028-12-15,NVDA,2026-10-06T00:29:09.099978+00:00,238.9,0.0401800012588501,0.0022226971865062345,0.3859572768879324
NVDA281215P00310000,2026-10-02 17:36:47+00:00,310.0,90.0,84.65,89.85,0.0,0.0,1.0,1114.0,0.28623150299072264,True,REGULAR,USD,Put,2028-12-15,NVDA,2026-10-06T00:29:09.099978+00:00,238.9,0.0401800012588501,0.0022226971865062345,0.3859572768879324
NVDA281215P00320000,2026-10-05 13:54:42+00:00,320.0,95.25,90.7,97.95,-5.4000015,-5.365128,10.0,956.0,0.286567192993164,True,REGULAR,USD,Put,2028-12-15,NVDA,2026-10-06T00:29:09.099978+00:00,238.9,0.0401800012588501,0.0022226971865062345,0.3859572768879324
NVDA281215P00330000,2026-10-05 19:25:28+00:00,330.0,101.49,99.05,104.2,-2.2799988,-2.1971657,3.0,4087.0,0.2698284687805175,True,REGULAR,USD,Put,2028-12-15,NVDA,2026-10-06T00:29:09.099978+00:00,238.9,0.0401800012588501,0.0022226971865062345,0.3859572768879324
NVDA281215P00340000,2026-10-05 14:25:51+00:00,340.0,111.16,106.25,113.1,-2.1899948,-1.9320643,2.0,879.0,0.2732311447143554,True,REGULAR,USD,Put,2028-12-15,NVDA,2026-10-06T00:29:09.099978+00:00,238.9,0.0401800012588501,0.0022226971865062345,0.3859572768879324
NVDA281215P00350000,2026-10-05 14:22:57+00:00,350.0,119.44,114.6,121.65,-0.3600006,-0.30050135,4.0,6571.0,0.272193557434082,True,REGULAR,USD,Put,2028-12-15,NVDA,2026-10-06T00:29:09.099978+00:00,238.9,0.0401800012588501,0.0022226971865062345,0.3859572768879324
NVDA281215P00360000,2026-10-02 19:05:46+00:00,360.0,129.72,122.75,129.95,0.0,0.0,106.0,7416.0,0.26709717285156254,True,REGULAR,USD,Put,2028-12-15,NVDA,2026-10-06T00:29:09.099978+00:00,238.9,0.0401800012588501,0.0022226971865062345,0.3859572768879324
NVDA281215P00370000,2026-10-05 19:02:31+00:00,370.0,134.48,131.35,138.8,-3.8700104,-2.7972608,25.0,1064.0,0.2657696714782715,True,REGULAR,USD,Put,2028-12-15,NVDA,2026-10-06T00:29:09.099978+00:00,238.9,0.0401800012588501,0.0022226971865062345,0.3859572768879324
NVDA281215P00380000,2026-10-05 14:23:19+00:00,380.0,145.16,141.85,146.6,-1.3499908,-0.9214326,100.0,1465.0,0.250282155456543,True,REGULAR,USD,Put,2028-12-15,NVDA,2026-10-06T00:29:09.099978+00:00,238.9,0.0401800012588501,0.0022226971865062345,0.3859572768879324
NVDA281215P00390000,2026-10-05 14:48:48+00:00,390.0,154.57,149.3,155.85,-0.3899994,-0.25167745,4.0,2564.0,0.249732844543457,True,REGULAR,USD,Put,2028-12-15,NVDA,2026-10-06T00:29:09.099978+00:00,238.9,0.0401800012588501,0.0022226971865062345,0.3859572768879324
NVDA281215P00400000,2026-10-05 19:35:39+00:00,400.0,161.5,158.5,165.45,-3.0200043,-1.8356457,9.0,1688.0,0.25287612365722656,True,REGULAR,USD,Put,2028-12-15,NVDA,2026-10-06T00:29:09.099978+00:00,238.9,0.0401800012588501,0.0022226971865062345,0.3859572768879324
NVDA281215P00410000,2026-09-29 19:16:32+00:00,410.0,182.28,167.9,175.45,0.0,0.0,2.0,6.0,0.2612225978088379,True,REGULAR,USD,Put,2028-12-15,NVDA,2026-10-06T00:29:09.099978+00:00,238.9,0.0401800012588501,0.0022226971865062345,0.3859572768879324
NVDA281215P00420000,2026-10-05 19:00:46+00:00,420.0,180.5,177.55,184.4,-9.860001,-5.17966,2.0,1.0,0.25275405456542965,True,REGULAR,USD,Put,2028-12-15,NVDA,2026-10-06T00:29:09.099978+00:00,238.9,0.0401800012588501,0.0022226971865062345,0.3859572768879324
NVDA281215P00430000,2026-09-21 14:19:16+00:00,430.0,206.4,187.4,194.35,0.0,0.0,4.0,0.0,0.2594373373413086,True,REGULAR,USD,Put,2028-12-15,NVDA,2026-10-06T00:29:09.099978+00:00,238.9,0.0401800012588501,0.0022226971865062345,0.3859572768879324
NVDA281215P00440000,2026-09-29 19:15:24+00:00,440.0,212.13,197.45,205.0,0.0,0.0,2.0,0.0,0.2775951147460937,True,REGULAR,USD,Put,2028-12-15,NVDA,2026-10-06T00:29:09.099978+00:00,238.9,0.0401800012588501,0.0022226971865062345,0.3859572768879324
NVDA281215P00450000,2026-10-05 19:08:55+00:00,450.0,210.86,207.45,214.2,-8.940002,-4.067335,5.0,0.0,0.2711254528808594,True,REGULAR,USD,Put,2028-12-15,NVDA,2026-10-06T00:29:09.099978+00:00,238.9,0.0401800012588501,0.0022226971865062345,0.3859572768879324
NVDA281215P00460000,2026-09-30 13:55:06+00:00,460.0,229.64,216.0,226.0,0.0,0.0,2.0,0.0,0.307349455871582,True,REGULAR,USD,Put,2028-12-15,NVDA,2026-10-06T00:29:09.099978+00:00,238.9,0.0401800012588501,0.0022226971865062345,0.3859572768879324
NVDA290119C00005000,2026-10-05 19:21:18+00:00,5.0,234.75,229.0,239.0,11.380005,5.0946884,10.0,307.0,1.0429735351562504,True,REGULAR,USD,Call,2029-01-19,NVDA,2026-10-06T00:29:09.099978+00:00,238.9,0.0401800012588501,0.0022226971865062345,0.3859572768879324
NVDA290119C00010000,2026-09-16 18:12:13+00:00,10.0,206.5,224.0,234.0,0.0,0.0,,2.0,0.8320329296874999,True,REGULAR,USD,Call,2029-01-19,NVDA,2026-10-06T00:29:09.099978+00:00,238.9,0.0401800012588501,0.0022226971865062345,0.3859572768879324
NVDA290119C00020000,2026-10-02 17:17:51+00:00,20.0,216.0,215.0,225.0,0.0,0.0,12.0,14.0,0.9038095556640625,True,REGULAR,USD,Call,2029-01-19,NVDA,2026-10-06T00:29:09.099978+00:00,238.9,0.0401800012588501,0.0022226971865062345,0.3859572768879324
NVDA290119C00025000,2026-10-05 19:21:18+00:00,25.0,216.5,211.0,216.7,3.0,1.4051522,25.0,170.0,0.9948730981445313,True,REGULAR,USD,Call,2029-01-19,NVDA,2026-10-06T00:29:09.099978+00:00,238.9,0.0401800012588501,0.0022226971865062345,0.3859572768879324
NVDA290119C00030000,2026-09-28 13:39:06+00:00,30.0,203.0,206.0,216.0,0.0,0.0,1.0,2.0,0.8482681188964842,True,REGULAR,USD,Call,2029-01-19,NVDA,2026-10-06T00:29:09.099978+00:00,238.9,0.0401800012588501,0.0022226971865062345,0.3859572768879324
NVDA290119C00040000,2026-09-28 14:15:00+00:00,40.0,194.0,198.0,206.65,0.0,0.0,5.0,70.0,0.8117694604492187,True,REGULAR,USD,Call,2029-01-19,NVDA,2026-10-06T00:29:09.099978+00:00,238.9,0.0401800012588501,0.0022226971865062345,0.3859572768879324
NVDA290119C00045000,2026-09-16 19:20:07+00:00,45.0,172.81,193.0,202.15,0.0,0.0,,15.0,0.7701439001464845,True,REGULAR,USD,Call,2029-01-19,NVDA,2026-10-06T00:29:09.099978+00:00,238.9,0.0401800012588501,0.0022226971865062345,0.3859572768879324
NVDA290119C00050000,2026-10-05 15:53:43+00:00,50.0,191.52,189.0,199.0,5.25,2.8184893,1.0,13.0,0.7861959857177734,True,REGULAR,USD,Call,2029-01-19,NVDA,2026-10-06T00:29:09.099978+00:00,238.9,0.0401800012588501,0.0022226971865062345,0.3859572768879324
NVDA290119C00055000,2026-10-05 15:44:59+00:00,55.0,187.07,185.0,193.35,11.450012,6.519766,1.0,40.0,0.7453638745117188,True,REGULAR,USD,Call,2029-01-19,NVDA,2026-10-06T00:29:09.099978+00:00,238.9,0.0401800012588501,0.0022226971865062345,0.3859572768879324
NVDA290119C00060000,2026-10-05 19:25:45+00:00,60.0,184.68,181.0,189.2,8.409988,4.771083,3.0,9.0,0.735354208984375,True,REGULAR,USD,Call,2029-01-19,NVDA,2026-10-06T00:29:09.099978+00:00,238.9,0.0401800012588501,0.0022226971865062345,0.3859572768879324
NVDA290119C00065000,2026-10-05 19:37:58+00:00,65.0,182.0,176.0,186.0,9.75,5.6603775,2.0,36.0,0.7231472998046875,True,REGULAR,USD,Call,2029-01-19,NVDA,2026-10-06T00:29:09.099978+00:00,238.9,0.0401800012588501,0.0022226971865062345,0.3859572768879324
NVDA290119C00070000,2026-10-02 15:20:16+00:00,70.0,172.85,172.0,180.65,0.0,0.0,2.0,46.0,0.6936676141357423,True,REGULAR,USD,Call,2029-01-19,NVDA,2026-10-06T00:29:09.099978+00:00,238.9,0.0401800012588501,0.0022226971865062345,0.3859572768879324
NVDA290119C00075000,2026-10-05 17:18:23+00:00,75.0,170.5,168.65,177.0,-0.69999695,-0.40887672,2.0,64.0,0.6974517559814455,True,REGULAR,USD,Call,2029-01-19,NVDA,2026-10-06T00:29:09.099978+00:00,238.9,0.0401800012588501,0.0022226971865062345,0.3859572768879324
NVDA290119C00080000,2026-10-05 18:52:57+00:00,80.0,168.05,164.0,173.0,2.1600037,1.3020699,37.0,10.0,0.6783479431152344,True,REGULAR,USD,Call,2029-01-19,NVDA,2026-10-06T00:29:09.099978+00:00,238.9,0.0401800012588501,0.0022226971865062345,0.3859572768879324
NVDA290119C00085000,2026-10-05 19:33:31+00:00,85.0,165.11,160.0,169.9,5.300003,3.3164403,1.0,64.0,0.6771272521972658,True,REGULAR,USD,Call,2029-01-19,NVDA,2026-10-06T00:29:09.099978+00:00,238.9,0.0401800012588501,0.0022226971865062345,0.3859572768879324
NVDA290119C00090000,2026-10-05 19:18:17+00:00,90.0,160.56,155.6,163.1,2.8399963,1.800657,3.0,33.0,0.6314123773193359,True,REGULAR,USD,Call,2029-01-19,NVDA,2026-10-06T00:29:09.099978+00:00,238.9,0.0401800012588501,0.0022226971865062345,0.3859572768879324
NVDA290119C00095000,2026-10-05 14:31:38+00:00,95.0,156.85,152.0,158.7,9.350006,6.3389874,1.0,4.0,0.6212196081542969,True,REGULAR,USD,Call,2029-01-19,NVDA,2026-10-06T00:29:09.099978+00:00,238.9,0.0401800012588501,0.0022226971865062345,0.3859572768879324
NVDA290119C00100000,2026-10-05 19:53:33+00:00,100.0,152.5,149.95,157.0,3.5,2.3489933,14.0,67.0,0.6492954992675781,True,REGULAR,USD,Call,2029-01-19,NVDA,2026-10-06T00:29:09.099978+00:00,238.9,0.0401800012588501,0.0022226971865062345,0.3859572768879324
NVDA290119C00105000,2026-10-05 17:08:48+00:00,105.0,146.38,146.15,150.0,6.330002,4.5198154,11.0,103.0,0.6123085644531252,True,REGULAR,USD,Call,2029-01-19,NVDA,2026-10-06T00:29:09.099978+00:00,238.9,0.0401800012588501,0.0022226971865062345,0.3859572768879324
NVDA290119C00110000,2026-10-05 19:36:47+00:00,110.0,144.9,140.5,147.45,8.579987,6.294004,2.0,44.0,0.5988809643554689,True,REGULAR,USD,Call,2029-01-19,NVDA,2026-10-06T00:29:09.099978+00:00,238.9,0.0401800012588501,0.0022226971865062345,0.3859572768879324
NVDA290119C00115000,2026-10-05 19:36:47+00:00,115.0,141.3,136.0,141.7,9.0,6.802721,8.0,573.0,0.5695538650512696,True,REGULAR,USD,Call,2029-01-19,NVDA,2026-10-06T00:29:09.099978+00:00,238.9,0.0401800012588501,0.0022226971865062345,0.3859572768879324
NVDA290119C00120000,2026-10-05 18:14:39+00:00,120.0,135.47,132.0,138.5,2.899994,2.1875188,3.0,116.0,0.5645490322875978,True,REGULAR,USD,Call,2029-01-19,NVDA,2026-10-06T00:29:09.099978+00:00,238.9,0.0401800012588501,0.0022226971865062345,0.3859572768879324
NVDA290119C00125000,2026-10-05 19:02:56+00:00,125.0,133.7,128.85,134.5,4.580002,3.5470896,18.0,875.0,0.5591779922485353,True,REGULAR,USD,Call,2029-01-19,NVDA,2026-10-06T00:29:09.099978+00:00,238.9,0.0401800012588501,0.0022226971865062345,0.3859572768879324
NVDA290119C00130000,2026-10-05 19:59:20+00:00,130.0,129.0,125.0,134.0,7.6100006,6.2690506,3.0,9.0,0.5717511087036133,True,REGULAR,USD,Call,2029-01-19,NVDA,2026-10-06T00:29:09.099978+00:00,238.9,0.0401800012588501,0.0022226971865062345,0.3859572768879324
NVDA290119C00135000,2026-10-05 14:42:01+00:00,135.0,123.23,121.0,127.05,0.29000092,0.23588817,5.0,29.0,0.5402267657470705,True,REGULAR,USD,Call,2029-01-19,NVDA,2026-10-06T00:29:09.099978+00:00,238.9,0.0401800012588501,0.0022226971865062345,0.3859572768879324
NVDA290119C00140000,2026-10-05 16:53:40+00:00,140.0,122.0,117.15,123.05,2.949997,2.4779477,5.0,128.0,0.5292405474853517,True,REGULAR,USD,Call,2029-01-19,NVDA,2026-10-06T00:29:09.099978+00:00,238.9,0.0401800012588501,0.0022226971865062345,0.3859572768879324
NVDA290119C00145000,2026-10-02 18:01:46+00:00,145.0,114.55,114.0,122.3,0.0,0.0,1.0,31.0,0.5412948703002932,True,REGULAR,USD,Call,2029-01-19,NVDA,2026-10-06T00:29:09.099978+00:00,238.9,0.0401800012588501,0.0022226971865062345,0.3859572768879324
NVDA290119C00150000,2026-10-05 19:53:48+00:00,150.0,115.75,113.4,119.95,6.75,6.1926603,3.0,217.0,0.5566755758666994,True,REGULAR,USD,Call,2029-01-19,NVDA,2026-10-06T00:29:09.099978+00:00,238.9,0.0401800012588501,0.0022226971865062345,0.3859572768879324
NVDA290119C00155000,2026-10-05 14:50:48+00:00,155.0,109.65,108.0,117.0,1.4700012,1.3588475,1.0,21.0,0.5410507321166994,True,REGULAR,USD,Call,2029-01-19,NVDA,2026-10-06T00:29:09.099978+00:00,238.9,0.0401800012588501,0.0022226971865062345,0.3859572768879324
NVDA290119C00160000,2026-10-05 14:50:48+00:00,160.0,106.46,104.0,113.0,1.2399979,1.1784811,1.0,93.0,0.5275010629272462,True,REGULAR,USD,Call,2029-01-19,NVDA,2026-10-06T00:29:09.099978+00:00,238.9,0.0401800012588501,0.0022226971865062345,0.3859572768879324
NVDA290119C00165000,2026-10-05 19:40:46+00:00,165.0,105.9,100.25,110.0,4.489998,4.427569,4.0,55.0,0.5203600210571288,True,REGULAR,USD,Call,2029-01-19,NVDA,2026-10-06T00:29:09.099978+00:00,238.9,0.0401800012588501,0.0022226971865062345,0.3859572768879324
NVDA290119C00170000,2026-10-05 18:58:45+00:00,170.0,102.55,98.05,104.75,5.0,5.1255765,2.0,52.0,0.5095263891601562,True,REGULAR,USD,Call,2029-01-19,NVDA,2026-10-06T00:29:09.099978+00:00,238.9,0.0401800012588501,0.0022226971865062345,0.3859572768879324
NVDA290119C00175000,2026-10-05 19:39:55+00:00,175.0,99.65,94.0,101.75,4.419998,4.641392,6.0,279.0,0.5005085350036622,True,REGULAR,USD,Call,2029-01-19,NVDA,2026-10-06T00:29:09.099978+00:00,238.9,0.0401800012588501,0.0022226971865062345,0.3859572768879324
NVDA290119C00180000,2026-10-05 19:18:26+00:00,180.0,96.65,94.35,101.0,4.590004,4.985883,14.0,264.0,0.5219164019775391,True,REGULAR,USD,Call,2029-01-19,NVDA,2026-10-06T00:29:09.099978+00:00,238.9,0.0401800012588501,0.0022226971865062345,0.3859572768879324
NVDA290119C00185000,2026-10-05 19:16:13+00:00,185.0,93.75,92.8,98.0,4.3199997,4.8305936,13.0,97.0,0.5229539892578124,True,REGULAR,USD,Call,2029-01-19,NVDA,2026-10-06T00:29:09.099978+00:00,238.9,0.0401800012588501,0.0022226971865062345,0.3859572768879324
NVDA290119C00190000,2026-10-05 15:44:17+00:00,190.0,88.5,89.45,91.05,2.1600037,2.5017416,34.0,181.0,0.5051929364013672,True,REGULAR,USD,Call,2029-01-19,NVDA,2026-10-06T00:29:09.099978+00:00,238.9,0.0401800012588501,0.0022226971865062345,0.3859572768879324
NVDA290119C00195000,2026-10-05 18:15:51+00:00,195.0,86.81,83.0,90.15,6.970001,8.729961,34.0,37.0,0.5171862246704101,True,REGULAR,USD,Call,2029-01-19,NVDA,2026-10-06T00:29:09.099978+00:00,238.9,0.0401800012588501,0.0022226971865062345,0.3859572768879324
NVDA290119C00200000,2026-10-05 19:42:55+00:00,200.0,85.0,84.3,86.55,2.4000015,2.905571,65.0,10332.0,0.5054828504943847,True,REGULAR,USD,Call,2029-01-19,NVDA,2026-10-06T00:29:09.099978+00:00,238.9,0.0401800012588501,0.0022226971865062345,0.3859572768879324
NVDA290119C00205000,2026-10-05 18:26:13+00:00,205.0,81.53,77.0,83.6,6.2299957,8.273566,15.0,32.0,0.49907422317504885,True,REGULAR,USD,Call,2029-01-19,NVDA,2026-10-06T00:29:09.099978+00:00,238.9,0.0401800012588501,0.0022226971865062345,0.3859572768879324
NVDA290119C00210000,2026-10-05 19:58:25+00:00,210.0,79.85,79.0,80.45,5.1500015,6.8942456,26.0,2357.0,0.490788783569336,True,REGULAR,USD,Call,2029-01-19,NVDA,2026-10-06T00:29:09.099978+00:00,238.9,0.0401800012588501,0.0022226971865062345,0.3859572768879324
NVDA290119C00215000,2026-10-05 19:35:25+00:00,215.0,77.71,75.8,82.0,4.010002,5.44098,19.0,255.0,0.5195665719604492,True,REGULAR,USD,Call,2029-01-19,NVDA,2026-10-06T00:29:09.099978+00:00,238.9,0.0401800012588501,0.0022226971865062345,0.3859572768879324
NVDA290119C00220000,2026-10-05 19:58:16+00:00,220.0,74.7,73.5,75.45,3.4699936,4.871534,17.0,672.0,0.48373929351806644,True,REGULAR,USD,Call,2029-01-19,NVDA,2026-10-06T00:29:09.099978+00:00,238.9,0.0401800012588501,0.0022226971865062345,0.3859572768879324
NVDA290119C00225000,2026-10-05 19:58:12+00:00,225.0,72.42,71.6,73.3,3.8499985,5.614698,250.0,351.0,0.48235075759887697,True,REGULAR,USD,Call,2029-01-19,NVDA,2026-10-06T00:29:09.099978+00:00,238.9,0.0401800012588501,0.0022226971865062345,0.3859572768879324
NVDA290119C00230000,2026-10-05 19:31:12+00:00,230.0,70.5,68.95,72.35,3.5999985,5.3811636,26.0,550.0,0.4896443858337403,True,REGULAR,USD,Call,2029-01-19,NVDA,2026-10-06T00:29:09.099978+00:00,238.9,0.0401800012588501,0.0022226971865062345,0.3859572768879324
NVDA290119C00235000,2026-10-05 19:56:53+00:00,235.0,67.8,67.25,69.05,3.4500046,5.3613124,68.0,197.0,0.47878023666381836,True,REGULAR,USD,Call,2029-01-19,NVDA,2026-10-06T00:29:09.099978+00:00,238.9,0.0401800012588501,0.0022226971865062345,0.3859572768879324
NVDA290119C00240000,2026-10-05 19:54:34+00:00,240.0,66.0,64.95,66.25,3.25,5.1792827,423.0,584.0,0.47145609115600584,False,REGULAR,USD,Call,2029-01-19,NVDA,2026-10-06T00:29:09.099978+00:00,238.9,0.0401800012588501,0.0022226971865062345,0.3859572768879324
NVDA290119C00245000,2026-10-05 19:28:30+00:00,245.0,63.98,62.0,64.5,2.7299995,4.457142,120.0,144.0,0.4715629016113281,False,REGULAR,USD,Call,2029-01-19,NVDA,2026-10-06T00:29:09.099978+00:00,238.9,0.0401800012588501,0.0022226971865062345,0.3859572768879324
NVDA290119C00250000,2026-10-05 19:54:28+00:00,250.0,61.5,60.65,62.35,3.2999992,5.670102,223.0,496.0,0.4683891052246094,False,REGULAR,USD,Call,2029-01-19,NVDA,2026-10-06T00:29:09.099978+00:00,238.9,0.0401800012588501,0.0022226971865062345,0.3859572768879324
NVDA290119C00255000,2026-10-05 19:54:28+00:00,255.0,59.72,58.65,63.05,2.6399994,4.6250863,152.0,209.0,0.4853719676208496,False,REGULAR,USD,Call,2029-01-19,NVDA,2026-10-06T00:29:09.099978+00:00,238.9,0.0401800012588501,0.0022226971865062345,0.3859572768879324
NVDA290119C00260000,2026-10-05 19:52:03+00:00,260.0,58.44,57.5,58.9,2.1899986,3.8933308,201.0,600.0,0.467153155670166,False,REGULAR,USD,Call,2029-01-19,NVDA,2026-10-06T00:29:09.099978+00:00,238.9,0.0401800012588501,0.0022226971865062345,0.3859572768879324
NVDA290119C00265000,2026-10-05 19:48:54+00:00,265.0,56.21,51.0,59.45,3.459999,6.55924,139.0,95.0,0.4821600246429444,False,REGULAR,USD,Call,2029-01-19,NVDA,2026-10-06T00:29:09.099978+00:00,238.9,0.0401800012588501,0.0022226971865062345,0.3859572768879324
NVDA290119C00270000,2026-10-05 19:21:48+00:00,270.0,54.68,51.2,54.65,2.880001,5.559848,254.0,438.0,0.4589592678833009,False,REGULAR,USD,Call,2029-01-19,NVDA,2026-10-06T00:29:09.099978+00:00,238.9,0.0401800012588501,0.0022226971865062345,0.3859572768879324
NVDA290119C00275000,2026-10-05 18:51:34+00:00,275.0,52.15,48.45,57.0,2.540001,5.1199374,1.0,538.0,0.4858297267150879,False,REGULAR,USD,Call,2029-01-19,NVDA,2026-10-06T00:29:09.099978+00:00,238.9,0.0401800012588501,0.0022226971865062345,0.3859572768879324
NVDA290119C00280000,2026-10-05 18:12:02+00:00,280.0,49.4,48.25,51.35,1.2000008,2.489628,3.0,185.0,0.456258489227295,False,REGULAR,USD,Call,2029-01-19,NVDA,2026-10-06T00:29:09.099978+00:00,238.9,0.0401800012588501,0.0022226971865062345,0.3859572768879324
NVDA290119C00285000,2026-10-05 19:59:59+00:00,285.0,48.95,48.55,50.95,2.5699997,5.5411806,39.0,22.0,0.4631553929138184,False,REGULAR,USD,Call,2029-01-19,NVDA,2026-10-06T00:29:09.099978+00:00,238.9,0.0401800012588501,0.0022226971865062345,0.3859572768879324
NVDA290119C00290000,2026-10-05 17:55:14+00:00,290.0,46.75,44.9,52.0,1.6500015,3.65854,2.0,313.0,0.47982545326232906,False,REGULAR,USD,Call,2029-01-19,NVDA,2026-10-06T00:29:09.099978+00:00,238.9,0.0401800012588501,0.0022226971865062345,0.3859572768879324
NVDA290119C00295000,2026-10-05 18:56:56+00:00,295.0,46.01,44.95,46.45,0.41999817,0.92125064,9.0,20.0,0.45035339691162113,False,REGULAR,USD,Call,2029-01-19,NVDA,2026-10-06T00:29:09.099978+00:00,238.9,0.0401800012588501,0.0022226971865062345,0.3859572768879324
NVDA290119C00300000,2026-10-05 19:47:10+00:00,300.0,44.7,44.1,44.85,2.5,5.9241705,184.0,2210.0,0.4480646014404296,False,REGULAR,USD,Call,2029-01-19,NVDA,2026-10-06T00:29:09.099978+00:00,238.9,0.0401800012588501,0.0022226971865062345,0.3859572768879324
NVDA290119C00310000,2026-10-05 19:54:24+00:00,310.0,42.2,40.7,42.2,2.0,4.9751244,49.0,854.0,0.44648533256530765,False,REGULAR,USD,Call,2029-01-19,NVDA,2026-10-06T00:29:09.099978+00:00,238.9,0.0401800012588501,0.0022226971865062345,0.3859572768879324
NVDA290119C00320000,2026-10-05 16:39:05+00:00,320.0,37.45,38.3,39.6,0.40000153,1.0796263,28.0,171.0,0.44423468368530267,False,REGULAR,USD,Call,2029-01-19,NVDA,2026-10-06T00:29:09.099978+00:00,238.9,0.0401800012588501,0.0022226971865062345,0.3859572768879324
NVDA290119C00330000,2026-10-05 19:37:03+00:00,330.0,36.85,35.65,38.0,2.5499992,7.4344,471.0,89.0,0.4479883082580566,False,REGULAR,USD,Call,2029-01-19,NVDA,2026-10-06T00:29:09.099978+00:00,238.9,0.0401800012588501,0.0022226971865062345,0.3859572768879324
NVDA290119C00340000,2026-10-05 19:03:52+00:00,340.0,34.4,31.05,34.75,0.80000305,2.3809617,27.0,34.0,0.4392603681945801,False,REGULAR,USD,Call,2029-01-19,NVDA,2026-10-06T00:29:09.099978+00:00,238.9,0.0401800012588501,0.0022226971865062345,0.3859572768879324
NVDA290119C00350000,2026-10-05 19:41:43+00:00,350.0,32.28,29.05,32.5,1.8399982,6.044672,41.0,348.0,0.43662825340270994,False,REGULAR,USD,Call,2029-01-19,NVDA,2026-10-06T00:29:09.099978+00:00,238.9,0.0401800012588501,0.0022226971865062345,0.3859572768879324
NVDA290119C00360000,2026-10-05 18:57:09+00:00,360.0,30.1,29.3,31.0,1.7000008,5.985918,36.0,600.0,0.4385279536437989,False,REGULAR,USD,Call,2029-01-19,NVDA,2026-10-06T00:29:09.099978+00:00,238.9,0.0401800012588501,0.0022226971865062345,0.3859572768879324
NVDA290119C00370000,2026-10-05 18:56:30+00:00,370.0,28.0,23.25,28.9,1.6100006,6.100798,35.0,48.0,0.43530838134765626,False,REGULAR,USD,Call,2029-01-19,NVDA,2026-10-06T00:29:09.099978+00:00,238.9,0.0401800012588501,0.0022226971865062345,0.3859572768879324
NVDA290119C00380000,2026-10-05 15:51:16+00:00,380.0,25.5,24.7,27.45,0.3199997,1.2708486,2.0,170.0,0.4360865718078613,False,REGULAR,USD,Call,2029-01-19,NVDA,2026-10-06T00:29:09.099978+00:00,238.9,0.0401800012588501,0.0022226971865062345,0.3859572768879324
NVDA290119C00390000,2026-10-05 18:58:23+00:00,390.0,24.9,23.55,25.8,0.8999996,3.7499983,10.0,36.0,0.43468277725219734,False,REGULAR,USD,Call,2029-01-19,NVDA,2026-10-06T00:29:09.099978+00:00,238.9,0.0401800012588501,0.0022226971865062345,0.3859572768879324
NVDA290119C00400000,2026-10-05 19:42:09+00:00,400.0,23.25,21.1,24.0,1.0799999,4.8714476,65.0,182.0,0.43138691177368166,False,REGULAR,USD,Call,2029-01-19,NVDA,2026-10-06T00:29:09.099978+00:00,238.9,0.0401800012588501,0.0022226971865062345,0.3859572768879324
NVDA290119C00410000,2026-10-05 19:33:35+00:00,410.0,21.95,20.15,24.3,0.20000076,0.91954374,1.0,62.0,0.443715890045166,False,REGULAR,USD,Call,2029-01-19,NVDA,2026-10-06T00:29:09.099978+00:00,238.9,0.0401800012588501,0.0022226971865062345,0.3859572768879324
NVDA290119C00420000,2026-10-05 19:54:24+00:00,420.0,20.29,20.1,20.85,1.1400013,5.9530096,85.0,855.0,0.4260921649169922,False,REGULAR,USD,Call,2029-01-19,NVDA,2026-10-06T00:29:09.099978+00:00,238.9,0.0401800012588501,0.0022226971865062345,0.3859572768879324
NVDA290119P00005000,2026-10-05 18:14:36+00:00,5.0,0.06,0.01,0.05,0.0,0.0,8.0,291.0,0.914063359375,False,REGULAR,USD,Put,2029-01-19,NVDA,2026-10-06T00:29:09.099978+00:00,238.9,0.0401800012588501,0.0022226971865062345,0.3859572768879324
NVDA290119P00010000,2026-09-28 16:02:02+00:00,10.0,1.54,0.0,2.83,0.0,0.0,,5.0,1.2773473632812498,False,REGULAR,USD,Put,2029-01-19,NVDA,2026-10-06T00:29:09.099978+00:00,238.9,0.0401800012588501,0.0022226971865062345,0.3859572768879324
NVDA290119P00020000,2026-10-02 17:22:23+00:00,20.0,0.08,0.01,1.05,0.0,0.0,1.0,1.0,0.7973653076171875,False,REGULAR,USD,Put,2029-01-19,NVDA,2026-10-06T00:29:09.099978+00:00,238.9,0.0401800012588501,0.0022226971865062345,0.3859572768879324
NVDA290119P00030000,2026-09-28 16:03:10+00:00,30.0,2.81,0.01,7.2,0.0,0.0,8.0,8.0,0.9656985852050781,False,REGULAR,USD,Put,2029-01-19,NVDA,2026-10-06T00:29:09.099978+00:00,238.9,0.0401800012588501,0.0022226971865062345,0.3859572768879324
NVDA290119P00040000,2026-10-02 14:12:20+00:00,40.0,0.58,0.02,1.9,0.0,0.0,1.0,295.0,0.6242713354492189,False,REGULAR,USD,Put,2029-01-19,NVDA,2026-10-06T00:29:09.099978+00:00,238.9,0.0401800012588501,0.0022226971865062345,0.3859572768879324
NVDA290119P00050000,2026-10-01 19:30:58+00:00,50.0,0.93,0.01,1.3,0.0,0.0,1.0,138.0,0.5129443237304687,False,REGULAR,USD,Put,2029-01-19,NVDA,2026-10-06T00:29:09.099978+00:00,238.9,0.0401800012588501,0.0022226971865062345,0.3859572768879324
NVDA290119P00055000,2026-09-28 19:01:42+00:00,55.0,0.98,0.8,1.4,0.0,0.0,1.0,25.0,0.526371923828125,False,REGULAR,USD,Put,2029-01-19,NVDA,2026-10-06T00:29:09.099978+00:00,238.9,0.0401800012588501,0.0022226971865062345,0.3859572768879324
NVDA290119P00060000,2026-09-17 14:04:14+00:00,60.0,1.17,0.01,1.6,0.0,0.0,,5.0,0.532109171142578,False,REGULAR,USD,Put,2029-01-19,NVDA,2026-10-06T00:29:09.099978+00:00,238.9,0.0401800012588501,0.0022226971865062345,0.3859572768879324
NVDA290119P00065000,2026-10-02 19:28:49+00:00,65.0,1.3,0.65,1.72,0.0,0.0,50.0,50.0,0.5097705273437501,False,REGULAR,USD,Put,2029-01-19,NVDA,2026-10-06T00:29:09.099978+00:00,238.9,0.0401800012588501,0.0022226971865062345,0.3859572768879324
NVDA290119P00070000,2026-10-05 17:34:59+00:00,70.0,1.38,0.25,1.48,-0.08000004,-5.4794545,72.0,192.0,0.4682670361328125,False,REGULAR,USD,Put,2029-01-19,NVDA,2026-10-06T00:29:09.099978+00:00,238.9,0.0401800012588501,0.0022226971865062345,0.3859572768879324
NVDA290119P00075000,2026-09-28 19:52:15+00:00,75.0,1.81,0.01,2.77,0.0,0.0,3.0,16.0,0.5059863854980469,False,REGULAR,USD,Put,2029-01-19,NVDA,2026-10-06T00:29:09.099978+00:00,238.9,0.0401800012588501,0.0022226971865062345,0.3859572768879324
NVDA290119P00080000,2026-10-01 14:33:41+00:00,80.0,2.0,1.19,2.82,0.0,0.0,1.0,3.0,0.48187773986816407,False,REGULAR,USD,Put,2029-01-19,NVDA,2026-10-06T00:29:09.099978+00:00,238.9,0.0401800012588501,0.0022226971865062345,0.3859572768879324
NVDA290119P00085000,2026-10-02 15:38:06+00:00,85.0,2.31,1.71,2.56,0.0,0.0,2.0,8.0,0.4474542559814453,False,REGULAR,USD,Put,2029-01-19,NVDA,2026-10-06T00:29:09.099978+00:00,238.9,0.0401800012588501,0.0022226971865062345,0.3859572768879324
NVDA290119P00090000,2026-09-30 19:26:19+00:00,90.0,2.73,2.01,2.97,0.0,0.0,2.0,6.0,0.4398249377441406,False,REGULAR,USD,Put,2029-01-19,NVDA,2026-10-06T00:29:09.099978+00:00,238.9,0.0401800012588501,0.0022226971865062345,0.3859572768879324
NVDA290119P00095000,2026-10-05 14:55:59+00:00,95.0,2.99,2.6,3.3,-0.29999995,-9.11854,1.0,17.0,0.428716650390625,False,REGULAR,USD,Put,2029-01-19,NVDA,2026-10-06T00:29:09.099978+00:00,238.9,0.0401800012588501,0.0022226971865062345,0.3859572768879324
NVDA290119P00100000,2026-10-02 19:12:39+00:00,100.0,3.5,3.1,3.9,0.0,0.0,7.0,138.0,0.42517664672851563,False,REGULAR,USD,Put,2029-01-19,NVDA,2026-10-06T00:29:09.099978+00:00,238.9,0.0401800012588501,0.0022226971865062345,0.3859572768879324
NVDA290119P00105000,2026-09-29 19:55:02+00:00,105.0,4.35,3.5,4.3,0.0,0.0,1.0,64.0,0.41498387756347654,False,REGULAR,USD,Put,2029-01-19,NVDA,2026-10-06T00:29:09.099978+00:00,238.9,0.0401800012588501,0.0022226971865062345,0.3859572768879324
NVDA290119P00110000,2026-10-05 19:28:04+00:00,110.0,4.35,4.05,6.4,-0.20000029,-4.3956103,27.0,33.0,0.4425714923095704,False,REGULAR,USD,Put,2029-01-19,NVDA,2026-10-06T00:29:09.099978+00:00,238.9,0.0401800012588501,0.0022226971865062345,0.3859572768879324
NVDA290119P00115000,2026-10-02 13:41:57+00:00,115.0,5.0,4.5,5.2,-0.19999981,-3.8461504,1.0,42.0,0.3961242028808594,False,REGULAR,USD,Put,2029-01-19,NVDA,2026-10-06T00:29:09.099978+00:00,238.9,0.0401800012588501,0.0022226971865062345,0.3859572768879324
NVDA290119P00120000,2026-10-05 19:57:51+00:00,120.0,5.55,5.25,5.8,-0.23000002,-3.979239,75.0,24.0,0.3892578164672852,False,REGULAR,USD,Put,2029-01-19,NVDA,2026-10-06T00:29:09.099978+00:00,238.9,0.0401800012588501,0.0022226971865062345,0.3859572768879324
NVDA290119P00125000,2026-10-02 18:51:50+00:00,125.0,6.55,5.5,7.25,0.0,0.0,5.0,22.0,0.3973448937988281,False,REGULAR,USD,Put,2029-01-19,NVDA,2026-10-06T00:29:09.099978+00:00,238.9,0.0401800012588501,0.0022226971865062345,0.3859572768879324
NVDA290119P00130000,2026-10-05 19:56:59+00:00,130.0,7.17,6.85,7.35,-0.19999981,-2.7137017,203.0,236.0,0.37985849639892577,False,REGULAR,USD,Put,2029-01-19,NVDA,2026-10-06T00:29:09.099978+00:00,238.9,0.0401800012588501,0.0022226971865062345,0.3859572768879324
NVDA290119P00135000,2026-10-05 16:59:20+00:00,135.0,7.95,7.15,8.4,-1.0500002,-11.666668,6.0,105.0,0.37827159820556633,False,REGULAR,USD,Put,2029-01-19,NVDA,2026-10-06T00:29:09.099978+00:00,238.9,0.0401800012588501,0.0022226971865062345,0.3859572768879324
NVDA290119P00140000,2026-10-05 18:56:07+00:00,140.0,8.76,8.0,11.0,-0.48999977,-5.2972946,1.0,76.0,0.39765006652832036,False,REGULAR,USD,Put,2029-01-19,NVDA,2026-10-06T00:29:09.099978+00:00,238.9,0.0401800012588501,0.0022226971865062345,0.3859572768879324
NVDA290119P00145000,2026-10-05 16:47:40+00:00,145.0,10.05,9.35,10.7,-0.39999962,-3.8277476,5.0,26.0,0.3743348699951171,False,REGULAR,USD,Put,2029-01-19,NVDA,2026-10-06T00:29:09.099978+00:00,238.9,0.0401800012588501,0.0022226971865062345,0.3859572768879324
NVDA290119P00150000,2026-10-05 19:26:03+00:00,150.0,11.0,10.7,11.5,-0.39999962,-3.5087688,23.0,267.0,0.36630882720947266,False,REGULAR,USD,Put,2029-01-19,NVDA,2026-10-06T00:29:09.099978+00:00,238.9,0.0401800012588501,0.0022226971865062345,0.3859572768879324
NVDA290119P00155000,2026-10-02 19:27:27+00:00,155.0,12.65,11.5,12.5,0.0,0.0,7.0,75.0,0.3603884762573242,False,REGULAR,USD,Put,2029-01-19,NVDA,2026-10-06T00:29:09.099978+00:00,238.9,0.0401800012588501,0.0022226971865062345,0.3859572768879324
NVDA290119P00160000,2026-10-02 17:54:37+00:00,160.0,13.89,12.75,14.35,0.0,0.0,25.0,495.0,0.3637453762817383,False,REGULAR,USD,Put,2029-01-19,NVDA,2026-10-06T00:29:09.099978+00:00,238.9,0.0401800012588501,0.0022226971865062345,0.3859572768879324
NVDA290119P00165000,2026-10-05 16:16:17+00:00,165.0,14.74,13.85,15.95,-0.5799999,-3.7859004,6.0,84.0,0.3629061512756348,False,REGULAR,USD,Put,2029-01-19,NVDA,2026-10-06T00:29:09.099978+00:00,238.9,0.0401800012588501,0.0022226971865062345,0.3859572768879324
NVDA290119P00170000,2026-10-05 19:35:13+00:00,170.0,15.8,15.65,16.55,-0.9499998,-5.671641,5.0,287.0,0.3506992420959472,False,REGULAR,USD,Put,2029-01-19,NVDA,2026-10-06T00:29:09.099978+00:00,238.9,0.0401800012588501,0.0022226971865062345,0.3859572768879324
NVDA290119P00175000,2026-10-05 17:58:37+00:00,175.0,17.55,16.8,19.7,-0.6500015,-3.571437,30.0,140.0,0.36389796264648444,False,REGULAR,USD,Put,2029-01-19,NVDA,2026-10-06T00:29:09.099978+00:00,238.9,0.0401800012588501,0.0022226971865062345,0.3859572768879324
NVDA290119P00180000,2026-10-05 19:32:59+00:00,180.0,18.85,18.7,20.7,-0.8999996,-4.55696,537.0,1492.0,0.3546054530334472,False,REGULAR,USD,Put,2029-01-19,NVDA,2026-10-06T00:29:09.099978+00:00,238.9,0.0401800012588501,0.0022226971865062345,0.3859572768879324
NVDA290119P00185000,2026-10-05 18:58:47+00:00,185.0,20.6,19.35,21.25,-0.94999886,-4.4083476,25.0,1610.0,0.3409489733886719,False,REGULAR,USD,Put,2029-01-19,NVDA,2026-10-06T00:29:09.099978+00:00,238.9,0.0401800012588501,0.0022226971865062345,0.3859572768879324
NVDA290119P00190000,2026-10-05 18:54:31+00:00,190.0,22.3,20.75,24.9,-0.80000114,-3.4632084,35.0,133.0,0.3548343325805663,False,REGULAR,USD,Put,2029-01-19,NVDA,2026-10-06T00:29:09.099978+00:00,238.9,0.0401800012588501,0.0022226971865062345,0.3859572768879324
NVDA290119P00195000,2026-10-05 19:34:48+00:00,195.0,23.98,22.05,26.2,-1.3700008,-5.4043427,38.0,91.0,0.3468540657043457,False,REGULAR,USD,Put,2029-01-19,NVDA,2026-10-06T00:29:09.099978+00:00,238.9,0.0401800012588501,0.0022226971865062345,0.3859572768879324
NVDA290119P00200000,2026-10-05 19:49:51+00:00,200.0,26.01,25.75,27.15,-1.4400005,-5.2459035,53.0,447.0,0.33563896789550784,False,REGULAR,USD,Put,2029-01-19,NVDA,2026-10-06T00:29:09.099978+00:00,238.9,0.0401800012588501,0.0022226971865062345,0.3859572768879324
NVDA290119P00205000,2026-10-05 19:48:33+00:00,205.0,28.05,27.1,30.0,-1.25,-4.2662115,12.0,39.0,0.33962147201538084,False,REGULAR,USD,Put,2029-01-19,NVDA,2026-10-06T00:29:09.099978+00:00,238.9,0.0401800012588501,0.0022226971865062345,0.3859572768879324
NVDA290119P00210000,2026-10-05 19:54:24+00:00,210.0,30.0,26.1,30.95,-1.3500004,-4.306221,15.0,47.0,0.32767395965576174,False,REGULAR,USD,Put,2029-01-19,NVDA,2026-10-06T00:29:09.099978+00:00,238.9,0.0401800012588501,0.0022226971865062345,0.3859572768879324
NVDA290119P00215000,2026-10-05 14:12:58+00:00,215.0,32.79,30.3,37.0,-0.7599983,-2.2652707,8.0,39.0,0.35488010848999013,False,REGULAR,USD,Put,2029-01-19,NVDA,2026-10-06T00:29:09.099978+00:00,238.9,0.0401800012588501,0.0022226971865062345,0.3859572768879324
NVDA290119P00220000,2026-10-05 19:05:42+00:00,220.0,34.6,33.85,35.4,-0.8500023,-2.3977497,31.0,703.0,0.32248602325439446,False,REGULAR,USD,Put,2029-01-19,NVDA,2026-10-06T00:29:09.099978+00:00,238.9,0.0401800012588501,0.0022226971865062345,0.3859572768879324
NVDA290119P00225000,2026-10-05 19:46:38+00:00,225.0,36.74,36.1,37.4,-1.5900002,-4.148187,60.0,178.0,0.3173286041259765,False,REGULAR,USD,Put,2029-01-19,NVDA,2026-10-06T00:29:09.099978+00:00,238.9,0.0401800012588501,0.0022226971865062345,0.3859572768879324
NVDA290119P00230000,2026-10-05 19:45:38+00:00,230.0,39.02,37.8,43.65,-1.7000008,-4.1748543,106.0,401.0,0.3427342338562011,False,REGULAR,USD,Put,2029-01-19,NVDA,2026-10-06T00:29:09.099978+00:00,238.9,0.0401800012588501,0.0022226971865062345,0.3859572768879324
NVDA290119P00235000,2026-10-05 18:38:48+00:00,235.0,41.65,40.15,46.15,-1.1399994,-2.6641724,16.0,87.0,0.33978931701660153,False,REGULAR,USD,Put,2029-01-19,NVDA,2026-10-06T00:29:09.099978+00:00,238.9,0.0401800012588501,0.0022226971865062345,0.3859572768879324
NVDA290119P00240000,2026-10-05 19:45:06+00:00,240.0,44.0,43.5,49.0,-1.5,-3.2967033,38.0,66.0,0.3388280229187011,True,REGULAR,USD,Put,2029-01-19,NVDA,2026-10-06T00:29:09.099978+00:00,238.9,0.0401800012588501,0.0022226971865062345,0.3859572768879324
NVDA290119P00245000,2026-10-01 19:47:54+00:00,245.0,49.7,42.0,51.9,0.0,0.0,,42.0,0.33768362518310546,True,REGULAR,USD,Put,2029-01-19,NVDA,2026-10-06T00:29:09.099978+00:00,238.9,0.0401800012588501,0.0022226971865062345,0.3859572768879324
NVDA290119P00250000,2026-10-05 19:41:40+00:00,250.0,49.25,48.1,49.9,-1.9599991,-3.8273757,80.0,93.0,0.3017190190124512,True,REGULAR,USD,Put,2029-01-19,NVDA,2026-10-06T00:29:09.099978+00:00,238.9,0.0401800012588501,0.0022226971865062345,0.3859572768879324
NVDA290119P00255000,2026-10-05 19:42:29+00:00,255.0,51.91,49.25,52.9,-4.1399994,-7.3862615,10.0,109.0,0.3004525521850586,True,REGULAR,USD,Put,2029-01-19,NVDA,2026-10-06T00:29:09.099978+00:00,238.9,0.0401800012588501,0.0022226971865062345,0.3859572768879324
NVDA290119P00260000,2026-10-05 19:42:17+00:00,260.0,54.7,52.6,56.3,-2.4799995,-4.33718,11.0,125.0,0.30141384628295903,True,REGULAR,USD,Put,2029-01-19,NVDA,2026-10-06T00:29:09.099978+00:00,238.9,0.0401800012588501,0.0022226971865062345,0.3859572768879324
NVDA290119P00265000,2026-10-05 18:30:51+00:00,265.0,57.95,54.75,60.65,-1.7099991,-2.8662405,7.0,38.0,0.3084175604248046,True,REGULAR,USD,Put,2029-01-19,NVDA,2026-10-06T00:29:09.099978+00:00,238.9,0.0401800012588501,0.0022226971865062345,0.3859572768879324
NVDA290119P00270000,2026-10-05 19:04:13+00:00,270.0,60.71,57.65,63.75,-4.290001,-6.6000013,43.0,137.0,0.3062508340454102,True,REGULAR,USD,Put,2029-01-19,NVDA,2026-10-06T00:29:09.099978+00:00,238.9,0.0401800012588501,0.0022226971865062345,0.3859572768879324
NVDA290119P00275000,2026-10-05 19:04:13+00:00,275.0,63.75,59.0,64.95,-1.8499985,-2.8201196,37.0,48.0,0.29038185211181633,True,REGULAR,USD,Put,2029-01-19,NVDA,2026-10-06T00:29:09.099978+00:00,238.9,0.0401800012588501,0.0022226971865062345,0.3859572768879324
NVDA290119P00280000,2026-10-05 19:01:44+00:00,280.0,66.99,63.3,70.4,-4.090004,-5.7540855,36.0,36.0,0.30358057266235344,True,REGULAR,USD,Put,2029-01-19,NVDA,2026-10-06T00:29:09.099978+00:00,238.9,0.0401800012588501,0.0022226971865062345,0.3859572768879324
NVDA290119P00285000,2026-10-05 19:01:44+00:00,285.0,70.1,66.0,75.0,-4.8499985,-6.4709787,20.0,40.0,0.31046221771240234,True,REGULAR,USD,Put,2029-01-19,NVDA,2026-10-06T00:29:09.099978+00:00,238.9,0.0401800012588501,0.0022226971865062345,0.3859572768879324
NVDA290119P00290000,2026-10-05 18:30:51+00:00,290.0,73.65,69.0,77.4,-2.1699982,-2.8620393,21.0,72.0,0.3014748808288575,True,REGULAR,USD,Put,2029-01-19,NVDA,2026-10-06T00:29:09.099978+00:00,238.9,0.0401800012588501,0.0022226971865062345,0.3859572768879324
NVDA290119P00295000,2026-10-05 19:03:30+00:00,295.0,76.47,72.6,80.8,-7.0999985,-8.495871,35.0,65.0,0.2990182403564453,True,REGULAR,USD,Put,2029-01-19,NVDA,2026-10-06T00:29:09.099978+00:00,238.9,0.0401800012588501,0.0022226971865062345,0.3859572768879324
NVDA290119P00300000,2026-10-05 18:28:15+00:00,300.0,80.4,76.05,84.3,-5.3499985,-6.2390656,62.0,29.0,0.29682099670410156,True,REGULAR,USD,Put,2029-01-19,NVDA,2026-10-06T00:29:09.099978+00:00,238.9,0.0401800012588501,0.0022226971865062345,0.3859572768879324
NVDA290119P00310000,2026-10-05 19:02:05+00:00,310.0,87.01,83.0,88.05,-5.869995,-6.3199778,22.0,27.0,0.2665631205749512,True,REGULAR,USD,Put,2029-01-19,NVDA,2026-10-06T00:29:09.099978+00:00,238.9,0.0401800012588501,0.0022226971865062345,0.3859572768879324
NVDA290119P00320000,2026-10-02 13:41:56+00:00,320.0,97.04,90.0,95.5,0.0,0.0,6.0,7.0,0.2612225978088379,True,REGULAR,USD,Put,2029-01-19,NVDA,2026-10-06T00:29:09.099978+00:00,238.9,0.0401800012588501,0.0022226971865062345,0.3859572768879324
NVDA290119P00330000,2026-10-02 16:46:54+00:00,330.0,104.59,100.0,107.0,0.0,0.0,7.0,12.0,0.28691814163208,True,REGULAR,USD,Put,2029-01-19,NVDA,2026-10-06T00:29:09.099978+00:00,238.9,0.0401800012588501,0.0022226971865062345,0.3859572768879324
NVDA290119P00340000,2026-10-05 13:46:53+00:00,340.0,111.6,105.15,112.0,-5.5,-4.6968403,230.0,242.0,0.257819921875,True,REGULAR,USD,Put,2029-01-19,NVDA,2026-10-06T00:29:09.099978+00:00,238.9,0.0401800012588501,0.0022226971865062345,0.3859572768879324
NVDA290119P00350000,2026-10-05 13:46:53+00:00,350.0,119.65,113.2,120.9,-2.3499985,-1.9262283,230.0,18.0,0.2595441477966309,True,REGULAR,USD,Put,2029-01-19,NVDA,2026-10-06T00:29:09.099978+00:00,238.9,0.0401800012588501,0.0022226971865062345,0.3859572768879324
NVDA290119P00360000,2026-09-30 14:50:41+00:00,360.0,134.3,122.0,131.0,0.0,0.0,,1.0,0.27161372924804683,True,REGULAR,USD,Put,2029-01-19,NVDA,2026-10-06T00:29:09.099978+00:00,238.9,0.0401800012588501,0.0022226971865062345,0.3859572768879324
NVDA290119P00370000,2026-10-05 14:07:14+00:00,370.0,136.47,130.05,139.0,-5.199997,-3.6704998,2.0,4.0,0.262275443725586,True,REGULAR,USD,Put,2029-01-19,NVDA,2026-10-06T00:29:09.099978+00:00,238.9,0.0401800012588501,0.0022226971865062345,0.3859572768879324
NVDA290119P00380000,2026-10-05 19:02:31+00:00,380.0,143.17,139.0,149.0,-4.650009,-3.1457238,11.0,41.0,0.2721782987976074,True,REGULAR,USD,Put,2029-01-19,NVDA,2026-10-06T00:29:09.099978+00:00,238.9,0.0401800012588501,0.0022226971865062345,0.3859572768879324
NVDA290119P00390000,2026-10-05 16:06:37+00:00,390.0,154.55,148.0,158.0,-5.029999,-3.1520233,3.0,92.0,0.27066769378662114,True,REGULAR,USD,Put,2029-01-19,NVDA,2026-10-06T00:29:09.099978+00:00,238.9,0.0401800012588501,0.0022226971865062345,0.3859572768879324
NVDA290119P00400000,2026-10-02 19:18:21+00:00,400.0,166.6,157.0,166.6,0.0,0.0,6.0,6.0,0.26284001327514656,True,REGULAR,USD,Put,2029-01-19,NVDA,2026-10-06T00:29:09.099978+00:00,238.9,0.0401800012588501,0.0022226971865062345,0.3859572768879324
NVDA290119P00410000,2026-10-01 13:31:12+00:00,410.0,181.45,167.0,176.0,0.0,0.0,,50.0,0.2633740655517578,True,REGULAR,USD,Put,2029-01-19,NVDA,2026-10-06T00:29:09.099978+00:00,238.9,0.0401800012588501,0.0022226971865062345,0.3859572768879324
NVDA290119P00420000,2026-10-05 19:08:55+00:00,420.0,181.61,176.0,185.8,-1.8899994,-1.0299724,5.0,5.0,0.2686230364990234,True,REGULAR,USD,Put,2029-01-19,NVDA,2026-10-06T00:29:09.099978+00:00,238.9,0.0401800012588501,0.0022226971865062345,0.3859572768879324
